pipeline_company,rae_inj_site,date,volume_MMSCF,hhv_btu,energy_Dth,pressure_Psia,temp_F,specific_grav,co2,n2,ch4,,,,,,,,,
ANR,Archer Place,1/1/2023 0:00,0,0,0,0,0,0,0,0,0,,,,,,,,,
ANR,Archer Place,1/2/2023 0:00,0,0,0,0,0,0,0,0,0,,,,,,,,,
ANR,Archer Place,1/3/2023 0:00,451,983.5,443,795.6,38,0.5707,0.5673,2.4915,96.9412,,,,,,,,,
ANR,Archer Place,1/4/2023 0:00,35,977.7,35,800.4,33.2,0.5731,0.6005,3.0139,96.3856,,,,,,,,,
ANR,Archer Place,1/5/2023 0:00,0,0,0,0,0,0,0,0,0,,,,,,,,,
ANR,Archer Place,1/6/2023 0:00,0,0,0,0,0,0,0,0,0,,,,,,,,,
ANR,Archer Place,1/7/2023 0:00,0,0,0,0,0,0,0,0,0,,,,,,,,,
ANR,Archer Place,1/8/2023 0:00,0,0,0,0,0,0,0,0,0,,,,,,,,,
ANR,Archer Place,1/9/2023 0:00,0,0,0,0,0,0,0,0,0,,,,,,,,,
ANR,Archer Place,1/10/2023 0:00,0,0,0,0,0,0,0,0,0,,,,,,,,,
ANR,Archer Place,1/11/2023 0:00,0,0,0,0,0,0,0,0,0,,,,,,,,,
ANR,Archer Place,1/12/2023 0:00,0,0,0,0,0,0,0,0,0,,,,,,,,,
ANR,Archer Place,1/13/2023 0:00,0,0,0,0,0,0,0,0,0,,,,,,,,,
ANR,Archer Place,1/14/2023 0:00,0,0,0,0,0,0,0,0,0,,,,,,,,,
ANR,Archer Place,1/15/2023 0:00,0,0,0,0,0,0,0,0,0,,,,,,,,,
ANR,Archer Place,1/16/2023 0:00,0,0,0,0,0,0,0,0,0,,,,,,,,,
ANR,Archer Place,1/17/2023 0:00,0,0,0,0,0,0,0,0,0,,,,,,,,,
ANR,Archer Place,1/18/2023 0:00,0,0,0,0,0,0,0,0,0,,,,,,,,,
ANR,Archer Place,1/19/2023 0:00,0,0,0,0,0,0,0,0,0,,,,,,,,,
ANR,Archer Place,1/20/2023 0:00,0,0,0,0,0,0,0,0,0,,,,,,,,,
ANR,Archer Place,1/21/2023 0:00,0,0,0,0,0,0,0,0,0,,,,,,,,,
ANR,Archer Place,1/22/2023 0:00,0,0,0,0,0,0,0,0,0,,,,,,,,,
ANR,Archer Place,1/23/2023 0:00,0,0,0,0,0,0,0,0,0,,,,,,,,,
ANR,Archer Place,1/24/2023 0:00,0,0,0,0,0,0,0,0,0,,,,,,,,,
ANR,Archer Place,1/25/2023 0:00,0,0,0,0,0,0,0,0,0,,,,,,,,,
ANR,Archer Place,1/26/2023 0:00,0,0,0,0,0,0,0,0,0,,,,,,,,,
ANR,Archer Place,1/27/2023 0:00,98,975.8,96,819.8,42,0.5746,0.4726,3.4626,96.0648,,,,,,,,,
ANR,Archer Place,1/28/2023 0:00,0,0,0,0,0,0,0,0,0,,,,,,,,,
ANR,Archer Place,1/29/2023 0:00,0,0,0,0,0,0,0,0,0,,,,,,,,,
ANR,Archer Place,1/30/2023 0:00,0,0,0,0,0,0,0,0,0,,,,,,,,,
ANR,Archer Place,1/31/2023 0:00,0,0,0,0,0,0,0,0,0,,,,,,,,,
ANR,Archer Place,2/1/2023 0:00,0,0,0,0,0,0,0,0,0,,,,,,,,,
ANR,Archer Place,2/2/2023 0:00,0,0,0,0,0,0,0,0,0,,,,,,,,,
ANR,Archer Place,2/3/2023 0:00,0,0,0,0,0,0,0,0,0,,,,,,,,,
ANR,Archer Place,2/4/2023 0:00,0,0,0,0,0,0,0,0,0,,,,,,,,,
ANR,Archer Place,2/5/2023 0:00,0,0,0,0,0,0,0,0,0,,,,,,,,,
ANR,Archer Place,2/6/2023 0:00,0,0,0,0,0,0,0,0,0,,,,,,,,,
ANR,Archer Place,2/7/2023 0:00,0,0,0,0,0,0,0,0,0,,,,,,,,,
ANR,Archer Place,2/8/2023 0:00,489,980.1,480,724,40.8,0.5713,0.3314,3.1149,96.5537,,,,,,,,,
ANR,Archer Place,2/9/2023 0:00,320,975.8,313,757.6,40.8,0.5734,0.5336,3.2588,96.2076,,,,,,,,,
ANR,Archer Place,2/10/2023 0:00,288,974.8,281,793.9,38.1,0.5748,0.6436,3.2822,96.0742,,,,,,,,,
ANR,Archer Place,2/11/2023 0:00,0,0,0,0,0,0,0,0,0,,,,,,,,,
ANR,Archer Place,2/12/2023 0:00,0,0,0,0,0,0,0,0,0,,,,,,,,,
ANR,Archer Place,2/13/2023 0:00,244,985,240,806.6,55.1,0.569,0.3025,2.6457,97.0518,,,,,,,,,
ANR,Archer Place,2/14/2023 0:00,0,0,0,0,0,0,0,0,0,,,,,,,,,
ANR,Archer Place,2/15/2023 0:00,0,0,0,0,0,0,0,0,0,,,,,,,,,
ANR,Archer Place,2/16/2023 0:00,0,0,0,0,0,0,0,0,0,,,,,,,,,
ANR,Archer Place,2/17/2023 0:00,0,0,0,0,0,0,0,0,0,,,,,,,,,
ANR,Archer Place,2/18/2023 0:00,0,0,0,0,0,0,0,0,0,,,,,,,,,
ANR,Archer Place,2/19/2023 0:00,0,0,0,0,0,0,0,0,0,,,,,,,,,
ANR,Archer Place,2/20/2023 0:00,0,0,0,0,0,0,0,0,0,,,,,,,,,
ANR,Archer Place,2/21/2023 0:00,0,0,0,0,0,0,0,0,0,,,,,,,,,
ANR,Archer Place,2/22/2023 0:00,0,0,0,0,0,0,0,0,0,,,,,,,,,
ANR,Archer Place,2/23/2023 0:00,0,0,0,0,0,0,0,0,0,,,,,,,,,
ANR,Archer Place,2/24/2023 0:00,0,0,0,0,0,0,0,0,0,,,,,,,,,
ANR,Archer Place,2/25/2023 0:00,0,0,0,0,0,0,0,0,0,,,,,,,,,
ANR,Archer Place,2/26/2023 0:00,0,0,0,0,0,0,0,0,0,,,,,,,,,
ANR,Archer Place,2/27/2023 0:00,0,0,0,0,0,0,0,0,0,,,,,,,,,
ANR,Archer Place,2/28/2023 0:00,0,0,0,0,0,0,0,0,0,,,,,,,,,
ANR,Archer Place,3/1/2023 0:00,0,0,0,0,0,0,0,0,0,,,,,,,,,
ANR,Archer Place,3/2/2023 0:00,0,0,0,0,0,0,0,0,0,,,,,,,,,
ANR,Archer Place,3/3/2023 0:00,0,0,0,0,0,0,0,0,0,,,,,,,,,
ANR,Archer Place,3/4/2023 0:00,0,0,0,0,0,0,0,0,0,,,,,,,,,
ANR,Archer Place,3/5/2023 0:00,0,0,0,0,0,0,0,0,0,,,,,,,,,
ANR,Archer Place,3/6/2023 0:00,0,0,0,0,0,0,0,0,0,,,,,,,,,
ANR,Archer Place,3/7/2023 0:00,0,0,0,0,0,0,0,0,0,,,,,,,,,
ANR,Archer Place,3/8/2023 0:00,0,0,0,0,0,0,0,0,0,,,,,,,,,
ANR,Archer Place,3/9/2023 0:00,0,0,0,0,0,0,0,0,0,,,,,,,,,
ANR,Archer Place,3/10/2023 0:00,0,0,0,0,0,0,0,0,0,,,,,,,,,
ANR,Archer Place,3/11/2023 0:00,0,0,0,0,0,0,0,0,0,,,,,,,,,
ANR,Archer Place,3/12/2023 0:00,0,0,0,0,0,0,0,0,0,,,,,,,,,
ANR,Archer Place,3/13/2023 0:00,0,0,0,0,0,0,0,0,0,,,,,,,,,
ANR,Archer Place,3/14/2023 0:00,0,0,0,0,0,0,0,0,0,,,,,,,,,
ANR,Archer Place,3/15/2023 0:00,0,0,0,0,0,0,0,0,0,,,,,,,,,
ANR,Archer Place,3/16/2023 0:00,0,0,0,0,0,0,0,0,0,,,,,,,,,
ANR,Archer Place,3/17/2023 0:00,0,0,0,0,0,0,0,0,0,,,,,,,,,
ANR,Archer Place,3/18/2023 0:00,0,0,0,0,0,0,0,0,0,,,,,,,,,
ANR,Archer Place,3/19/2023 0:00,0,0,0,0,0,0,0,0,0,,,,,,,,,
ANR,Archer Place,3/20/2023 0:00,1,1027.8,1,731.4,45.5,0.5877,0.6369,1.2661,98.097,,,,,,,,,
ANR,Archer Place,3/21/2023 0:00,0,0,0,0,0,0,0,0,0,,,,,,,,,
ANR,Archer Place,3/22/2023 0:00,0,0,0,0,0,0,0,0,0,,,,,,,,,
ANR,Archer Place,3/23/2023 0:00,0,0,0,0,0,0,0,0,0,,,,,,,,,
ANR,Archer Place,3/24/2023 0:00,0,0,0,0,0,0,0,0,0,,,,,,,,,
ANR,Archer Place,3/25/2023 0:00,0,0,0,0,0,0,0,0,0,,,,,,,,,
ANR,Archer Place,3/26/2023 0:00,0,0,0,0,0,0,0,0,0,,,,,,,,,
ANR,Archer Place,3/27/2023 0:00,0,0,0,0,0,0,0,0,0,,,,,,,,,
ANR,Archer Place,3/28/2023 0:00,0,0,0,0,0,0,0,0,0,,,,,,,,,
ANR,Archer Place,3/29/2023 0:00,0,0,0,0,0,0,0,0,0,,,,,,,,,
ANR,Archer Place,3/30/2023 0:00,0,0,0,0,0,0,0,0,0,,,,,,,,,
ANR,Archer Place,3/31/2023 0:00,0,0,0,0,0,0,0,0,0,,,,,,,,,
ANR,Archer Place,4/1/2023 0:00,0,0,0,0,0,0,0,0,0,,,,,,,,,
ANR,Archer Place,4/2/2023 0:00,0,0,0,0,0,0,0,0,0,,,,,,,,,
ANR,Archer Place,4/3/2023 0:00,0,0,0,0,0,0,0,0,0,,,,,,,,,
ANR,Archer Place,4/4/2023 0:00,0,0,0,0,0,0,0,0,0,,,,,,,,,
ANR,Archer Place,4/5/2023 0:00,632,980.2,620,867.9,42.4,0.5707,0.3275,3.0525,96.62,,,,,,,,,
ANR,Archer Place,4/6/2023 0:00,680,979.7,666,824.8,48.9,0.5708,0.343,3.0671,96.5899,,,,,,,,,
ANR,Archer Place,4/7/2023 0:00,11,979.8,11,823,52.3,0.5708,0.355,3.0457,96.5993,,,,,,,,,
ANR,Archer Place,4/8/2023 0:00,0,0,0,0,0,0,0,0,0,,,,,,,,,
ANR,Archer Place,4/9/2023 0:00,0,0,0,0,0,0,0,0,0,,,,,,,,,
ANR,Archer Place,4/10/2023 0:00,0,0,0,0,0,0,0,0,0,,,,,,,,,
ANR,Archer Place,4/11/2023 0:00,558,985.9,550,895.3,69.7,0.5683,0.2633,2.5862,97.1505,,,,,,,,,
ANR,Archer Place,4/12/2023 0:00,612,978.3,598,903.5,71.4,0.5713,0.3352,3.2154,96.4494,,,,,,,,,
ANR,Archer Place,4/13/2023 0:00,0,0,0,0,0,0,0,0,0,,,,,,,,,
ANR,Archer Place,4/14/2023 0:00,0,0,0,0,0,0,0,0,0,,,,,,,,,
ANR,Archer Place,4/15/2023 0:00,0,0,0,0,0,0,0,0,0,,,,,,,,,
ANR,Archer Place,4/16/2023 0:00,0,0,0,0,0,0,0,0,0,,,,,,,,,
ANR,Archer Place,4/17/2023 0:00,0,0,0,0,0,0,0,0,0,,,,,,,,,
ANR,Archer Place,4/18/2023 0:00,0,0,0,0,0,0,0,0,0,,,,,,,,,
ANR,Archer Place,4/19/2023 0:00,596,976.1,582,858.6,69.1,0.5726,0.308,3.5085,96.1835,,,,,,,,,
ANR,Archer Place,4/20/2023 0:00,418,974.2,407,843.6,56.8,0.5738,0.4816,3.475,96.0434,,,,,,,,,
ANR,Archer Place,4/21/2023 0:00,0,0,0,0,0,0,0,0,0,,,,,,,,,
ANR,Archer Place,4/22/2023 0:00,0,0,0,0,0,0,0,0,0,,,,,,,,,
ANR,Archer Place,4/23/2023 0:00,0,0,0,0,0,0,0,0,0,,,,,,,,,
ANR,Archer Place,4/24/2023 0:00,0,0,0,0,0,0,0,0,0,,,,,,,,,
ANR,Archer Place,4/25/2023 0:00,0,0,0,0,0,0,0,0,0,,,,,,,,,
ANR,Archer Place,4/26/2023 0:00,0,0,0,0,0,0,0,0,0,,,,,,,,,
ANR,Archer Place,4/27/2023 0:00,0,0,0,0,0,0,0,0,0,,,,,,,,,
ANR,Archer Place,4/28/2023 0:00,0,0,0,0,0,0,0,0,0,,,,,,,,,
ANR,Archer Place,4/29/2023 0:00,0,0,0,0,0,0,0,0,0,,,,,,,,,
ANR,Archer Place,4/30/2023 0:00,0,0,0,0,0,0,0,0,0,,,,,,,,,
ANR,Archer Place,5/1/2023 0:00,0,0,0,0,0,0,0,0,0,,,,,,,,,
ANR,Archer Place,5/2/2023 0:00,101,977.2,99,734.6,67.2,0.5745,0.62,3.1422,96.2378,,,,,,,,,
ANR,Archer Place,5/3/2023 0:00,0,0,0,0,0,0,0,0,0,,,,,,,,,
ANR,Archer Place,5/4/2023 0:00,614,980.3,602,864,67.8,0.5713,0.4257,2.9511,96.6232,,,,,,,,,
ANR,Archer Place,5/5/2023 0:00,574,992.3,569,892.8,67.5,0.5656,0.3292,1.8425,97.8283,,,,,,,,,
ANR,Archer Place,5/6/2023 0:00,437,995.2,434,898.3,72.6,0.5637,0.2012,1.6837,98.1151,,,,,,,,,
ANR,Archer Place,5/7/2023 0:00,0,0,0,0,0,0,0,0,0,,,,,,,,,
ANR,Archer Place,5/8/2023 0:00,3,995.7,3,814.1,65.1,0.5635,0.1945,1.6434,98.1621,,,,,,,,,
ANR,Archer Place,5/9/2023 0:00,577,994.8,574,822.8,68.9,0.5644,0.3006,1.6243,98.0751,,,,,,,,,
ANR,Archer Place,5/10/2023 0:00,561,989.8,555,858.4,74.8,0.5662,0.251,2.171,97.578,,,,,,,,,
ANR,Archer Place,5/11/2023 0:00,0,0,0,0,0,0,0,0,0,,,,,,,,,
ANR,Archer Place,5/12/2023 0:00,0,0,0,0,0,0,0,0,0,,,,,,,,,
ANR,Archer Place,5/13/2023 0:00,0,0,0,0,0,0,0,0,0,,,,,,,,,
ANR,Archer Place,5/14/2023 0:00,0,0,0,0,0,0,0,0,0,,,,,,,,,
ANR,Archer Place,5/15/2023 0:00,0,0,0,0,0,0,0,0,0,,,,,,,,,
ANR,Archer Place,5/16/2023 0:00,559,1000.7,559,725.8,69.5,0.5626,0.3541,1.0168,98.6291,,,,,,,,,
ANR,Archer Place,5/17/2023 0:00,618,1003.9,620,731.9,73.2,0.5608,0.32,0.7093,98.9707,,,,,,,,,
ANR,Archer Place,5/18/2023 0:00,601,1003.4,603,844.5,75.3,0.5611,0.3398,0.7392,98.921,,,,,,,,,
ANR,Archer Place,5/19/2023 0:00,649,1001.9,651,862.2,60.3,0.5623,0.4431,0.7821,98.7748,,,,,,,,,
ANR,Archer Place,5/20/2023 0:00,262,1003.9,263,868.2,74.4,0.5607,0.2893,0.7413,98.9694,,,,,,,,,
ANR,Archer Place,5/21/2023 0:00,0,0,0,0,0,0,0,0,0,,,,,,,,,
ANR,Archer Place,5/22/2023 0:00,0,0,0,0,0,0,0,0,0,,,,,,,,,
ANR,Archer Place,5/23/2023 0:00,612,1001.8,613,843.1,74.7,0.5621,0.4026,0.832,98.7654,,,,,,,,,
ANR,Archer Place,5/24/2023 0:00,616,1000.8,617,860.5,76.3,0.5627,0.4332,0.9026,98.6642,,,,,,,,,
ANR,Archer Place,5/25/2023 0:00,603,1003.1,605,876.2,69.5,0.5616,0.3937,0.7192,98.8871,,,,,,,,,
ANR,Archer Place,5/26/2023 0:00,133,1004.6,134,877.2,76,0.5607,0.3458,0.6118,99.0424,,,,,,,,,
ANR,Archer Place,5/27/2023 0:00,0,0,0,0,0,0,0,0,0,,,,,,,,,
ANR,Archer Place,5/28/2023 0:00,0,0,0,0,0,0,0,0,0,,,,,,,,,
ANR,Archer Place,5/29/2023 0:00,0,0,0,0,0,0,0,0,0,,,,,,,,,
ANR,Archer Place,5/30/2023 0:00,606,1005.6,609,833.5,79.9,0.5603,0.3467,0.5198,99.1335,,,,,,,,,
ANR,Archer Place,5/31/2023 0:00,623,1006.7,627,857.6,77.3,0.56,0.3777,0.3717,99.2506,,,,,,,,,
ANR,Archer Place,6/1/2023 0:00,572,1009.3,578,861.9,76.4,0.5587,0.3318,0.1686,99.4996,,,,,,,,,
ANR,Archer Place,6/2/2023 0:00,217,1010,219,837.9,88.5,0.5581,0.2747,0.1538,99.5715,,,,,,,,,
ANR,Archer Place,6/3/2023 0:00,0,0,0,0,0,0,0,0,0,,,,,,,,,
ANR,Archer Place,6/4/2023 0:00,0,0,0,0,0,0,0,0,0,,,,,,,,,
ANR,Archer Place,6/5/2023 0:00,1217,1003.5,1221,748.6,82.9,0.5629,0.6546,0.4198,98.9256,,,,,,,,,
ANR,Archer Place,6/6/2023 0:00,1220,1006,1227,768.3,88.6,0.5607,0.4511,0.3746,99.1743,,,,,,,,,
ANR,Archer Place,6/7/2023 0:00,1252,1006.5,1261,653.7,80.7,0.561,0.5448,0.2335,99.2217,,,,,,,,,
ANR,Archer Place,6/8/2023 0:00,1262,1006.2,1269,665.9,73.5,0.5614,0.5857,0.2161,99.1982,,,,,,,,,
ANR,Archer Place,6/9/2023 0:00,301,1007.2,304,770.4,87.7,0.5605,0.4939,0.2128,99.2933,,,,,,,,,
ANR,Archer Place,6/10/2023 0:00,0,0,0,0,0,0,0,0,0,,,,,,,,,
ANR,Archer Place,6/11/2023 0:00,0,0,0,0,0,0,0,0,0,,,,,,,,,
ANR,Archer Place,6/12/2023 0:00,1247,1003.6,1251,825.3,78.1,0.5629,0.6674,0.3892,98.9434,,,,,,,,,
ANR,Archer Place,6/13/2023 0:00,1277,1004.1,1282,841.2,85.3,0.5629,0.7058,0.3062,98.988,,,,,,,,,
ANR,Archer Place,6/14/2023 0:00,1273,1004.7,1279,836.9,88.5,0.5623,0.6337,0.3154,99.0509,,,,,,,,,
ANR,Archer Place,6/15/2023 0:00,1263,1005.7,1271,842.2,89.1,0.5617,0.6094,0.2504,99.1402,,,,,,,,,
ANR,Archer Place,6/16/2023 0:00,23,1004.2,23,848.4,81.4,0.5634,0.7935,0.2099,98.9966,,,,,,,,,
ANR,Archer Place,6/17/2023 0:00,0,0,0,0,0,0,0,0,0,,,,,,,,,
ANR,Archer Place,6/18/2023 0:00,0,0,0,0,0,0,0,0,0,,,,,,,,,
ANR,Archer Place,6/19/2023 0:00,1072,1006.5,1079,866.3,88,0.5611,0.5669,0.2046,99.2285,,,,,,,,,
ANR,Archer Place,6/20/2023 0:00,1273,1007,1282,852.7,88.7,0.5612,0.6031,0.1252,99.2717,,,,,,,,,
ANR,Archer Place,6/21/2023 0:00,1146,1008.3,1156,839.3,87.1,0.5598,0.4664,0.1278,99.4058,,,,,,,,,
ANR,Archer Place,6/22/2023 0:00,1373,1007.5,1384,838.5,86.2,0.5602,0.4725,0.2049,99.3226,,,,,,,,,
ANR,Archer Place,6/23/2023 0:00,1380,1006.6,1389,830.6,86.7,0.5606,0.4744,0.2953,99.2303,,,,,,,,,
ANR,Archer Place,6/24/2023 0:00,59,1007.8,60,819.4,88.6,0.5594,0.3544,0.2898,99.3558,,,,,,,,,
ANR,Archer Place,6/25/2023 0:00,0,0,0,0,0,0,0,0,0,,,,,,,,,
ANR,Archer Place,6/26/2023 0:00,543,1008.5,547,874.9,75.9,0.5595,0.4191,0.1602,99.4207,,,,,,,,,
ANR,Archer Place,6/27/2023 0:00,673,1008,678,861.4,82.5,0.5596,0.4032,0.2226,99.3742,,,,,,,,,
ANR,Archer Place,6/28/2023 0:00,583,1008.1,588,859.3,84.2,0.5599,0.4555,0.1594,99.3851,,,,,,,,,
ANR,Archer Place,6/29/2023 0:00,548,1007.7,552,839.8,82.6,0.5608,0.5857,0.0751,99.3392,,,,,,,,,
ANR,Archer Place,6/30/2023 0:00,0,0,0,0,0,0,0,0,0,,,,,,,,,
ANR,Archer Place,7/1/2023 0:00,0,0,0,0,0,0,0,0,0,,,,,,,,,
ANR,Archer Place,7/2/2023 0:00,0,0,0,0,0,0,0,0,0,,,,,,,,,
ANR,Archer Place,7/3/2023 0:00,0,0,0,0,0,0,0,0,0,,,,,,,,,
ANR,Archer Place,7/4/2023 0:00,0,0,0,0,0,0,0,0,0,,,,,,,,,
ANR,Archer Place,7/5/2023 0:00,1070,1008.9,1079,831.9,75.9,0.5591,0.3492,0.201,99.4498,,,,,,,,,
ANR,Archer Place,7/6/2023 0:00,917,1008.9,925,823.3,72.3,0.5591,0.3653,0.1761,99.4586,,,,,,,,,
ANR,Archer Place,7/7/2023 0:00,1323,1009.6,1335,840.7,68.7,0.5582,0.2584,0.2149,99.5267,,,,,,,,,
ANR,Archer Place,7/8/2023 0:00,825,1008.5,832,853.3,76.3,0.5589,0.3148,0.265,99.4202,,,,,,,,,
ANR,Archer Place,7/9/2023 0:00,0,0,0,0,0,0,0,0,0,,,,,,,,,
ANR,Archer Place,7/10/2023 0:00,1303,1006,1311,870.5,82,0.561,0.5061,0.3184,99.1755,,,,,,,,,
ANR,Archer Place,7/11/2023 0:00,1257,1007.6,1266,856.9,86.6,0.5596,0.3684,0.3005,99.3311,,,,,,,,,
ANR,Archer Place,7/12/2023 0:00,1303,1004.4,1309,826.5,79.7,0.561,0.377,0.6037,99.0193,,,,,,,,,
ANR,Archer Place,7/13/2023 0:00,1344,1003.4,1349,798.6,83.4,0.5613,0.3626,0.7178,98.9196,,,,,,,,,
ANR,Archer Place,7/14/2023 0:00,1305,1001.7,1308,780,82.9,0.5626,0.4834,0.7637,98.7529,,,,,,,,,
ANR,Archer Place,7/15/2023 0:00,0,0,0,0,0,0,0,0,0,,,,,,,,,
ANR,Archer Place,7/16/2023 0:00,0,0,0,0,0,0,0,0,0,,,,,,,,,
ANR,Archer Place,7/17/2023 0:00,78,1003.8,79,857.9,71.3,0.561,0.3382,0.7023,98.9595,,,,,,,,,
ANR,Archer Place,7/18/2023 0:00,559,1007.5,563,720,74.7,0.5596,0.3579,0.3208,99.3213,,,,,,,,,
ANR,Archer Place,7/19/2023 0:00,602,1006.1,606,750.3,82.6,0.5603,0.3801,0.4377,99.1822,,,,,,,,,
ANR,Archer Place,7/20/2023 0:00,612,1006.9,616,770.7,79.8,0.5599,0.3729,0.368,99.2591,,,,,,,,,
ANR,Archer Place,7/21/2023 0:00,612,1004.7,615,774.9,76.6,0.561,0.4049,0.554,99.0411,,,,,,,,,
ANR,Archer Place,7/22/2023 0:00,367,1003.6,368,783.6,86.6,0.5614,0.3996,0.663,98.9374,,,,,,,,,
ANR,Archer Place,7/23/2023 0:00,0,0,0,0,0,0,0,0,0,,,,,,,,,
ANR,Archer Place,7/24/2023 0:00,613,1007,617,771.8,84.8,0.5598,0.3552,0.37,99.2748,,,,,,,,,
ANR,Archer Place,7/25/2023 0:00,600,1002.3,601,790,83.4,0.5615,0.3297,0.8575,98.8128,,,,,,,,,
ANR,Archer Place,7/26/2023 0:00,1130,1004.9,1135,790.8,91.9,0.5609,0.4027,0.5336,99.0637,,,,,,,,,
ANR,Archer Place,7/27/2023 0:00,1249,1005.4,1256,782.1,87.4,0.5607,0.4024,0.4797,99.1179,,,,,,,,,
ANR,Archer Place,7/28/2023 0:00,1223,1004,1228,784.8,91.1,0.5614,0.4291,0.5953,98.9756,,,,,,,,,
ANR,Archer Place,7/29/2023 0:00,192,1005.9,193,797.9,90.9,0.5599,0.2872,0.5522,99.1606,,,,,,,,,
ANR,Archer Place,7/30/2023 0:00,0,0,0,0,0,0,0,0,0,,,,,,,,,
ANR,Archer Place,7/31/2023 0:00,0,0,0,0,0,0,0,0,0,,,,,,,,,
ANR,Archer Place,8/1/2023 0:00,999,1004.2,1003,778.4,80.5,0.5614,0.4278,0.5815,98.9907,,,,,,,,,
ANR,Archer Place,8/2/2023 0:00,873,1005,878,786.3,76.2,0.5609,0.4008,0.5233,99.0759,,,,,,,,,
ANR,Archer Place,8/3/2023 0:00,1237,1007.5,1247,783.1,78.9,0.5594,0.3324,0.3431,99.3245,,,,,,,,,
ANR,Archer Place,8/4/2023 0:00,288,1007.9,290,789,83.1,0.5589,0.2593,0.3798,99.3609,,,,,,,,,
ANR,Archer Place,8/5/2023 0:00,0,0,0,0,0,0,0,0,0,,,,,,,,,
ANR,Archer Place,8/6/2023 0:00,0,0,0,0,0,0,0,0,0,,,,,,,,,
ANR,Archer Place,8/7/2023 0:00,484,1008,488,819.7,75.1,0.559,0.2783,0.3504,99.3713,,,,,,,,,
ANR,Archer Place,8/8/2023 0:00,606,1010,612,815,77.7,0.5581,0.2588,0.1756,99.5656,,,,,,,,,
ANR,Archer Place,8/9/2023 0:00,626,1007.8,631,810.9,74.2,0.5593,0.3234,0.3296,99.347,,,,,,,,,
ANR,Archer Place,8/10/2023 0:00,615,1006.8,619,809.9,81.9,0.5595,0.2884,0.461,99.2506,,,,,,,,,
ANR,Archer Place,8/11/2023 0:00,624,1004.9,627,807.8,81.7,0.5606,0.3312,0.611,99.0578,,,,,,,,,
ANR,Archer Place,8/12/2023 0:00,300,1006,302,810.5,90.8,0.5598,0.2604,0.5723,99.1673,,,,,,,,,
ANR,Archer Place,8/13/2023 0:00,0,0,0,0,0,0,0,0,0,,,,,,,,,
ANR,Archer Place,8/14/2023 0:00,576,1005.4,579,825.9,70.2,0.5607,0.3797,0.5149,99.1054,,,,,,,,,
ANR,Archer Place,8/15/2023 0:00,646,1004,649,785.7,74.3,0.5612,0.3932,0.6292,98.9776,,,,,,,,,
ANR,Archer Place,8/16/2023 0:00,627,1009,632,804.1,77.6,0.5586,0.2886,0.2439,99.4675,,,,,,,,,
ANR,Archer Place,8/17/2023 0:00,652,1008.3,658,815.5,74.1,0.5589,0.2905,0.3051,99.4044,,,,,,,,,
ANR,Archer Place,8/18/2023 0:00,644,1008.2,649,822.4,75.6,0.5587,0.2413,0.3738,99.3849,,,,,,,,,
ANR,Archer Place,8/19/2023 0:00,627,1008.6,633,842.4,86.1,0.5581,0.1595,0.4113,99.4292,,,,,,,,,
ANR,Archer Place,8/20/2023 0:00,53,1008.5,54,856.2,93.2,0.5582,0.1753,0.407,99.4177,,,,,,,,,
ANR,Archer Place,8/21/2023 0:00,550,1003.9,552,857.3,86.9,0.5609,0.3338,0.7004,98.9658,,,,,,,,,
ANR,Archer Place,8/22/2023 0:00,616,1005.1,619,854.5,89.2,0.5609,0.4264,0.485,99.0886,,,,,,,,,
ANR,Archer Place,8/23/2023 0:00,619,1006,623,832.8,90.7,0.5607,0.4454,0.3782,99.1764,,,,,,,,,
ANR,Archer Place,8/24/2023 0:00,547,1007.4,551,828.2,90.3,0.5591,0.265,0.4221,99.3129,,,,,,,,,
ANR,Archer Place,8/25/2023 0:00,639,1004.4,642,832.4,87.9,0.5605,0.2969,0.6872,99.0159,,,,,,,,,
ANR,Archer Place,8/26/2023 0:00,618,1005.9,621,838,76.7,0.5601,0.3299,0.5093,99.1608,,,,,,,,,
ANR,Archer Place,8/27/2023 0:00,625,1002.4,627,842.6,74.1,0.562,0.4142,0.7678,98.818,,,,,,,,,
ANR,Archer Place,8/28/2023 0:00,562,1003.7,564,843.7,76.5,0.561,0.3238,0.7272,98.949,,,,,,,,,
ANR,Archer Place,8/29/2023 0:00,124,1006.1,124,839.9,92.7,0.5595,0.2406,0.5734,99.186,,,,,,,,,
ANR,Archer Place,8/30/2023 0:00,588,1008.3,593,847.8,75.9,0.5591,0.316,0.2855,99.3985,,,,,,,,,
ANR,Archer Place,8/31/2023 0:00,548,1007.1,552,816.1,69.3,0.5612,0.4339,0.3777,99.1884,,,,,,,,,
ANR,Archer Place,9/1/2023 0:00,657,1007.1,662,818.3,75.9,0.5597,0.3403,0.3832,99.2765,,,,,,,,,
ANR,Archer Place,9/2/2023 0:00,631,1007.9,636,831.7,80,0.5588,0.242,0.4025,99.3555,,,,,,,,,
ANR,Archer Place,9/3/2023 0:00,629,1008.5,635,859.6,83.5,0.5587,0.2645,0.3195,99.416,,,,,,,,,
ANR,Archer Place,9/4/2023 0:00,629,1007.7,634,859.7,85.8,0.5589,0.2498,0.4058,99.3444,,,,,,,,,
ANR,Archer Place,9/5/2023 0:00,755,1005.9,760,872.3,82.9,0.5599,0.293,0.5464,99.1606,,,,,,,,,
ANR,Archer Place,9/6/2023 0:00,928,999.7,928,864.2,71,0.5622,0.2457,1.2019,98.5524,,,,,,,,,
ANR,Archer Place,9/7/2023 0:00,994,1001.3,996,836.6,76.3,0.5611,0.1776,1.1126,98.7098,,,,,,,,,
ANR,Archer Place,9/8/2023 0:00,989,1000.9,989,817.2,76.4,0.5615,0.2125,1.1193,98.6682,,,,,,,,,
ANR,Archer Place,9/9/2023 0:00,983,998.4,981,823.9,79.4,0.5624,0.1919,1.3874,98.4207,,,,,,,,,
ANR,Archer Place,9/10/2023 0:00,789,1002.3,790,848.6,76.9,0.561,0.211,0.9856,98.8034,,,,,,,,,
ANR,Archer Place,9/11/2023 0:00,921,1001.9,922,852,67.5,0.5618,0.3432,0.8881,98.7687,,,,,,,,,
ANR,Archer Place,9/12/2023 0:00,961,1004,964,827.8,73,0.5611,0.378,0.6432,98.9788,,,,,,,,,
ANR,Archer Place,9/13/2023 0:00,941,1005.6,947,818.4,74.7,0.5599,0.283,0.5795,99.1375,,,,,,,,,
ANR,Archer Place,9/14/2023 0:00,849,1005.6,854,816.1,71.3,0.5604,0.3677,0.5,99.1323,,,,,,,,,
ANR,Archer Place,9/15/2023 0:00,663,1006.2,667,819.2,74.8,0.5606,0.4408,0.3725,99.1867,,,,,,,,,
ANR,Archer Place,9/16/2023 0:00,68,1004.9,68,821.6,80.8,0.5604,0.3127,0.6243,99.063,,,,,,,,,
ANR,Archer Place,9/17/2023 0:00,0,0,0,0,0,0,0,0,0,,,,,,,,,
ANR,Archer Place,9/18/2023 0:00,643,1005.8,646,833.9,74.4,0.561,0.4253,0.4498,99.1249,,,,,,,,,
ANR,Archer Place,9/19/2023 0:00,917,1004.8,921,864.7,76.5,0.5606,0.3436,0.6045,99.0519,,,,,,,,,
ANR,Archer Place,9/20/2023 0:00,967,1006.9,974,885.1,71.7,0.5588,0.1795,0.5563,99.2642,,,,,,,,,
ANR,Archer Place,9/21/2023 0:00,832,1006.6,837,858.8,73.8,0.5589,0.1687,0.6015,99.2298,,,,,,,,,
ANR,Archer Place,9/22/2023 0:00,808,1005.9,812,844.1,72.6,0.5594,0.1973,0.64,99.1627,,,,,,,,,
ANR,Archer Place,9/23/2023 0:00,103,1006.4,103,836.2,76.6,0.559,0.1767,0.6118,99.2115,,,,,,,,,
ANR,Archer Place,9/24/2023 0:00,0,0,0,0,0,0,0,0,0,,,,,,,,,
ANR,Archer Place,9/25/2023 0:00,0,0,0,0,0,0,0,0,0,,,,,,,,,
ANR,Archer Place,9/26/2023 0:00,1392,1005.5,1400,819.9,70.5,0.5602,0.2757,0.6189,99.1054,,,,,,,,,
ANR,Archer Place,9/27/2023 0:00,1736,1005.4,1745,829.2,72.3,0.56,0.2723,0.6146,99.1131,,,,,,,,,
ANR,Archer Place,9/28/2023 0:00,1324,1007.2,1333,811,74.1,0.5587,0.1715,0.5381,99.2904,,,,,,,,,
ANR,Archer Place,9/29/2023 0:00,298,1007.5,300,833.5,88,0.5586,0.1735,0.505,99.3215,,,,,,,,,
ANR,Archer Place,9/30/2023 0:00,0,0,0,0,0,0,0,0,0,,,,,,,,,
ANR,Archer Place,10/1/2023 0:00,0,0,0,0,0,0,0,0,0,,,,,,,,,
ANR,Archer Place,10/2/2023 0:00,0,0,0,0,0,0,0,0,0,,,,,,,,,
ANR,Archer Place,10/3/2023 0:00,1244,1007.6,1253,908.3,76.8,0.5589,0.1874,0.5018,99.3108,,,,,,,,,
ANR,Archer Place,10/4/2023 0:00,1199,1007.6,1208,879.4,68.6,0.5585,0.1626,0.5046,99.3328,,,,,,,,,
ANR,Archer Place,10/5/2023 0:00,1462,1007,1472,864,66.2,0.5588,0.176,0.5498,99.2742,,,,,,,,,
ANR,Archer Place,10/6/2023 0:00,1382,1005.7,1390,855.7,53.3,0.5594,0.1817,0.6763,99.142,,,,,,,,,
ANR,Archer Place,10/7/2023 0:00,1386,1005.2,1394,843,57.1,0.5595,0.1716,0.7326,99.0958,,,,,,,,,
ANR,Archer Place,10/8/2023 0:00,1352,1005.8,1359,821.8,62.1,0.5595,0.2234,0.6197,99.1569,,,,,,,,,
ANR,Archer Place,10/9/2023 0:00,1405,1005.1,1413,810.8,62.2,0.56,0.2481,0.6636,99.0883,,,,,,,,,
ANR,Archer Place,10/10/2023 0:00,1466,1005.7,1474,830.6,64.5,0.5593,0.1643,0.6907,99.145,,,,,,,,,
ANR,Archer Place,10/11/2023 0:00,1413,1005.5,1420,808.9,65.5,0.5595,0.1872,0.6842,99.1286,,,,,,,,,
ANR,Archer Place,10/12/2023 0:00,525,1006.2,529,805.6,70.8,0.5589,0.1425,0.6632,99.1943,,,,,,,,,
ANR,Archer Place,10/13/2023 0:00,1445,1005.9,1454,821.8,61.5,0.5591,0.1578,0.678,99.1642,,,,,,,,,
ANR,Archer Place,10/14/2023 0:00,1408,1002.8,1412,855.3,55,0.5603,0.1456,0.9967,98.8577,,,,,,,,,
ANR,Archer Place,10/15/2023 0:00,0,0,0,0,0,0,0,0,0,,,,,,,,,
ANR,Archer Place,10/16/2023 0:00,5,1021,5,863.2,50.2,0.581,0.508,1.245,98.247,,,,,,,,,
ANR,Archer Place,10/17/2023 0:00,801,1001.4,802,835.9,61.8,0.561,0.159,1.123,98.718,,,,,,,,,
ANR,Archer Place,10/18/2023 0:00,511,998.4,510,832.6,57.9,0.561,0.029,1.541,98.43,,,,,,,,,
ANR,Archer Place,10/19/2023 0:00,919,998.8,918,825.7,61.7,0.562,0.113,1.421,98.466,,,,,,,,,
ANR,Archer Place,10/20/2023 0:00,266,1001.6,267,820.7,74.6,0.561,0.103,1.15,98.747,,,,,,,,,
ANR,Archer Place,10/21/2023 0:00,0,0,0,0,0,0,0,0,0,,,,,,,,,
ANR,Archer Place,10/22/2023 0:00,0,0,0,0,0,0,0,0,0,,,,,,,,,
ANR,Archer Place,10/23/2023 0:00,629,1006.6,633,846.3,73.3,0.559,0.207,0.58,99.213,,,,,,,,,
ANR,Archer Place,10/24/2023 0:00,921,1005.5,926,848,69.2,0.559,0.147,0.724,99.129,,,,,,,,,
ANR,Archer Place,10/25/2023 0:00,906,1005.4,911,851.7,68.4,0.559,0.133,0.75,99.117,,,,,,,,,
ANR,Archer Place,10/26/2023 0:00,859,1005,863,837.3,67.2,0.559,0.16,0.759,99.081,,,,,,,,,
ANR,Archer Place,10/27/2023 0:00,147,1004.8,147,829.4,48.7,0.56,0.232,0.707,99.061,,,,,,,,,
ANR,Archer Place,10/28/2023 0:00,0,0,0,0,0,0,0,0,0,,,,,,,,,
ANR,Archer Place,10/29/2023 0:00,0,0,0,0,0,0,0,0,0,,,,,,,,,
ANR,Archer Place,10/30/2023 0:00,1,1025.6,1,773.9,43.5,0.582,0.566,0.964,98.47,,,,,,,,,
ANR,Archer Place,10/31/2023 0:00,0,0,0,0,0,0,0,0,0,,,,,,,,,
ANR,Archer Place,11/1/2023 0:00,777,1002.4,779,709.6,41.4,0.561,0.23,0.996,98.774,,,,,,,,,
ANR,Archer Place,11/2/2023 0:00,836,1005.5,840,827,53.1,0.56,0.224,0.654,99.122,,,,,,,,,
ANR,Archer Place,11/3/2023 0:00,234,1005.3,235,860.5,57.6,0.56,0.222,0.675,99.103,,,,,,,,,
ANR,Archer Place,11/4/2023 0:00,0,0,0,0,0,0,0,0,0,,,,,,,,,
ANR,Archer Place,11/5/2023 0:00,0,0,0,0,0,0,0,0,0,,,,,,,,,
ANR,Archer Place,11/6/2023 0:00,853,1005.1,857,828.1,61.9,0.5601,0.178,0.7822,99.0398,,,,,,,,,
ANR,Archer Place,11/7/2023 0:00,744,1004.6,747,702,61.8,0.5595,0.1301,0.8347,99.0352,,,,,,,,,
ANR,Archer Place,11/8/2023 0:00,614,1006.9,618,725.5,51.5,0.5591,0.2144,0.5266,99.259,,,,,,,,,
ANR,Archer Place,11/9/2023 0:00,653,1006.1,657,771.4,49.7,0.5596,0.2564,0.5646,99.179,,,,,,,,,
ANR,Archer Place,11/10/2023 0:00,635,1007.5,640,679.7,42.3,0.5589,0.2274,0.4478,99.3248,,,,,,,,,
ANR,Archer Place,11/11/2023 0:00,602,1006.8,607,689.7,47,0.5587,0.1512,0.596,99.2528,,,,,,,,,
ANR,Archer Place,11/12/2023 0:00,611,1006.3,615,847.5,55.7,0.559,0.1626,0.6367,99.2007,,,,,,,,,
ANR,Archer Place,11/13/2023 0:00,631,1007.9,636,710.8,55.3,0.5584,0.1834,0.4508,99.3658,,,,,,,,,
ANR,Archer Place,11/14/2023 0:00,656,1006,660,661.3,57.9,0.5593,0.1894,0.6314,99.1792,,,,,,,,,
ANR,Archer Place,11/15/2023 0:00,638,1007.9,643,829.5,59.8,0.5583,0.16,0.4781,99.3619,,,,,,,,,
ANR,Archer Place,11/16/2023 0:00,633,1006.3,637,891.5,54.5,0.559,0.1705,0.6209,99.2086,,,,,,,,,
ANR,Archer Place,11/17/2023 0:00,679,1005.5,682,789,44.7,0.5595,0.1856,0.6873,99.1271,,,,,,,,,
ANR,Archer Place,11/18/2023 0:00,502,1007,506,741.8,54.9,0.5587,0.1667,0.5536,99.2797,,,,,,,,,
ANR,Archer Place,11/19/2023 0:00,0,0,0,0,0,0,0,0,0,,,,,,,,,
ANR,Archer Place,11/20/2023 0:00,654,1005.3,657,843.2,44.4,0.5605,0.273,0.6658,99.0612,,,,,,,,,
ANR,Archer Place,11/21/2023 0:00,958,1001.5,959,839.5,40.7,0.5612,0.2029,1.0628,98.7343,,,,,,,,,
ANR,Archer Place,11/22/2023 0:00,1015,1000.6,1016,862.9,45,0.5616,0.2272,1.1236,98.6492,,,,,,,,,
ANR,Archer Place,11/23/2023 0:00,469,999.3,469,855.3,47.7,0.5625,0.2875,1.1956,98.5169,,,,,,,,,
ANR,Archer Place,11/24/2023 0:00,0,0,0,0,0,0,0,0,0,,,,,,,,,
ANR,Archer Place,11/25/2023 0:00,0,0,0,0,0,0,0,0,0,,,,,,,,,
ANR,Archer Place,11/26/2023 0:00,0,0,0,0,0,0,0,0,0,,,,,,,,,
ANR,Archer Place,11/27/2023 0:00,0,0,0,0,0,0,0,0,0,,,,,,,,,
ANR,Archer Place,11/28/2023 0:00,3,1007.2,3,628.1,34.2,0.5693,0.3812,1.2025,98.4163,,,,,,,,,
ANR,Archer Place,11/29/2023 0:00,972,1000,971,749,46.4,0.5623,0.282,1.1409,98.5771,,,,,,,,,
ANR,Archer Place,11/30/2023 0:00,1023,999.7,1023,808.5,45.5,0.5619,0.2068,1.2382,98.555,,,,,,,,,
ANR,Archer Place,12/1/2023 0:00,1047,998.7,1046,825.7,39.2,0.5622,0.1856,1.3546,98.4598,,,,,,,,,
ANR,Archer Place,12/2/2023 0:00,321,998.2,321,838.4,39.6,0.5622,0.1458,1.4484,98.4058,,,,,,,,,
ANR,Archer Place,12/3/2023 0:00,0,0,0,0,0,0,0,0,0,,,,,,,,,
ANR,Archer Place,12/4/2023 0:00,0,0,0,0,0,0,0,0,0,,,,,,,,,
ANR,Archer Place,12/5/2023 0:00,626,1002.1,627,837.3,45,0.562,0.3378,0.8997,98.7625,,,,,,,,,
ANR,Archer Place,12/6/2023 0:00,625,1003.2,627,778.5,56.3,0.5607,0.235,0.8661,98.8989,,,,,,,,,
ANR,Archer Place,12/7/2023 0:00,0,0,0,0,0,0,0,0,0,,,,,,,,,
ANR,Archer Place,12/8/2023 0:00,0,0,0,0,0,0,0,0,0,,,,,,,,,
ANR,Archer Place,12/9/2023 0:00,0,0,0,0,0,0,0,0,0,,,,,,,,,
ANR,Archer Place,12/10/2023 0:00,0,0,0,0,0,0,0,0,0,,,,,,,,,
ANR,Archer Place,12/11/2023 0:00,0,0,0,0,0,0,0,0,0,,,,,,,,,
ANR,Archer Place,12/12/2023 0:00,0,0,0,0,0,0,0,0,0,,,,,,,,,
ANR,Archer Place,12/13/2023 0:00,540,999.6,540,831.1,38.9,0.5627,0.2134,1.3003,98.4863,,,,,,,,,
ANR,Archer Place,12/14/2023 0:00,180,998.9,180,829.6,52.4,0.5617,0.1013,1.4224,98.4763,,,,,,,,,
ANR,Archer Place,12/15/2023 0:00,0,0,0,0,0,0,0,0,0,,,,,,,,,
ANR,Archer Place,12/16/2023 0:00,0,0,0,0,0,0,0,0,0,,,,,,,,,
ANR,Archer Place,12/17/2023 0:00,0,0,0,0,0,0,0,0,0,,,,,,,,,
ANR,Archer Place,12/18/2023 0:00,0,0,0,0,0,0,0,0,0,,,,,,,,,
ANR,Archer Place,12/19/2023 0:00,0,0,0,0,0,0,0,0,0,,,,,,,,,
ANR,Archer Place,12/20/2023 0:00,0,0,0,0,0,0,0,0,0,,,,,,,,,
ANR,Archer Place,12/21/2023 0:00,0,0,0,0,0,0,0,0,0,,,,,,,,,
ANR,Archer Place,12/22/2023 0:00,0,0,0,0,0,0,0,0,0,,,,,,,,,
ANR,Archer Place,12/23/2023 0:00,0,0,0,0,0,0,0,0,0,,,,,,,,,
ANR,Archer Place,12/24/2023 0:00,0,0,0,0,0,0,0,0,0,,,,,,,,,
ANR,Archer Place,12/25/2023 0:00,0,0,0,0,0,0,0,0,0,,,,,,,,,
ANR,Archer Place,12/26/2023 0:00,0,0,0,0,0,0,0,0,0,,,,,,,,,
ANR,Archer Place,12/27/2023 0:00,0,0,0,0,0,0,0,0,0,,,,,,,,,
ANR,Archer Place,12/28/2023 0:00,0,0,0,0,0,0,0,0,0,,,,,,,,,
ANR,Archer Place,12/29/2023 0:00,0,0,0,0,0,0,0,0,0,,,,,,,,,
ANR,Archer Place,12/30/2023 0:00,0,0,0,0,0,0,0,0,0,,,,,,,,,
ANR,Archer Place,12/31/2023 0:00,0,0,0,0,0,0,0,0,0,,,,,,,,,
ANR,Archer Place,1/1/2024 0:00,0,0,0,0,0,0,0,0,0,,,,,,,,,
ANR,Archer Place,1/2/2024 0:00,0,0,0,0,0,0,0,0,0,,,,,,,,,
ANR,Archer Place,1/3/2024 0:00,0,0,0,0,0,0,0,0,0,,,,,,,,,
ANR,Archer Place,1/4/2024 0:00,0,0,0,0,0,0,0,0,0,,,,,,,,,
ANR,Archer Place,1/5/2024 0:00,0,0,0,0,0,0,0,0,0,,,,,,,,,
ANR,Archer Place,1/6/2024 0:00,0,0,0,0,0,0,0,0,0,,,,,,,,,
ANR,Archer Place,1/7/2024 0:00,0,0,0,0,0,0,0,0,0,,,,,,,,,
ANR,Archer Place,1/8/2024 0:00,0,0,0,0,0,0,0,0,0,,,,,,,,,
ANR,Archer Place,1/9/2024 0:00,0,0,0,0,0,0,0,0,0,,,,,,,,,
ANR,Archer Place,1/10/2024 0:00,0,0,0,0,0,0,0,0,0,,,,,,,,,
ANR,Archer Place,1/11/2024 0:00,0,0,0,0,0,0,0,0,0,,,,,,,,,
ANR,Archer Place,1/12/2024 0:00,0,0,0,0,0,0,0,0,0,,,,,,,,,
ANR,Archer Place,1/13/2024 0:00,0,0,0,0,0,0,0,0,0,,,,,,,,,
ANR,Archer Place,1/14/2024 0:00,0,0,0,0,0,0,0,0,0,,,,,,,,,
ANR,Archer Place,1/15/2024 0:00,0,0,0,0,0,0,0,0,0,,,,,,,,,
ANR,Archer Place,1/16/2024 0:00,0,0,0,0,0,0,0,0,0,,,,,,,,,
ANR,Archer Place,1/17/2024 0:00,0,0,0,0,0,0,0,0,0,,,,,,,,,
ANR,Archer Place,1/18/2024 0:00,0,0,0,0,0,0,0,0,0,,,,,,,,,
ANR,Archer Place,1/19/2024 0:00,0,0,0,0,0,0,0,0,0,,,,,,,,,
ANR,Archer Place,1/20/2024 0:00,0,0,0,0,0,0,0,0,0,,,,,,,,,
ANR,Archer Place,1/21/2024 0:00,0,0,0,0,0,0,0,0,0,,,,,,,,,
ANR,Archer Place,1/22/2024 0:00,0,0,0,0,0,0,0,0,0,,,,,,,,,
ANR,Archer Place,1/23/2024 0:00,0,0,0,0,0,0,0,0,0,,,,,,,,,
ANR,Archer Place,1/24/2024 0:00,0,0,0,0,0,0,0,0,0,,,,,,,,,
ANR,Archer Place,1/25/2024 0:00,0,0,0,0,0,0,0,0,0,,,,,,,,,
ANR,Archer Place,1/26/2024 0:00,0,0,0,0,0,0,0,0,0,,,,,,,,,
ANR,Archer Place,1/27/2024 0:00,0,0,0,0,0,0,0,0,0,,,,,,,,,
ANR,Archer Place,1/28/2024 0:00,0,0,0,0,0,0,0,0,0,,,,,,,,,
ANR,Archer Place,1/29/2024 0:00,0,0,0,0,0,0,0,0,0,,,,,,,,,
ANR,Archer Place,1/30/2024 0:00,0,0,0,0,0,0,0,0,0,,,,,,,,,
ANR,Archer Place,1/31/2024 0:00,0,0,0,0,0,0,0,0,0,,,,,,,,,
ANR,Archer Place,2/1/2024 0:00,666,995.1,663,907.1,50.2,0.5646,0.3288,1.5839,98.0873,,,,,,,,,
ANR,Archer Place,2/2/2024 0:00,668,996.2,666,828.1,40.6,0.5632,0.174,1.617,98.209,,,,,,,,,
ANR,Archer Place,2/3/2024 0:00,648,998.3,647,774.7,43.6,0.5621,0.1336,1.4439,98.4225,,,,,,,,,
ANR,Archer Place,2/4/2024 0:00,636,996.7,634,848.2,39.5,0.5629,0.1613,1.5759,98.2628,,,,,,,,,
ANR,Archer Place,2/5/2024 0:00,661,996.1,659,835.5,46.1,0.563,0.1347,1.6633,98.202,,,,,,,,,
ANR,Archer Place,2/6/2024 0:00,618,995.1,615,830.3,50,0.5636,0.1744,1.7257,98.0999,,,,,,,,,
ANR,Archer Place,2/7/2024 0:00,20,995,20,838.1,46.5,0.5638,0.2062,1.7004,98.0934,,,,,,,,,
ANR,Archer Place,2/8/2024 0:00,0,0,0,0,0,0,0,0,0,,,,,,,,,
ANR,Archer Place,2/9/2024 0:00,0,0,0,0,0,0,0,0,0,,,,,,,,,
ANR,Archer Place,2/10/2024 0:00,0,0,0,0,0,0,0,0,0,,,,,,,,,
ANR,Archer Place,2/11/2024 0:00,0,0,0,0,0,0,0,0,0,,,,,,,,,
ANR,Archer Place,2/12/2024 0:00,0,0,0,0,0,0,0,0,0,,,,,,,,,
ANR,Archer Place,2/13/2024 0:00,0,0,0,0,0,0,0,0,0,,,,,,,,,
ANR,Archer Place,2/14/2024 0:00,635,990.3,629,830.7,50.6,0.5661,0.1698,2.252,97.5782,,,,,,,,,
ANR,Archer Place,2/15/2024 0:00,634,991.7,629,846.2,38.1,0.5649,0.1706,2.0585,97.7709,,,,,,,,,
ANR,Archer Place,2/16/2024 0:00,166,991.6,164,830.2,31.2,0.5648,0.1397,2.1008,97.7595,,,,,,,,,
ANR,Archer Place,2/17/2024 0:00,0,0,0,0,0,0,0,0,0,,,,,,,,,
ANR,Archer Place,2/18/2024 0:00,0,0,0,0,0,0,0,0,0,,,,,,,,,
ANR,Archer Place,2/19/2024 0:00,0,0,0,0,0,0,0,0,0,,,,,,,,,
ANR,Archer Place,2/20/2024 0:00,0,0,0,0,0,0,0,0,0,,,,,,,,,
ANR,Archer Place,2/21/2024 0:00,0,0,0,0,0,0,0,0,0,,,,,,,,,
ANR,Archer Place,2/22/2024 0:00,587,986.2,579,846,52.9,0.568,0.2336,2.5755,97.1909,,,,,,,,,
ANR,Archer Place,2/23/2024 0:00,166,986.3,164,854,59.9,0.5672,0.1843,2.5735,97.2422,,,,,,,,,
ANR,Archer Place,2/24/2024 0:00,0,0,0,0,0,0,0,0,0,,,,,,,,,
ANR,Archer Place,2/25/2024 0:00,0,0,0,0,0,0,0,0,0,,,,,,,,,
ANR,Archer Place,2/26/2024 0:00,0,0,0,0,0,0,0,0,0,,,,,,,,,
ANR,Archer Place,2/27/2024 0:00,0,0,0,0,0,0,0,0,0,,,,,,,,,
ANR,Archer Place,2/28/2024 0:00,0,0,0,0,0,0,0,0,0,,,,,,,,,
ANR,Archer Place,2/29/2024 0:00,0,0,0,0,0,0,0,0,0,,,,,,,,,
ANR,Archer Place,3/1/2024 0:00,0,0,0,0,0,0,0,0,0,,,,,,,,,
ANR,Archer Place,3/2/2024 0:00,0,0,0,0,0,0,0,0,0,,,,,,,,,
ANR,Archer Place,3/3/2024 0:00,0,0,0,0,0,0,0,0,0,,,,,,,,,
ANR,Archer Place,3/4/2024 0:00,0,0,0,0,0,0,0,0,0,,,,,,,,,
ANR,Archer Place,3/5/2024 0:00,0,0,0,0,0,0,0,0,0,,,,,,,,,
ANR,Archer Place,3/6/2024 0:00,590,988.1,583,751.6,52.6,0.5668,0.1848,2.4261,97.3891,,,,,,,,,
ANR,Archer Place,3/7/2024 0:00,592,990.5,587,769.1,48.3,0.5654,0.174,2.1704,97.6556,,,,,,,,,
ANR,Archer Place,3/8/2024 0:00,4,990.4,4,795.1,40.8,0.5656,0.1898,2.1682,97.642,,,,,,,,,
ANR,Archer Place,3/9/2024 0:00,0,0,0,0,0,0,0,0,0,,,,,,,,,
ANR,Archer Place,3/10/2024 0:00,0,0,0,0,0,0,0,0,0,,,,,,,,,
ANR,Archer Place,3/11/2024 0:00,0,0,0,0,0,0,0,0,0,,,,,,,,,
ANR,Archer Place,3/12/2024 0:00,0,0,0,0,0,0,0,0,0,,,,,,,,,
ANR,Archer Place,3/13/2024 0:00,0,0,0,0,0,0,0,0,0,,,,,,,,,
ANR,Archer Place,3/14/2024 0:00,549,993.1,545,818.1,51.2,0.5653,0.2155,1.9419,97.8426,,,,,,,,,
ANR,Archer Place,3/15/2024 0:00,130,989.2,128,803.6,61.1,0.5661,0.204,2.2695,97.5265,,,,,,,,,
ANR,Archer Place,3/16/2024 0:00,0,0,0,0,0,0,0,0,0,,,,,,,,,
ANR,Archer Place,3/17/2024 0:00,0,0,0,0,0,0,0,0,0,,,,,,,,,
ANR,Archer Place,3/18/2024 0:00,0,0,0,0,0,0,0,0,0,,,,,,,,,
ANR,Archer Place,3/19/2024 0:00,0,0,0,0,0,0,0,0,0,,,,,,,,,
ANR,Archer Place,3/20/2024 0:00,0,0,0,0,0,0,0,0,0,,,,,,,,,
ANR,Archer Place,3/21/2024 0:00,0,0,0,0,0,0,0,0,0,,,,,,,,,
ANR,Archer Place,3/22/2024 0:00,0,0,0,0,0,0,0,0,0,,,,,,,,,
ANR,Archer Place,3/23/2024 0:00,0,0,0,0,0,0,0,0,0,,,,,,,,,
ANR,Archer Place,3/24/2024 0:00,0,0,0,0,0,0,0,0,0,,,,,,,,,
ANR,Archer Place,3/25/2024 0:00,0,0,0,0,0,0,0,0,0,,,,,,,,,
ANR,Archer Place,3/26/2024 0:00,0,0,0,0,0,0,0,0,0,,,,,,,,,
ANR,Archer Place,3/27/2024 0:00,597,994.6,594,771.5,38.3,0.5647,0.2155,1.794,97.9905,,,,,,,,,
ANR,Archer Place,3/28/2024 0:00,549,995.8,547,768.3,55.2,0.5632,0.148,1.6759,98.1761,,,,,,,,,
ANR,Archer Place,3/29/2024 0:00,297,993.8,295,812.9,69.2,0.5638,0.116,1.9082,97.9758,,,,,,,,,
ANR,Archer Place,3/30/2024 0:00,0,0,0,0,0,0,0,0,0,,,,,,,,,
ANR,Archer Place,3/31/2024 0:00,0,0,0,0,0,0,0,0,0,,,,,,,,,
ANR,Archer Place,4/1/2024 0:00,647,992.9,643,791.2,50.8,0.565,0.1802,1.9748,97.845,,,,,,,,,
ANR,Archer Place,4/2/2024 0:00,912,984.7,898,807.7,43.9,0.5676,0.1294,2.7868,97.0838,,,,,,,,,
ANR,Archer Place,4/3/2024 0:00,706,990,698,804.2,46.8,0.5653,0.1082,2.285,97.6068,,,,,,,,,
ANR,Archer Place,4/4/2024 0:00,57,992.7,57,810.4,51.2,0.5645,0.1572,1.9768,97.866,,,,,,,,,
ANR,Archer Place,4/5/2024 0:00,0,0,0,0,0,0,0,0,0,,,,,,,,,
ANR,Archer Place,4/6/2024 0:00,0,0,0,0,0,0,0,0,0,,,,,,,,,
ANR,Archer Place,4/7/2024 0:00,0,0,0,0,0,0,0,0,0,,,,,,,,,
ANR,Archer Place,4/8/2024 0:00,0,0,0,0,0,0,0,0,0,,,,,,,,,
ANR,Archer Place,4/9/2024 0:00,855,986.2,843,751.2,60.8,0.5672,0.1216,2.6802,97.1982,,,,,,,,,
ANR,Archer Place,4/10/2024 0:00,857,986.1,846,784.4,65.8,0.5671,0.157,2.6233,97.2197,,,,,,,,,
ANR,Archer Place,4/11/2024 0:00,904,987.4,893,805.5,56.4,0.5667,0.172,2.4815,97.3465,,,,,,,,,
ANR,Archer Place,4/12/2024 0:00,716,992.3,710,788.2,61.5,0.5647,0.1777,1.9917,97.8306,,,,,,,,,
ANR,Archer Place,4/13/2024 0:00,166,994.9,165,767.9,79.2,0.5638,0.2014,1.7105,98.0881,,,,,,,,,
ANR,Archer Place,4/14/2024 0:00,0,0,0,0,0,0,0,0,0,,,,,,,,,
ANR,Archer Place,4/15/2024 0:00,0,0,0,0,0,0,0,0,0,,,,,,,,,
ANR,Archer Place,4/16/2024 0:00,0,0,0,0,0,0,0,0,0,,,,,,,,,
ANR,Archer Place,4/17/2024 0:00,532,997,530,867.2,61.2,0.5636,0.3051,1.4043,98.2906,,,,,,,,,
ANR,Archer Place,4/18/2024 0:00,614,999.9,614,845.8,46.7,0.5617,0.1762,1.2493,98.5745,,,,,,,,,
ANR,Archer Place,4/19/2024 0:00,185,999.4,185,843.8,61.7,0.5621,0.2174,1.2508,98.5318,,,,,,,,,
ANR,Archer Place,4/20/2024 0:00,0,0,0,0,0,0,0,0,0,,,,,,,,,
ANR,Archer Place,4/21/2024 0:00,0,0,0,0,0,0,0,0,0,,,,,,,,,
ANR,Archer Place,4/22/2024 0:00,0,0,0,0,0,0,0,0,0,,,,,,,,,
ANR,Archer Place,4/23/2024 0:00,15,1019.3,15,885.9,62.5,0.5764,0.5504,0.8556,98.594,,,,,,,,,
ANR,Archer Place,4/24/2024 0:00,843,992.8,837,872.6,62.9,0.5647,0.2084,1.9094,97.8822,,,,,,,,,
ANR,Archer Place,4/25/2024 0:00,1079,987.5,1066,864.9,57.8,0.5668,0.1929,2.4471,97.36,,,,,,,,,
ANR,Archer Place,4/26/2024 0:00,935,993.7,929,881.7,66.3,0.5641,0.1651,1.8622,97.9727,,,,,,,,,
ANR,Archer Place,4/27/2024 0:00,210,1001.1,210,884.1,78.9,0.5608,0.103,1.2037,98.6933,,,,,,,,,
ANR,Archer Place,4/28/2024 0:00,0,0,0,0,0,0,0,0,0,,,,,,,,,
ANR,Archer Place,4/29/2024 0:00,17,1003,17,866.4,69.1,0.5603,0.1422,0.985,98.8728,,,,,,,,,
ANR,Archer Place,4/30/2024 0:00,859,997.3,857,860.4,70.5,0.5626,0.1629,1.5044,98.3327,,,,,,,,,
ANR,Archer Place,5/1/2024 0:00,867,997.3,864,857.9,66.4,0.5628,0.1948,1.4863,98.3189,,,,,,,,,
ANR,Archer Place,5/2/2024 0:00,889,998.2,887,834.3,58.7,0.5626,0.233,1.3555,98.4115,,,,,,,,,
ANR,Archer Place,5/3/2024 0:00,827,998.7,826,782.1,67.7,0.5622,0.1784,1.3643,98.4573,,,,,,,,,
ANR,Archer Place,5/4/2024 0:00,887,1000.3,888,841.4,57.7,0.5614,0.1722,1.2059,98.6219,,,,,,,,,
ANR,Archer Place,5/5/2024 0:00,288,999.4,288,844.7,68.5,0.5615,0.1184,1.3574,98.5242,,,,,,,,,
ANR,Archer Place,5/6/2024 0:00,744,1002.5,745,845.4,67.4,0.5606,0.1754,0.9899,98.8347,,,,,,,,,
ANR,Archer Place,5/7/2024 0:00,815,1001.6,816,827,69.5,0.5614,0.2465,1.0099,98.7436,,,,,,,,,
ANR,Archer Place,5/8/2024 0:00,824,1002.2,826,809,72,0.5612,0.2663,0.931,98.8027,,,,,,,,,
ANR,Archer Place,5/9/2024 0:00,822,1004.4,825,823.9,65.5,0.5602,0.2384,0.7389,99.0227,,,,,,,,,
ANR,Archer Place,5/10/2024 0:00,598,1007.7,602,846.7,69.8,0.5588,0.2275,0.4288,99.3437,,,,,,,,,
ANR,Archer Place,5/11/2024 0:00,591,1006.7,595,874.8,73.7,0.559,0.2013,0.5522,99.2465,,,,,,,,,
ANR,Archer Place,5/12/2024 0:00,616,1007.7,621,880.7,75.3,0.5586,0.2004,0.4502,99.3494,,,,,,,,,
ANR,Archer Place,5/13/2024 0:00,907,1006.1,913,801.7,65,0.5595,0.2419,0.5726,99.1855,,,,,,,,,
ANR,Archer Place,5/14/2024 0:00,1633,1005,1641,791.8,68.3,0.56,0.2604,0.6567,99.0829,,,,,,,,,
ANR,Archer Place,5/15/2024 0:00,1728,1005.8,1738,800.9,69.2,0.5594,0.1985,0.6448,99.1567,,,,,,,,,
ANR,Archer Place,5/16/2024 0:00,1739,1006.9,1751,783.8,74.3,0.5591,0.2187,0.5188,99.2625,,,,,,,,,
ANR,Archer Place,5/17/2024 0:00,1716,1007.3,1728,862,77.4,0.5587,0.1824,0.5083,99.3093,,,,,,,,,
ANR,Archer Place,5/18/2024 0:00,1675,1007.2,1687,882.1,81.9,0.5588,0.1951,0.5133,99.2916,,,,,,,,,
ANR,Archer Place,5/19/2024 0:00,368,1006.5,371,882.9,82.6,0.5589,0.1687,0.6001,99.2312,,,,,,,,,
ANR,Archer Place,5/20/2024 0:00,6,1004.8,6,855.8,76.2,0.56,0.234,0.7059,99.0601,,,,,,,,,
ANR,Archer Place,5/21/2024 0:00,1793,1007.4,1807,770.7,71.5,0.5589,0.224,0.4655,99.3105,,,,,,,,,
ANR,Archer Place,5/22/2024 0:00,1808,1009.1,1825,739.4,71.7,0.5583,0.2466,0.274,99.4794,,,,,,,,,
ANR,Archer Place,5/23/2024 0:00,1823,1009.6,1840,852.2,76.2,0.558,0.2245,0.2465,99.529,,,,,,,,,
ANR,Archer Place,5/24/2024 0:00,1813,1009.5,1830,767.9,69.4,0.5581,0.2388,0.242,99.5192,,,,,,,,,
ANR,Archer Place,5/25/2024 0:00,1879,1009.7,1897,773.3,73.4,0.5579,0.2228,0.2325,99.5447,,,,,,,,,
ANR,Archer Place,5/26/2024 0:00,1788,1009.9,1806,792.4,75.8,0.5577,0.2012,0.2407,99.5581,,,,,,,,,
ANR,Archer Place,5/27/2024 0:00,1873,1009.7,1891,862.3,74.8,0.5579,0.2118,0.2454,99.5428,,,,,,,,,
ANR,Archer Place,5/28/2024 0:00,1604,1009.9,1620,787.7,73.2,0.558,0.2486,0.1945,99.5569,,,,,,,,,
ANR,Archer Place,5/29/2024 0:00,1840,1009.6,1857,777.6,71.7,0.5579,0.2087,0.2641,99.5272,,,,,,,,,
ANR,Archer Place,5/30/2024 0:00,1866,1009.8,1884,792.3,74.8,0.5578,0.2134,0.2323,99.5543,,,,,,,,,
ANR,Archer Place,5/31/2024 0:00,1881,1010.7,1901,792.7,75.6,0.5574,0.1895,0.1749,99.6356,,,,,,,,,
ANR,Archer Place,6/1/2024 0:00,1955,1010.5,1976,775.9,77,0.5576,0.2173,0.1595,99.6232,,,,,,,,,
ANR,Archer Place,6/2/2024 0:00,1934,1010.2,1954,761.2,79.7,0.5578,0.2407,0.1703,99.589,,,,,,,,,
ANR,Archer Place,6/3/2024 0:00,1882,1010.2,1902,750.7,81.3,0.5577,0.2231,0.1829,99.594,,,,,,,,,
ANR,Archer Place,6/4/2024 0:00,1856,1010.6,1875,732.5,77.2,0.5574,0.1968,0.1698,99.6334,,,,,,,,,
ANR,Archer Place,6/5/2024 0:00,1894,1010.2,1913,751.9,80.8,0.5575,0.1867,0.2225,99.5908,,,,,,,,,
ANR,Archer Place,6/6/2024 0:00,1879,1010,1898,813.4,80,0.5576,0.1785,0.2459,99.5756,,,,,,,,,
ANR,Archer Place,6/7/2024 0:00,1772,1010.7,1791,815.4,82.2,0.5571,0.1532,0.2029,99.6439,,,,,,,,,
ANR,Archer Place,6/8/2024 0:00,1902,1010.3,1921,783.5,78,0.5574,0.1742,0.2233,99.6025,,,,,,,,,
ANR,Archer Place,6/9/2024 0:00,1855,1010.8,1875,781.7,79.4,0.5569,0.1233,0.2278,99.6489,,,,,,,,,
ANR,Archer Place,6/10/2024 0:00,1760,1010.8,1779,895.2,76.3,0.557,0.137,0.2095,99.6535,,,,,,,,,
ANR,Archer Place,6/11/2024 0:00,1678,1011,1697,896,82.8,0.557,0.1483,0.1786,99.6731,,,,,,,,,
ANR,Archer Place,6/12/2024 0:00,1509,1011.1,1525,862.4,86.5,0.5571,0.1647,0.1595,99.6758,,,,,,,,,
ANR,Archer Place,6/13/2024 0:00,1835,1010.9,1855,843.4,87.7,0.5571,0.1637,0.175,99.6613,,,,,,,,,
ANR,Archer Place,6/14/2024 0:00,1951,1010.4,1972,821.3,85.5,0.5576,0.2035,0.1898,99.6067,,,,,,,,,
ANR,Archer Place,6/15/2024 0:00,1564,1010,1580,817.9,79.1,0.5578,0.2156,0.2129,99.5715,,,,,,,,,
ANR,Archer Place,6/16/2024 0:00,1903,1010.1,1923,799.6,85.7,0.5577,0.2097,0.2082,99.5821,,,,,,,,,
ANR,Archer Place,6/17/2024 0:00,1824,1010,1842,783.4,88.1,0.5576,0.181,0.2462,99.5728,,,,,,,,,
ANR,Archer Place,6/18/2024 0:00,1626,1008.6,1640,792,85.2,0.5582,0.1918,0.3759,99.4323,,,,,,,,,
ANR,Archer Place,6/19/2024 0:00,1588,1009.8,1604,804.4,75.5,0.5575,0.1582,0.2945,99.5473,,,,,,,,,
ANR,Archer Place,6/20/2024 0:00,1712,1009.1,1727,785.1,84.5,0.558,0.1857,0.3357,99.4786,,,,,,,,,
ANR,Archer Place,6/21/2024 0:00,1361,1010.3,1375,787,86.1,0.5576,0.1989,0.2018,99.5993,,,,,,,,,
ANR,Archer Place,6/22/2024 0:00,329,1010.5,332,787.9,93.7,0.5575,0.2072,0.1721,99.6207,,,,,,,,,
ANR,Archer Place,6/23/2024 0:00,0,0,0,0,0,0,0,0,0,,,,,,,,,
ANR,Archer Place,6/24/2024 0:00,547,1010.3,553,836,90.9,0.5578,0.2356,0.1641,99.6003,,,,,,,,,
ANR,Archer Place,6/25/2024 0:00,1208,1009.7,1220,839.8,81.3,0.5578,0.1955,0.2592,99.5453,,,,,,,,,
ANR,Archer Place,6/26/2024 0:00,1897,1009.4,1914,823.2,84.7,0.5579,0.2063,0.2799,99.5138,,,,,,,,,
ANR,Archer Place,6/27/2024 0:00,1910,1009.2,1928,797.3,80.1,0.5582,0.2426,0.2631,99.4943,,,,,,,,,
ANR,Archer Place,6/28/2024 0:00,1719,1008.6,1734,752.8,79.9,0.5585,0.2392,0.3245,99.4363,,,,,,,,,
ANR,Archer Place,6/29/2024 0:00,1457,1009.2,1470,755.9,79.5,0.5582,0.2439,0.2628,99.4933,,,,,,,,,
ANR,Archer Place,6/30/2024 0:00,1342,1010.5,1356,773,73.1,0.5576,0.2153,0.1652,99.6195,,,,,,,,,
ANR,Archer Place,7/1/2024 0:00,1849,1008.2,1864,781.8,73.9,0.5584,0.1976,0.4074,99.395,,,,,,,,,
ANR,Archer Place,7/2/2024 0:00,1461,1008.6,1474,770.8,80.2,0.5584,0.23,0.337,99.433,,,,,,,,,
ANR,Archer Place,7/3/2024 0:00,1397,1008.6,1409,744.8,78.9,0.5586,0.2586,0.3066,99.4348,,,,,,,,,
ANR,Archer Place,7/4/2024 0:00,1249,1009.3,1260,741.8,76.7,0.558,0.2047,0.2983,99.497,,,,,,,,,
ANR,Archer Place,7/5/2024 0:00,1275,1009.9,1287,749.7,77,0.5579,0.227,0.2128,99.5602,,,,,,,,,
ANR,Archer Place,7/6/2024 0:00,1259,1009.6,1271,748.9,79.6,0.5582,0.2624,0.205,99.5326,,,,,,,,,
ANR,Archer Place,7/7/2024 0:00,1278,1010.1,1291,772.3,76.1,0.5577,0.2084,0.2087,99.5829,,,,,,,,,
ANR,Archer Place,7/8/2024 0:00,1352,1009.8,1365,765.4,81.4,0.558,0.2397,0.2069,99.5534,,,,,,,,,
ANR,Archer Place,7/9/2024 0:00,1272,1010.1,1284,735.8,77.9,0.5576,0.1847,0.2396,99.5757,,,,,,,,,
ANR,Archer Place,7/10/2024 0:00,1208,1009.6,1220,764.1,74.5,0.5578,0.1831,0.2876,99.5293,,,,,,,,,
ANR,Archer Place,7/11/2024 0:00,1452,1008.3,1464,773.9,80.4,0.5584,0.2069,0.3911,99.402,,,,,,,,,
ANR,Archer Place,7/12/2024 0:00,1568,1008.4,1582,767.3,83.1,0.5583,0.1912,0.3984,99.4104,,,,,,,,,
ANR,Archer Place,7/13/2024 0:00,1603,1008.6,1617,760.3,88.2,0.5584,0.2349,0.3308,99.4343,,,,,,,,,
ANR,Archer Place,7/14/2024 0:00,604,1009.6,610,781.7,97.6,0.5575,0.1447,0.3215,99.5338,,,,,,,,,
ANR,Archer Place,7/15/2024 0:00,325,1005.7,326,769.7,91.3,0.5592,0.1619,0.6879,99.1502,,,,,,,,,
ANR,Archer Place,7/16/2024 0:00,1540,1008.7,1554,781.5,78.8,0.5582,0.1914,0.3688,99.4398,,,,,,,,,
ANR,Archer Place,7/17/2024 0:00,1528,1008.3,1540,796.3,78.5,0.5587,0.2459,0.3544,99.3997,,,,,,,,,
ANR,Archer Place,7/18/2024 0:00,1548,1006.3,1558,766.4,75.5,0.5595,0.2446,0.5519,99.2035,,,,,,,,,
ANR,Archer Place,7/19/2024 0:00,1307,1008.1,1318,757.7,75.9,0.5586,0.2137,0.4068,99.3795,,,,,,,,,
ANR,Archer Place,7/20/2024 0:00,506,1009.7,510,755,77.7,0.5578,0.1881,0.2765,99.5354,,,,,,,,,
ANR,Archer Place,7/21/2024 0:00,0,0,0,0,0,0,0,0,0,,,,,,,,,
ANR,Archer Place,7/22/2024 0:00,1120,1008.4,1129,738.3,81.8,0.5582,0.1781,0.4059,99.416,,,,,,,,,
ANR,Archer Place,7/23/2024 0:00,1339,1009.6,1352,719,86.4,0.5579,0.1947,0.2787,99.5266,,,,,,,,,
ANR,Archer Place,7/24/2024 0:00,1049,1007.8,1057,746.8,87.5,0.5588,0.2437,0.4051,99.3512,,,,,,,,,
ANR,Archer Place,7/25/2024 0:00,1437,1008.4,1449,751.2,83.5,0.5584,0.2115,0.3808,99.4077,,,,,,,,,
ANR,Archer Place,7/26/2024 0:00,1557,1007.5,1569,762.4,84.4,0.5588,0.2296,0.4419,99.3285,,,,,,,,,
ANR,Archer Place,7/27/2024 0:00,1418,1006.7,1428,775.8,80.7,0.5595,0.2826,0.4704,99.247,,,,,,,,,
ANR,Archer Place,7/28/2024 0:00,1216,1009.5,1227,777.7,84.5,0.5581,0.2364,0.2471,99.5165,,,,,,,,,
ANR,Archer Place,7/29/2024 0:00,1444,1007.5,1455,785.5,89.9,0.5588,0.209,0.4679,99.3231,,,,,,,,,
ANR,Archer Place,7/30/2024 0:00,1544,1009,1558,777.9,85,0.5579,0.1685,0.3592,99.4723,,,,,,,,,
ANR,Archer Place,7/31/2024 0:00,1433,1008.9,1445,765,84.4,0.5582,0.2102,0.3341,99.4557,,,,,,,,,
ANR,Archer Place,8/1/2024 0:00,1535,1008,1547,778.3,86.4,0.5588,0.2446,0.3834,99.372,,,,,,,,,
ANR,Archer Place,8/2/2024 0:00,1010,1007.5,1017,674.8,90.4,0.5593,0.311,0.3639,99.3251,,,,,,,,,
ANR,Archer Place,8/3/2024 0:00,0,0,0,0,0,0,0,0,0,,,,,,,,,
ANR,Archer Place,8/4/2024 0:00,0,0,0,0,0,0,0,0,0,,,,,,,,,
ANR,Archer Place,8/5/2024 0:00,1155,1010.4,1167,789.4,87.6,0.5569,0.0872,0.301,99.6118,,,,,,,,,
ANR,Archer Place,8/6/2024 0:00,1307,1008.4,1318,796,72.4,0.5587,0.2688,0.3174,99.4138,,,,,,,,,
ANR,Archer Place,8/7/2024 0:00,1493,1008.1,1505,800,79.3,0.559,0.2946,0.3295,99.3759,,,,,,,,,
ANR,Archer Place,8/8/2024 0:00,1406,1007.9,1417,791.4,72.7,0.559,0.2855,0.3524,99.3621,,,,,,,,,
ANR,Archer Place,8/9/2024 0:00,465,1004.2,468,795.5,75,0.5608,0.3454,0.6523,99.0023,,,,,,,,,
ANR,Archer Place,8/10/2024 0:00,0,0,0,0,0,0,0,0,0,,,,,,,,,
ANR,Archer Place,8/11/2024 0:00,0,0,0,0,0,0,0,0,0,,,,,,,,,
ANR,Archer Place,8/12/2024 0:00,1493,1007.4,1504,806.6,73.7,0.5593,0.288,0.4032,99.3088,,,,,,,,,
ANR,Archer Place,8/13/2024 0:00,450,1004.3,453,784.5,74.1,0.5608,0.3517,0.6379,99.0104,,,,,,,,,
ANR,Archer Place,8/14/2024 0:00,1387,1006.8,1397,727.1,76.2,0.5595,0.2904,0.4567,99.2529,,,,,,,,,
ANR,Archer Place,8/15/2024 0:00,1489,1007.3,1500,684.6,83,0.5594,0.2981,0.4014,99.3005,,,,,,,,,
ANR,Archer Place,8/16/2024 0:00,1293,1008.2,1304,716.4,83.9,0.5588,0.2505,0.3616,99.3879,,,,,,,,,
ANR,Archer Place,8/17/2024 0:00,556,1009.2,562,648.6,87.6,0.558,0.1938,0.324,99.4822,,,,,,,,,
ANR,Archer Place,8/18/2024 0:00,19,1008.8,19,649.8,73.1,0.5584,0.2298,0.3172,99.453,,,,,,,,,
ANR,Archer Place,8/19/2024 0:00,1197,1008.9,1208,648.6,74.6,0.5583,0.2128,0.3271,99.4601,,,,,,,,,
ANR,Archer Place,8/20/2024 0:00,1740,1006.8,1752,682.6,74.9,0.5594,0.2724,0.4768,99.2508,,,,,,,,,
ANR,Archer Place,8/21/2024 0:00,1733,1006.9,1745,696.3,70.6,0.5594,0.2816,0.4487,99.2697,,,,,,,,,
ANR,Archer Place,8/22/2024 0:00,1729,1006.8,1741,692.3,70.3,0.5595,0.2926,0.4533,99.2541,,,,,,,,,
ANR,Archer Place,8/23/2024 0:00,765,1008.2,771,658,80.4,0.5587,0.2439,0.3643,99.3918,,,,,,,,,
ANR,Archer Place,8/24/2024 0:00,0,0,0,0,0,0,0,0,0,,,,,,,,,
ANR,Archer Place,8/25/2024 0:00,0,0,0,0,0,0,0,0,0,,,,,,,,,
ANR,Archer Place,8/26/2024 0:00,120,1009.4,121,631.6,92.9,0.5579,0.1793,0.3182,99.5025,,,,,,,,,
ANR,Archer Place,8/27/2024 0:00,34,1008.4,34,637.3,102.1,0.5586,0.2411,0.3448,99.4141,,,,,,,,,
ANR,Archer Place,8/28/2024 0:00,912,1008.1,920,737.7,83.6,0.5588,0.2422,0.3836,99.3742,,,,,,,,,
ANR,Archer Place,8/29/2024 0:00,1700,1006.3,1710,784,86.3,0.5597,0.2873,0.5118,99.2009,,,,,,,,,
ANR,Archer Place,8/30/2024 0:00,1786,1006.8,1798,774.7,76.6,0.5596,0.3079,0.4374,99.2547,,,,,,,,,
ANR,Archer Place,8/31/2024 0:00,1435,1007.7,1446,758.2,79.2,0.5591,0.2804,0.3841,99.3355,,,,,,,,,
ANR,Archer Place,9/1/2024 0:00,1052,1007.9,1060,755.9,72.8,0.5586,0.2029,0.4424,99.3547,,,,,,,,,
ANR,Archer Place,9/2/2024 0:00,0,0,0,0,0,0,0,0,0,,,,,,,,,
ANR,Archer Place,9/3/2024 0:00,0,0,0,0,0,0,0,0,0,,,,,,,,,
ANR,Archer Place,9/4/2024 0:00,917,1010.2,926,784.4,75.7,0.5575,0.1234,0.3206,99.556,,,,,,,,,
ANR,Archer Place,9/5/2024 0:00,1668,1007.4,1681,792.6,79.6,0.5592,0.2798,0.4054,99.3148,,,,,,,,,
ANR,Archer Place,9/6/2024 0:00,1560,1007.4,1571,742.4,68.5,0.5592,0.2733,0.4161,99.3106,,,,,,,,,
ANR,Archer Place,9/7/2024 0:00,792,1007.4,798,737.2,76.2,0.559,0.2383,0.4494,99.3123,,,,,,,,,
ANR,Archer Place,9/8/2024 0:00,0,0,0,0,0,0,0,0,0,,,,,,,,,
ANR,Archer Place,9/9/2024 0:00,0,0,0,0,0,0,0,0,0,,,,,,,,,
ANR,Archer Place,9/10/2024 0:00,1107,1008.7,1117,761,76.1,0.5586,0.1836,0.4164,99.4,,,,,,,,,
ANR,Archer Place,9/11/2024 0:00,1227,1008.7,1238,748.7,80.1,0.5582,0.1919,0.3718,99.4363,,,,,,,,,
ANR,Archer Place,9/12/2024 0:00,1187,1008.3,1197,759.6,76.8,0.5585,0.2062,0.3981,99.3957,,,,,,,,,
ANR,Archer Place,9/13/2024 0:00,298,1008.4,300,760.4,78.2,0.5585,0.2138,0.3778,99.4084,,,,,,,,,
ANR,Archer Place,9/14/2024 0:00,0,0,0,0,0,0,0,0,0,,,,,,,,,
ANR,Archer Place,9/15/2024 0:00,0,0,0,0,0,0,0,0,0,,,,,,,,,
ANR,Archer Place,9/16/2024 0:00,1823,1007.1,1835,774.4,79.9,0.5598,0.2716,0.4904,99.238,,,,,,,,,
ANR,Archer Place,9/17/2024 0:00,1854,1006.2,1865,767.2,81.1,0.5599,0.3194,0.4852,99.1954,,,,,,,,,
ANR,Archer Place,9/18/2024 0:00,1768,1006.4,1780,747.9,80.8,0.5598,0.3203,0.4659,99.2138,,,,,,,,,
ANR,Archer Place,9/19/2024 0:00,1772,1006,1782,722.5,82,0.5603,0.3732,0.4565,99.1703,,,,,,,,,
ANR,Archer Place,9/20/2024 0:00,699,1002.8,702,763,80.3,0.5618,0.4124,0.7262,98.8614,,,,,,,,,
ANR,Archer Place,9/21/2024 0:00,0,0,0,0,0,0,0,0,0,,,,,,,,,
ANR,Archer Place,9/22/2024 0:00,0,0,0,0,0,0,0,0,0,,,,,,,,,
ANR,Archer Place,9/23/2024 0:00,1295,1007,1304,755.4,67.7,0.5596,0.2301,0.5433,99.2266,,,,,,,,,
ANR,Archer Place,9/24/2024 0:00,1393,1007.6,1404,694.3,66,0.5589,0.2273,0.4422,99.3305,,,,,,,,,
ANR,Archer Place,9/25/2024 0:00,1498,1005.8,1507,691.9,72,0.5602,0.344,0.5065,99.1495,,,,,,,,,
ANR,Archer Place,9/26/2024 0:00,790,1006.1,795,725.5,79.9,0.5595,0.2431,0.572,99.1849,,,,,,,,,
ANR,Archer Place,9/27/2024 0:00,0,0,0,0,0,0,0,0,0,,,,,,,,,
ANR,Archer Place,9/28/2024 0:00,0,0,0,0,0,0,0,0,0,,,,,,,,,
ANR,Archer Place,9/29/2024 0:00,0,0,0,0,0,0,0,0,0,,,,,,,,,
ANR,Archer Place,9/30/2024 0:00,1505,1006.6,1514,646.5,76.6,0.5596,0.2456,0.5501,99.2043,,,,,,,,,
ANR,Archer Place,10/1/2024 0:00,1628,1006.5,1638,656.9,63.1,0.5595,0.2579,0.5182,99.2239,,,,,,,,,
ANR,Archer Place,10/2/2024 0:00,1689,1006.9,1700,669.3,66.7,0.5594,0.274,0.4634,99.2626,,,,,,,,,
ANR,Archer Place,10/3/2024 0:00,844,1001.1,846,664.3,72.9,0.5635,0.5979,0.7129,98.6892,,,,,,,,,
ANR,Archer Place,10/4/2024 0:00,120,1000.1,120,712.2,71.4,0.5649,0.7806,0.624,98.5954,,,,,,,,,
ANR,Archer Place,10/5/2024 0:00,0,0,0,0,0,0,0,0,0,,,,,,,,,
ANR,Archer Place,10/6/2024 0:00,0,0,0,0,0,0,0,0,0,,,,,,,,,
ANR,Archer Place,10/7/2024 0:00,1313,1008.2,1324,841.2,62.2,0.5587,0.2533,0.356,99.3907,,,,,,,,,
ANR,Archer Place,10/8/2024 0:00,1391,1007.3,1401,835.8,67.8,0.5591,0.2535,0.4486,99.2979,,,,,,,,,
ANR,Archer Place,10/9/2024 0:00,1414,1006.6,1424,839.5,70.9,0.5596,0.2955,0.4744,99.2301,,,,,,,,,
ANR,Archer Place,10/10/2024 0:00,1414,1007.5,1425,822.3,71.6,0.5589,0.2296,0.4533,99.3171,,,,,,,,,
ANR,Archer Place,10/11/2024 0:00,288,1005.2,289,824.3,82.2,0.5603,0.3163,0.5872,99.0965,,,,,,,,,
ANR,Archer Place,10/12/2024 0:00,0,0,0,0,0,0,0,0,0,,,,,,,,,
ANR,Archer Place,10/13/2024 0:00,0,0,0,0,0,0,0,0,0,,,,,,,,,
ANR,Archer Place,10/14/2024 0:00,780,1003.3,782,838.1,55,0.5612,0.3334,0.7629,98.9037,,,,,,,,,
ANR,Archer Place,10/15/2024 0:00,910,1004.5,915,829.8,49.8,0.5614,0.4604,0.5115,99.0281,,,,,,,,,
ANR,Archer Place,10/16/2024 0:00,884,1003.8,887,829.3,54.2,0.5616,0.4442,0.5982,98.9576,,,,,,,,,
ANR,Archer Place,10/17/2024 0:00,872,1003.6,876,845.5,59.5,0.5614,0.3936,0.6651,98.9413,,,,,,,,,
ANR,Archer Place,10/18/2024 0:00,390,1005.9,392,856.7,66.7,0.5595,0.2118,0.6258,99.1624,,,,,,,,,
ANR,Archer Place,10/19/2024 0:00,0,0,0,0,0,0,0,0,0,,,,,,,,,
ANR,Archer Place,10/20/2024 0:00,0,0,0,0,0,0,0,0,0,,,,,,,,,
ANR,Archer Place,10/21/2024 0:00,803,1006.9,809,846.8,71,0.5594,0.2816,0.4487,99.2697,,,,,,,,,
ANR,Archer Place,10/22/2024 0:00,905,1006.8,911,746.9,70.1,0.5595,0.2926,0.4533,99.2541,,,,,,,,,
ANR,Archer Place,10/23/2024 0:00,673,1007,678,818.4,54.1,0.5596,0.2301,0.5433,99.2266,,,,,,,,,
ANR,Archer Place,10/24/2024 0:00,815,1007.6,821,810.6,62.7,0.5589,0.2273,0.4422,99.3305,,,,,,,,,
ANR,Archer Place,10/25/2024 0:00,866,1005.8,871,844.7,55.4,0.5602,0.344,0.5065,99.1495,,,,,,,,,
ANR,Archer Place,10/26/2024 0:00,302,1006.1,304,844.2,61.3,0.5595,0.2431,0.572,99.1849,,,,,,,,,
ANR,Archer Place,10/27/2024 0:00,0,0,0,0,0,0,0,0,0,,,,,,,,,
ANR,Archer Place,10/28/2024 0:00,735,1003.3,738,794.7,75.6,0.5617,0.4254,0.6679,98.9067,,,,,,,,,
ANR,Archer Place,10/29/2024 0:00,0,0,0,0,0,0,0,0,0,,,,,,,,,
ANR,Archer Place,10/30/2024 0:00,282,1001.9,283,821.4,74.2,0.5618,0.3477,0.8862,98.7661,,,,,,,,,
ANR,Archer Place,10/31/2024 0:00,953,1002.4,955,817.9,49.1,0.5617,0.3601,0.8193,98.8206,,,,,,,,,
ANR,Archer Place,11/1/2024 0:00,908,1003.3,911,740,52.5,0.5613,0.3519,0.7428,98.9053,,,,,,,,,
ANR,Archer Place,11/2/2024 0:00,368,1003.1,369,775,59.7,0.561,0.2909,0.8213,98.8878,,,,,,,,,
ANR,Archer Place,11/3/2024 0:00,28,1002.6,29,834.9,61.3,0.5616,0.357,0.8005,98.8425,,,,,,,,,
ANR,Archer Place,11/4/2024 0:00,846,1002.6,848,771.5,62.8,0.5613,0.3036,0.8571,98.8393,,,,,,,,,
ANR,Archer Place,11/5/2024 0:00,917,1003.7,920,689.6,55.8,0.561,0.3339,0.7199,98.9462,,,,,,,,,
ANR,Archer Place,11/6/2024 0:00,980,1003.9,984,646.5,51.1,0.5614,0.4193,0.6175,98.9632,,,,,,,,,
ANR,Archer Place,11/7/2024 0:00,970,1003.7,974,654.3,50.8,0.5614,0.4041,0.6519,98.944,,,,,,,,,
ANR,Archer Place,11/8/2024 0:00,330,1003.8,331,698.5,57.8,0.5605,0.2419,0.7983,98.9598,,,,,,,,,
ANR,Archer Place,11/9/2024 0:00,0,0,0,0,0,0,0,0,0,,,,,,,,,
ANR,Archer Place,11/10/2024 0:00,0,0,0,0,0,0,0,0,0,,,,,,,,,
ANR,Archer Place,11/11/2024 0:00,903,1003.4,905,750.1,48.6,0.5615,0.3248,0.7967,98.8785,,,,,,,,,
ANR,Archer Place,11/12/2024 0:00,954,1002.5,956,764.1,50.4,0.5615,0.3324,0.8365,98.8311,,,,,,,,,
ANR,Archer Place,11/13/2024 0:00,907,1002.8,909,781.9,50.1,0.5614,0.3283,0.8173,98.8544,,,,,,,,,
ANR,Archer Place,11/14/2024 0:00,954,1002.1,956,804.7,48.8,0.5615,0.3036,0.9001,98.7963,,,,,,,,,
ANR,Archer Place,11/15/2024 0:00,689,1004.8,692,800.9,53.4,0.5599,0.2138,0.7332,99.053,,,,,,,,,
ANR,Archer Place,11/16/2024 0:00,214,1006,215,800.7,56,0.5589,0.1312,0.6915,99.1773,,,,,,,,,
ANR,Archer Place,11/17/2024 0:00,0,0,0,0,0,0,0,0,0,,,,,,,,,
ANR,Archer Place,11/18/2024 0:00,610,1004.6,612,856.1,59.4,0.5604,0.2491,0.7325,99.0184,,,,,,,,,
ANR,Archer Place,11/19/2024 0:00,821,1002,822,869.7,54.8,0.5612,0.2462,0.9749,98.7789,,,,,,,,,
ANR,Archer Place,11/20/2024 0:00,866,1002.1,868,873.7,43.5,0.5609,0.1979,1.0058,98.7963,,,,,,,,,
ANR,Archer Place,11/21/2024 0:00,629,999.3,628,834.1,39.1,0.5619,0.175,1.3053,98.5197,,,,,,,,,
ANR,Archer Place,11/22/2024 0:00,0,0,0,0,0,0,0,0,0,,,,,,,,,
ANR,Archer Place,11/23/2024 0:00,0,0,0,0,0,0,0,0,0,,,,,,,,,
ANR,Archer Place,11/24/2024 0:00,0,0,0,0,0,0,0,0,0,,,,,,,,,
ANR,Archer Place,11/25/2024 0:00,0,0,0,0,0,0,0,0,0,,,,,,,,,
ANR,Archer Place,11/26/2024 0:00,0,0,0,0,0,0,0,0,0,,,,,,,,,
ANR,Archer Place,11/27/2024 0:00,0,0,0,0,0,0,0,0,0,,,,,,,,,
ANR,Archer Place,11/28/2024 0:00,0,0,0,0,0,0,0,0,0,,,,,,,,,
ANR,Archer Place,11/29/2024 0:00,0,0,0,0,0,0,0,0,0,,,,,,,,,
ANR,Archer Place,11/30/2024 0:00,0,0,0,0,0,0,0,0,0,,,,,,,,,
ANR,Archer Place,12/1/2024 0:00,0,0,0,0,0,0,0,0,0,,,,,,,,,
ANR,Archer Place,12/2/2024 0:00,0,0,0,0,0,0,0,0,0,,,,,,,,,
ANR,Archer Place,12/3/2024 0:00,761,763,806.8,33.5,1002.4,0.5616,0.2679,0.954,98.7781,,,,,,,,,
ANR,Archer Place,12/4/2024 0:00,861,862,826.2,32.4,1001.4,0.5612,0.1979,1.0767,98.7254,,,,,,,,,
ANR,Archer Place,12/5/2024 0:00,780,781,821.6,24.2,1000.8,0.5612,0.1634,1.1693,98.6673,,,,,,,,,
ANR,Archer Place,12/6/2024 0:00,980,980,800.5,37.8,999.5,0.5622,0.2523,1.2089,98.5388,,,,,,,,,
ANR,Archer Place,12/7/2024 0:00,144,144,793.3,49.3,995.6,0.5644,0.3552,1.4957,98.1491,,,,,,,,,
ANR,Archer Place,12/8/2024 0:00,0,0,0,0,0,0,0,0,0,,,,,,,,,
ANR,Archer Place,12/9/2024 0:00,506,508,854.1,41.5,1004.2,0.5607,0.1999,0.8639,98.9362,,,,,,,,,
ANR,Archer Place,12/10/2024 0:00,626,629,876.7,35.4,1004.4,0.5599,0.1962,0.7837,99.0201,,,,,,,,,
ANR,Archer Place,12/11/2024 0:00,153,153,878,31.4,1004,0.5601,0.1908,0.8325,98.9767,,,,,,,,,
ANR,Archer Place,12/12/2024 0:00,0,0,0,0,0,0,0,0,0,,,,,,,,,
ANR,Archer Place,12/13/2024 0:00,0,0,0,0,0,0,0,0,0,,,,,,,,,
ANR,Archer Place,12/14/2024 0:00,0,0,0,0,0,0,0,0,0,,,,,,,,,
ANR,Archer Place,12/15/2024 0:00,0,0,0,0,0,0,0,0,0,,,,,,,,,
ANR,Archer Place,12/16/2024 0:00,0,0,0,0,0,0,0,0,0,,,,,,,,,
ANR,Archer Place,12/17/2024 0:00,579,580,849.6,39.1,1001.7,0.5619,0.2666,1.0192,98.7142,,,,,,,,,
ANR,Archer Place,12/18/2024 0:00,649,650,860.2,31.6,1001.6,0.5611,0.1997,1.0572,98.7431,,,,,,,,,
ANR,Archer Place,12/19/2024 0:00,40,40,866.4,37.5,1001.9,0.5605,0.1143,1.1112,98.7745,,,,,,,,,
ANR,Archer Place,12/20/2024 0:00,0,0,0,0,0,0,0,0,0,,,,,,,,,
ANR,Archer Place,12/21/2024 0:00,0,0,0,0,0,0,0,0,0,,,,,,,,,
ANR,Archer Place,12/22/2024 0:00,0,0,0,0,0,0,0,0,0,,,,,,,,,
ANR,Archer Place,12/23/2024 0:00,0,0,0,0,0,0,0,0,0,,,,,,,,,
ANR,Archer Place,12/24/2024 0:00,0,0,0,0,0,0,0,0,0,,,,,,,,,
ANR,Archer Place,12/25/2024 0:00,0,0,0,0,0,0,0,0,0,,,,,,,,,
ANR,Archer Place,12/26/2024 0:00,0,0,0,0,0,0,0,0,0,,,,,,,,,
ANR,Archer Place,12/27/2024 0:00,0,0,0,0,0,0,0,0,0,,,,,,,,,
ANR,Archer Place,12/28/2024 0:00,0,0,0,0,0,0,0,0,0,,,,,,,,,
ANR,Archer Place,12/29/2024 0:00,0,0,0,0,0,0,0,0,0,,,,,,,,,
ANR,Archer Place,12/30/2024 0:00,517,517,751.5,37.7,999.8,0.5624,0.2326,1.2355,98.5319,,,,,,,,,
ANR,Archer Place,12/31/2024 0:00,638,635,776.5,34,995.6,0.5637,0.2349,1.5811,98.184,,,,,,,,,
ANR,Archer Place,1/1/2025 0:00,0,0,0,0,0,0,0,0,0,,,,,,,,,
ANR,Archer Place,1/2/2025 0:00,0,0,0,0,0,0,0,0,0,,,,,,,,,
ANR,Archer Place,1/3/2025 0:00,0,0,0,0,0,0,0,0,0,,,,,,,,,
ANR,Archer Place,1/4/2025 0:00,0,0,0,0,0,0,0,0,0,,,,,,,,,
ANR,Archer Place,1/5/2025 0:00,0,0,0,0,0,0,0,0,0,,,,,,,,,
ANR,Archer Place,1/6/2025 0:00,0,0,0,0,0,0,0,0,0,,,,,,,,,
ANR,Archer Place,1/7/2025 0:00,0,0,0,0,0,0,0,0,0,,,,,,,,,
ANR,Archer Place,1/8/2025 0:00,0,0,0,0,0,0,0,0,0,,,,,,,,,
ANR,Archer Place,1/9/2025 0:00,0,0,0,0,0,0,0,0,0,,,,,,,,,
ANR,Archer Place,1/10/2025 0:00,0,0,0,0,0,0,0,0,0,,,,,,,,,
ANR,Archer Place,1/11/2025 0:00,0,0,0,0,0,0,0,0,0,,,,,,,,,
ANR,Archer Place,1/12/2025 0:00,0,0,0,0,0,0,0,0,0,,,,,,,,,
ANR,Archer Place,1/13/2025 0:00,0,0,0,0,0,0,0,0,0,,,,,,,,,
ANR,Archer Place,1/14/2025 0:00,0,0,0,0,0,0,0,0,0,,,,,,,,,
ANR,Archer Place,1/15/2025 0:00,0,0,0,0,0,0,0,0,0,,,,,,,,,
ANR,Archer Place,1/16/2025 0:00,0,0,0,0,0,0,0,0,0,,,,,,,,,
ANR,Archer Place,1/17/2025 0:00,0,0,0,0,0,0,0,0,0,,,,,,,,,
ANR,Archer Place,1/18/2025 0:00,0,0,0,0,0,0,0,0,0,,,,,,,,,
ANR,Archer Place,1/19/2025 0:00,0,0,0,0,0,0,0,0,0,,,,,,,,,
ANR,Archer Place,1/20/2025 0:00,0,0,0,0,0,0,0,0,0,,,,,,,,,
ANR,Archer Place,1/21/2025 0:00,0,0,0,0,0,0,0,0,0,,,,,,,,,
ANR,Archer Place,1/22/2025 0:00,0,0,0,0,0,0,0,0,0,,,,,,,,,
ANR,Archer Place,1/23/2025 0:00,0,0,0,0,0,0,0,0,0,,,,,,,,,
ANR,Archer Place,1/24/2025 0:00,0,0,0,0,0,0,0,0,0,,,,,,,,,
ANR,Archer Place,1/25/2025 0:00,0,0,0,0,0,0,0,0,0,,,,,,,,,
ANR,Archer Place,1/26/2025 0:00,0,0,0,0,0,0,0,0,0,,,,,,,,,
ANR,Archer Place,1/27/2025 0:00,0,0,0,0,0,0,0,0,0,,,,,,,,,
ANR,Archer Place,1/28/2025 0:00,0,0,0,0,0,0,0,0,0,,,,,,,,,
ANR,Archer Place,1/29/2025 0:00,0,0,0,0,0,0,0,0,0,,,,,,,,,
ANR,Archer Place,1/30/2025 0:00,0,0,0,0,0,0,0,0,0,,,,,,,,,
ANR,Archer Place,1/31/2025 0:00,0,0,0,0,0,0,0,0,0,,,,,,,,,
ANR,Archer Place,2/1/2025 0:00,0,0,0,0,0,0,0,0,0,,,,,,,,,
ANR,Archer Place,2/2/2025 0:00,0,0,0,0,0,0,0,0,0,,,,,,,,,
ANR,Archer Place,2/3/2025 0:00,0,0,0,0,0,0,0,0,0,,,,,,,,,
ANR,Archer Place,2/4/2025 0:00,0,0,0,0,0,0,0,0,0,,,,,,,,,
ANR,Archer Place,2/5/2025 0:00,0,0,0,0,0,0,0,0,0,,,,,,,,,
ANR,Archer Place,2/6/2025 0:00,0,0,0,0,0,0,0,0,0,,,,,,,,,
ANR,Archer Place,2/7/2025 0:00,0,0,0,0,0,0,0,0,0,,,,,,,,,
ANR,Archer Place,2/8/2025 0:00,0,0,0,0,0,0,0,0,0,,,,,,,,,
ANR,Archer Place,2/9/2025 0:00,0,0,0,0,0,0,0,0,0,,,,,,,,,
ANR,Archer Place,2/10/2025 0:00,0,0,0,0,0,0,0,0,0,,,,,,,,,
ANR,Archer Place,2/11/2025 0:00,0,0,0,0,0,0,0,0,0,,,,,,,,,
ANR,Archer Place,2/12/2025 0:00,0,0,0,0,0,0,0,0,0,,,,,,,,,
ANR,Archer Place,2/13/2025 0:00,0,0,0,0,0,0,0,0,0,,,,,,,,,
ANR,Archer Place,2/14/2025 0:00,0,0,0,0,0,0,0,0,0,,,,,,,,,
ANR,Archer Place,2/15/2025 0:00,0,0,0,0,0,0,0,0,0,,,,,,,,,
ANR,Archer Place,2/16/2025 0:00,0,0,0,0,0,0,0,0,0,,,,,,,,,
ANR,Archer Place,2/17/2025 0:00,0,0,0,0,0,0,0,0,0,,,,,,,,,
ANR,Archer Place,2/18/2025 0:00,0,0,0,0,0,0,0,0,0,,,,,,,,,
ANR,Archer Place,2/19/2025 0:00,0,0,0,0,0,0,0,0,0,,,,,,,,,
ANR,Archer Place,2/20/2025 0:00,0,0,0,0,0,0,0,0,0,,,,,,,,,
ANR,Archer Place,2/21/2025 0:00,0,0,0,0,0,0,0,0,0,,,,,,,,,
ANR,Archer Place,2/22/2025 0:00,0,0,0,0,0,0,0,0,0,,,,,,,,,
ANR,Archer Place,2/23/2025 0:00,0,0,0,0,0,0,0,0,0,,,,,,,,,
ANR,Archer Place,2/24/2025 0:00,0,0,0,0,0,0,0,0,0,,,,,,,,,
ANR,Archer Place,2/25/2025 0:00,0,0,0,0,0,0,0,0,0,,,,,,,,,
ANR,Archer Place,2/26/2025 0:00,0,0,0,0,0,0,0,0,0,,,,,,,,,
ANR,Archer Place,2/27/2025 0:00,0,0,0,0,0,0,0,0,0,,,,,,,,,
ANR,Archer Place,2/28/2025 0:00,0,0,0,0,0,0,0,0,0,,,,,,,,,
ANR,Archer Place,3/1/2025 0:00,0,0,0,0,0,0,0,0,0,,,,,,,,,
ANR,Archer Place,3/2/2025 0:00,0,0,0,0,0,0,0,0,0,,,,,,,,,
ANR,Archer Place,3/3/2025 0:00,550,993.3,546,761.6,59.3,0.5655,0.2499,1.8904,97.8597,,,,,,,,,
ANR,Archer Place,3/4/2025 0:00,537,991.9,532,749.4,46.2,0.5652,0.2225,1.9922,97.7853,,,,,,,,,
ANR,Archer Place,3/5/2025 0:00,381,990.4,378,765.3,30.6,0.5657,0.1974,2.165,97.6376,,,,,,,,,
ANR,Archer Place,3/6/2025 0:00,633,992,628,747.2,41.6,0.5651,0.2201,1.986,97.7939,,,,,,,,,
ANR,Archer Place,3/7/2025 0:00,664,992.9,659,763,39.2,0.5643,0.1448,1.9632,97.892,,,,,,,,,
ANR,Archer Place,3/8/2025 0:00,206,993.6,204,747.5,52.5,0.5638,0.1071,1.9369,97.956,,,,,,,,,
ANR,Archer Place,3/9/2025 0:00,0,0,0,0,0,0,0,0,0,,,,,,,,,
ANR,Archer Place,3/10/2025 0:00,0,0,0,0,0,0,0,0,0,,,,,,,,,
ANR,Archer Place,3/11/2025 0:00,0,0,0,0,0,0,0,0,0,,,,,,,,,
ANR,Archer Place,3/12/2025 0:00,0,0,0,0,0,0,0,0,0,,,,,,,,,
ANR,Archer Place,3/13/2025 0:00,563,989,557,726.5,67,0.5657,0.0252,2.5102,97.4646,,,,,,,,,
ANR,Archer Place,3/14/2025 0:00,191,986.5,188,765.2,75.3,0.5661,0.0058,2.7291,97.2651,,,,,,,,,
ANR,Archer Place,3/15/2025 0:00,0,0,0,0,0,0,0,0,0,,,,,,,,,
ANR,Archer Place,3/16/2025 0:00,0,0,0,0,0,0,0,0,0,,,,,,,,,
ANR,Archer Place,3/17/2025 0:00,0,0,0,0,0,0,0,0,0,,,,,,,,,
ANR,Archer Place,3/18/2025 0:00,0,0,0,0,0,0,0,0,0,,,,,,,,,
ANR,Archer Place,3/19/2025 0:00,516,987.1,509,774.3,37.1,0.5669,0.1085,2.6174,97.2741,,,,,,,,,
ANR,Archer Place,3/20/2025 0:00,582,986.3,574,762.3,45.5,0.5669,0.1342,2.6229,97.2429,,,,,,,,,
ANR,Archer Place,3/21/2025 0:00,354,987.6,350,772.5,57.3,0.566,0.0598,2.5713,97.3689,,,,,,,,,
ANR,Archer Place,3/22/2025 0:00,0,0,0,0,0,0,0,0,0,,,,,,,,,
ANR,Archer Place,3/23/2025 0:00,0,0,0,0,0,0,0,0,0,,,,,,,,,
ANR,Archer Place,3/24/2025 0:00,0,0,0,0,0,0,0,0,0,,,,,,,,,
ANR,Archer Place,3/25/2025 0:00,0,0,0,0,0,0,0,0,0,,,,,,,,,
ANR,Archer Place,3/26/2025 0:00,0,0,0,0,0,0,0,0,0,,,,,,,,,
ANR,Archer Place,3/27/2025 0:00,11,1048.1,12,798.1,64.4,0.601,0.8461,0.989,98.1649,,,,,,,,,
ANR,Archer Place,3/28/2025 0:00,582,987.8,575,796,70.1,0.5665,0.1399,2.4875,97.3726,,,,,,,,,
ANR,Archer Place,3/29/2025 0:00,170,984.8,168,797.5,74.4,0.5672,0.0772,2.8299,97.0929,,,,,,,,,
ANR,Archer Place,3/30/2025 0:00,0,0,0,0,0,0,0,0,0,,,,,,,,,
ANR,Archer Place,3/31/2025 0:00,451,983.6,443,730.6,45.4,0.5696,0.2395,2.8829,96.8776,,,,,,,,,
ANR,Archer Place,4/1/2025 0:00,619,987.9,612,731.3,50.3,0.5658,0.0371,2.565,97.3979,,,,,,,,,
ANR,Archer Place,4/2/2025 0:00,320,989.4,316,736.7,64.2,0.565,0.0204,2.4298,97.5498,,,,,,,,,
ANR,Archer Place,4/3/2025 0:00,0,0,0,0,0,0,0,0,0,,,,,,,,,
ANR,Archer Place,4/4/2025 0:00,0,0,0,0,0,0,0,0,0,,,,,,,,,
ANR,Archer Place,4/5/2025 0:00,0,0,0,0,0,0,0,0,0,,,,,,,,,
ANR,Archer Place,4/6/2025 0:00,0,0,0,0,0,0,0,0,0,,,,,,,,,
ANR,Archer Place,4/7/2025 0:00,0,0,0,0,0,0,0,0,0,,,,,,,,,
ANR,Archer Place,4/8/2025 0:00,0,0,0,0,0,0,0,0,0,,,,,,,,,
ANR,Archer Place,4/9/2025 0:00,0,0,0,0,0,0,0,0,0,,,,,,,,,
ANR,Archer Place,4/10/2025 0:00,0,0,0,0,0,0,0,0,0,,,,,,,,,
ANR,Archer Place,4/11/2025 0:00,0,0,0,0,0,0,0,0,0,,,,,,,,,
ANR,Archer Place,4/12/2025 0:00,0,0,0,0,0,0,0,0,0,,,,,,,,,
ANR,Archer Place,4/13/2025 0:00,0,0,0,0,0,0,0,0,0,,,,,,,,,
ANR,Archer Place,4/14/2025 0:00,206,997.9,206,804,63.4,0.5652,0.2257,1.6184,98.1559,,,,,,,,,
ANR,Archer Place,4/15/2025 0:00,545,996.5,543,746.1,55.7,0.5631,0.1885,1.5676,98.2439,,,,,,,,,
ANR,Archer Place,4/16/2025 0:00,243,998,242,737.4,71,0.5624,0.1703,1.435,98.3947,,,,,,,,,
ANR,Archer Place,4/17/2025 0:00,0,0,0,0,0,0,0,0,0,,,,,,,,,
ANR,Archer Place,4/18/2025 0:00,0,0,0,0,0,0,0,0,0,,,,,,,,,
ANR,Archer Place,4/19/2025 0:00,0,0,0,0,0,0,0,0,0,,,,,,,,,
ANR,Archer Place,4/20/2025 0:00,0,0,0,0,0,0,0,0,0,,,,,,,,,
ANR,Archer Place,4/21/2025 0:00,612,986.3,603,821.8,62.7,0.568,0.2656,2.5312,97.2032,,,,,,,,,
ANR,Archer Place,4/22/2025 0:00,1193,994.3,1186,815.1,70.5,0.5641,0.2058,1.7722,98.022,,,,,,,,,
ANR,Archer Place,4/23/2025 0:00,1334,993.3,1325,816,72.5,0.5646,0.222,1.845,97.933,,,,,,,,,
ANR,Archer Place,4/24/2025 0:00,1200,995.2,1194,772.2,70.8,0.5637,0.1918,1.6973,98.1109,,,,,,,,,
ANR,Archer Place,4/25/2025 0:00,76,995.2,76,787.1,60.7,0.5637,0.195,1.6916,98.1134,,,,,,,,,
ANR,Archer Place,4/26/2025 0:00,0,0,0,0,0,0,0,0,0,,,,,,,,,
ANR,Archer Place,4/27/2025 0:00,0,0,0,0,0,0,0,0,0,,,,,,,,,
ANR,Archer Place,4/28/2025 0:00,0,0,0,0,0,0,0,0,0,,,,,,,,,
ANR,Archer Place,4/29/2025 0:00,0,0,0,0,0,0,0,0,0,,,,,,,,,
ANR,Archer Place,4/30/2025 0:00,1265,991.1,1254,756.6,61.6,0.5658,0.2329,2.0779,97.6892,,,,,,,,,
ANR,Archer Place,5/1/2025 0:00,1437,991.4,1425,710.7,63.6,0.5657,0.2761,1.9842,97.7397,,,,,,,,,
ANR,Archer Place,5/2/2025 0:00,316,988.7,313,685.5,56.3,0.5669,0.305,2.2191,97.4759,,,,,,,,,
ANR,Archer Place,5/3/2025 0:00,0,0,0,0,0,0,0,0,0,,,,,,,,,
ANR,Archer Place,5/4/2025 0:00,0,0,0,0,0,0,0,0,0,,,,,,,,,
ANR,Archer Place,5/5/2025 0:00,1303,988.7,1288,833.2,65.7,0.5672,0.2653,2.3073,97.4274,,,,,,,,,
ANR,Archer Place,5/6/2025 0:00,1453,991.8,1441,825.1,69.4,0.5654,0.2646,1.9527,97.7827,,,,,,,,,
ANR,Archer Place,5/7/2025 0:00,1408,991,1395,805.4,71.7,0.5658,0.2716,2.0223,97.7061,,,,,,,,,
ANR,Archer Place,5/8/2025 0:00,1349,993.6,1340,759.3,71.1,0.5646,0.2561,1.7823,97.9616,,,,,,,,,
ANR,Archer Place,5/9/2025 0:00,379,992.5,376,721,78.8,0.5648,0.2139,1.9326,97.8535,,,,,,,,,
ANR,Archer Place,5/10/2025 0:00,0,0,0,0,0,0,0,0,0,,,,,,,,,
ANR,Archer Place,5/11/2025 0:00,0,0,0,0,0,0,0,0,0,,,,,,,,,
ANR,Archer Place,5/12/2025 0:00,0,0,0,0,0,0,0,0,0,,,,,,,,,
ANR,Archer Place,5/13/2025 0:00,1382,997.1,1377,741.3,77,0.5637,0.3336,1.3617,98.3047,,,,,,,,,
ANR,Archer Place,5/14/2025 0:00,1461,1001.2,1463,799.9,80.7,0.5616,0.2671,1.0268,98.7061,,,,,,,,,
ANR,Archer Place,5/15/2025 0:00,1471,1002.8,1475,798.9,77.7,0.561,0.2778,0.8598,98.8624,,,,,,,,,
ANR,Archer Place,5/16/2025 0:00,1500,1004.2,1506,775.6,72.1,0.5609,0.356,0.6453,98.9987,,,,,,,,,
ANR,Archer Place,5/17/2025 0:00,1444,1004.1,1450,801.4,65.7,0.5607,0.3218,0.6838,98.9944,,,,,,,,,
ANR,Archer Place,5/18/2025 0:00,1292,1002.9,1296,837.7,69.5,0.5607,0.2246,0.9074,98.868,,,,,,,,,
ANR,Archer Place,5/19/2025 0:00,1176,1004.7,1180,808.9,62.9,0.5601,0.2467,0.7056,99.0477,,,,,,,,,
ANR,Archer Place,5/20/2025 0:00,1400,1005.1,1407,772.8,63.8,0.5602,0.2958,0.6171,99.0871,,,,,,,,,
ANR,Archer Place,5/21/2025 0:00,1508,1006.4,1518,765.9,62.5,0.5596,0.2824,0.5003,99.2173,,,,,,,,,
ANR,Archer Place,5/22/2025 0:00,1499,1006.4,1508,768.2,62.7,0.5598,0.3125,0.468,99.2195,,,,,,,,,
ANR,Archer Place,5/23/2025 0:00,1677,1005.8,1687,800.6,67.1,0.5601,0.3329,0.51,99.1571,,,,,,,,,
ANR,Archer Place,5/24/2025 0:00,1522,1006.7,1532,810,69.7,0.5595,0.2972,0.4537,99.2491,,,,,,,,,
ANR,Archer Place,5/25/2025 0:00,1442,1007.3,1452,827.4,64.9,0.5593,0.2956,0.4039,99.3005,,,,,,,,,
ANR,Archer Place,5/26/2025 0:00,1504,1008.3,1517,800.5,67.1,0.5587,0.2537,0.3415,99.4048,,,,,,,,,
ANR,Archer Place,5/27/2025 0:00,1752,1007.5,1765,800.3,66.2,0.5592,0.2935,0.3863,99.3202,,,,,,,,,
ANR,Archer Place,5/28/2025 0:00,1766,1007.1,1779,768.8,70.4,0.5595,0.3123,0.4065,99.2812,,,,,,,,,
ANR,Archer Place,5/29/2025 0:00,1728,1006.8,1740,746.7,69.1,0.5597,0.329,0.415,99.256,,,,,,,,,
ANR,Archer Place,5/30/2025 0:00,1561,1007.6,1572,766.1,75,0.5594,0.326,0.3431,99.3309,,,,,,,,,
ANR,Archer Place,5/31/2025 0:00,1309,1009.5,1321,757.8,78.4,0.5581,0.2435,0.2322,99.5243,,,,,,,,,
ANR,Archer Place,6/1/2025 0:00,1523,1007.9,1535,750.5,78.2,0.5597,0.4044,0.2301,99.3655,,,,,,,,,
ANR,Archer Place,6/2/2025 0:00,1485,1009.5,1499,721.2,82.5,0.5583,0.2725,0.2025,99.525,,,,,,,,,
ANR,Archer Place,6/3/2025 0:00,1729,1009,1745,631.9,67.1,0.5585,0.2654,0.2625,99.4721,,,,,,,,,
ANR,Archer Place,6/4/2025 0:00,1738,1009.1,1754,628.7,72.1,0.5583,0.2516,0.2661,99.4823,,,,,,,,,
ANR,Archer Place,6/5/2025 0:00,1830,1008.7,1846,616.3,74.6,0.5587,0.2835,0.2716,99.4449,,,,,,,,,
ANR,Archer Place,6/6/2025 0:00,1846,1008.9,1862,623.2,77.9,0.5585,0.2658,0.2697,99.4645,,,,,,,,,
ANR,Archer Place,6/7/2025 0:00,1782,1008.6,1797,667.6,71.2,0.5588,0.2999,0.2671,99.433,,,,,,,,,
ANR,Archer Place,6/8/2025 0:00,1829,1009,1846,774.7,68.7,0.5587,0.311,0.2132,99.4758,,,,,,,,,
ANR,Archer Place,6/9/2025 0:00,1718,1009.3,1734,853.5,73.5,0.5584,0.2676,0.2352,99.4972,,,,,,,,,
ANR,Archer Place,6/10/2025 0:00,1699,1009.2,1715,895.4,82.7,0.5585,0.2964,0.2082,99.4954,,,,,,,,,
ANR,Archer Place,6/11/2025 0:00,1939,1009.2,1957,712.2,86.2,0.5588,0.332,0.1795,99.4885,,,,,,,,,
ANR,Archer Place,6/12/2025 0:00,1889,1009,1906,785.9,82.1,0.5589,0.3512,0.172,99.4768,,,,,,,,,
ANR,Archer Place,6/13/2025 0:00,1666,1009,1681,738.6,81.9,0.5588,0.3292,0.1967,99.4741,,,,,,,,,
ANR,Archer Place,6/14/2025 0:00,1992,1009.6,2011,720.6,85.3,0.5582,0.2698,0.1977,99.5325,,,,,,,,,
ANR,Archer Place,6/15/2025 0:00,1937,1009.5,1955,745,83.7,0.5584,0.2928,0.1861,99.5211,,,,,,,,,
ANR,Archer Place,6/16/2025 0:00,1917,1009.9,1936,764.6,85.3,0.5581,0.265,0.1779,99.5571,,,,,,,,,
ANR,Archer Place,6/17/2025 0:00,1934,1009.9,1953,726.2,83,0.5582,0.282,0.1604,99.5576,,,,,,,,,
ANR,Archer Place,6/18/2025 0:00,1778,1009.7,1796,747.3,76.7,0.5583,0.2814,0.178,99.5406,,,,,,,,,
ANR,Archer Place,6/19/2025 0:00,1915,1009.8,1934,753.8,86.4,0.5581,0.2662,0.1865,99.5473,,,,,,,,,
ANR,Archer Place,6/20/2025 0:00,2029,1009.6,2049,767.3,90.8,0.5582,0.2617,0.2096,99.5287,,,,,,,,,
ANR,Archer Place,6/21/2025 0:00,490,1008.5,494,721.5,87.8,0.5584,0.2162,0.357,99.4268,,,,,,,,,
ANR,Archer Place,6/22/2025 0:00,475,1008.7,480,790.1,86.7,0.5583,0.211,0.3486,99.4404,,,,,,,,,
ANR,Archer Place,6/23/2025 0:00,1600,1009.5,1615,777.4,85.8,0.5583,0.2762,0.1991,99.5247,,,,,,,,,
ANR,Archer Place,6/24/2025 0:00,1967,1009.5,1986,692.2,81.7,0.5584,0.2987,0.1795,99.5218,,,,,,,,,
ANR,Archer Place,6/25/2025 0:00,1800,1009.3,1817,711.6,90.7,0.5585,0.2853,0.2159,99.4988,,,,,,,,,
ANR,Archer Place,6/26/2025 0:00,1850,1008.9,1867,703.3,85.1,0.5589,0.3327,0.2011,99.4662,,,,,,,,,
ANR,Archer Place,6/27/2025 0:00,1740,1008,1755,702.4,88.2,0.5594,0.3627,0.2682,99.3691,,,,,,,,,
ANR,Archer Place,6/28/2025 0:00,1625,1009.6,1640,755.9,88,0.5582,0.2704,0.1973,99.5323,,,,,,,,,
ANR,Archer Place,6/29/2025 0:00,1727,1009.2,1742,748.2,82,0.5584,0.2642,0.2478,99.488,,,,,,,,,
ANR,Archer Place,6/30/2025 0:00,1707,1009,1722,754.2,83.8,0.5588,0.3185,0.2136,99.4679,,,,,,,,,
ANR,Archer Place,7/1/2025 0:00,1674,1008.6,1689,749.2,87.5,0.5591,0.3595,0.2098,99.4307,,,,,,,,,
ANR,Archer Place,7/2/2025 0:00,1553,1008.6,1567,748.9,84.6,0.5591,0.3533,0.2108,99.4359,,,,,,,,,
ANR,Archer Place,7/3/2025 0:00,1837,1008.9,1854,758.4,91,0.5586,0.2923,0.2433,99.4644,,,,,,,,,
ANR,Archer Place,7/4/2025 0:00,1758,1009.2,1774,801.4,90.7,0.5586,0.3013,0.2082,99.4905,,,,,,,,,
ANR,Archer Place,7/5/2025 0:00,1492,1009,1506,820.3,84.2,0.559,0.3684,0.1614,99.4702,,,,,,,,,
ANR,Archer Place,7/6/2025 0:00,1469,1009.2,1483,802.6,88,0.5589,0.356,0.1545,99.4895,,,,,,,,,
ANR,Archer Place,7/7/2025 0:00,1603,1009.2,1618,729.2,87.6,0.5585,0.2973,0.2083,99.4944,,,,,,,,,
ANR,Archer Place,7/8/2025 0:00,634,1002.9,636,702.8,81.7,0.5626,0.5648,0.5643,98.8709,,,,,,,,,
ANR,Archer Place,7/9/2025 0:00,640,1002.6,642,707.9,85.6,0.5621,0.4628,0.6902,98.847,,,,,,,,,
ANR,Archer Place,7/10/2025 0:00,1324,1006.3,1333,723.4,86.2,0.5604,0.42,0.372,99.208,,,,,,,,,
ANR,Archer Place,7/11/2025 0:00,1525,1006.8,1535,721.6,83.4,0.5609,0.5518,0.191,99.2572,,,,,,,,,
ANR,Archer Place,7/12/2025 0:00,1440,1006.8,1450,752.7,84.4,0.5611,0.5792,0.169,99.2518,,,,,,,,,
ANR,Archer Place,7/13/2025 0:00,1405,1008.3,1416,777.7,84.3,0.5596,0.4233,0.1754,99.4013,,,,,,,,,
ANR,Archer Place,7/14/2025 0:00,1659,1007.3,1671,714.4,84.6,0.56,0.427,0.2663,99.3067,,,,,,,,,
ANR,Archer Place,7/15/2025 0:00,1604,1007.6,1616,658.1,88,0.5598,0.4004,0.2676,99.332,,,,,,,,,
ANR,Archer Place,7/16/2025 0:00,1190,1005.3,1196,649.9,87.5,0.5616,0.561,0.3339,99.1051,,,,,,,,,
ANR,Archer Place,7/17/2025 0:00,1789,1006.6,1800,723.6,76.3,0.5604,0.4357,0.3286,99.2357,,,,,,,,,
ANR,Archer Place,7/18/2025 0:00,1475,1008.4,1487,797.8,86.3,0.559,0.3226,0.2604,99.417,,,,,,,,,
ANR,Archer Place,7/19/2025 0:00,1337,1007.2,1347,799.6,80.8,0.5604,0.4746,0.2313,99.2941,,,,,,,,,
ANR,Archer Place,7/20/2025 0:00,1395,1007,1405,833,82.8,0.5607,0.5138,0.214,99.2722,,,,,,,,,
ANR,Archer Place,7/21/2025 0:00,521,1001.1,523,711.7,82.7,0.5634,0.5744,0.7276,98.698,,,,,,,,,
ANR,Archer Place,7/22/2025 0:00,384,1002.9,385,629.5,85.3,0.5608,0.2504,0.8762,98.8734,,,,,,,,,
ANR,Archer Place,7/23/2025 0:00,1377,1005.3,1385,631.8,85.7,0.5605,0.3553,0.5396,99.1051,,,,,,,,,
ANR,Archer Place,7/24/2025 0:00,1721,1006.4,1732,607.3,79.1,0.5601,0.3645,0.4208,99.2147,,,,,,,,,
ANR,Archer Place,7/25/2025 0:00,1448,1007.1,1459,658.5,79.2,0.5603,0.4633,0.2492,99.2875,,,,,,,,,
ANR,Archer Place,7/26/2025 0:00,1384,1006.2,1393,670.8,84.4,0.5611,0.5453,0.2541,99.2006,,,,,,,,,
ANR,Archer Place,7/27/2025 0:00,1148,1010.2,1160,640.2,88.3,0.5575,0.1835,0.2283,99.5882,,,,,,,,,
ANR,Archer Place,7/28/2025 0:00,1500,1007.6,1511,688,87.4,0.5595,0.341,0.3279,99.3311,,,,,,,,,
ANR,Archer Place,7/29/2025 0:00,592,1004.6,595,727.1,87.3,0.56,0.2298,0.7288,99.0414,,,,,,,,,
ANR,Archer Place,7/30/2025 0:00,443,1003.7,445,854.1,75.9,0.5601,0.1703,0.8742,98.9555,,,,,,,,,
ANR,Archer Place,7/31/2025 0:00,1478,1005.9,1487,860.2,73.1,0.5602,0.3447,0.4864,99.1689,,,,,,,,,
ANR,Archer Place,8/1/2025 0:00,1218,1006.9,1226,845.8,74.2,0.5599,0.3744,0.3586,99.267,,,,,,,,,
ANR,Archer Place,8/2/2025 0:00,962,1003.3,965,870.8,74.7,0.5617,0.424,0.663,98.913,,,,,,,,,
ANR,Archer Place,8/3/2025 0:00,1128,1004.1,1133,775.5,74.9,0.5614,0.422,0.5912,98.9868,,,,,,,,,
ANR,Archer Place,8/4/2025 0:00,1562,1006.2,1572,802.8,77.2,0.5603,0.3855,0.4158,99.1987,,,,,,,,,
ANR,Archer Place,8/5/2025 0:00,1621,1006.3,1631,848.1,79.2,0.5602,0.3803,0.4113,99.2084,,,,,,,,,
ANR,Archer Place,8/6/2025 0:00,1519,1008.1,1531,833.9,78.8,0.5586,0.2347,0.3771,99.3882,,,,,,,,,
ANR,Archer Place,8/7/2025 0:00,0,0,0,0,0,0,0,0,0,,,,,,,,,
ANR,Archer Place,8/8/2025 0:00,822,1008.7,830,818.8,85.5,0.5584,0.2264,0.3324,99.4412,,,,,,,,,
ANR,Archer Place,8/9/2025 0:00,1201,1008.6,1212,774,80.8,0.5587,0.2773,0.2906,99.4321,,,,,,,,,
ANR,Archer Place,8/10/2025 0:00,925,1008.5,933,814.8,81,0.5588,0.2739,0.3083,99.4178,,,,,,,,,
ANR,Archer Place,8/11/2025 0:00,1628,1008.2,1641,826.8,77.9,0.5583,0.1774,0.4298,99.3928,,,,,,,,,
ANR,Archer Place,8/12/2025 0:00,1471,1008.3,1483,816.3,81.1,0.5584,0.1961,0.4047,99.3992,,,,,,,,,
ANR,Archer Place,8/13/2025 0:00,1509,1007.9,1521,835.7,80,0.5588,0.2404,0.3931,99.3665,,,,,,,,,
ANR,Archer Place,8/14/2025 0:00,1554,1008,1566,805.2,80.1,0.5585,0.1903,0.4413,99.3684,,,,,,,,,
ANR,Archer Place,8/15/2025 0:00,454,1008.8,457,832.5,94.1,0.558,0.1666,0.3821,99.4513,,,,,,,,,
ANR,Archer Place,8/16/2025 0:00,0,0,0,0,0,0,0,0,0,,,,,,,,,
ANR,Archer Place,8/17/2025 0:00,0,0,0,0,0,0,0,0,0,,,,,,,,,
ANR,Archer Place,8/18/2025 0:00,451,1004.2,454,857.6,97.6,0.5607,0.3115,0.6926,98.9959,,,,,,,,,
ANR,Archer Place,8/19/2025 0:00,1235,1007.2,1245,713.3,84,0.559,0.2343,0.4716,99.2941,,,,,,,,,
ANR,Archer Place,8/20/2025 0:00,1460,1008.7,1473,686.2,83.3,0.5581,0.1817,0.3748,99.4435,,,,,,,,,
ANR,Archer Place,8/21/2025 0:00,1493,1007.6,1504,716.9,76.7,0.5588,0.2182,0.4531,99.3287,,,,,,,,,
ANR,Archer Place,8/22/2025 0:00,1477,1007.5,1488,803.6,80.4,0.5588,0.2107,0.4651,99.3242,,,,,,,,,
ANR,Archer Place,8/23/2025 0:00,1479,1007.1,1489,847.8,75.2,0.559,0.2232,0.4891,99.2877,,,,,,,,,
ANR,Archer Place,8/24/2025 0:00,1460,1007,1470,874.8,71.9,0.5592,0.2433,0.4883,99.2684,,,,,,,,,
ANR,Archer Place,8/25/2025 0:00,1496,1006.7,1506,780.5,69.2,0.5593,0.2382,0.5165,99.2453,,,,,,,,,
ANR,Archer Place,8/26/2025 0:00,1470,1007.8,1482,762.7,71.8,0.5585,0.1779,0.4704,99.3517,,,,,,,,,
ANR,Archer Place,8/27/2025 0:00,1424,1007.3,1435,789.1,74.3,0.5589,0.2117,0.4861,99.3022,,,,,,,,,
ANR,Archer Place,8/28/2025 0:00,1323,1006,1331,812.5,78.8,0.5594,0.2177,0.6031,99.1792,,,,,,,,,
ANR,Archer Place,8/29/2025 0:00,1145,1010,1157,800.9,77.4,0.5576,0.1758,0.2586,99.5656,,,,,,,,,
ANR,Archer Place,8/30/2025 0:00,139,1011.1,140,790.8,80.5,0.5568,0.1156,0.2061,99.6783,,,,,,,,,
ANR,Archer Place,8/31/2025 0:00,0,0,0,0,0,0,0,0,0,,,,,,,,,
ANR,Archer Place,9/1/2025 0:00,0,0,0,0,0,0,0,0,0,,,,,,,,,
ANR,Archer Place,9/2/2025 0:00,1364,1007.7,1374,844.9,74.7,0.5585,0.1783,0.4758,99.3459,,,,,,,,,
ANR,Archer Place,9/3/2025 0:00,1575,1007.9,1587,844.5,66.2,0.5589,0.251,0.3876,99.3614,,,,,,,,,
ANR,Archer Place,9/4/2025 0:00,1600,1007.6,1613,842.6,69,0.5589,0.2431,0.4248,99.3321,,,,,,,,,
ANR,Archer Place,9/5/2025 0:00,1263,1009.1,1274,846.1,65,0.5579,0.1714,0.3508,99.4778,,,,,,,,,
ANR,Archer Place,9/6/2025 0:00,1126,1009.2,1137,766.4,62.8,0.5579,0.1817,0.3253,99.493,,,,,,,,,
ANR,Archer Place,9/7/2025 0:00,1083,1009.4,1093,679.3,65.5,0.5574,0.1017,0.3868,99.5115,,,,,,,,,
ANR,Archer Place,9/8/2025 0:00,1668,1007.1,1680,792.3,70,0.5589,0.2095,0.5012,99.2893,,,,,,,,,
ANR,Archer Place,9/9/2025 0:00,1642,1007.6,1654,843.5,70.7,0.5586,0.1887,0.4763,99.335,,,,,,,,,
ANR,Archer Place,9/10/2025 0:00,524,997.1,523,849,76.9,0.5636,0.3233,1.3768,98.2999,,,,,,,,,
ANR,Archer Place,9/11/2025 0:00,494,995.2,491,839.2,78.5,0.5641,0.268,1.6126,98.1194,,,,,,,,,
ANR,Archer Place,9/12/2025 0:00,56,1003.7,56,853,80.8,0.5682,0.3101,1.4277,98.2622,,,,,,,,,
ANR,Archer Place,9/13/2025 0:00,0,0,0,0,0,0,0,0,0,,,,,,,,,
ANR,Archer Place,9/14/2025 0:00,0,0,0,0,0,0,0,0,0,,,,,,,,,
ANR,Archer Place,9/15/2025 0:00,0,0,0,0,0,0,0,0,0,,,,,,,,,
ANR,Archer Place,9/16/2025 0:00,10,1035.5,10,832.6,78.5,0.5902,0.7075,0.9936,98.2989,,,,,,,,,
ANR,Archer Place,9/17/2025 0:00,1583,1002.7,1587,828.7,76.2,0.5613,0.3042,0.8459,98.8499,,,,,,,,,
ANR,Archer Place,9/18/2025 0:00,1397,1006.9,1406,816.8,72,0.5595,0.2907,0.4458,99.2635,,,,,,,,,
ANR,Archer Place,9/19/2025 0:00,1032,1010.1,1042,818.7,71.8,0.5574,0.1509,0.2758,99.5733,,,,,,,,,
ANR,Archer Place,9/20/2025 0:00,1152,1010,1163,712.2,66.9,0.5574,0.1424,0.2928,99.5648,,,,,,,,,
ANR,Archer Place,9/21/2025 0:00,1131,1010.5,1143,666.7,71.3,0.557,0.1134,0.2661,99.6205,,,,,,,,,
ANR,Archer Place,9/22/2025 0:00,1421,1005.2,1428,639.4,75.1,0.56,0.2672,0.6372,99.0956,,,,,,,,,
ANR,Archer Place,9/23/2025 0:00,1489,1005.8,1498,684.3,69.7,0.5598,0.2741,0.5659,99.16,,,,,,,,,
ANR,Archer Place,9/24/2025 0:00,1503,1007.4,1514,699.7,71.4,0.559,0.2412,0.45,99.3088,,,,,,,,,
ANR,Archer Place,9/25/2025 0:00,1520,1006.5,1530,674.4,74.2,0.5593,0.2335,0.538,99.2285,,,,,,,,,
ANR,Archer Place,9/26/2025 0:00,1477,1006,1486,644.5,75.5,0.5594,0.2137,0.6126,99.1737,,,,,,,,,
ANR,Archer Place,9/27/2025 0:00,1418,1008.5,1429,653.1,78.4,0.5584,0.2071,0.3751,99.4178,,,,,,,,,
ANR,Archer Place,9/28/2025 0:00,474,1004.7,476,680.2,78.1,0.5606,0.3418,0.6087,99.0495,,,,,,,,,
ANR,Archer Place,9/29/2025 0:00,326,995.4,325,684.1,75.1,0.5648,0.4093,1.4556,98.1351,,,,,,,,,
ANR,Archer Place,9/30/2025 0:00,114,988.2,113,681,84.2,0.5684,0.5323,2.0445,97.4232,,,,,,,,,
ANR,Archer Place,10/1/2025 0:00,1326,1003.5,1332,697.3,76.2,0.561,0.319,0.753,98.928,,,,,,,,,
ANR,Archer Place,10/2/2025 0:00,1241,1007.3,1250,681.5,79.1,0.559,0.2302,0.4643,99.3055,,,,,,,,,
ANR,Archer Place,10/3/2025 0:00,1403,1007.2,1413,737.2,79.6,0.559,0.2349,0.4686,99.2965,,,,,,,,,
ANR,Archer Place,10/4/2025 0:00,1398,1007.5,1409,785.2,76.6,0.5587,0.1974,0.4759,99.3267,,,,,,,,,
ANR,Archer Place,10/5/2025 0:00,511,1001.2,512,814.3,76.5,0.5619,0.318,0.9788,98.7032,,,,,,,,,
ANR,Archer Place,10/6/2025 0:00,322,999.5,321,791.7,58.4,0.5628,0.357,1.1085,98.5345,,,,,,,,,
ANR,Archer Place,10/7/2025 0:00,311,1002.3,311,718.1,58.9,0.5616,0.3522,0.8335,98.8143,,,,,,,,,
ANR,Archer Place,10/8/2025 0:00,1309,1004.4,1314,699.6,62.5,0.5603,0.2579,0.7258,99.0163,,,,,,,,,
ANR,Archer Place,10/9/2025 0:00,1530,1005,1538,705.7,67.2,0.5601,0.2568,0.6661,99.0771,,,,,,,,,
ANR,Archer Place,10/10/2025 0:00,901,1003,906,798.2,68.7,0.5622,0.506,0.61,98.884,,,,,,,,,
ANR,Archer Place,10/11/2025 0:00,481,1000.7,481,814.6,63.7,0.5638,0.632,0.7091,98.6589,,,,,,,,,
ANR,Archer Place,10/12/2025 0:00,440,996.8,440,849.2,72.2,0.5652,0.5883,1.1382,98.2735,,,,,,,,,
ANR,Archer Place,10/13/2025 0:00,1475,1001.7,1481,768.9,69.3,0.562,0.3633,0.8789,98.7578,,,,,,,,,
ANR,Archer Place,10/14/2025 0:00,1655,1004.3,1662,674.5,70.7,0.5607,0.3175,0.6718,99.0107,,,,,,,,,
ANR,Archer Place,10/15/2025 0:00,1546,1004.6,1553,656.1,76.5,0.5606,0.3227,0.6429,99.0344,,,,,,,,,
ANR,Archer Place,10/16/2025 0:00,1618,1003,1623,713.3,74.9,0.5615,0.3671,0.7492,98.8837,,,,,,,,,
ANR,Archer Place,10/17/2025 0:00,672,1006.3,675,796.8,78.5,0.5595,0.2574,0.5359,99.2067,,,,,,,,,
ANR,Archer Place,10/18/2025 0:00,0,0,0,0,0,0,0,0,0,,,,,,,,,
ANR,Archer Place,10/19/2025 0:00,0,0,0,0,0,0,0,0,0,,,,,,,,,
ANR,Archer Place,10/20/2025 0:00,0,0,0,0,0,0,0,0,0,,,,,,,,,
ANR,Archer Place,10/21/2025 0:00,4,1034.2,4,621.2,46,0.5893,0.7152,0.9691,98.3157,,,,,,,,,
ANR,Archer Place,10/22/2025 0:00,1345,1003,1351,636.6,56.7,0.5614,0.3298,0.8043,98.8659,,,,,,,,,
ANR,Archer Place,10/23/2025 0:00,1379,1006.6,1388,664.7,56.6,0.5595,0.2706,0.5004,99.229,,,,,,,,,
ANR,Archer Place,10/24/2025 0:00,785,999.1,786,687.7,55.8,0.5641,0.5569,0.9442,98.4989,,,,,,,,,
ANR,Archer Place,10/25/2025 0:00,575,996.9,573,720.1,54.2,0.5654,0.6309,1.0875,98.2816,,,,,,,,,
ANR,Archer Place,10/26/2025 0:00,579,996.8,577,753.4,56.6,0.5654,0.6229,1.0996,98.2775,,,,,,,,,
ANR,Archer Place,10/27/2025 0:00,578,992.7,574,753.1,54.7,0.5668,0.5672,1.5681,97.8647,,,,,,,,,
ANR,Archer Place,10/28/2025 0:00,1249,1007.1,1258,786.2,51.9,0.559,0.2236,0.4922,99.2842,,,,,,,,,
ANR,Archer Place,10/29/2025 0:00,1211,1009.3,1222,854.3,49.6,0.5579,0.1777,0.3239,99.4984,,,,,,,,,
ANR,Archer Place,10/30/2025 0:00,1216,1008.6,1227,824.9,48.2,0.5583,0.1937,0.377,99.4293,,,,,,,,,
ANR,Archer Place,10/31/2025 0:00,82,1007.8,83,811.3,47.3,0.5585,0.1767,0.4676,99.3557,,,,,,,,,
ANR,Archer Place,11/1/2025 0:00,0,0,0,0,0,0,0,0,0,,,,,,,,,
ANR,Archer Place,11/2/2025 0:00,0,0,0,0,0,0,0,0,0,,,,,,,,,
ANR,Archer Place,11/3/2025 0:00,1069.09,1008,1078.03,775.6,53,0.5639,0.214,0.423,99.363,,,,,,,,,
ANR,Archer Place,11/4/2025 0:00,1581.12,1006,1589.98,760.2,61.9,0.5597,0.235,0.622,99.143,,,,,,,,,
ANR,Archer Place,11/5/2025 0:00,1723.19,1005,1732.6,813.7,52.4,0.5599,0.265,0.61,99.125,,,,,,,,,
ANR,Archer Place,11/6/2025 0:00,1632.81,1004,1639.98,768.8,59.1,0.5602,0.23,0.755,99.015,,,,,,,,,
ANR,Archer Place,11/7/2025 0:00,666.44,1005,669.63,343.8,31.5,0.5815,0.084,0.341,99.575,,,,,,,,,
ANR,Archer Place,11/8/2025 0:00,0,0,0,0,0,0,0,0,0,,,,,,,,,
ANR,Archer Place,11/9/2025 0:00,0,0,0,0,0,0,0,0,0,,,,,,,,,
ANR,Archer Place,11/10/2025 0:00,0,0,0,0,0,0,0,0,0,,,,,,,,,
ANR,Archer Place,11/11/2025 0:00,1595.71,1002,1599.1,626.2,51.3,0.5619,0.251,1.004,98.745,,,,,,,,,
ANR,Archer Place,11/12/2025 0:00,479.51,1001,479.79,300.6,29.7,0.5833,0.114,0.71,99.176,,,,,,,,,
ANR,Archer Place,11/13/2025 0:00,1103.08,1003,1106.94,505.5,46.6,0.5703,0.161,0.638,99.201,,,,,,,,,
ANR,Archer Place,11/14/2025 0:00,479.78,1003,481.15,253.5,25.3,0.5868,0.067,0.294,99.639,,,,,,,,,
ANR,Archer Place,11/15/2025 0:00,0,0,0,0,0,0,0,0,0,,,,,,,,,
ANR,Archer Place,11/16/2025 0:00,0,0,0,0,0,0,0,0,0,,,,,,,,,
ANR,Archer Place,11/17/2025 0:00,0,0,0,0,0,0,0,0,0,,,,,,,,,
ANR,Archer Place,11/18/2025 0:00,1572.48,1004,1578.06,703.2,50.8,0.5641,0.298,0.792,98.91,,,,,,,,,
ANR,Archer Place,11/19/2025 0:00,680.39,1005,683.55,335.2,22.7,0.5817,0.119,0.309,99.572,,,,,,,,,
ANR,Archer Place,11/20/2025 0:00,0,0,0,0,0,0,0,0,0,,,,,,,,,
ANR,Archer Place,11/21/2025 0:00,0,0,0,0,0,0,0,0,0,,,,,,,,,
ANR,Archer Place,11/22/2025 0:00,0,0,0,0,0,0,0,0,0,,,,,,,,,
ANR,Archer Place,11/23/2025 0:00,0,0,0,0,0,0,0,0,0,,,,,,,,,
ANR,Archer Place,11/24/2025 0:00,320.71,991,317.87,571.8,41.2,0.573,0.398,1.572,98.03,,,,,,,,,
ANR,Archer Place,11/25/2025 0:00,37.13,986,36.61,97,6.2,0.5961,0.052,0.299,99.649,,,,,,,,,
ANR,Archer Place,11/26/2025 0:00,0,0,0,0,0,0,0,0,0,,,,,,,,,
ANR,Archer Place,11/27/2025 0:00,0,0,0,0,0,0,0,0,0,,,,,,,,,
ANR,Archer Place,11/28/2025 0:00,0,0,0,0,0,0,0,0,0,,,,,,,,,
ANR,Archer Place,11/29/2025 0:00,0,0,0,0,0,0,0,0,0,,,,,,,,,
ANR,Archer Place,11/30/2025 0:00,0,0,0,0,0,0,0,0,0,,,,,,,,,
ANR,Archer Place,12/1/2025 0:00,0,0,0,0,0,0,0,0,0,,,,,,,,,
ANR,Archer Place,12/2/2025 0:00,0,0,0,0,0,0,0,0,0,,,,,,,,,
ANR,Archer Place,12/3/2025 0:00,26.91,996,26.81,97.4,4,0.5972,0.068,0.24,99.692,,,,,,,,,
ANR,Archer Place,12/4/2025 0:00,0,0,0,0,0,0,0,0,0,,,,,,,,,
ANR,Archer Place,12/5/2025 0:00,0,0,0,0,0,0,0,0,0,,,,,,,,,
ANR,Archer Place,12/6/2025 0:00,0,0,0,0,0,0,0,0,0,,,,,,,,,
ANR,Archer Place,12/7/2025 0:00,0,0,0,0,0,0,0,0,0,,,,,,,,,
ANR,Archer Place,12/8/2025 0:00,0,0,0,0,0,0,0,0,0,,,,,,,,,
ANR,Archer Place,12/9/2025 0:00,1268.4,1003,1271.65,661.1,39,0.5679,0.235,0.728,99.037,,,,,,,,,
ANR,Archer Place,12/10/2025 0:00,1723.65,1000,1723.65,788.8,33.6,0.562,0.269,1.119,98.612,,,,,,,,,
ANR,Archer Place,12/11/2025 0:00,1789.87,998,1785.89,737.9,31.6,0.5632,0.287,1.355,98.358,,,,,,,,,
ANR,Archer Place,12/12/2025 0:00,131.05,1000,131.09,74.7,2.8,0.5968,0.021,0.094,99.885,,,,,,,,,
ANR,Archer Place,12/13/2025 0:00,0,0,0,0,0,0,0,0,0,,,,,,,,,
ANR,Archer Place,12/14/2025 0:00,0,0,0,0,0,0,0,0,0,,,,,,,,,
ANR,Archer Place,12/15/2025 0:00,393.96,986,388.41,589.1,27.4,0.5758,0.251,2.079,97.67,,,,,,,,,
ANR,Archer Place,12/16/2025 0:00,407.35,986,401.72,757.8,42.3,0.5672,0.172,2.593,97.235,,,,,,,,,
ANR,Archer Place,12/17/2025 0:00,389.79,982,382.94,773.7,46.8,0.5693,0.27,2.876,96.854,,,,,,,,,
ANR,Archer Place,12/18/2025 0:00,806.27,996,803.31,775.5,28.5,0.5644,0.388,1.415,98.197,,,,,,,,,
ANR,Archer Place,12/19/2025 0:00,142.55,1000,142.51,204.5,7.7,0.591,0.15,0.209,99.641,,,,,,,,,
ANR,Archer Place,12/20/2025 0:00,0,0,0,0,0,0,0,0,0,,,,,,,,,
ANR,Archer Place,12/21/2025 0:00,0,0,0,0,0,0,0,0,0,,,,,,,,,
ANR,Archer Place,12/22/2025 0:00,528.17,1001,528.8,611.3,37.9,0.5713,0.327,0.762,98.911,,,,,,,,,
ANR,Archer Place,12/23/2025 0:00,647.35,1003,648.98,755.7,47.2,0.5611,0.273,0.894,98.833,,,,,,,,,
ANR,Archer Place,12/24/2025 0:00,99.96,1003,100.24,136.3,8.1,0.5935,0.036,0.155,99.809,,,,,,,,,
ANR,Archer Place,12/25/2025 0:00,0,0,0,0,0,0,0,0,0,,,,,,,,,
ANR,Archer Place,12/26/2025 0:00,0,0,0,0,0,0,0,0,0,,,,,,,,,
ANR,Archer Place,12/27/2025 0:00,0,0,0,0,0,0,0,0,0,,,,,,,,,
ANR,Archer Place,12/28/2025 0:00,0,0,0,0,0,0,0,0,0,,,,,,,,,
ANR,Archer Place,12/29/2025 0:00,0,0,0,0,0,0,0,0,0,,,,,,,,,
ANR,Archer Place,12/30/2025 0:00,923.37,1000,923.07,543.5,30.2,0.5743,0.287,0.856,98.857,,,,,,,,,
ANR,Archer Place,12/31/2025 0:00,706.85,1000,707.14,410.4,26.1,0.5795,0.156,0.59,99.254,,,,,,,,,
ANR,Archer Place,1/1/2026 0:00,0,0,0,0,0,0,0,0,0,,,,,,,,,
ANR,Archer Place,1/2/2026 0:00,0,0,0,0,0,0,0,0,0,,,,,,,,,
ANR,Archer Place,1/3/2026 0:00,0,0,0,0,0,0,0,0,0,,,,,,,,,
ANR,Archer Place,1/4/2026 0:00,0,0,0,0,0,0,0,0,0,,,,,,,,,
ANR,Archer Place,1/5/2026 0:00,0,0,0,0,0,0,0,0,0,,,,,,,,,
ANR,Archer Place,1/6/2026 0:00,0,0,0,0,0,0,0,0,0,,,,,,,,,
ANR,Archer Place,1/7/2026 0:00,0,0,0,0,0,0,0,0,0,,,,,,,,,
ANR,Archer Place,1/8/2026 0:00,0,0,0,0,0,0,0,0,0,,,,,,,,,
ANR,Archer Place,1/9/2026 0:00,0,0,0,0,0,0,0,0,0,,,,,,,,,
ANR,Archer Place,1/10/2026 0:00,0,0,0,0,0,0,0,0,0,,,,,,,,,
ANR,Archer Place,1/11/2026 0:00,0,0,0,0,0,0,0,0,0,,,,,,,,,
ANR,Archer Place,1/12/2026 0:00,0,0,0,0,0,0,0,0,0,,,,,,,,,
ANR,Archer Place,1/13/2026 0:00,0,0,0,0,0,0,0,0,0,,,,,,,,,
ANR,Archer Place,1/14/2026 0:00,0,0,0,0,0,0,0,0,0,,,,,,,,,
ANR,Archer Place,1/15/2026 0:00,0,0,0,0,0,0,0,0,0,,,,,,,,,
ANR,Archer Place,1/16/2026 0:00,0,0,0,0,0,0,0,0,0,,,,,,,,,
ANR,Archer Place,1/17/2026 0:00,0,0,0,0,0,0,0,0,0,,,,,,,,,
ANR,Archer Place,1/18/2026 0:00,0,0,0,0,0,0,0,0,0,,,,,,,,,
ANR,Archer Place,1/19/2026 0:00,0,0,0,0,0,0,0,0,0,,,,,,,,,
ANR,Archer Place,1/20/2026 0:00,0,0,0,0,0,0,0,0,0,,,,,,,,,
ANR,Archer Place,1/21/2026 0:00,0,0,0,0,0,0,0,0,0,,,,,,,,,
ANR,Archer Place,1/22/2026 0:00,0,0,0,0,0,0,0,0,0,,,,,,,,,
ANR,Archer Place,1/23/2026 0:00,0,0,0,0,0,0,0,0,0,,,,,,,,,
ANR,Archer Place,1/24/2026 0:00,0,0,0,0,0,0,0,0,0,,,,,,,,,
ANR,Archer Place,1/25/2026 0:00,0,0,0,0,0,0,0,0,0,,,,,,,,,
ANR,Archer Place,1/26/2026 0:00,0,0,0,0,0,0,0,0,0,,,,,,,,,
ANR,Archer Place,1/27/2026 0:00,0,0,0,0,0,0,0,0,0,,,,,,,,,
ANR,Archer Place,1/28/2026 0:00,0,0,0,0,0,0,0,0,0,,,,,,,,,
ANR,Archer Place,1/29/2026 0:00,0,0,0,0,0,0,0,0,0,,,,,,,,,
ANR,Archer Place,1/30/2026 0:00,0,0,0,0,0,0,0,0,0,,,,,,,,,
ANR,Archer Place,1/31/2026 0:00,0,0,0,0,0,0,0,0,0,,,,,,,,,
ANR,Archer Place,2/1/2026 0:00,0,0,0,0,0,0,0,0,0,,,,,,,,,
ANR,Archer Place,2/2/2026 0:00,0,0,0,0,0,0,0,0,0,,,,,,,,,
ANR,Archer Place,2/3/2026 0:00,133.35,1001,133.48,186.3,8.7,0.593,0.124,0.318,99.558,,,,,,,,,
ANR,Archer Place,2/4/2026 0:00,0,0,0,0,0,0,0,0,0,,,,,,,,,
ANR,Archer Place,2/5/2026 0:00,121.89,990,120.7,214.5,15.6,0.5926,0.178,0.594,99.228,,,,,,,,,
ANR,Archer Place,2/6/2026 0:00,0,0,0,0,0,0,0,0,0,,,,,,,,,
ANR,Archer Place,2/7/2026 0:00,0,0,0,0,0,0,0,0,0,,,,,,,,,
ANR,Archer Place,2/8/2026 0:00,0,0,0,0,0,0,0,0,0,,,,,,,,,
ANR,Archer Place,2/9/2026 0:00,0,0,0,0,0,0,0,0,0,,,,,,,,,
ANR,Archer Place,2/10/2026 0:00,0,0,0,0,0,0,0,0,0,,,,,,,,,
ANR,Archer Place,2/11/2026 0:00,0,0,0,0,0,0,0,0,0,,,,,,,,,
ANR,Archer Place,2/12/2026 0:00,0,0,0,0,0,0,0,0,0,,,,,,,,,
ANR,Archer Place,2/13/2026 0:00,0,0,0,0,0,0,0,0,0,,,,,,,,,
ANR,Archer Place,2/14/2026 0:00,0,0,0,0,0,0,0,0,0,,,,,,,,,
ANR,Archer Place,2/15/2026 0:00,0,0,0,0,0,0,0,0,0,,,,,,,,,
ANR,Archer Place,2/16/2026 0:00,0,0,0,0,0,0,0,0,0,,,,,,,,,
ANR,Archer Place,2/17/2026 0:00,812.35,988,802.75,670.3,60.3,0.569,0.474,2.137,97.389,,,,,,,,,
ANR,Archer Place,2/18/2026 0:00,792.74,985,781.12,666.5,53.6,0.568,0.256,2.584,97.16,,,,,,,,,
ANR,Archer Place,2/19/2026 0:00,190.22,987,187.82,202.9,12.9,0.5901,0.054,0.675,99.271,,,,,,,,,
ANR,Archer Place,2/20/2026 0:00,0,0,0,0,0,0,0,0,0,,,,,,,,,
ANR,Archer Place,2/21/2026 0:00,0,0,0,0,0,0,0,0,0,,,,,,,,,
ANR,Archer Place,2/22/2026 0:00,0,0,0,0,0,0,0,0,0,,,,,,,,,
ANR,Archer Place,2/23/2026 0:00,0,0,0,0,0,0,0,0,0,,,,,,,,,
ANR,Archer Place,2/24/2026 0:00,0,0,0,0,0,0,0,0,0,,,,,,,,,
ANR,Archer Place,2/25/2026 0:00,0,0,0,0,0,0,0,0,0,,,,,,,,,
ANR,Archer Place,2/26/2026 0:00,0,0,0,0,0,0,0,0,0,,,,,,,,,
ANR,Archer Place,2/27/2026 0:00,0,0,0,0,0,0,0,0,0,,,,,,,,,
ANR,Archer Place,2/28/2026 0:00,0,0,0,0,0,0,0,0,0,,,,,,,,,
ANR,Archer Place,3/1/2026 0:00,0,0,0,0,0,0,0,0,0,,,,,,,,,
ANR,Archer Place,3/2/2026 0:00,0,0,0,0,0,0,0,0,0,,,,,,,,,
ANR,Archer Place,3/3/2026 0:00,0,0,0,0,0,0,0,0,0,,,,,,,,,
ANR,Archer Place,3/4/2026 0:00,58.6,1025,60.09,90.8,6.1,0.597,0.056,0.179,99.765,,,,,,,,,
ANR,Archer Place,3/5/2026 0:00,0,0,0,0,0,0,0,0,0,,,,,,,,,
ANR,Archer Place,3/6/2026 0:00,0,0,0,0,0,0,0,0,0,,,,,,,,,
ANR,Archer Place,3/7/2026 0:00,0,0,0,0,0,0,0,0,0,,,,,,,,,
ANR,Archer Place,3/8/2026 0:00,0,0,0,0,0,0,0,0,0,,,,,,,,,
ANR,Archer Place,3/9/2026 0:00,0,0,0,0,0,0,0,0,0,,,,,,,,,
ANR,Archer Place,3/10/2026 0:00,561.98,996,559.48,646,53,0.5679,0.254,1.54,98.206,,,,,,,,,
ANR,Archer Place,3/11/2026 0:00,665.69,994,662,714.4,37.7,0.5643,0.246,1.717,98.037,,,,,,,,,
ANR,Archer Place,3/12/2026 0:00,661.2,990,654.52,705.3,50.1,0.566,0.235,2.168,97.597,,,,,,,,,
ANR,Archer Place,3/13/2026 0:00,11.83,989,11.7,43.3,1.7,0.5986,0.006,0.099,99.895,,,,,,,,,
ANR,Archer Place,3/14/2026 0:00,0,0,0,0,0,0,0,0,0,,,,,,,,,
ANR,Archer Place,3/15/2026 0:00,0,0,0,0,0,0,0,0,0,,,,,,,,,
ANR,Archer Place,3/16/2026 0:00,0,0,0,0,0,0,0,0,0,,,,,,,,,
ANR,Archer Place,3/17/2026 0:00,0,0,0,0,0,0,0,0,0,,,,,,,,,
ANR,Archer Place,3/18/2026 0:00,0,0,0,0,0,0,0,0,0,,,,,,,,,
ANR,Archer Place,3/19/2026 0:00,0,0,0,0,0,0,0,0,0,,,,,,,,,
ANR,Archer Place,3/20/2026 0:00,0,0,0,0,0,0,0,0,0,,,,,,,,,
ANR,Archer Place,3/21/2026 0:00,0,0,0,0,0,0,0,0,0,,,,,,,,,
ANR,Archer Place,3/22/2026 0:00,0,0,0,0,0,0,0,0,0,,,,,,,,,
ANR,Archer Place,3/23/2026 0:00,0,0,0,0,0,0,0,0,0,,,,,,,,,
ANR,Archer Place,3/24/2026 0:00,0,0,0,0,0,0,0,0,0,,,,,,,,,
ANR,Archer Place,3/25/2026 0:00,0,0,0,0,0,0,0,0,0,,,,,,,,,
ANR,Archer Place,3/26/2026 0:00,0,0,0,0,0,0,0,0,0,,,,,,,,,
ANR,Archer Place,3/27/2026 0:00,0,0,0,0,0,0,0,0,0,,,,,,,,,
ANR,Archer Place,3/28/2026 0:00,0,0,0,0,0,0,0,0,0,,,,,,,,,
ANR,Archer Place,3/29/2026 0:00,0,0,0,0,0,0,0,0,0,,,,,,,,,
ANR,Archer Place,3/30/2026 0:00,0,0,0,0,0,0,0,0,0,,,,,,,,,
ANR,Archer Place,3/31/2026 0:00,0,0,0,0,0,0,0,0,0,,,,,,,,,
ANR,Archer Place,4/1/2026 0:00,0,0,0,0,0,0,0,0,0,,,,,,,,,
ANR,Archer Place,4/2/2026 0:00,553.85,991,548.8,654.8,52.3,0.5681,0.203,2.056,97.741,,,,,,,,,
ANR,Archer Place,4/3/2026 0:00,51.8,990,51.26,96.4,5.9,0.5958,0.034,0.271,99.695,,,,,,,,,
ANR,Archer Place,4/4/2026 0:00,0,0,0,0,0,0,0,0,0,,,,,,,,,
ANR,Archer Place,4/5/2026 0:00,0,0,0,0,0,0,0,0,0,,,,,,,,,
ANR,Archer Place,4/6/2026 0:00,0,0,0,0,0,0,0,0,0,,,,,,,,,
ANR,Archer Place,4/7/2026 0:00,0,0,0,0,0,0,0,0,0,,,,,,,,,
ANR,Archer Place,4/8/2026 0:00,0,0,0,0,0,0,0,0,0,,,,,,,,,
ANR,Archer Place,4/9/2026 0:00,601.82,993,597.32,718.1,55.1,0.5656,0.256,1.927,97.817,,,,,,,,,
ANR,Archer Place,4/10/2026 0:00,165.52,991,163.95,249.7,18.5,0.5889,0.074,0.781,99.145,,,,,,,,,
ANR,Archer Place,4/11/2026 0:00,0,0,0,0,2.6,0,0.007,0.143,99.85,,,,,,,,,
ANR,Archer Place,4/12/2026 0:00,0,0,0,0,0,0,0,0,0,,,,,,,,,
ANR,Archer Place,4/13/2026 0:00,9.92,1019,10.11,41.4,3.1,0.5995,0.026,0.073,99.901,,,,,,,,,
ANR,Archer Place,4/14/2026 0:00,0,0,0,0,0,0,0,0,0,,,,,,,,,
ANR,Archer Place,4/15/2026 0:00,7.89,1035,8.17,36,3,0.5996,0.03,0.044,99.926,,,,,,,,,
ANR,Archer Place,4/16/2026 0:00,103.87,992,103.09,165.7,21.1,0.593,0.058,0.636,99.306,,,,,,,,,
ANR,Archer Place,4/17/2026 0:00,110.35,992,109.42,166.3,18.6,0.5913,0.057,0.505,99.438,,,,,,,,,
ANR,Archer Place,4/18/2026 0:00,765.45,990,757.9,641.1,50.5,0.5664,0.314,2.073,97.613,,,,,,,,,
ANR,Archer Place,4/19/2026 0:00,258.73,990,256.14,277.7,27.5,0.5867,0.251,0.747,99.002,,,,,,,,,
ANR,Archer Place,4/20/2026 0:00,14.45,1012,14.63,41.4,2.7,0.5987,0.018,0.041,99.941,,,,,,,,,
ANR,Archer Place,4/21/2026 0:00,764.89,989,756.64,788.3,75.1,0.5671,0.382,2.078,97.54,,,,,,,,,
ANR,Archer Place,4/22/2026 0:00,876.89,989,867.05,633.7,69,0.5668,0.294,2.223,97.483,,,,,,,,,
ANR,Archer Place,4/23/2026 0:00,935.28,988,924.35,598.9,66.6,0.567,0.3,2.262,97.438,,,,,,,,,
ANR,Archer Place,4/24/2026 0:00,950.7,983,934.38,595.5,61.9,0.5696,0.362,2.741,96.897,,,,,,,,,
ANR,Archer Place,4/25/2026 0:00,958.29,983,942.33,593.4,68.2,0.5697,0.419,2.634,96.947,,,,,,,,,
ANR,Archer Place,4/26/2026 0:00,954.02,984,938.92,595.4,68.5,0.5694,0.42,2.547,97.033,,,,,,,,,
ANR,Archer Place,4/27/2026 0:00,906.47,992,899.04,588.8,62.2,0.5662,0.399,1.82,97.781,,,,,,,,,
ANR,Archer Place,4/28/2026 0:00,1330.17,995,1323.88,602.2,58.1,0.5642,0.32,1.526,98.154,,,,,,,,,
ANR,Archer Place,4/29/2026 0:00,1324.35,990,1311.14,603,56.5,0.5671,0.301,2.285,97.414,,,,,,,,,
ANR,Archer Place,4/30/2026 0:00,1453.63,994,1444.44,612,54.8,0.5645,0.266,1.737,97.997,,,,,,,,,
ANR,Archer Place,5/1/2026 0:00,678.27,993,673.53,626.8,55.8,0.5653,0.244,1.983,97.773,,,,,,,,,
ANR,Archer Place,5/2/2026 0:00,428.5,990,424.34,654.1,58.5,0.5651,0.099,2.268,97.633,,,,,,,,,
ANR,Archer Place,5/3/2026 0:00,423.23,992,419.7,770.6,66.3,0.5643,0.048,2.192,97.76,,,,,,,,,
ANR,Archer Place,5/4/2026 0:00,470.12,987,464.24,809.2,69.5,0.5683,0.478,2.154,97.368,,,,,,,,,
ANR,Archer Place,5/5/2026 0:00,372.45,988,367.85,425.2,34.6,0.5795,0.437,1.313,98.25,,,,,,,,,
ANR,Archer Place,5/6/2026 0:00,1584.55,996,1578.7,573.5,56.3,0.5642,0.357,1.426,98.217,,,,,,,,,
ANR,Archer Place,5/7/2026 0:00,1690.97,997,1686.17,587.2,64.2,0.5636,0.318,1.377,98.305,,,,,,,,,
ANR,Archer Place,5/8/2026 0:00,1681.94,999,1679.78,633,62.1,0.5631,0.353,1.184,98.463,,,,,,,,,
ANR,Archer Place,5/9/2026 0:00,136.74,1001,136.9,95.5,9.5,0.5953,0.042,0.123,99.835,,,,,,,,,
ANR,Archer Place,5/10/2026 0:00,0,0,0,0,0,0,0,0,0,,,,,,,,,
ANR,Archer Place,5/11/2026 0:00,0,0,0,0,0,0,0,0,0,,,,,,,,,
ANR,Archer Place,5/12/2026 0:00,1649.38,1000,1649.91,592.9,70.3,0.5641,0.324,1.013,98.663,,,,,,,,,
ANR,Archer Place,5/13/2026 0:00,1858.3,1002,1861.88,616.5,70.3,0.5617,0.34,0.883,98.777,,,,,,,,,
ANR,Archer Place,5/14/2026 0:00,1870.79,1002,1875.13,615.2,73.3,0.5615,0.331,0.854,98.815,,,,,,,,,
ANR,Archer Place,5/15/2026 0:00,1798.35,999,1797.43,626.9,79.8,0.5626,0.317,1.147,98.536,,,,,,,,,
ANR,Archer Place,5/16/2026 0:00,1297.99,1001,1299.63,621.8,72.9,0.561,0.252,0.905,98.843,,,,,,,,,
ANR,Archer Place,5/17/2026 0:00,1600.03,1000,1600.77,624.6,76.5,0.5625,0.383,0.955,98.662,,,,,,,,,
ANR,Archer Place,5/18/2026 0:00,1744.5,1002,1747.52,650.8,71,0.5614,0.261,0.982,98.757,,,,,,,,,
ANR,Archer Place,5/19/2026 0:00,1841.84,1002,1846.44,652.8,58.1,0.5614,0.319,0.849,98.832,,,,,,,,,
ANR,Archer Place,5/20/2026 0:00,1762.1,1003,1767.55,674.3,62.9,0.5612,0.326,0.783,98.891,,,,,,,,,
ANR,Archer Place,5/21/2026 0:00,1728.29,1005,1736.73,675.7,65.1,0.5605,0.34,0.594,99.066,,,,,,,,,
ANR,Archer Place,5/22/2026 0:00,1881.03,1007,1893.45,694.5,66.8,0.5598,0.329,0.435,99.236,,,,,,,,,
ANR,Archer Place,5/23/2026 0:00,1687.35,1007,1699.28,701.9,73.1,0.5594,0.308,0.401,99.291,,,,,,,,,
ANR,Archer Place,5/24/2026 0:00,1026.77,1005,1031.73,714.4,76,0.5613,0.378,0.678,98.944,,,,,,,,,
ANR,Archer Place,5/25/2026 0:00,649.48,1001,650.32,780.9,76.6,0.5621,0.348,0.94,98.712,,,,,,,,,
ANR,Archer Place,5/26/2026 0:00,589.44,1004,591.52,720.9,76.1,0.5611,0.338,0.726,98.936,,,,,,,,,
ANR,Archer Place,5/27/2026 0:00,1727.14,1008,1740.22,639.3,83,0.559,0.261,0.412,99.327,,,,,,,,,
ANR,Archer Place,5/28/2026 0:00,1608.81,1008,1621.61,645.3,81.5,0.5588,0.25,0.382,99.368,,,,,,,,,
ANR,Archer Place,5/29/2026 0:00,1694.2,1008,1708.51,663.5,77.9,0.5586,0.257,0.325,99.418,,,,,,,,,
ANR,Archer Place,5/30/2026 0:00,1734.72,1008,1749.42,676.6,76.4,0.5586,0.264,0.316,99.42,,,,,,,,,
ANR,Archer Place,5/31/2026 0:00,1624.3,1008,1637.88,716.2,80.3,0.5585,0.225,0.365,99.41,,,,,,,,,
ANR,Archer Place,6/1/2026 0:00,1754.9,1009,1770.03,703,83.2,0.5585,0.254,0.311,99.435,,,,,,,,,
ANR,Archer Place,6/2/2026 0:00,1761.15,1009,1776.36,676.8,75.2,0.5584,0.232,0.329,99.439,,,,,,,,,
ANR,Archer Place,6/3/2026 0:00,1614.52,1007,1626,664.1,76.6,0.5592,0.257,0.451,99.292,,,,,,,,,
ANR,Archer Place,6/4/2026 0:00,1667.7,1007,1679.33,624.6,78.4,0.559,0.223,0.503,99.274,,,,,,,,,
ANR,Archer Place,6/5/2026 0:00,1261.73,1009,1273.09,595.7,80.8,0.5582,0.245,0.261,99.494,,,,,,,,,
ANR,Archer Place,6/6/2026 0:00,1088.98,1010,1099.69,584.3,80.4,0.5582,0.287,0.158,99.555,,,,,,,,,
ANR,Archer Place,6/7/2026 0:00,1087.65,1010,1098.62,569.2,77.3,0.558,0.269,0.148,99.583,,,,,,,,,
ANR,Archer Place,6/8/2026 0:00,1741.65,1008,1755.81,586.1,83.4,0.5589,0.289,0.317,99.394,,,,,,,,,
ANR,Archer Place,6/9/2026 0:00,1721,1008,1734.66,611.7,87.8,0.5594,0.36,0.273,99.367,,,,,,,,,
ANR,Archer Place,6/10/2026 0:00,474.4,1008,477.98,192.3,23.5,0.5882,0.11,0.086,99.804,,,,,,,,,
ANR,Archer Place,6/11/2026 0:00,1352.38,1007,1361.76,506.4,56.1,0.5699,0.281,0.267,99.452,,,,,,,,,
ANR,Archer Place,6/12/2026 0:00,1563.29,1007,1574.36,608.1,69.6,0.565,0.327,0.324,99.349,,,,,,,,,
ANR,Archer Place,6/13/2026 0:00,1889.72,1008,1904.32,696,77.2,0.5595,0.362,0.29,99.348,,,,,,,,,
ANR,Archer Place,6/14/2026 0:00,1870.47,1008,1884.83,684.6,73.5,0.5596,0.372,0.284,99.344,,,,,,,,,
ANR,Archer Place,6/15/2026 0:00,1877.58,1007,1889.96,709.9,78.1,0.5598,0.341,0.423,99.236,,,,,,,,,
ANR,Archer Place,6/16/2026 0:00,1795.39,1008,1809.11,758.2,78.6,0.5593,0.324,0.337,99.339,,,,,,,,,
ANR,Archer Place,6/17/2026 0:00,1574.8,1008,1586.66,758.6,81.5,0.5594,0.329,0.355,99.316,,,,,,,,,
ANR,Archer Place,6/18/2026 0:00,1610.89,1007,1622.23,759.1,78.1,0.5595,0.309,0.415,99.276,,,,,,,,,
ANR,Archer Place,6/19/2026 0:00,1077.3,1007,1084.92,754.2,76,0.5591,0.27,0.421,99.309,,,,,,,,,
ANR,Archer Place,6/20/2026 0:00,513.82,1011,519.33,710.9,73.6,0.5593,0.208,0.135,99.657,,,,,,,,,
ANR,Archer Place,6/21/2026 0:00,821.06,1011,829.69,794.2,65.2,0.5576,0.222,0.155,99.623,,,,,,,,,
ANR,Archer Place,6/22/2026 0:00,1070.87,1010,1081.88,801,74,0.5579,0.258,0.142,99.6,,,,,,,,,
ANR,Archer Place,6/23/2026 0:00,1549.05,1007,1560.33,807,78.8,0.5594,0.312,0.372,99.316,,,,,,,,,
ANR,Archer Place,6/24/2026 0:00,1671.81,1007,1683.05,804.6,83.7,0.5599,0.361,0.39,99.249,,,,,,,,,
ANR,Archer Place,6/25/2026 0:00,1551.89,1005,1560.16,762.8,76.3,0.5618,0.298,0.553,99.149,,,,,,,,,
ANR,Archer Place,6/26/2026 0:00,1726.56,1004,1732.78,767.9,71.5,0.5609,0.311,0.747,98.942,,,,,,,,,
ANR,Archer Place,6/27/2026 0:00,1200.11,1010,1212.12,772.5,76.8,0.5579,0.246,0.173,99.581,,,,,,,,,
ANR,Archer Place,6/28/2026 0:00,1085.09,1010,1096.31,822.6,87.1,0.5577,0.227,0.168,99.605,,,,,,,,,
ANR,Archer Place,6/29/2026 0:00,842.21,1010,850.61,752.8,88.3,0.5579,0.228,0.207,99.565,,,,,,,,,
ANR,Archer Place,6/30/2026 0:00,1133.58,1007,1141.84,689,89.6,0.5596,0.334,0.369,99.297,,,,,,,,,
ANR,Ruckman,1/1/2023 0:00,0,0,0,0,0,0,0,0,0,,,,,,,,,
ANR,Ruckman,1/2/2023 0:00,0,0,0,0,0,0,0,0,0,,,,,,,,,
ANR,Ruckman,1/3/2023 0:00,0,0,0,0,0,0,0,0,0,,,,,,,,,
ANR,Ruckman,1/4/2023 0:00,0,0,0,0,0,0,0,0,0,,,,,,,,,
ANR,Ruckman,1/5/2023 0:00,0,0,0,0,0,0,0,0,0,,,,,,,,,
ANR,Ruckman,1/6/2023 0:00,0,0,0,0,0,0,0,0,0,,,,,,,,,
ANR,Ruckman,1/7/2023 0:00,0,0,0,0,0,0,0,0,0,,,,,,,,,
ANR,Ruckman,1/8/2023 0:00,0,0,0,0,0,0,0,0,0,,,,,,,,,
ANR,Ruckman,1/9/2023 0:00,0,0,0,0,0,0,0,0,0,,,,,,,,,
ANR,Ruckman,1/10/2023 0:00,0,0,0,0,0,0,0,0,0,,,,,,,,,
ANR,Ruckman,1/11/2023 0:00,0,0,0,0,0,0,0,0,0,,,,,,,,,
ANR,Ruckman,1/12/2023 0:00,0,0,0,0,0,0,0,0,0,,,,,,,,,
ANR,Ruckman,1/13/2023 0:00,0,0,0,0,0,0,0,0,0,,,,,,,,,
ANR,Ruckman,1/14/2023 0:00,0,0,0,0,0,0,0,0,0,,,,,,,,,
ANR,Ruckman,1/15/2023 0:00,0,0,0,0,0,0,0,0,0,,,,,,,,,
ANR,Ruckman,1/16/2023 0:00,0,0,0,0,0,0,0,0,0,,,,,,,,,
ANR,Ruckman,1/17/2023 0:00,0,0,0,0,0,0,0,0,0,,,,,,,,,
ANR,Ruckman,1/18/2023 0:00,0,0,0,0,0,0,0,0,0,,,,,,,,,
ANR,Ruckman,1/19/2023 0:00,0,0,0,0,0,0,0,0,0,,,,,,,,,
ANR,Ruckman,1/20/2023 0:00,0,0,0,0,0,0,0,0,0,,,,,,,,,
ANR,Ruckman,1/21/2023 0:00,0,0,0,0,0,0,0,0,0,,,,,,,,,
ANR,Ruckman,1/22/2023 0:00,0,0,0,0,0,0,0,0,0,,,,,,,,,
ANR,Ruckman,1/23/2023 0:00,0,0,0,0,0,0,0,0,0,,,,,,,,,
ANR,Ruckman,1/24/2023 0:00,0,0,0,0,0,0,0,0,0,,,,,,,,,
ANR,Ruckman,1/25/2023 0:00,0,0,0,0,0,0,0,0,0,,,,,,,,,
ANR,Ruckman,1/26/2023 0:00,0,0,0,0,0,0,0,0,0,,,,,,,,,
ANR,Ruckman,1/27/2023 0:00,0,0,0,0,0,0,0,0,0,,,,,,,,,
ANR,Ruckman,1/28/2023 0:00,0,0,0,0,0,0,0,0,0,,,,,,,,,
ANR,Ruckman,1/29/2023 0:00,0,0,0,0,0,0,0,0,0,,,,,,,,,
ANR,Ruckman,1/30/2023 0:00,0,0,0,0,0,0,0,0,0,,,,,,,,,
ANR,Ruckman,1/31/2023 0:00,0,0,0,0,0,0,0,0,0,,,,,,,,,
ANR,Ruckman,2/1/2023 0:00,0,0,0,0,0,0,0,0,0,,,,,,,,,
ANR,Ruckman,2/2/2023 0:00,0,0,0,0,0,0,0,0,0,,,,,,,,,
ANR,Ruckman,2/3/2023 0:00,0,0,0,0,0,0,0,0,0,,,,,,,,,
ANR,Ruckman,2/4/2023 0:00,0,0,0,0,0,0,0,0,0,,,,,,,,,
ANR,Ruckman,2/5/2023 0:00,0,0,0,0,0,0,0,0,0,,,,,,,,,
ANR,Ruckman,2/6/2023 0:00,0,0,0,0,0,0,0,0,0,,,,,,,,,
ANR,Ruckman,2/7/2023 0:00,0,0,0,0,0,0,0,0,0,,,,,,,,,
ANR,Ruckman,2/8/2023 0:00,0,0,0,0,0,0,0,0,0,,,,,,,,,
ANR,Ruckman,2/9/2023 0:00,0,0,0,0,0,0,0,0,0,,,,,,,,,
ANR,Ruckman,2/10/2023 0:00,0,0,0,0,0,0,0,0,0,,,,,,,,,
ANR,Ruckman,2/11/2023 0:00,0,0,0,0,0,0,0,0,0,,,,,,,,,
ANR,Ruckman,2/12/2023 0:00,0,0,0,0,0,0,0,0,0,,,,,,,,,
ANR,Ruckman,2/13/2023 0:00,0,0,0,0,0,0,0,0,0,,,,,,,,,
ANR,Ruckman,2/14/2023 0:00,0,0,0,0,0,0,0,0,0,,,,,,,,,
ANR,Ruckman,2/15/2023 0:00,0,0,0,0,0,0,0,0,0,,,,,,,,,
ANR,Ruckman,2/16/2023 0:00,0,0,0,0,0,0,0,0,0,,,,,,,,,
ANR,Ruckman,2/17/2023 0:00,0,0,0,0,0,0,0,0,0,,,,,,,,,
ANR,Ruckman,2/18/2023 0:00,0,0,0,0,0,0,0,0,0,,,,,,,,,
ANR,Ruckman,2/19/2023 0:00,0,0,0,0,0,0,0,0,0,,,,,,,,,
ANR,Ruckman,2/20/2023 0:00,0,0,0,0,0,0,0,0,0,,,,,,,,,
ANR,Ruckman,2/21/2023 0:00,0,0,0,0,0,0,0,0,0,,,,,,,,,
ANR,Ruckman,2/22/2023 0:00,0,0,0,0,0,0,0,0,0,,,,,,,,,
ANR,Ruckman,2/23/2023 0:00,0,0,0,0,0,0,0,0,0,,,,,,,,,
ANR,Ruckman,2/24/2023 0:00,0,0,0,0,0,0,0,0,0,,,,,,,,,
ANR,Ruckman,2/25/2023 0:00,0,0,0,0,0,0,0,0,0,,,,,,,,,
ANR,Ruckman,2/26/2023 0:00,0,0,0,0,0,0,0,0,0,,,,,,,,,
ANR,Ruckman,2/27/2023 0:00,0,0,0,0,0,0,0,0,0,,,,,,,,,
ANR,Ruckman,2/28/2023 0:00,0,0,0,0,0,0,0,0,0,,,,,,,,,
ANR,Ruckman,3/1/2023 0:00,0,0,0,0,0,0,0,0,0,,,,,,,,,
ANR,Ruckman,3/2/2023 0:00,0,0,0,0,0,0,0,0,0,,,,,,,,,
ANR,Ruckman,3/3/2023 0:00,0,0,0,0,0,0,0,0,0,,,,,,,,,
ANR,Ruckman,3/4/2023 0:00,0,0,0,0,0,0,0,0,0,,,,,,,,,
ANR,Ruckman,3/5/2023 0:00,0,0,0,0,0,0,0,0,0,,,,,,,,,
ANR,Ruckman,3/6/2023 0:00,0,0,0,0,0,0,0,0,0,,,,,,,,,
ANR,Ruckman,3/7/2023 0:00,0,0,0,0,0,0,0,0,0,,,,,,,,,
ANR,Ruckman,3/8/2023 0:00,0,0,0,0,0,0,0,0,0,,,,,,,,,
ANR,Ruckman,3/9/2023 0:00,0,0,0,0,0,0,0,0,0,,,,,,,,,
ANR,Ruckman,3/10/2023 0:00,0,0,0,0,0,0,0,0,0,,,,,,,,,
ANR,Ruckman,3/11/2023 0:00,0,0,0,0,0,0,0,0,0,,,,,,,,,
ANR,Ruckman,3/12/2023 0:00,0,0,0,0,0,0,0,0,0,,,,,,,,,
ANR,Ruckman,3/13/2023 0:00,0,0,0,0,0,0,0,0,0,,,,,,,,,
ANR,Ruckman,3/14/2023 0:00,0,0,0,0,0,0,0,0,0,,,,,,,,,
ANR,Ruckman,3/15/2023 0:00,0,0,0,0,0,0,0,0,0,,,,,,,,,
ANR,Ruckman,3/16/2023 0:00,0,0,0,0,0,0,0,0,0,,,,,,,,,
ANR,Ruckman,3/17/2023 0:00,0,0,0,0,0,0,0,0,0,,,,,,,,,
ANR,Ruckman,3/18/2023 0:00,0,0,0,0,0,0,0,0,0,,,,,,,,,
ANR,Ruckman,3/19/2023 0:00,0,0,0,0,0,0,0,0,0,,,,,,,,,
ANR,Ruckman,3/20/2023 0:00,0,0,0,0,0,0,0,0,0,,,,,,,,,
ANR,Ruckman,3/21/2023 0:00,0,0,0,0,0,0,0,0,0,,,,,,,,,
ANR,Ruckman,3/22/2023 0:00,0,0,0,0,0,0,0,0,0,,,,,,,,,
ANR,Ruckman,3/23/2023 0:00,0,0,0,0,0,0,0,0,0,,,,,,,,,
ANR,Ruckman,3/24/2023 0:00,0,0,0,0,0,0,0,0,0,,,,,,,,,
ANR,Ruckman,3/25/2023 0:00,0,0,0,0,0,0,0,0,0,,,,,,,,,
ANR,Ruckman,3/26/2023 0:00,0,0,0,0,0,0,0,0,0,,,,,,,,,
ANR,Ruckman,3/27/2023 0:00,0,0,0,0,0,0,0,0,0,,,,,,,,,
ANR,Ruckman,3/28/2023 0:00,0,0,0,0,0,0,0,0,0,,,,,,,,,
ANR,Ruckman,3/29/2023 0:00,0,0,0,0,0,0,0,0,0,,,,,,,,,
ANR,Ruckman,3/30/2023 0:00,0,0,0,0,0,0,0,0,0,,,,,,,,,
ANR,Ruckman,3/31/2023 0:00,0,0,0,0,0,0,0,0,0,,,,,,,,,
ANR,Ruckman,4/1/2023 0:00,0,0,0,0,0,0,0,0,0,,,,,,,,,
ANR,Ruckman,4/2/2023 0:00,0,0,0,0,0,0,0,0,0,,,,,,,,,
ANR,Ruckman,4/3/2023 0:00,0,0,0,0,0,0,0,0,0,,,,,,,,,
ANR,Ruckman,4/4/2023 0:00,0,0,0,0,0,0,0,0,0,,,,,,,,,
ANR,Ruckman,4/5/2023 0:00,0,0,0,0,0,0,0,0,0,,,,,,,,,
ANR,Ruckman,4/6/2023 0:00,17,1027.2,17,913,55,0.5864,0.5738,1.2747,98.1515,,,,,,,,,
ANR,Ruckman,4/7/2023 0:00,0,0,0,0,0,0,0,0,0,,,,,,,,,
ANR,Ruckman,4/8/2023 0:00,0,0,0,0,0,0,0,0,0,,,,,,,,,
ANR,Ruckman,4/9/2023 0:00,0,0,0,0,0,0,0,0,0,,,,,,,,,
ANR,Ruckman,4/10/2023 0:00,0,0,0,0,0,0,0,0,0,,,,,,,,,
ANR,Ruckman,4/11/2023 0:00,0,0,0,0,0,0,0,0,0,,,,,,,,,
ANR,Ruckman,4/12/2023 0:00,0,0,0,0,0,0,0,0,0,,,,,,,,,
ANR,Ruckman,4/13/2023 0:00,0,0,0,0,0,0,0,0,0,,,,,,,,,
ANR,Ruckman,4/14/2023 0:00,0,0,0,0,0,0,0,0,0,,,,,,,,,
ANR,Ruckman,4/15/2023 0:00,0,0,0,0,0,0,0,0,0,,,,,,,,,
ANR,Ruckman,4/16/2023 0:00,0,0,0,0,0,0,0,0,0,,,,,,,,,
ANR,Ruckman,4/17/2023 0:00,0,0,0,0,0,0,0,0,0,,,,,,,,,
ANR,Ruckman,4/18/2023 0:00,0,0,0,0,0,0,0,0,0,,,,,,,,,
ANR,Ruckman,4/19/2023 0:00,0,0,0,0,0,0,0,0,0,,,,,,,,,
ANR,Ruckman,4/20/2023 0:00,0,0,0,0,0,0,0,0,0,,,,,,,,,
ANR,Ruckman,4/21/2023 0:00,0,0,0,0,0,0,0,0,0,,,,,,,,,
ANR,Ruckman,4/22/2023 0:00,0,0,0,0,0,0,0,0,0,,,,,,,,,
ANR,Ruckman,4/23/2023 0:00,0,0,0,0,0,0,0,0,0,,,,,,,,,
ANR,Ruckman,4/24/2023 0:00,2,1024.3,2,869.3,56.6,0.586,0.4948,1.5322,97.973,,,,,,,,,
ANR,Ruckman,4/25/2023 0:00,0,0,0,0,0,0,0,0,0,,,,,,,,,
ANR,Ruckman,4/26/2023 0:00,189,988,187,857.8,64.7,0.5663,0.0704,2.5635,97.3661,,,,,,,,,
ANR,Ruckman,4/27/2023 0:00,300,993.8,298,928.8,67.1,0.5689,0.8074,1.3384,97.8542,,,,,,,,,
ANR,Ruckman,4/28/2023 0:00,126,988.7,125,937,61.3,0.5655,0.048,2.4803,97.4717,,,,,,,,,
ANR,Ruckman,4/29/2023 0:00,0,0,0,0,0,0,0,0,0,,,,,,,,,
ANR,Ruckman,4/30/2023 0:00,0,0,0,0,0,0,0,0,0,,,,,,,,,
ANR,Ruckman,5/1/2023 0:00,0,0,0,0,0,0,0,0,0,,,,,,,,,
ANR,Ruckman,5/2/2023 0:00,622,992.6,618,839.5,56.1,0.5641,0.0306,2.1376,97.8318,,,,,,,,,
ANR,Ruckman,5/3/2023 0:00,771,993.1,765,822.3,62.2,0.5636,0.0317,2.0583,97.91,,,,,,,,,
ANR,Ruckman,5/4/2023 0:00,951,989.3,940,928.6,68.5,0.5651,0.0279,2.4386,97.5335,,,,,,,,,
ANR,Ruckman,5/5/2023 0:00,92,989.6,91,954.1,58.4,0.5649,0.011,2.4203,97.5687,,,,,,,,,
ANR,Ruckman,5/6/2023 0:00,0,0,0,0,0,0,0,0,0,,,,,,,,,
ANR,Ruckman,5/7/2023 0:00,0,0,0,0,0,0,0,0,0,,,,,,,,,
ANR,Ruckman,5/8/2023 0:00,705,993.3,700,875.5,67.3,0.5637,0.0277,2.0638,97.9085,,,,,,,,,
ANR,Ruckman,5/9/2023 0:00,942,991.6,932,896.5,69.1,0.5642,0.0326,2.2044,97.763,,,,,,,,,
ANR,Ruckman,5/10/2023 0:00,947,992.7,938,929.7,74.4,0.5638,0.0482,2.0823,97.8695,,,,,,,,,
ANR,Ruckman,5/11/2023 0:00,920,994.4,913,944.1,70.3,0.5632,0.0589,1.9043,98.0368,,,,,,,,,
ANR,Ruckman,5/12/2023 0:00,929,993.9,922,938.8,74.4,0.5636,0.0889,1.92,97.9911,,,,,,,,,
ANR,Ruckman,5/13/2023 0:00,570,996.2,568,919.5,73,0.5623,0.0373,1.7468,98.2159,,,,,,,,,
ANR,Ruckman,5/14/2023 0:00,375,998,374,914.4,71.6,0.5617,0.0556,1.5517,98.3927,,,,,,,,,
ANR,Ruckman,5/15/2023 0:00,366,988,362,840.3,65.6,0.5665,0.176,2.4207,97.4033,,,,,,,,,
ANR,Ruckman,5/16/2023 0:00,393,991.1,390,801,66.9,0.5652,0.1871,2.0978,97.7151,,,,,,,,,
ANR,Ruckman,5/17/2023 0:00,806,1001.9,805,810.4,66.8,0.5602,0.0687,1.159,98.7723,,,,,,,,,
ANR,Ruckman,5/18/2023 0:00,959,1001.7,958,905.1,73.4,0.5604,0.0886,1.1567,98.7547,,,,,,,,,
ANR,Ruckman,5/19/2023 0:00,880,1001.1,878,931.9,65.6,0.5606,0.0888,1.2106,98.7006,,,,,,,,,
ANR,Ruckman,5/20/2023 0:00,1130,1003.4,1130,939.4,70.1,0.56,0.0848,1.0204,98.8948,,,,,,,,,
ANR,Ruckman,5/21/2023 0:00,564,1007.6,569,912.9,68.5,0.558,0.0771,0.5919,99.331,,,,,,,,,
ANR,Ruckman,5/22/2023 0:00,1108,1005.3,1110,893.4,70.5,0.559,0.0775,0.8215,99.101,,,,,,,,,
ANR,Ruckman,5/23/2023 0:00,1285,1003.3,1284,929.6,75.3,0.5598,0.0962,0.9975,98.9063,,,,,,,,,
ANR,Ruckman,5/24/2023 0:00,1415,1003.3,1415,942.6,77.7,0.5602,0.1673,0.9198,98.9129,,,,,,,,,
ANR,Ruckman,5/25/2023 0:00,1337,1003.4,1339,944,76,0.5604,0.2062,0.8774,98.9164,,,,,,,,,
ANR,Ruckman,5/26/2023 0:00,1065,1002.1,1067,951.1,82.4,0.561,0.1423,1.1121,98.7456,,,,,,,,,
ANR,Ruckman,5/27/2023 0:00,934,1008.8,941,938.6,74.4,0.5573,0.0419,0.5077,99.4504,,,,,,,,,
ANR,Ruckman,5/28/2023 0:00,543,1010.4,549,939.8,72.7,0.5564,0.0101,0.3767,99.6132,,,,,,,,,
ANR,Ruckman,5/29/2023 0:00,588,1010.6,594,919,75.1,0.5563,0.0062,0.3584,99.6354,,,,,,,,,
ANR,Ruckman,5/30/2023 0:00,1176,1008.6,1184,919.4,75,0.5575,0.0602,0.5096,99.4302,,,,,,,,,
ANR,Ruckman,5/31/2023 0:00,1218,1007.9,1225,928,77.1,0.5578,0.0694,0.5671,99.3635,,,,,,,,,
ANR,Ruckman,6/1/2023 0:00,1095,1008,1102,942.6,74.7,0.5577,0.0608,0.5667,99.3725,,,,,,,,,
ANR,Ruckman,6/2/2023 0:00,968,1008.3,974,916,76.7,0.5575,0.0524,0.5455,99.4021,,,,,,,,,
ANR,Ruckman,6/3/2023 0:00,1323,1007.2,1329,931.1,81,0.558,0.0531,0.6486,99.2983,,,,,,,,,
ANR,Ruckman,6/4/2023 0:00,1105,1007.8,1111,934.3,79.9,0.5576,0.0402,0.6009,99.3589,,,,,,,,,
ANR,Ruckman,6/5/2023 0:00,927,1005.7,931,871.7,87.2,0.5587,0.0719,0.7759,99.1522,,,,,,,,,
ANR,Ruckman,6/6/2023 0:00,1261,1006.1,1265,852.5,80.6,0.5584,0.0461,0.7694,99.1845,,,,,,,,,
ANR,Ruckman,6/7/2023 0:00,1171,1007.3,1176,725,76.2,0.5579,0.0442,0.6486,99.3072,,,,,,,,,
ANR,Ruckman,6/8/2023 0:00,1214,1007.2,1219,727,70.6,0.558,0.0636,0.6379,99.2985,,,,,,,,,
ANR,Ruckman,6/9/2023 0:00,1169,1004.6,1173,830.5,75.4,0.5599,0.2161,0.7421,99.0418,,,,,,,,,
ANR,Ruckman,6/10/2023 0:00,1296,1004.7,1300,834.1,73.5,0.56,0.2283,0.7208,99.0509,,,,,,,,,
ANR,Ruckman,6/11/2023 0:00,1173,1005.3,1178,880.5,68.5,0.5597,0.2287,0.6646,99.1067,,,,,,,,,
ANR,Ruckman,6/12/2023 0:00,1373,1004.9,1378,876.6,74.4,0.56,0.2565,0.6769,99.0666,,,,,,,,,
ANR,Ruckman,6/13/2023 0:00,1501,1005,1505,893.3,77.2,0.5597,0.202,0.7245,99.0735,,,,,,,,,
ANR,Ruckman,6/14/2023 0:00,1677,1003.4,1679,898.9,81.4,0.5609,0.3052,0.775,98.9198,,,,,,,,,
ANR,Ruckman,6/15/2023 0:00,1396,1002.7,1399,906.5,88.6,0.5616,0.3618,0.7913,98.8469,,,,,,,,,
ANR,Ruckman,6/16/2023 0:00,1080,1001.9,1082,909.9,87,0.562,0.3915,0.8389,98.7696,,,,,,,,,
ANR,Ruckman,6/17/2023 0:00,1473,1005.7,1478,915,81,0.5593,0.1895,0.664,99.1465,,,,,,,,,
ANR,Ruckman,6/18/2023 0:00,1490,1006.2,1497,913.4,79.1,0.5592,0.1913,0.6149,99.1938,,,,,,,,,
ANR,Ruckman,6/19/2023 0:00,1471,1007,1480,933.7,83.7,0.5585,0.1291,0.5998,99.2711,,,,,,,,,
ANR,Ruckman,6/20/2023 0:00,1469,1006.7,1477,912.3,81.1,0.5586,0.1315,0.6237,99.2448,,,,,,,,,
ANR,Ruckman,6/21/2023 0:00,1254,1004.2,1260,909.5,87.4,0.5606,0.3012,0.6974,99.0014,,,,,,,,,
ANR,Ruckman,6/22/2023 0:00,1392,1004.3,1397,896.4,86.3,0.561,0.3188,0.7101,98.9711,,,,,,,,,
ANR,Ruckman,6/23/2023 0:00,1502,1005.2,1509,882.5,85.1,0.56,0.2641,0.6383,99.0976,,,,,,,,,
ANR,Ruckman,6/24/2023 0:00,1742,1005.8,1750,883.2,84.5,0.5597,0.2482,0.6056,99.1462,,,,,,,,,
ANR,Ruckman,6/25/2023 0:00,892,1005.7,895,933.5,78.8,0.5595,0.2099,0.6438,99.1463,,,,,,,,,
ANR,Ruckman,6/26/2023 0:00,1564,1005.6,1571,935.4,80.9,0.5598,0.2561,0.6113,99.1326,,,,,,,,,
ANR,Ruckman,6/27/2023 0:00,1512,1005.8,1520,928.6,82.9,0.5596,0.2415,0.6014,99.1571,,,,,,,,,
ANR,Ruckman,6/28/2023 0:00,1285,1004.5,1290,937.5,88.5,0.5606,0.3309,0.6461,99.023,,,,,,,,,
ANR,Ruckman,6/29/2023 0:00,1384,1005.2,1389,908.5,81.6,0.56,0.262,0.6445,99.0935,,,,,,,,,
ANR,Ruckman,6/30/2023 0:00,1710,1005.1,1718,895.2,81.1,0.5599,0.2547,0.6573,99.088,,,,,,,,,
ANR,Ruckman,7/1/2023 0:00,1432,1006.1,1439,886.8,78.7,0.559,0.1658,0.6429,99.1913,,,,,,,,,
ANR,Ruckman,7/2/2023 0:00,661,999.3,661,892.9,81.8,0.564,0.5559,0.932,98.5121,,,,,,,,,
ANR,Ruckman,7/3/2023 0:00,1127,1005.1,1133,909.9,84.8,0.5599,0.2517,0.6627,99.0856,,,,,,,,,
ANR,Ruckman,7/4/2023 0:00,1348,1004.3,1352,902.8,88.3,0.5603,0.2611,0.7272,99.0117,,,,,,,,,
ANR,Ruckman,7/5/2023 0:00,1158,1003.7,1162,888.7,78.2,0.5606,0.2621,0.7889,98.949,,,,,,,,,
ANR,Ruckman,7/6/2023 0:00,1350,1006,1357,887.1,74,0.559,0.1555,0.6652,99.1793,,,,,,,,,
ANR,Ruckman,7/7/2023 0:00,1706,1004.4,1711,899.1,74.9,0.5604,0.2949,0.6838,99.0213,,,,,,,,,
ANR,Ruckman,7/8/2023 0:00,1517,1004.4,1523,914.5,77.1,0.5605,0.3015,0.6776,99.0209,,,,,,,,,
ANR,Ruckman,7/9/2023 0:00,1374,1004.2,1379,924.5,81.7,0.5608,0.3418,0.6574,99.0008,,,,,,,,,
ANR,Ruckman,7/10/2023 0:00,1276,1004.4,1281,950.2,87.6,0.5607,0.3334,0.647,99.0196,,,,,,,,,
ANR,Ruckman,7/11/2023 0:00,1462,1005.3,1469,919.7,85,0.5597,0.2191,0.6722,99.1087,,,,,,,,,
ANR,Ruckman,7/12/2023 0:00,1237,1005.9,1243,877.3,80,0.5594,0.2096,0.6286,99.1618,,,,,,,,,
ANR,Ruckman,7/13/2023 0:00,1568,1005.1,1575,855.6,81.8,0.56,0.2686,0.6419,99.0895,,,,,,,,,
ANR,Ruckman,7/14/2023 0:00,1485,1004.4,1491,830,80.3,0.5603,0.2698,0.7152,99.015,,,,,,,,,
ANR,Ruckman,7/15/2023 0:00,777,1005.8,781,833.5,80.9,0.5595,0.2226,0.6154,99.162,,,,,,,,,
ANR,Ruckman,7/16/2023 0:00,571,1006.7,574,862.8,77.8,0.5584,0.0967,0.6601,99.2432,,,,,,,,,
ANR,Ruckman,7/17/2023 0:00,1053,1001.6,1056,884.7,78.9,0.5636,0.6582,0.6018,98.74,,,,,,,,,
ANR,Ruckman,7/18/2023 0:00,1896,1002.5,1901,803.1,78,0.5618,0.4032,0.7672,98.8296,,,,,,,,,
ANR,Ruckman,7/19/2023 0:00,1340,1004.6,1345,799.8,79.4,0.56,0.219,0.7466,99.0344,,,,,,,,,
ANR,Ruckman,7/20/2023 0:00,1291,1004.4,1296,825.3,79.3,0.56,0.2115,0.7684,99.0201,,,,,,,,,
ANR,Ruckman,7/21/2023 0:00,898,1006.4,904,813.3,76.3,0.5583,0.0592,0.7243,99.2165,,,,,,,,,
ANR,Ruckman,7/22/2023 0:00,719,1002.6,720,824.5,82.4,0.5613,0.3146,0.8428,98.8426,,,,,,,,,
ANR,Ruckman,7/23/2023 0:00,591,1004,593,829.3,81.5,0.5599,0.1722,0.8504,98.9774,,,,,,,,,
ANR,Ruckman,7/24/2023 0:00,1448,1004,1454,819.1,81.3,0.5604,0.2544,0.7685,98.9771,,,,,,,,,
ANR,Ruckman,7/25/2023 0:00,929,1000.3,931,841.6,83.9,0.564,0.6285,0.7587,98.6128,,,,,,,,,
ANR,Ruckman,7/26/2023 0:00,1456,1003.5,1461,830.8,86.5,0.5612,0.3609,0.7072,98.9319,,,,,,,,,
ANR,Ruckman,7/27/2023 0:00,1842,1003,1848,832.7,85.2,0.5615,0.3788,0.7371,98.8841,,,,,,,,,
ANR,Ruckman,7/28/2023 0:00,1375,1004.1,1380,829.4,87.1,0.5603,0.2363,0.7722,98.9915,,,,,,,,,
ANR,Ruckman,7/29/2023 0:00,399,1002.5,400,840,76.9,0.5606,0.171,1,98.829,,,,,,,,,
ANR,Ruckman,7/30/2023 0:00,432,999.7,432,828.8,79,0.5632,0.4523,0.988,98.5597,,,,,,,,,
ANR,Ruckman,7/31/2023 0:00,692,1001.3,694,839.2,78.1,0.5634,0.5845,0.7079,98.7076,,,,,,,,,
ANR,Ruckman,8/1/2023 0:00,48,999.3,48,819.9,74.1,0.5662,0.9298,0.5669,98.5033,,,,,,,,,
ANR,Ruckman,8/2/2023 0:00,1321,1004.1,1325,827.5,75,0.5606,0.3026,0.7077,98.9897,,,,,,,,,
ANR,Ruckman,8/3/2023 0:00,1915,1003.6,1921,823.8,78.2,0.5616,0.4383,0.6236,98.9381,,,,,,,,,
ANR,Ruckman,8/4/2023 0:00,1002,1002.5,1004,832.2,75.2,0.563,0.5979,0.5773,98.8248,,,,,,,,,
ANR,Ruckman,8/5/2023 0:00,0,0,0,0,0,0,0,0,0,,,,,,,,,
ANR,Ruckman,8/6/2023 0:00,18,1025.8,18,867.3,68.6,0.5831,0.6104,0.9981,98.3915,,,,,,,,,
ANR,Ruckman,8/7/2023 0:00,910,999.5,911,861.7,79.2,0.5658,0.8962,0.5698,98.534,,,,,,,,,
ANR,Ruckman,8/8/2023 0:00,937,1002.6,939,859.8,82.4,0.5618,0.3968,0.7655,98.8377,,,,,,,,,
ANR,Ruckman,8/9/2023 0:00,1369,1004.4,1375,858.7,74.7,0.56,0.2152,0.7663,99.0185,,,,,,,,,
ANR,Ruckman,8/10/2023 0:00,1199,1003.5,1203,859.2,69.1,0.5605,0.2386,0.8304,98.931,,,,,,,,,
ANR,Ruckman,8/11/2023 0:00,776,998.8,777,850.1,70.8,0.565,0.6901,0.8502,98.4597,,,,,,,,,
ANR,Ruckman,8/12/2023 0:00,0,0,0,0,0,0,0,0,0,,,,,,,,,
ANR,Ruckman,8/13/2023 0:00,14,1017.7,14,867.9,71.9,0.5786,0.7045,0.9313,98.3642,,,,,,,,,
ANR,Ruckman,8/14/2023 0:00,1308,1002.2,1310,872.3,67.1,0.5614,0.3065,0.89,98.8035,,,,,,,,,
ANR,Ruckman,8/15/2023 0:00,650,1001.6,649,842.8,66.9,0.5615,0.2783,0.9755,98.7462,,,,,,,,,
ANR,Ruckman,8/16/2023 0:00,902,998.4,903,849.5,78.7,0.5657,0.7957,0.7823,98.422,,,,,,,,,
ANR,Ruckman,8/17/2023 0:00,1465,1001.4,1468,860.6,76.5,0.5624,0.4202,0.8533,98.7265,,,,,,,,,
ANR,Ruckman,8/18/2023 0:00,1531,1000.9,1533,868.5,79.7,0.563,0.4946,0.8358,98.6696,,,,,,,,,
ANR,Ruckman,8/19/2023 0:00,0,0,0,0,0,0,0,0,0,,,,,,,,,
ANR,Ruckman,8/20/2023 0:00,25,1000,25,911.7,77,0.5648,0.6754,0.7789,98.5457,,,,,,,,,
ANR,Ruckman,8/21/2023 0:00,1433,1001.1,1436,900.7,88.3,0.5632,0.5536,0.7536,98.6928,,,,,,,,,
ANR,Ruckman,8/22/2023 0:00,972,998.9,972,902.5,90.3,0.5651,0.7198,0.8123,98.4679,,,,,,,,,
ANR,Ruckman,8/23/2023 0:00,902,999.3,903,880.4,90.3,0.5649,0.7132,0.7736,98.5132,,,,,,,,,
ANR,Ruckman,8/24/2023 0:00,890,998.3,891,878.2,91.6,0.5649,0.6438,0.9408,98.4154,,,,,,,,,
ANR,Ruckman,8/25/2023 0:00,1124,993.9,1120,875.8,90.4,0.5672,0.7331,1.2817,97.9852,,,,,,,,,
ANR,Ruckman,8/26/2023 0:00,0,0,0,0,0,0,0,0,0,,,,,,,,,
ANR,Ruckman,8/27/2023 0:00,14,1003.6,14,892.1,73.8,0.5756,0.809,1.3548,97.8362,,,,,,,,,
ANR,Ruckman,8/28/2023 0:00,351,987.3,346,892.5,86.3,0.5723,1.1698,1.5025,97.3277,,,,,,,,,
ANR,Ruckman,8/29/2023 0:00,676,1003.9,679,881.4,78.4,0.5597,0.1226,0.9096,98.9678,,,,,,,,,
ANR,Ruckman,8/30/2023 0:00,1297,998.4,1297,900.9,86.1,0.5644,0.5655,1.0106,98.4239,,,,,,,,,
ANR,Ruckman,8/31/2023 0:00,1094,1003.2,1096,865.4,76.8,0.5605,0.2105,0.8902,98.8993,,,,,,,,,
ANR,Ruckman,9/1/2023 0:00,0,0,0,0,0,0,0,0,0,,,,,,,,,
ANR,Ruckman,9/2/2023 0:00,0,0,0,0,0,0,0,0,0,,,,,,,,,
ANR,Ruckman,9/3/2023 0:00,0,0,0,0,0,0,0,0,0,,,,,,,,,
ANR,Ruckman,9/4/2023 0:00,0,0,0,0,0,0,0,0,0,,,,,,,,,
ANR,Ruckman,9/5/2023 0:00,1635,1001.9,1639,933.8,80.7,0.5626,0.4296,0.8278,98.7426,,,,,,,,,
ANR,Ruckman,9/6/2023 0:00,774,1002.3,775,910.4,76.3,0.562,0.415,0.7735,98.8115,,,,,,,,,
ANR,Ruckman,9/7/2023 0:00,733,1003.4,735,875.9,75.3,0.5605,0.2419,0.833,98.9251,,,,,,,,,
ANR,Ruckman,9/8/2023 0:00,1564,1002.7,1569,873.4,77.9,0.5613,0.3256,0.8233,98.8511,,,,,,,,,
ANR,Ruckman,9/9/2023 0:00,4,1003.6,4,862.9,68.8,0.5604,0.2169,0.846,98.9371,,,,,,,,,
ANR,Ruckman,9/10/2023 0:00,54,1013.1,55,911.8,67.8,0.5693,0.3438,0.8965,98.7597,,,,,,,,,
ANR,Ruckman,9/11/2023 0:00,1606,1002.8,1611,901.6,73,0.5617,0.4048,0.7326,98.8626,,,,,,,,,
ANR,Ruckman,9/12/2023 0:00,1549,1003.2,1553,879.8,75.2,0.5611,0.3156,0.788,98.8964,,,,,,,,,
ANR,Ruckman,9/13/2023 0:00,1500,1003.3,1505,861.2,77.4,0.5613,0.3599,0.7312,98.9089,,,,,,,,,
ANR,Ruckman,9/14/2023 0:00,1257,1004.6,1262,856.1,75,0.5597,0.1731,0.784,99.0429,,,,,,,,,
ANR,Ruckman,9/15/2023 0:00,818,1000,819,858.2,81.6,0.5651,0.8098,0.6061,98.5841,,,,,,,,,
ANR,Ruckman,9/16/2023 0:00,212,996,211,860.9,71.8,0.5688,1.1785,0.6351,98.1864,,,,,,,,,
ANR,Ruckman,9/17/2023 0:00,215,996,214,863.3,77.9,0.5688,1.1832,0.6287,98.1881,,,,,,,,,
ANR,Ruckman,9/18/2023 0:00,1272,1004.1,1276,878,74.7,0.5601,0.212,0.8012,98.9868,,,,,,,,,
ANR,Ruckman,9/19/2023 0:00,1382,1003.2,1385,915.3,78,0.5608,0.2716,0.8331,98.8953,,,,,,,,,
ANR,Ruckman,9/20/2023 0:00,1420,1002,1423,929.1,72.1,0.5619,0.3746,0.843,98.7824,,,,,,,,,
ANR,Ruckman,9/21/2023 0:00,1230,1002.4,1232,909.2,76.2,0.5612,0.2751,0.9011,98.8238,,,,,,,,,
ANR,Ruckman,9/22/2023 0:00,951,999.9,951,895.9,77.5,0.5646,0.7061,0.7238,98.5701,,,,,,,,,
ANR,Ruckman,9/23/2023 0:00,395,993.1,393,865.1,77.2,0.5698,1.1468,0.9487,97.9045,,,,,,,,,
ANR,Ruckman,9/24/2023 0:00,254,994,252,862.9,79.3,0.5696,1.1777,0.835,97.9873,,,,,,,,,
ANR,Ruckman,9/25/2023 0:00,664,1002.9,665,849.3,74.6,0.5605,0.201,0.9259,98.8731,,,,,,,,,
ANR,Ruckman,9/26/2023 0:00,836,1001,835,853.2,74.6,0.5617,0.2751,1.0427,98.6822,,,,,,,,,
ANR,Ruckman,9/27/2023 0:00,1306,1003.7,1310,873.8,72.2,0.5601,0.1736,0.8735,98.9529,,,,,,,,,
ANR,Ruckman,9/28/2023 0:00,1143,1005.7,1148,852.3,74.5,0.5591,0.1465,0.7092,99.1443,,,,,,,,,
ANR,Ruckman,9/29/2023 0:00,1010,1006.9,1016,912.4,78,0.558,0.0444,0.6871,99.2685,,,,,,,,,
ANR,Ruckman,9/30/2023 0:00,479,1007.4,482,958.9,77.9,0.5577,0.0112,0.6738,99.315,,,,,,,,,
ANR,Ruckman,10/1/2023 0:00,481,1008.3,485,947.4,78.2,0.5573,0.0194,0.5713,99.4093,,,,,,,,,
ANR,Ruckman,10/2/2023 0:00,923,1002.8,924,947.4,79.8,0.5611,0.2885,0.8493,98.8622,,,,,,,,,
ANR,Ruckman,10/3/2023 0:00,1327,1002.7,1331,961.1,82.1,0.5624,0.5072,0.6485,98.8443,,,,,,,,,
ANR,Ruckman,10/4/2023 0:00,1400,1003,1403,925,74,0.5606,0.2232,0.8935,98.8833,,,,,,,,,
ANR,Ruckman,10/5/2023 0:00,915,1002.1,916,903.3,70.9,0.5618,0.3648,0.8401,98.7951,,,,,,,,,
ANR,Ruckman,10/6/2023 0:00,501,998.3,500,906.4,69.5,0.5654,0.7389,0.8444,98.4167,,,,,,,,,
ANR,Ruckman,10/7/2023 0:00,0,0,0,0,0,0,0,0,0,,,,,,,,,
ANR,Ruckman,10/8/2023 0:00,51,1006.7,51,855.2,59.8,0.5762,1.1561,0.6877,98.1562,,,,,,,,,
ANR,Ruckman,10/9/2023 0:00,1156,1002.5,1157,845.4,64.4,0.5616,0.3566,0.8116,98.8318,,,,,,,,,
ANR,Ruckman,10/10/2023 0:00,1121,1005.4,1127,888.2,66.7,0.5593,0.1663,0.7131,99.1206,,,,,,,,,
ANR,Ruckman,10/11/2023 0:00,1414,1001.2,1415,849.4,73.3,0.5628,0.4844,0.8111,98.7045,,,,,,,,,
ANR,Ruckman,10/12/2023 0:00,1106,1002.7,1110,851.8,66,0.5614,0.3427,0.8036,98.8537,,,,,,,,,
ANR,Ruckman,10/13/2023 0:00,854,998.1,855,877,72.9,0.5666,0.9262,0.6801,98.3937,,,,,,,,,
ANR,Ruckman,10/14/2023 0:00,0,0,0,0,0,0,0,0,0,,,,,,,,,
ANR,Ruckman,10/15/2023 0:00,84,1012.9,85,938.9,49.2,0.568,0.248,0.912,98.84,,,,,,,,,
ANR,Ruckman,10/16/2023 0:00,535,999.8,537,934.2,68.5,0.565,0.588,0.907,98.505,,,,,,,,,
ANR,Ruckman,10/17/2023 0:00,1093,1003.4,1096,906.9,67.3,0.56,0.143,0.94,98.917,,,,,,,,,
ANR,Ruckman,10/18/2023 0:00,1057,1004.9,1061,895.4,68.2,0.56,0.16,0.776,99.064,,,,,,,,,
ANR,Ruckman,10/19/2023 0:00,1205,1003.8,1207,884.2,63.3,0.561,0.285,0.76,98.955,,,,,,,,,
ANR,Ruckman,10/20/2023 0:00,301,998.4,301,873.8,72.8,0.566,0.871,0.707,98.422,,,,,,,,,
ANR,Ruckman,10/21/2023 0:00,0,0,0,0,0,0,0,0,0,,,,,,,,,
ANR,Ruckman,10/22/2023 0:00,0,0,0,0,0,0,0,0,0,,,,,,,,,
ANR,Ruckman,10/23/2023 0:00,270,983.3,266,914.2,72.4,0.574,1.045,2.086,96.869,,,,,,,,,
ANR,Ruckman,10/24/2023 0:00,1001,1002,1002,894.1,64.2,0.561,0.257,0.956,98.787,,,,,,,,,
ANR,Ruckman,10/25/2023 0:00,816,1005.4,819,899.1,68.4,0.559,0.129,0.755,99.116,,,,,,,,,
ANR,Ruckman,10/26/2023 0:00,677,1006.7,682,881,66,0.558,0.004,0.751,99.245,,,,,,,,,
ANR,Ruckman,10/27/2023 0:00,688,991.4,684,871.7,60.7,0.568,0.773,1.494,97.733,,,,,,,,,
ANR,Ruckman,10/28/2023 0:00,0,0,0,0,0,0,0,0,0,,,,,,,,,
ANR,Ruckman,10/29/2023 0:00,0,0,0,0,0,0,0,0,0,,,,,,,,,
ANR,Ruckman,10/30/2023 0:00,293,999.8,293,820.8,51.4,0.565,0.51,1.062,98.428,,,,,,,,,
ANR,Ruckman,10/31/2023 0:00,216,1008.7,219,818.3,44.7,0.56,0.097,0.654,99.249,,,,,,,,,
ANR,Ruckman,11/1/2023 0:00,0,0,0,0,0,0,0,0,0,,,,,,,,,
ANR,Ruckman,11/2/2023 0:00,884,1001.9,886,909.1,57.5,0.56,0.017,1.248,98.735,,,,,,,,,
ANR,Ruckman,11/3/2023 0:00,344,1002.5,345,940.8,59.2,0.56,0.026,1.137,98.837,,,,,,,,,
ANR,Ruckman,11/4/2023 0:00,0,0,0,0,0,0,0,0,0,,,,,,,,,
ANR,Ruckman,11/5/2023 0:00,0,0,0,0,0,0,0,0,0,,,,,,,,,
ANR,Ruckman,11/6/2023 0:00,750,1000.9,751,900.5,61.4,0.5606,0.0131,1.3422,98.6447,,,,,,,,,
ANR,Ruckman,11/7/2023 0:00,653,999.3,654,825.1,64.5,0.5609,0.0108,1.4726,98.5166,,,,,,,,,
ANR,Ruckman,11/8/2023 0:00,196,1003.3,197,799.4,56.5,0.56,0.1254,0.967,98.9076,,,,,,,,,
ANR,Ruckman,11/9/2023 0:00,186,1006,187,884.2,56.5,0.5628,0.2041,0.9466,98.8493,,,,,,,,,
ANR,Ruckman,11/10/2023 0:00,202,1005,203,822.9,54.3,0.5619,0.2025,0.9265,98.871,,,,,,,,,
ANR,Ruckman,11/11/2023 0:00,0,0,0,0,0,0,0,0,0,,,,,,,,,
ANR,Ruckman,11/12/2023 0:00,0,0,0,0,0,0,0,0,0,,,,,,,,,
ANR,Ruckman,11/13/2023 0:00,221,1003.9,223,915.4,61.8,0.5618,0.1627,1.037,98.8003,,,,,,,,,
ANR,Ruckman,11/14/2023 0:00,0,0,0,0,0,0,0,0,0,,,,,,,,,
ANR,Ruckman,11/15/2023 0:00,650,1001,648,914.5,60.3,0.5607,0.0235,1.3225,98.654,,,,,,,,,
ANR,Ruckman,11/16/2023 0:00,836,1000.3,835,947.5,58.6,0.5606,0.0219,1.3614,98.6167,,,,,,,,,
ANR,Ruckman,11/17/2023 0:00,415,991.8,411,914.4,61.6,0.5675,0.6325,1.594,97.7735,,,,,,,,,
ANR,Ruckman,11/18/2023 0:00,0,0,0,0,0,0,0,0,0,,,,,,,,,
ANR,Ruckman,11/19/2023 0:00,0,0,0,0,0,0,0,0,0,,,,,,,,,
ANR,Ruckman,11/20/2023 0:00,594,996.2,591,929.3,53.1,0.5651,0.4743,1.3468,98.1789,,,,,,,,,
ANR,Ruckman,11/21/2023 0:00,422,989.1,418,932,54.7,0.5705,0.9078,1.6233,97.4689,,,,,,,,,
ANR,Ruckman,11/22/2023 0:00,0,0,0,0,0,0,0,0,0,,,,,,,,,
ANR,Ruckman,11/23/2023 0:00,0,0,0,0,0,0,0,0,0,,,,,,,,,
ANR,Ruckman,11/24/2023 0:00,0,0,0,0,0,0,0,0,0,,,,,,,,,
ANR,Ruckman,11/25/2023 0:00,0,0,0,0,0,0,0,0,0,,,,,,,,,
ANR,Ruckman,11/26/2023 0:00,0,0,0,0,0,0,0,0,0,,,,,,,,,
ANR,Ruckman,11/27/2023 0:00,190,1004,192,858.6,40.8,0.5618,0.1532,1.0478,98.799,,,,,,,,,
ANR,Ruckman,11/28/2023 0:00,0,0,0,0,0,0,0,0,0,,,,,,,,,
ANR,Ruckman,11/29/2023 0:00,957,995.1,952,829.5,52.7,0.5641,0.2223,1.7002,98.0775,,,,,,,,,
ANR,Ruckman,11/30/2023 0:00,690,995.8,687,883.5,50,0.5623,0.0082,1.8124,98.1794,,,,,,,,,
ANR,Ruckman,12/1/2023 0:00,119,998.6,118,894,44.1,0.5612,0.0004,1.5532,98.4464,,,,,,,,,
ANR,Ruckman,12/2/2023 0:00,0,0,0,0,0,0,0,0,0,,,,,,,,,
ANR,Ruckman,12/3/2023 0:00,0,0,0,0,0,0,0,0,0,,,,,,,,,
ANR,Ruckman,12/4/2023 0:00,0,0,0,0,0,0,0,0,0,,,,,,,,,
ANR,Ruckman,12/5/2023 0:00,601,994.4,598,870.5,42.3,0.5635,0.0219,1.9864,97.9917,,,,,,,,,
ANR,Ruckman,12/6/2023 0:00,215,996.7,216,875,45.1,0.565,0.047,1.9511,98.0019,,,,,,,,,
ANR,Ruckman,12/7/2023 0:00,115,991.6,114,891.9,53.9,0.5647,0.1149,2.1289,97.7562,,,,,,,,,
ANR,Ruckman,12/8/2023 0:00,187,992,186,938.6,55.7,0.5675,0.1599,2.2982,97.5419,,,,,,,,,
ANR,Ruckman,12/9/2023 0:00,0,0,0,0,0,0,0,0,0,,,,,,,,,
ANR,Ruckman,12/10/2023 0:00,1,0,0,0,0,0,0,0,0,,,,,,,,,
ANR,Ruckman,12/11/2023 0:00,310,981.7,305,806.8,61.8,0.5748,1.1209,2.1455,96.7336,,,,,,,,,
ANR,Ruckman,12/12/2023 0:00,343,994,342,814.5,42.4,0.5683,0.177,2.2236,97.5994,,,,,,,,,
ANR,Ruckman,12/13/2023 0:00,69,989,68,825.6,46.3,0.5658,0.1153,2.384,97.5007,,,,,,,,,
ANR,Ruckman,12/14/2023 0:00,0,0,0,0,0,0,0,0,0,,,,,,,,,
ANR,Ruckman,12/15/2023 0:00,0,0,0,0,0,0,0,0,0,,,,,,,,,
ANR,Ruckman,12/16/2023 0:00,0,0,0,0,0,0,0,0,0,,,,,,,,,
ANR,Ruckman,12/17/2023 0:00,0,0,0,0,0,0,0,0,0,,,,,,,,,
ANR,Ruckman,12/18/2023 0:00,0,0,0,0,0,0,0,0,0,,,,,,,,,
ANR,Ruckman,12/19/2023 0:00,0,0,0,0,0,0,0,0,0,,,,,,,,,
ANR,Ruckman,12/20/2023 0:00,0,0,0,0,0,0,0,0,0,,,,,,,,,
ANR,Ruckman,12/21/2023 0:00,355,995.7,355,918.8,52.5,0.5677,0.1636,2.0873,97.7491,,,,,,,,,
ANR,Ruckman,12/22/2023 0:00,33,991.8,33,921.3,56.2,0.5645,0.102,2.1219,97.7761,,,,,,,,,
ANR,Ruckman,12/23/2023 0:00,0,0,0,0,0,0,0,0,0,,,,,,,,,
ANR,Ruckman,12/24/2023 0:00,0,0,0,0,0,0,0,0,0,,,,,,,,,
ANR,Ruckman,12/25/2023 0:00,0,0,0,0,0,0,0,0,0,,,,,,,,,
ANR,Ruckman,12/26/2023 0:00,0,0,0,0,0,0,0,0,0,,,,,,,,,
ANR,Ruckman,12/27/2023 0:00,0,0,0,0,0,0,0,0,0,,,,,,,,,
ANR,Ruckman,12/28/2023 0:00,0,0,0,0,0,0,0,0,0,,,,,,,,,
ANR,Ruckman,12/29/2023 0:00,0,0,0,0,0,0,0,0,0,,,,,,,,,
ANR,Ruckman,12/30/2023 0:00,0,0,0,0,0,0,0,0,0,,,,,,,,,
ANR,Ruckman,12/31/2023 0:00,0,0,0,0,0,0,0,0,0,,,,,,,,,
ANR,Ruckman,1/1/2024 0:00,0,0,0,0,0,0,0,0,0,,,,,,,,,
ANR,Ruckman,1/2/2024 0:00,0,0,0,0,0,0,0,0,0,,,,,,,,,
ANR,Ruckman,1/3/2024 0:00,0,0,0,0,0,0,0,0,0,,,,,,,,,
ANR,Ruckman,1/4/2024 0:00,0,0,0,0,0,0,0,0,0,,,,,,,,,
ANR,Ruckman,1/5/2024 0:00,0,0,0,0,0,0,0,0,0,,,,,,,,,
ANR,Ruckman,1/6/2024 0:00,0,0,0,0,0,0,0,0,0,,,,,,,,,
ANR,Ruckman,1/7/2024 0:00,0,0,0,0,0,0,0,0,0,,,,,,,,,
ANR,Ruckman,1/8/2024 0:00,0,0,0,0,0,0,0,0,0,,,,,,,,,
ANR,Ruckman,1/9/2024 0:00,0,0,0,0,0,0,0,0,0,,,,,,,,,
ANR,Ruckman,1/10/2024 0:00,0,0,0,0,0,0,0,0,0,,,,,,,,,
ANR,Ruckman,1/11/2024 0:00,0,0,0,0,0,0,0,0,0,,,,,,,,,
ANR,Ruckman,1/12/2024 0:00,0,0,0,0,0,0,0,0,0,,,,,,,,,
ANR,Ruckman,1/13/2024 0:00,0,0,0,0,0,0,0,0,0,,,,,,,,,
ANR,Ruckman,1/14/2024 0:00,0,0,0,0,0,0,0,0,0,,,,,,,,,
ANR,Ruckman,1/15/2024 0:00,0,0,0,0,0,0,0,0,0,,,,,,,,,
ANR,Ruckman,1/16/2024 0:00,0,0,0,0,0,0,0,0,0,,,,,,,,,
ANR,Ruckman,1/17/2024 0:00,0,0,0,0,0,0,0,0,0,,,,,,,,,
ANR,Ruckman,1/18/2024 0:00,0,0,0,0,0,0,0,0,0,,,,,,,,,
ANR,Ruckman,1/19/2024 0:00,0,0,0,0,0,0,0,0,0,,,,,,,,,
ANR,Ruckman,1/20/2024 0:00,0,0,0,0,0,0,0,0,0,,,,,,,,,
ANR,Ruckman,1/21/2024 0:00,0,0,0,0,0,0,0,0,0,,,,,,,,,
ANR,Ruckman,1/22/2024 0:00,0,0,0,0,0,0,0,0,0,,,,,,,,,
ANR,Ruckman,1/23/2024 0:00,0,0,0,0,0,0,0,0,0,,,,,,,,,
ANR,Ruckman,1/24/2024 0:00,0,0,0,0,0,0,0,0,0,,,,,,,,,
ANR,Ruckman,1/25/2024 0:00,0,0,0,0,0,0,0,0,0,,,,,,,,,
ANR,Ruckman,1/26/2024 0:00,0,0,0,0,0,0,0,0,0,,,,,,,,,
ANR,Ruckman,1/27/2024 0:00,0,0,0,0,0,0,0,0,0,,,,,,,,,
ANR,Ruckman,1/28/2024 0:00,0,0,0,0,0,0,0,0,0,,,,,,,,,
ANR,Ruckman,1/29/2024 0:00,0,0,0,0,0,0,0,0,0,,,,,,,,,
ANR,Ruckman,1/30/2024 0:00,0,0,0,0,0,0,0,0,0,,,,,,,,,
ANR,Ruckman,1/31/2024 0:00,0,0,0,0,0,0,0,0,0,,,,,,,,,
ANR,Ruckman,2/1/2024 0:00,0,0,0,0,0,0,0,0,0,,,,,,,,,
ANR,Ruckman,2/2/2024 0:00,0,0,0,0,0,0,0,0,0,,,,,,,,,
ANR,Ruckman,2/3/2024 0:00,0,0,0,0,0,0,0,0,0,,,,,,,,,
ANR,Ruckman,2/4/2024 0:00,0,0,0,0,0,0,0,0,0,,,,,,,,,
ANR,Ruckman,2/5/2024 0:00,0,0,0,0,0,0,0,0,0,,,,,,,,,
ANR,Ruckman,2/6/2024 0:00,0,0,0,0,0,0,0,0,0,,,,,,,,,
ANR,Ruckman,2/7/2024 0:00,0,0,0,0,0,0,0,0,0,,,,,,,,,
ANR,Ruckman,2/8/2024 0:00,0,0,0,0,0,0,0,0,0,,,,,,,,,
ANR,Ruckman,2/9/2024 0:00,0,0,0,0,0,0,0,0,0,,,,,,,,,
ANR,Ruckman,2/10/2024 0:00,0,0,0,0,0,0,0,0,0,,,,,,,,,
ANR,Ruckman,2/11/2024 0:00,0,0,0,0,0,0,0,0,0,,,,,,,,,
ANR,Ruckman,2/12/2024 0:00,0,0,0,0,0,0,0,0,0,,,,,,,,,
ANR,Ruckman,2/13/2024 0:00,0,0,0,0,0,0,0,0,0,,,,,,,,,
ANR,Ruckman,2/14/2024 0:00,0,0,0,0,0,0,0,0,0,,,,,,,,,
ANR,Ruckman,2/15/2024 0:00,0,0,0,0,0,0,0,0,0,,,,,,,,,
ANR,Ruckman,2/16/2024 0:00,0,0,0,0,0,0,0,0,0,,,,,,,,,
ANR,Ruckman,2/17/2024 0:00,0,0,0,0,0,0,0,0,0,,,,,,,,,
ANR,Ruckman,2/18/2024 0:00,0,0,0,0,0,0,0,0,0,,,,,,,,,
ANR,Ruckman,2/19/2024 0:00,0,0,0,0,0,0,0,0,0,,,,,,,,,
ANR,Ruckman,2/20/2024 0:00,0,0,0,0,0,0,0,0,0,,,,,,,,,
ANR,Ruckman,2/21/2024 0:00,0,0,0,0,0,0,0,0,0,,,,,,,,,
ANR,Ruckman,2/22/2024 0:00,0,0,0,0,0,0,0,0,0,,,,,,,,,
ANR,Ruckman,2/23/2024 0:00,0,0,0,0,0,0,0,0,0,,,,,,,,,
ANR,Ruckman,2/24/2024 0:00,0,0,0,0,0,0,0,0,0,,,,,,,,,
ANR,Ruckman,2/25/2024 0:00,0,0,0,0,0,0,0,0,0,,,,,,,,,
ANR,Ruckman,2/26/2024 0:00,0,0,0,0,0,0,0,0,0,,,,,,,,,
ANR,Ruckman,2/27/2024 0:00,0,0,0,0,0,0,0,0,0,,,,,,,,,
ANR,Ruckman,2/28/2024 0:00,0,0,0,0,0,0,0,0,0,,,,,,,,,
ANR,Ruckman,2/29/2024 0:00,0,0,0,0,0,0,0,0,0,,,,,,,,,
ANR,Ruckman,3/1/2024 0:00,0,0,0,0,0,0,0,0,0,,,,,,,,,
ANR,Ruckman,3/2/2024 0:00,0,0,0,0,0,0,0,0,0,,,,,,,,,
ANR,Ruckman,3/3/2024 0:00,0,0,0,0,0,0,0,0,0,,,,,,,,,
ANR,Ruckman,3/4/2024 0:00,0,0,0,0,0,0,0,0,0,,,,,,,,,
ANR,Ruckman,3/5/2024 0:00,0,0,0,0,0,0,0,0,0,,,,,,,,,
ANR,Ruckman,3/6/2024 0:00,0,0,0,0,0,0,0,0,0,,,,,,,,,
ANR,Ruckman,3/7/2024 0:00,0,0,0,0,0,0,0,0,0,,,,,,,,,
ANR,Ruckman,3/8/2024 0:00,0,0,0,0,0,0,0,0,0,,,,,,,,,
ANR,Ruckman,3/9/2024 0:00,0,0,0,0,0,0,0,0,0,,,,,,,,,
ANR,Ruckman,3/10/2024 0:00,0,0,0,0,0,0,0,0,0,,,,,,,,,
ANR,Ruckman,3/11/2024 0:00,0,0,0,0,0,0,0,0,0,,,,,,,,,
ANR,Ruckman,3/12/2024 0:00,0,0,0,0,0,0,0,0,0,,,,,,,,,
ANR,Ruckman,3/13/2024 0:00,0,0,0,0,0,0,0,0,0,,,,,,,,,
ANR,Ruckman,3/14/2024 0:00,0,0,0,0,0,0,0,0,0,,,,,,,,,
ANR,Ruckman,3/15/2024 0:00,0,0,0,0,0,0,0,0,0,,,,,,,,,
ANR,Ruckman,3/16/2024 0:00,0,0,0,0,0,0,0,0,0,,,,,,,,,
ANR,Ruckman,3/17/2024 0:00,0,0,0,0,0,0,0,0,0,,,,,,,,,
ANR,Ruckman,3/18/2024 0:00,0,0,0,0,0,0,0,0,0,,,,,,,,,
ANR,Ruckman,3/19/2024 0:00,0,0,0,0,0,0,0,0,0,,,,,,,,,
ANR,Ruckman,3/20/2024 0:00,0,0,0,0,0,0,0,0,0,,,,,,,,,
ANR,Ruckman,3/21/2024 0:00,0,0,0,0,0,0,0,0,0,,,,,,,,,
ANR,Ruckman,3/22/2024 0:00,0,0,0,0,0,0,0,0,0,,,,,,,,,
ANR,Ruckman,3/23/2024 0:00,0,0,0,0,0,0,0,0,0,,,,,,,,,
ANR,Ruckman,3/24/2024 0:00,0,0,0,0,0,0,0,0,0,,,,,,,,,
ANR,Ruckman,3/25/2024 0:00,0,0,0,0,0,0,0,0,0,,,,,,,,,
ANR,Ruckman,3/26/2024 0:00,173,987.5,171,914.5,54.7,0.5679,0.1494,2.6181,97.2325,,,,,,,,,
ANR,Ruckman,3/27/2024 0:00,205,992.3,204,910.4,44.8,0.5681,0.2037,2.2738,97.5225,,,,,,,,,
ANR,Ruckman,3/28/2024 0:00,197,993,196,888,48.1,0.5677,0.1614,2.2489,97.5897,,,,,,,,,
ANR,Ruckman,3/29/2024 0:00,0,0,0,0,0,0,0,0,0,,,,,,,,,
ANR,Ruckman,3/30/2024 0:00,0,0,0,0,0,0,0,0,0,,,,,,,,,
ANR,Ruckman,3/31/2024 0:00,0,0,0,0,0,0,0,0,0,,,,,,,,,
ANR,Ruckman,4/1/2024 0:00,3,1022.9,3,862.2,56.5,0.5847,0.5455,1.4402,98.0143,,,,,,,,,
ANR,Ruckman,4/2/2024 0:00,382,989,378,904.4,46.2,0.5672,0.1456,2.4698,97.3846,,,,,,,,,
ANR,Ruckman,4/3/2024 0:00,261,988.5,258,900,53.4,0.5686,0.1618,2.6018,97.2364,,,,,,,,,
ANR,Ruckman,4/4/2024 0:00,279,987.1,275,913.4,57.8,0.5694,0.2212,2.678,97.1008,,,,,,,,,
ANR,Ruckman,4/5/2024 0:00,195,988.2,193,887.4,54.2,0.5665,0.1534,2.4425,97.4041,,,,,,,,,
ANR,Ruckman,4/6/2024 0:00,0,0,0,0,0,0,0,0,0,,,,,,,,,
ANR,Ruckman,4/7/2024 0:00,0,0,0,0,0,0,0,0,0,,,,,,,,,
ANR,Ruckman,4/8/2024 0:00,0,0,0,0,0,0,0,0,0,,,,,,,,,
ANR,Ruckman,4/9/2024 0:00,0,0,0,0,0,0,0,0,0,,,,,,,,,
ANR,Ruckman,4/10/2024 0:00,0,0,0,0,0,0,0,0,0,,,,,,,,,
ANR,Ruckman,4/11/2024 0:00,0,0,0,0,0,0,0,0,0,,,,,,,,,
ANR,Ruckman,4/12/2024 0:00,0,0,0,0,0,0,0,0,0,,,,,,,,,
ANR,Ruckman,4/13/2024 0:00,0,0,0,0,0,0,0,0,0,,,,,,,,,
ANR,Ruckman,4/14/2024 0:00,0,0,0,0,0,0,0,0,0,,,,,,,,,
ANR,Ruckman,4/15/2024 0:00,0,0,0,0,0,0,0,0,0,,,,,,,,,
ANR,Ruckman,4/16/2024 0:00,0,0,0,0,0,0,0,0,0,,,,,,,,,
ANR,Ruckman,4/17/2024 0:00,0,0,0,0,0,0,0,0,0,,,,,,,,,
ANR,Ruckman,4/18/2024 0:00,0,0,0,0,0,0,0,0,0,,,,,,,,,
ANR,Ruckman,4/19/2024 0:00,0,0,0,0,0,0,0,0,0,,,,,,,,,
ANR,Ruckman,4/20/2024 0:00,0,0,0,0,0,0,0,0,0,,,,,,,,,
ANR,Ruckman,4/21/2024 0:00,0,0,0,0,0,0,0,0,0,,,,,,,,,
ANR,Ruckman,4/22/2024 0:00,793,990.6,784,919.6,68.3,0.5665,0.1966,2.2354,97.568,,,,,,,,,
ANR,Ruckman,4/23/2024 0:00,474,988.6,469,957.1,69.9,0.5664,0.2015,2.3319,97.4666,,,,,,,,,
ANR,Ruckman,4/24/2024 0:00,826,992.1,821,953.2,63.7,0.5644,0.0537,2.1651,97.7812,,,,,,,,,
ANR,Ruckman,4/25/2024 0:00,1265,992.3,1256,943.4,59.8,0.564,0.0424,2.1298,97.8278,,,,,,,,,
ANR,Ruckman,4/26/2024 0:00,1271,991.9,1262,958.9,64.2,0.5641,0.0414,2.1625,97.7961,,,,,,,,,
ANR,Ruckman,4/27/2024 0:00,1345,992.9,1337,960.4,66.5,0.5638,0.0483,2.0639,97.8878,,,,,,,,,
ANR,Ruckman,4/28/2024 0:00,834,992.7,828,956.7,61,0.5636,0.0007,2.1278,97.8715,,,,,,,,,
ANR,Ruckman,4/29/2024 0:00,1213,996.1,1209,947.1,65.3,0.5624,0.0335,1.7648,98.2017,,,,,,,,,
ANR,Ruckman,4/30/2024 0:00,1139,996.1,1135,940.5,72.1,0.5626,0.0481,1.7266,98.2253,,,,,,,,,
ANR,Ruckman,5/1/2024 0:00,848,995.5,844,935.5,62.9,0.5624,0.0016,1.8548,98.1436,,,,,,,,,
ANR,Ruckman,5/2/2024 0:00,1402,997.7,1399,922.4,61.3,0.5618,0.0509,1.5923,98.3568,,,,,,,,,
ANR,Ruckman,5/3/2024 0:00,745,1000,745,910.2,69.5,0.5614,0.1322,1.2828,98.585,,,,,,,,,
ANR,Ruckman,5/4/2024 0:00,562,1000.6,562,926.9,65.5,0.5622,0.3207,1.038,98.6413,,,,,,,,,
ANR,Ruckman,5/5/2024 0:00,33,1016.2,33,932.7,61.6,0.5746,0.4759,1.0169,98.5072,,,,,,,,,
ANR,Ruckman,5/6/2024 0:00,714,1001.5,715,947.8,69.4,0.5617,0.312,0.9544,98.7336,,,,,,,,,
ANR,Ruckman,5/7/2024 0:00,449,1000.9,450,920.5,70.4,0.5618,0.2898,1.0306,98.6796,,,,,,,,,
ANR,Ruckman,5/8/2024 0:00,1724,1003.8,1730,898.7,69.5,0.5597,0.1103,0.924,98.9657,,,,,,,,,
ANR,Ruckman,5/9/2024 0:00,1445,1004.4,1452,903.4,65.7,0.5595,0.1199,0.8595,99.0206,,,,,,,,,
ANR,Ruckman,5/10/2024 0:00,887,1005.3,892,916.1,71.5,0.5591,0.1196,0.7718,99.1086,,,,,,,,,
ANR,Ruckman,5/11/2024 0:00,467,1006.2,470,947.8,73.5,0.559,0.1705,0.6312,99.1983,,,,,,,,,
ANR,Ruckman,5/12/2024 0:00,716,1006.7,720,959.2,73.2,0.5587,0.1397,0.6149,99.2454,,,,,,,,,
ANR,Ruckman,5/13/2024 0:00,1190,1007.1,1198,904.5,64,0.5581,0.0627,0.655,99.2823,,,,,,,,,
ANR,Ruckman,5/14/2024 0:00,1157,1008.7,1166,875.3,65.9,0.5573,0.0426,0.5104,99.447,,,,,,,,,
ANR,Ruckman,5/15/2024 0:00,685,1006.8,689,886.4,63,0.5588,0.1789,0.5618,99.2593,,,,,,,,,
ANR,Ruckman,5/16/2024 0:00,930,1001.8,932,862.8,71.5,0.5624,0.4347,0.8131,98.7522,,,,,,,,,
ANR,Ruckman,5/17/2024 0:00,1408,1005.8,1414,932.8,72.5,0.5593,0.1755,0.6725,99.152,,,,,,,,,
ANR,Ruckman,5/18/2024 0:00,1561,1006.2,1569,951.9,77.7,0.559,0.161,0.6391,99.1999,,,,,,,,,
ANR,Ruckman,5/19/2024 0:00,1593,1008.6,1606,958,68.1,0.5574,0.0518,0.5122,99.436,,,,,,,,,
ANR,Ruckman,5/20/2024 0:00,1468,1006,1477,951,80.8,0.5592,0.188,0.6329,99.1791,,,,,,,,,
ANR,Ruckman,5/21/2024 0:00,1725,1007.5,1736,886,75.5,0.5583,0.1272,0.5522,99.3206,,,,,,,,,
ANR,Ruckman,5/22/2024 0:00,1395,1006,1403,863.7,75.4,0.5595,0.2359,0.5879,99.1762,,,,,,,,,
ANR,Ruckman,5/23/2024 0:00,1387,1005.5,1395,937.7,78.2,0.5597,0.2354,0.635,99.1296,,,,,,,,,
ANR,Ruckman,5/24/2024 0:00,1510,1007.2,1520,927,72.8,0.5586,0.1735,0.5288,99.2977,,,,,,,,,
ANR,Ruckman,5/25/2024 0:00,1677,1007.9,1689,906,75.4,0.5584,0.1784,0.4608,99.3608,,,,,,,,,
ANR,Ruckman,5/26/2024 0:00,1494,1003.6,1501,882.7,75.8,0.5597,0.0923,0.9703,98.9374,,,,,,,,,
ANR,Ruckman,5/27/2024 0:00,1020,1000.3,1019,934.6,81.8,0.5622,0.3125,1.0741,98.6134,,,,,,,,,
ANR,Ruckman,5/28/2024 0:00,879,999.6,880,936.5,68.8,0.5648,0.714,0.7444,98.5416,,,,,,,,,
ANR,Ruckman,5/29/2024 0:00,813,1003.1,816,910.9,67.4,0.5623,0.53,0.5798,98.8902,,,,,,,,,
ANR,Ruckman,5/30/2024 0:00,710,1006.8,715,914.7,76.6,0.5598,0.3458,0.3966,99.2576,,,,,,,,,
ANR,Ruckman,5/31/2024 0:00,1589,1003,1594,899.6,72.5,0.5603,0.1544,0.9722,98.8734,,,,,,,,,
ANR,Ruckman,6/1/2024 0:00,1404,1002.5,1409,872.9,77,0.5599,0.0585,1.1059,98.8356,,,,,,,,,
ANR,Ruckman,6/2/2024 0:00,1483,1002.6,1489,876,77.9,0.5599,0.064,1.0913,98.8447,,,,,,,,,
ANR,Ruckman,6/3/2024 0:00,1253,1000.9,1256,868.7,74.4,0.561,0.1347,1.1859,98.6794,,,,,,,,,
ANR,Ruckman,6/4/2024 0:00,1294,996.7,1294,852.1,71.5,0.563,0.1918,1.5507,98.2575,,,,,,,,,
ANR,Ruckman,6/5/2024 0:00,1301,1001.6,1304,877.4,74.1,0.5611,0.2058,1.0545,98.7397,,,,,,,,,
ANR,Ruckman,6/6/2024 0:00,1323,1003.4,1326,872,78.1,0.5607,0.2656,0.8127,98.9217,,,,,,,,,
ANR,Ruckman,6/7/2024 0:00,1297,998,1297,905.3,78.9,0.5629,0.2705,1.3426,98.3869,,,,,,,,,
ANR,Ruckman,6/8/2024 0:00,1165,999.4,1166,842.3,77.4,0.5619,0.1793,1.2966,98.5241,,,,,,,,,
ANR,Ruckman,6/9/2024 0:00,1462,996.3,1462,843,73.4,0.563,0.1695,1.6039,98.2266,,,,,,,,,
ANR,Ruckman,6/10/2024 0:00,1425,995.9,1424,944.9,75.3,0.5635,0.2297,1.583,98.1873,,,,,,,,,
ANR,Ruckman,6/11/2024 0:00,1379,997.6,1380,950.2,81,0.5627,0.1929,1.4594,98.3477,,,,,,,,,
ANR,Ruckman,6/12/2024 0:00,1054,995.4,1051,915.9,79.9,0.564,0.2782,1.5847,98.1371,,,,,,,,,
ANR,Ruckman,6/13/2024 0:00,775,1004.7,779,919,85.1,0.5612,0.4525,0.5034,99.0441,,,,,,,,,
ANR,Ruckman,6/14/2024 0:00,1513,1000.3,1516,872.4,78.4,0.5619,0.2526,1.1278,98.6196,,,,,,,,,
ANR,Ruckman,6/15/2024 0:00,1062,1001.7,1066,866.3,73.9,0.5614,0.2628,0.9821,98.7551,,,,,,,,,
ANR,Ruckman,6/16/2024 0:00,1292,1003,1296,839.4,79.8,0.5616,0.3986,0.7169,98.8845,,,,,,,,,
ANR,Ruckman,6/17/2024 0:00,1478,1006.5,1487,839,79.5,0.5589,0.1761,0.5989,99.225,,,,,,,,,
ANR,Ruckman,6/18/2024 0:00,1376,1005,1382,864.6,78.6,0.5601,0.279,0.6375,99.0835,,,,,,,,,
ANR,Ruckman,6/19/2024 0:00,1177,1007.2,1185,881.7,75.5,0.5588,0.1944,0.5144,99.2912,,,,,,,,,
ANR,Ruckman,6/20/2024 0:00,782,1004,786,871,72.6,0.562,0.5366,0.482,98.9814,,,,,,,,,
ANR,Ruckman,6/21/2024 0:00,1668,1006.6,1678,864.4,77,0.5591,0.2168,0.5475,99.2357,,,,,,,,,
ANR,Ruckman,6/22/2024 0:00,701,1008.5,707,877.9,81.4,0.5573,0.037,0.5375,99.4255,,,,,,,,,
ANR,Ruckman,6/23/2024 0:00,1008,1007.3,1014,907.6,79.8,0.5586,0.1682,0.5292,99.3026,,,,,,,,,
ANR,Ruckman,6/24/2024 0:00,1358,1007.5,1368,912.4,85.6,0.5585,0.1766,0.4976,99.3258,,,,,,,,,
ANR,Ruckman,6/25/2024 0:00,1306,1007.4,1315,904.5,82.2,0.5586,0.1729,0.5165,99.3106,,,,,,,,,
ANR,Ruckman,6/26/2024 0:00,536,1003.9,538,895.6,79.5,0.5615,0.4432,0.5874,98.9694,,,,,,,,,
ANR,Ruckman,6/27/2024 0:00,1284,1006.8,1291,831.6,79.2,0.5591,0.2193,0.5282,99.2525,,,,,,,,,
ANR,Ruckman,6/28/2024 0:00,1076,1007,1082,795.9,77.1,0.5588,0.1845,0.54,99.2755,,,,,,,,,
ANR,Ruckman,6/29/2024 0:00,645,1008.8,651,801.6,70.4,0.5584,0.2369,0.3123,99.4508,,,,,,,,,
ANR,Ruckman,6/30/2024 0:00,791,1003.6,795,821.9,78.6,0.5622,0.5055,0.4829,99.0116,,,,,,,,,
ANR,Ruckman,7/1/2024 0:00,789,1008.6,796,818,71.3,0.5587,0.2761,0.2977,99.4262,,,,,,,,,
ANR,Ruckman,7/2/2024 0:00,813,1003,816,838.5,82.7,0.5629,0.6288,0.4893,98.8819,,,,,,,,,
ANR,Ruckman,7/3/2024 0:00,796,1004.9,800,799.5,80.4,0.5611,0.4409,0.4925,99.0666,,,,,,,,,
ANR,Ruckman,7/4/2024 0:00,0,0,0,0,0,0,0,0,0,,,,,,,,,
ANR,Ruckman,7/5/2024 0:00,0,0,0,0,0,0,0,0,0,,,,,,,,,
ANR,Ruckman,7/6/2024 0:00,0,0,0,0,0,0,0,0,0,,,,,,,,,
ANR,Ruckman,7/7/2024 0:00,128,1012.2,129,828.8,68.1,0.5636,0.3078,0.4775,99.2147,,,,,,,,,
ANR,Ruckman,7/8/2024 0:00,448,1008.5,452,815.2,77.1,0.5579,0.1259,0.4487,99.4254,,,,,,,,,
ANR,Ruckman,7/9/2024 0:00,1524,1007.3,1535,787,78.1,0.5589,0.226,0.4675,99.3065,,,,,,,,,
ANR,Ruckman,7/10/2024 0:00,895,1004.9,900,813.4,81.3,0.5611,0.4462,0.4856,99.0682,,,,,,,,,
ANR,Ruckman,7/11/2024 0:00,1159,1001.4,1163,821.5,83.6,0.5639,0.6874,0.5967,98.7159,,,,,,,,,
ANR,Ruckman,7/12/2024 0:00,935,1008.8,943,800.7,79.6,0.5576,0.0923,0.4553,99.4524,,,,,,,,,
ANR,Ruckman,7/13/2024 0:00,1241,1008.9,1252,796.9,80.8,0.5576,0.1054,0.4297,99.4649,,,,,,,,,
ANR,Ruckman,7/14/2024 0:00,685,1009,692,822.8,82.9,0.5578,0.1534,0.3745,99.4721,,,,,,,,,
ANR,Ruckman,7/15/2024 0:00,337,1002.5,337,818.5,85.9,0.5629,0.588,0.5834,98.8286,,,,,,,,,
ANR,Ruckman,7/16/2024 0:00,583,1003.7,584,807.2,72,0.5613,0.4049,0.6404,98.9547,,,,,,,,,
ANR,Ruckman,7/17/2024 0:00,966,1005.9,971,853.7,73.6,0.5603,0.3761,0.4588,99.1651,,,,,,,,,
ANR,Ruckman,7/18/2024 0:00,1220,1005.1,1226,804.7,70.5,0.5604,0.3363,0.5749,99.0888,,,,,,,,,
ANR,Ruckman,7/19/2024 0:00,1017,1005.8,1024,792.3,75.9,0.5597,0.2577,0.584,99.1583,,,,,,,,,
ANR,Ruckman,7/20/2024 0:00,0,0,0,0,0,0,0,0,0,,,,,,,,,
ANR,Ruckman,7/21/2024 0:00,0,0,0,0,0,0,0,0,0,,,,,,,,,
ANR,Ruckman,7/22/2024 0:00,1661,1006.3,1671,784,69.8,0.5597,0.2511,0.5656,99.1833,,,,,,,,,
ANR,Ruckman,7/23/2024 0:00,1232,1006.7,1242,751.3,76.9,0.5586,0.1275,0.6278,99.2447,,,,,,,,,
ANR,Ruckman,7/24/2024 0:00,766,1008.2,772,793.8,80.9,0.5583,0.1726,0.4381,99.3893,,,,,,,,,
ANR,Ruckman,7/25/2024 0:00,1103,1005.4,1107,785.9,79.9,0.5599,0.2682,0.619,99.1128,,,,,,,,,
ANR,Ruckman,7/26/2024 0:00,1178,1004.8,1183,799.3,78.8,0.5602,0.2734,0.6712,99.0554,,,,,,,,,
ANR,Ruckman,7/27/2024 0:00,568,1005.8,571,811.1,77.8,0.5588,0.1034,0.7401,99.1565,,,,,,,,,
ANR,Ruckman,7/28/2024 0:00,674,1005.4,678,817.4,80.8,0.5591,0.1335,0.746,99.1205,,,,,,,,,
ANR,Ruckman,7/29/2024 0:00,1245,1004.2,1249,834.3,80.7,0.5608,0.3419,0.6597,98.9984,,,,,,,,,
ANR,Ruckman,7/30/2024 0:00,1385,1003.6,1390,821.8,82.3,0.561,0.3234,0.742,98.9346,,,,,,,,,
ANR,Ruckman,7/31/2024 0:00,1081,1006.2,1089,799.6,80.3,0.5592,0.1947,0.6112,99.1941,,,,,,,,,
ANR,Ruckman,8/1/2024 0:00,593,1006.2,596,815.8,80.7,0.5583,0.0401,0.7585,99.2014,,,,,,,,,
ANR,Ruckman,8/2/2024 0:00,1537,1005.1,1543,707.7,76,0.5596,0.1765,0.7406,99.0829,,,,,,,,,
ANR,Ruckman,8/3/2024 0:00,394,1007.5,397,730.8,80,0.5576,0.0057,0.6674,99.3269,,,,,,,,,
ANR,Ruckman,8/4/2024 0:00,415,1007.8,418,797.3,81.5,0.5574,0.002,0.6394,99.3586,,,,,,,,,
ANR,Ruckman,8/5/2024 0:00,1228,1008.3,1238,821,82.4,0.5575,0.0504,0.5465,99.4031,,,,,,,,,
ANR,Ruckman,8/6/2024 0:00,1303,1008,1314,834.4,74.5,0.5577,0.0541,0.573,99.3729,,,,,,,,,
ANR,Ruckman,8/7/2024 0:00,1502,1004.955792,1509,838.3669774,77.75,0.5595,0.257163782,0.675279893,99.06755632,,,,,,,,,
ANR,Ruckman,8/8/2024 0:00,665,1008.1,670,826.1,75.6,0.5586,0.2157,0.4084,99.3759,,,,,,,,,
ANR,Ruckman,8/9/2024 0:00,726,998.9,727,838.3,73.4,0.5653,0.7493,0.7821,98.4686,,,,,,,,,
ANR,Ruckman,8/10/2024 0:00,0,0,0,0,0,0,0,0,0,,,,,,,,,
ANR,Ruckman,8/11/2024 0:00,0,0,0,0,0,0,0,0,0,,,,,,,,,
ANR,Ruckman,8/12/2024 0:00,1389,1007.4,1399,835.8,72.7,0.5585,0.1011,0.6111,99.2878,,,,,,,,,
ANR,Ruckman,8/13/2024 0:00,1496,1005.1,1502,822.8,74.2,0.5598,0.2201,0.6969,99.083,,,,,,,,,
ANR,Ruckman,8/14/2024 0:00,1191,1007.5,1200,784.3,76,0.558,0.0774,0.5948,99.3278,,,,,,,,,
ANR,Ruckman,8/15/2024 0:00,430,1007.5,433,749.2,79.7,0.5581,0.0867,0.5906,99.3227,,,,,,,,,
ANR,Ruckman,8/16/2024 0:00,213,988.8,211,749.2,87.2,0.5724,1.2807,1.2523,97.467,,,,,,,,,
ANR,Ruckman,8/17/2024 0:00,0,0,0,0,0,0,0,0,0,,,,,,,,,
ANR,Ruckman,8/18/2024 0:00,20,1008.9,20,712.7,72.2,0.5665,0.3012,0.9518,98.747,,,,,,,,,
ANR,Ruckman,8/19/2024 0:00,647,1008,653,712.2,75.7,0.5574,0.0044,0.6164,99.3792,,,,,,,,,
ANR,Ruckman,8/20/2024 0:00,1422,1005.6,1429,734.9,74.2,0.5596,0.2166,0.6498,99.1336,,,,,,,,,
ANR,Ruckman,8/21/2024 0:00,1326,1007.4,1335,752.3,72.2,0.5581,0.0884,0.5954,99.3162,,,,,,,,,
ANR,Ruckman,8/22/2024 0:00,1535,1004.8,1541,744.5,72,0.5602,0.2717,0.6674,99.0609,,,,,,,,,
ANR,Ruckman,8/23/2024 0:00,1217,1005.6,1224,721.2,73.1,0.5589,0.0904,0.7758,99.1338,,,,,,,,,
ANR,Ruckman,8/24/2024 0:00,695,1005.8,699,700,76.1,0.5582,0.0001,0.8367,99.1632,,,,,,,,,
ANR,Ruckman,8/25/2024 0:00,686,1005.6,690,696.8,82.7,0.5583,0,0.8598,99.1402,,,,,,,,,
ANR,Ruckman,8/26/2024 0:00,392,998.1,390,697.1,88,0.5648,0.6086,1.0025,98.3889,,,,,,,,,
ANR,Ruckman,8/27/2024 0:00,316,997.6,315,747,81.6,0.5645,0.5146,1.1358,98.3496,,,,,,,,,
ANR,Ruckman,8/28/2024 0:00,481,1002.9,482,805.1,79.8,0.5594,0.0007,1.1222,98.8771,,,,,,,,,
ANR,Ruckman,8/29/2024 0:00,803,1001.6,806,846,79.7,0.5635,0.6225,0.6466,98.7309,,,,,,,,,
ANR,Ruckman,8/30/2024 0:00,570,1007,574,844.1,76.3,0.5598,0.3509,0.3864,99.2627,,,,,,,,,
ANR,Ruckman,8/31/2024 0:00,0,0,0,0,0,0,0,0,0,,,,,,,,,
ANR,Ruckman,9/1/2024 0:00,0,0,0,0,0,0,0,0,0,,,,,,,,,
ANR,Ruckman,9/2/2024 0:00,0,0,0,0,0,0,0,0,0,,,,,,,,,
ANR,Ruckman,9/3/2024 0:00,452,1004.5,454,803.1,73.6,0.5591,0.0065,0.9926,99.0009,,,,,,,,,
ANR,Ruckman,9/4/2024 0:00,1300,1003,1303,840.7,74.9,0.5605,0.2022,0.9129,98.8849,,,,,,,,,
ANR,Ruckman,9/5/2024 0:00,1068,1004.3,1073,845,76.4,0.5594,0.0946,0.8977,99.0077,,,,,,,,,
ANR,Ruckman,9/6/2024 0:00,1327,1003,1330,792.7,70.7,0.5605,0.2037,0.9144,98.8819,,,,,,,,,
ANR,Ruckman,9/7/2024 0:00,491,1004.1,493,787.1,71,0.5589,0,1.0036,98.9964,,,,,,,,,
ANR,Ruckman,9/8/2024 0:00,493,1004.7,495,818.4,71,0.5587,0,0.9466,99.0534,,,,,,,,,
ANR,Ruckman,9/9/2024 0:00,901,1004.7,906,835.6,73,0.5591,0.0633,0.8903,99.0464,,,,,,,,,
ANR,Ruckman,9/10/2024 0:00,1351,1003.8,1355,828,70.1,0.5605,0.2527,0.7934,98.9539,,,,,,,,,
ANR,Ruckman,9/11/2024 0:00,1079,1005.4,1085,807.5,75,0.5589,0.0912,0.7948,99.114,,,,,,,,,
ANR,Ruckman,9/12/2024 0:00,956,1001.4,958,826.4,71,0.5634,0.5929,0.6924,98.7147,,,,,,,,,
ANR,Ruckman,9/13/2024 0:00,501,1006.8,504,830.3,74.1,0.5599,0.3602,0.3954,99.2444,,,,,,,,,
ANR,Ruckman,9/14/2024 0:00,0,0,0,0,0,0,0,0,0,,,,,,,,,
ANR,Ruckman,9/15/2024 0:00,47,1029,48,858.1,70.9,0.5834,0.5902,0.8847,98.5251,,,,,,,,,
ANR,Ruckman,9/16/2024 0:00,518,1006.2,521,855.9,76.5,0.5603,0.3789,0.4334,99.1877,,,,,,,,,
ANR,Ruckman,9/17/2024 0:00,0,0,0,0,0,0,0,0,0,,,,,,,,,
ANR,Ruckman,9/18/2024 0:00,419,1007.2,422,841.8,78,0.5594,0.2956,0.4146,99.2898,,,,,,,,,
ANR,Ruckman,9/19/2024 0:00,430,1007.5,433,798.3,75.5,0.5592,0.2777,0.4074,99.3149,,,,,,,,,
ANR,Ruckman,9/20/2024 0:00,787,1000.3,789,855.1,79.7,0.5607,0.0421,1.3462,98.6117,,,,,,,,,
ANR,Ruckman,9/21/2024 0:00,490,998.7,489,862.5,74,0.5611,0,1.5387,98.4613,,,,,,,,,
ANR,Ruckman,9/22/2024 0:00,513,999.2,513,856.7,67.7,0.5609,0.0013,1.4849,98.5138,,,,,,,,,
ANR,Ruckman,9/23/2024 0:00,863,1000,865,867.1,70.9,0.5609,0.0468,1.3653,98.5879,,,,,,,,,
ANR,Ruckman,9/24/2024 0:00,930,998.5,932,801,69.2,0.5625,0.2216,1.3387,98.4397,,,,,,,,,
ANR,Ruckman,9/25/2024 0:00,1003,998.5,1004,782.8,71.9,0.5623,0.1971,1.3672,98.4357,,,,,,,,,
ANR,Ruckman,9/26/2024 0:00,525,1004.2,527,803.2,74.3,0.56,0.1813,0.8256,98.9931,,,,,,,,,
ANR,Ruckman,9/27/2024 0:00,362,1004.2,363,780.8,69.8,0.5599,0.1728,0.8298,98.9974,,,,,,,,,
ANR,Ruckman,9/28/2024 0:00,0,0,0,0,0,0,0,0,0,,,,,,,,,
ANR,Ruckman,9/29/2024 0:00,0,0,0,0,0,0,0,0,0,,,,,,,,,
ANR,Ruckman,9/30/2024 0:00,700,998.6,698,725.3,73.5,0.5625,0.1754,1.4027,98.4219,,,,,,,,,
ANR,Ruckman,10/1/2024 0:00,539,997.4,537,726.6,67.3,0.5629,0.2246,1.4467,98.3287,,,,,,,,,
ANR,Ruckman,10/2/2024 0:00,984,998.1,984,740.7,67.2,0.5626,0.2153,1.383,98.4017,,,,,,,,,
ANR,Ruckman,10/3/2024 0:00,441,1004,443,745.7,69.6,0.5601,0.1916,0.8366,98.9718,,,,,,,,,
ANR,Ruckman,10/4/2024 0:00,409,1006.6,411,833.2,70.9,0.5591,0.1996,0.5691,99.2313,,,,,,,,,
ANR,Ruckman,10/5/2024 0:00,0,0,0,0,0,0,0,0,0,,,,,,,,,
ANR,Ruckman,10/6/2024 0:00,0,0,0,0,0,0,0,0,0,,,,,,,,,
ANR,Ruckman,10/7/2024 0:00,388,1007.7,392,879.8,70.1,0.5595,0.2158,0.5182,99.266,,,,,,,,,
ANR,Ruckman,10/8/2024 0:00,940,999,941,888.1,71.2,0.5621,0.1944,1.3162,98.4894,,,,,,,,,
ANR,Ruckman,10/9/2024 0:00,949,998.5,950,891.4,73.6,0.5623,0.1905,1.3681,98.4414,,,,,,,,,
ANR,Ruckman,10/10/2024 0:00,913,999.9,915,867,74.6,0.5616,0.1781,1.24,98.5819,,,,,,,,,
ANR,Ruckman,10/11/2024 0:00,408,1007.8,411,883.7,76.9,0.5586,0.2026,0.452,99.3454,,,,,,,,,
ANR,Ruckman,10/12/2024 0:00,0,0,0,0,0,0,0,0,0,,,,,,,,,
ANR,Ruckman,10/13/2024 0:00,0,0,0,0,0,0,0,0,0,,,,,,,,,
ANR,Ruckman,10/14/2024 0:00,372,1008.2,375,901.4,68.6,0.5593,0.2254,0.4517,99.3229,,,,,,,,,
ANR,Ruckman,10/15/2024 0:00,418,1008.2,421,903.8,66.7,0.5584,0.1916,0.4186,99.3898,,,,,,,,,
ANR,Ruckman,10/16/2024 0:00,421,1008.5,424,909.3,66.9,0.5589,0.2044,0.4288,99.3668,,,,,,,,,
ANR,Ruckman,10/17/2024 0:00,417,1007.8,420,921.7,69.3,0.5586,0.1929,0.4582,99.3489,,,,,,,,,
ANR,Ruckman,10/18/2024 0:00,407,1007.9,410,922.5,71.3,0.5592,0.2139,0.4746,99.3115,,,,,,,,,
ANR,Ruckman,10/19/2024 0:00,0,0,0,0,0,0,0,0,0,,,,,,,,,
ANR,Ruckman,10/20/2024 0:00,0,0,0,0,0,0,0,0,0,,,,,,,,,
ANR,Ruckman,10/21/2024 0:00,626,1001.8,627,936.6,63.9,0.5635,0.5585,0.7211,98.7204,,,,,,,,,
ANR,Ruckman,10/22/2024 0:00,539,1007.5,543,856.8,67.1,0.5588,0.2027,0.4817,99.3156,,,,,,,,,
ANR,Ruckman,10/23/2024 0:00,494,1001,494,898.5,66.9,0.5634,0.5705,0.7525,98.677,,,,,,,,,
ANR,Ruckman,10/24/2024 0:00,413,1007.5,416,868.7,68.5,0.5587,0.1966,0.4813,99.3221,,,,,,,,,
ANR,Ruckman,10/25/2024 0:00,620,1000.2,620,912.1,66.3,0.564,0.6139,0.7836,98.6025,,,,,,,,,
ANR,Ruckman,10/26/2024 0:00,0,0,0,0,0,0,0,0,0,,,,,,,,,
ANR,Ruckman,10/27/2024 0:00,0,0,0,0,0,0,0,0,0,,,,,,,,,
ANR,Ruckman,10/28/2024 0:00,936,996.7,935,887.2,71.9,0.5637,0.2725,1.4879,98.2396,,,,,,,,,
ANR,Ruckman,10/29/2024 0:00,558,1000.8,558,936.8,73.4,0.5629,0.4698,0.8676,98.6626,,,,,,,,,
ANR,Ruckman,10/30/2024 0:00,460,996.1,459,895,66.9,0.5664,0.7446,1.0644,98.191,,,,,,,,,
ANR,Ruckman,10/31/2024 0:00,401,1006.9,404,888.4,62.2,0.5591,0.2297,0.5055,99.2648,,,,,,,,,
ANR,Ruckman,11/1/2024 0:00,0,0,0,0,0,0,0,0,0,,,,,,,,,
ANR,Ruckman,11/2/2024 0:00,0,0,0,0,0,0,0,0,0,,,,,,,,,
ANR,Ruckman,11/3/2024 0:00,0,0,0,0,0,0,0,0,0,,,,,,,,,
ANR,Ruckman,11/4/2024 0:00,427,1006.9,430,902.4,64.5,0.5594,0.2022,0.5712,99.2266,,,,,,,,,
ANR,Ruckman,11/5/2024 0:00,459,997.8,458,840.6,62,0.5661,0.8093,0.826,98.3647,,,,,,,,,
ANR,Ruckman,11/6/2024 0:00,458,1006.4,461,789,59.4,0.5595,0.1993,0.6211,99.1796,,,,,,,,,
ANR,Ruckman,11/7/2024 0:00,701,1002.4,702,754.6,58.3,0.5627,0.5182,0.6753,98.8065,,,,,,,,,
ANR,Ruckman,11/8/2024 0:00,222,1007.3,223,794.2,54.7,0.5598,0.2154,0.5702,99.2144,,,,,,,,,
ANR,Ruckman,11/9/2024 0:00,0,0,0,0,0,0,0,0,0,,,,,,,,,
ANR,Ruckman,11/10/2024 0:00,0,0,0,0,0,0,0,0,0,,,,,,,,,
ANR,Ruckman,11/11/2024 0:00,419,1007.2,422,841.9,56.3,0.5594,0.2136,0.5482,99.2382,,,,,,,,,
ANR,Ruckman,11/12/2024 0:00,431,1007.4,435,843.1,59.3,0.5594,0.2155,0.5263,99.2582,,,,,,,,,
ANR,Ruckman,11/13/2024 0:00,436,990.7,434,863,39.3,0.5708,1.0536,1.3263,97.6201,,,,,,,,,
ANR,Ruckman,11/14/2024 0:00,199,1005.6,200,878.5,56.1,0.5601,0.2889,0.5835,99.1276,,,,,,,,,
ANR,Ruckman,11/15/2024 0:00,261,985.9,257,879.4,40.1,0.5732,1.0498,1.8521,97.0981,,,,,,,,,
ANR,Ruckman,11/16/2024 0:00,3,1019.5,3,879,57,0.5801,0.5963,1.1456,98.2581,,,,,,,,,
ANR,Ruckman,11/17/2024 0:00,0,0,0,0,0,0,0,0,0,,,,,,,,,
ANR,Ruckman,11/18/2024 0:00,645,998.6,646,912.3,61.2,0.5624,0.1116,1.4934,98.395,,,,,,,,,
ANR,Ruckman,11/19/2024 0:00,668,998.2,665,928.1,53.8,0.5637,0.414,1.1778,98.4082,,,,,,,,,
ANR,Ruckman,11/20/2024 0:00,926,991.1,921,941.3,52.3,0.5651,0.1381,2.1618,97.7001,,,,,,,,,
ANR,Ruckman,11/21/2024 0:00,1369,988.1,1355,897,44,0.5672,0.3243,2.2576,97.4181,,,,,,,,,
ANR,Ruckman,11/22/2024 0:00,1221,989.2,1211,923.9,49.7,0.566,0.1895,2.2831,97.5274,,,,,,,,,
ANR,Ruckman,11/23/2024 0:00,803,987.3,793,934,51.7,0.5666,0.151,2.5119,97.3371,,,,,,,,,
ANR,Ruckman,11/24/2024 0:00,112,988.2,110,942.4,57.9,0.5662,0.1428,2.4334,97.4238,,,,,,,,,
ANR,Ruckman,11/25/2024 0:00,742,987.7,733,870.9,43.8,0.5664,0.1513,2.4694,97.3793,,,,,,,,,
ANR,Ruckman,11/26/2024 0:00,1246,990.8,1237,910.7,51.8,0.5661,0.3031,2.0196,97.6773,,,,,,,,,
ANR,Ruckman,11/27/2024 0:00,531,998.1,530,920.8,52.7,0.5623,0.1709,1.4314,98.3977,,,,,,,,,
ANR,Ruckman,11/28/2024 0:00,0,0,0,0,0,0,0,0,0,,,,,,,,,
ANR,Ruckman,11/29/2024 0:00,0,0,0,0,0,0,0,0,0,,,,,,,,,
ANR,Ruckman,11/30/2024 0:00,0,0,0,0,0,0,0,0,0,,,,,,,,,
ANR,Ruckman,12/1/2024 0:00,0,0,0,0,0,0,0,0,0,,,,,,,,,
ANR,Ruckman,12/2/2024 0:00,205,989.1,203,890.8,47.3,0.5721,1.0415,1.567,97.3915,,,,,,,,,
ANR,Ruckman,12/3/2024 0:00,429,1005.9,432,882.3,49.5,0.5609,0.2515,0.701,99.0475,,,,,,,,,
ANR,Ruckman,12/4/2024 0:00,846,995.7,843,915.2,50.6,0.5648,0.3621,1.5121,98.1258,,,,,,,,,
ANR,Ruckman,12/5/2024 0:00,0,0,0,0,0,0,0,0,0,,,,,,,,,
ANR,Ruckman,12/6/2024 0:00,843,986.2,831,876.3,48.1,0.5679,0.2446,2.5517,97.2037,,,,,,,,,
ANR,Ruckman,12/7/2024 0:00,781,983.8,768,886.7,54.9,0.5673,0.0137,2.9957,96.9906,,,,,,,,,
ANR,Ruckman,12/8/2024 0:00,729,981.8,715,923.6,54.4,0.5681,0.022,3.175,96.803,,,,,,,,,
ANR,Ruckman,12/9/2024 0:00,0,0,0,0,0,0,0,0,0,,,,,,,,,
ANR,Ruckman,12/10/2024 0:00,0,0,0,0,0,0,0,0,0,,,,,,,,,
ANR,Ruckman,12/11/2024 0:00,639,998.9,639,941.2,48.6,0.5651,0.5625,1.0409,98.3966,,,,,,,,,
ANR,Ruckman,12/12/2024 0:00,436,1004.8,438,923.2,44,0.5603,0.2761,0.6746,99.0493,,,,,,,,,
ANR,Ruckman,12/13/2024 0:00,116,1005.8,117,888.8,46.6,0.5619,0.2803,0.7605,98.9592,,,,,,,,,
ANR,Ruckman,12/14/2024 0:00,0,0,0,0,0,0,0,0,0,,,,,,,,,
ANR,Ruckman,12/15/2024 0:00,85,988.5,84,911.4,47.9,0.5732,1.0535,1.6827,97.2638,,,,,,,,,
ANR,Ruckman,12/16/2024 0:00,0,0,0,0,0,0,0,0,0,,,,,,,,,
ANR,Ruckman,12/17/2024 0:00,403,1005,405,944.4,52.8,0.5615,0.2629,0.7957,98.9414,,,,,,,,,
ANR,Ruckman,12/18/2024 0:00,402,1004,404,933.6,55,0.5612,0.2786,0.8042,98.9172,,,,,,,,,
ANR,Ruckman,12/19/2024 0:00,425,1003,427,929.6,51.7,0.5618,0.295,0.8938,98.8112,,,,,,,,,
ANR,Ruckman,12/20/2024 0:00,395,1002.2,396,908.5,45.1,0.5626,0.3299,0.9683,98.7018,,,,,,,,,
ANR,Ruckman,12/21/2024 0:00,27,1000.3,27,895.8,42.8,0.5625,0.3655,1.0163,98.6182,,,,,,,,,
ANR,Ruckman,12/22/2024 0:00,0,0,0,0,0,0,0,0,0,,,,,,,,,
ANR,Ruckman,12/23/2024 0:00,0,0,0,0,0,0,0,0,0,,,,,,,,,
ANR,Ruckman,12/24/2024 0:00,0,0,0,0,0,0,0,0,0,,,,,,,,,
ANR,Ruckman,12/25/2024 0:00,0,0,0,0,0,0,0,0,0,,,,,,,,,
ANR,Ruckman,12/26/2024 0:00,0,0,0,0,0,0,0,0,0,,,,,,,,,
ANR,Ruckman,12/27/2024 0:00,0,0,0,0,0,0,0,0,0,,,,,,,,,
ANR,Ruckman,12/28/2024 0:00,0,0,0,0,0,0,0,0,0,,,,,,,,,
ANR,Ruckman,12/29/2024 0:00,0,0,0,0,0,0,0,0,0,,,,,,,,,
ANR,Ruckman,12/30/2024 0:00,0,0,0,0,0,0,0,0,0,,,,,,,,,
ANR,Ruckman,12/31/2024 0:00,0,0,0,0,0,0,0,0,0,,,,,,,,,
ANR,Ruckman,1/1/2025 0:00,0,0,0,0,0,0,0,0,0,,,,,,,,,
ANR,Ruckman,1/2/2025 0:00,0,0,0,0,0,0,0,0,0,,,,,,,,,
ANR,Ruckman,1/3/2025 0:00,0,0,0,0,0,0,0,0,0,,,,,,,,,
ANR,Ruckman,1/4/2025 0:00,0,0,0,0,0,0,0,0,0,,,,,,,,,
ANR,Ruckman,1/5/2025 0:00,0,0,0,0,0,0,0,0,0,,,,,,,,,
ANR,Ruckman,1/6/2025 0:00,0,0,0,0,0,0,0,0,0,,,,,,,,,
ANR,Ruckman,1/7/2025 0:00,0,0,0,0,0,0,0,0,0,,,,,,,,,
ANR,Ruckman,1/8/2025 0:00,0,0,0,0,0,0,0,0,0,,,,,,,,,
ANR,Ruckman,1/9/2025 0:00,0,0,0,0,0,0,0,0,0,,,,,,,,,
ANR,Ruckman,1/10/2025 0:00,0,0,0,0,0,0,0,0,0,,,,,,,,,
ANR,Ruckman,1/11/2025 0:00,0,0,0,0,0,0,0,0,0,,,,,,,,,
ANR,Ruckman,1/12/2025 0:00,0,0,0,0,0,0,0,0,0,,,,,,,,,
ANR,Ruckman,1/13/2025 0:00,0,0,0,0,0,0,0,0,0,,,,,,,,,
ANR,Ruckman,1/14/2025 0:00,0,0,0,0,0,0,0,0,0,,,,,,,,,
ANR,Ruckman,1/15/2025 0:00,0,0,0,0,0,0,0,0,0,,,,,,,,,
ANR,Ruckman,1/16/2025 0:00,0,0,0,0,0,0,0,0,0,,,,,,,,,
ANR,Ruckman,1/17/2025 0:00,0,0,0,0,0,0,0,0,0,,,,,,,,,
ANR,Ruckman,1/18/2025 0:00,0,0,0,0,0,0,0,0,0,,,,,,,,,
ANR,Ruckman,1/19/2025 0:00,0,0,0,0,0,0,0,0,0,,,,,,,,,
ANR,Ruckman,1/20/2025 0:00,0,0,0,0,0,0,0,0,0,,,,,,,,,
ANR,Ruckman,1/21/2025 0:00,0,0,0,0,0,0,0,0,0,,,,,,,,,
ANR,Ruckman,1/22/2025 0:00,0,0,0,0,0,0,0,0,0,,,,,,,,,
ANR,Ruckman,1/23/2025 0:00,0,0,0,0,0,0,0,0,0,,,,,,,,,
ANR,Ruckman,1/24/2025 0:00,0,0,0,0,0,0,0,0,0,,,,,,,,,
ANR,Ruckman,1/25/2025 0:00,0,0,0,0,0,0,0,0,0,,,,,,,,,
ANR,Ruckman,1/26/2025 0:00,0,0,0,0,0,0,0,0,0,,,,,,,,,
ANR,Ruckman,1/27/2025 0:00,0,0,0,0,0,0,0,0,0,,,,,,,,,
ANR,Ruckman,1/28/2025 0:00,0,0,0,0,0,0,0,0,0,,,,,,,,,
ANR,Ruckman,1/29/2025 0:00,0,0,0,0,0,0,0,0,0,,,,,,,,,
ANR,Ruckman,1/30/2025 0:00,0,0,0,0,0,0,0,0,0,,,,,,,,,
ANR,Ruckman,1/31/2025 0:00,0,0,0,0,0,0,0,0,0,,,,,,,,,
ANR,Ruckman,2/1/2025 0:00,0,0,0,0,0,0,0,0,0,,,,,,,,,
ANR,Ruckman,2/2/2025 0:00,0,0,0,0,0,0,0,0,0,,,,,,,,,
ANR,Ruckman,2/3/2025 0:00,0,0,0,0,0,0,0,0,0,,,,,,,,,
ANR,Ruckman,2/4/2025 0:00,0,0,0,0,0,0,0,0,0,,,,,,,,,
ANR,Ruckman,2/5/2025 0:00,0,0,0,0,0,0,0,0,0,,,,,,,,,
ANR,Ruckman,2/6/2025 0:00,0,0,0,0,0,0,0,0,0,,,,,,,,,
ANR,Ruckman,2/7/2025 0:00,0,0,0,0,0,0,0,0,0,,,,,,,,,
ANR,Ruckman,2/8/2025 0:00,0,0,0,0,0,0,0,0,0,,,,,,,,,
ANR,Ruckman,2/9/2025 0:00,0,0,0,0,0,0,0,0,0,,,,,,,,,
ANR,Ruckman,2/10/2025 0:00,0,0,0,0,0,0,0,0,0,,,,,,,,,
ANR,Ruckman,2/11/2025 0:00,0,0,0,0,0,0,0,0,0,,,,,,,,,
ANR,Ruckman,2/12/2025 0:00,0,0,0,0,0,0,0,0,0,,,,,,,,,
ANR,Ruckman,2/13/2025 0:00,0,0,0,0,0,0,0,0,0,,,,,,,,,
ANR,Ruckman,2/14/2025 0:00,0,0,0,0,0,0,0,0,0,,,,,,,,,
ANR,Ruckman,2/15/2025 0:00,0,0,0,0,0,0,0,0,0,,,,,,,,,
ANR,Ruckman,2/16/2025 0:00,0,0,0,0,0,0,0,0,0,,,,,,,,,
ANR,Ruckman,2/17/2025 0:00,0,0,0,0,0,0,0,0,0,,,,,,,,,
ANR,Ruckman,2/18/2025 0:00,0,0,0,0,0,0,0,0,0,,,,,,,,,
ANR,Ruckman,2/19/2025 0:00,0,0,0,0,0,0,0,0,0,,,,,,,,,
ANR,Ruckman,2/20/2025 0:00,0,0,0,0,0,0,0,0,0,,,,,,,,,
ANR,Ruckman,2/21/2025 0:00,0,0,0,0,0,0,0,0,0,,,,,,,,,
ANR,Ruckman,2/22/2025 0:00,0,0,0,0,0,0,0,0,0,,,,,,,,,
ANR,Ruckman,2/23/2025 0:00,0,0,0,0,0,0,0,0,0,,,,,,,,,
ANR,Ruckman,2/24/2025 0:00,0,0,0,0,0,0,0,0,0,,,,,,,,,
ANR,Ruckman,2/25/2025 0:00,0,0,0,0,0,0,0,0,0,,,,,,,,,
ANR,Ruckman,2/26/2025 0:00,0,0,0,0,0,0,0,0,0,,,,,,,,,
ANR,Ruckman,2/27/2025 0:00,0,0,0,0,0,0,0,0,0,,,,,,,,,
ANR,Ruckman,2/28/2025 0:00,0,0,0,0,0,0,0,0,0,,,,,,,,,
ANR,Ruckman,3/1/2025 0:00,0,0,0,0,0,0,0,0,0,,,,,,,,,
ANR,Ruckman,3/2/2025 0:00,0,0,0,0,0,0,0,0,0,,,,,,,,,
ANR,Ruckman,3/3/2025 0:00,0,0,0,0,0,0,0,0,0,,,,,,,,,
ANR,Ruckman,3/4/2025 0:00,0,0,0,0,0,0,0,0,0,,,,,,,,,
ANR,Ruckman,3/5/2025 0:00,0,0,0,0,0,0,0,0,0,,,,,,,,,
ANR,Ruckman,3/6/2025 0:00,0,0,0,0,0,0,0,0,0,,,,,,,,,
ANR,Ruckman,3/7/2025 0:00,0,0,0,0,0,0,0,0,0,,,,,,,,,
ANR,Ruckman,3/8/2025 0:00,0,0,0,0,0,0,0,0,0,,,,,,,,,
ANR,Ruckman,3/9/2025 0:00,0,0,0,0,0,0,0,0,0,,,,,,,,,
ANR,Ruckman,3/10/2025 0:00,0,0,0,0,0,0,0,0,0,,,,,,,,,
ANR,Ruckman,3/11/2025 0:00,0,0,0,0,0,0,0,0,0,,,,,,,,,
ANR,Ruckman,3/12/2025 0:00,0,0,0,0,0,0,0,0,0,,,,,,,,,
ANR,Ruckman,3/13/2025 0:00,0,0,0,0,0,0,0,0,0,,,,,,,,,
ANR,Ruckman,3/14/2025 0:00,0,0,0,0,0,0,0,0,0,,,,,,,,,
ANR,Ruckman,3/15/2025 0:00,0,0,0,0,0,0,0,0,0,,,,,,,,,
ANR,Ruckman,3/16/2025 0:00,0,0,0,0,0,0,0,0,0,,,,,,,,,
ANR,Ruckman,3/17/2025 0:00,0,0,0,0,0,0,0,0,0,,,,,,,,,
ANR,Ruckman,3/18/2025 0:00,0,0,0,0,0,0,0,0,0,,,,,,,,,
ANR,Ruckman,3/19/2025 0:00,0,0,0,0,0,0,0,0,0,,,,,,,,,
ANR,Ruckman,3/20/2025 0:00,0,0,0,0,0,0,0,0,0,,,,,,,,,
ANR,Ruckman,3/21/2025 0:00,0,0,0,0,0,0,0,0,0,,,,,,,,,
ANR,Ruckman,3/22/2025 0:00,0,0,0,0,0,0,0,0,0,,,,,,,,,
ANR,Ruckman,3/23/2025 0:00,0,0,0,0,0,0,0,0,0,,,,,,,,,
ANR,Ruckman,3/24/2025 0:00,0,0,0,0,0,0,0,0,0,,,,,,,,,
ANR,Ruckman,3/25/2025 0:00,0,0,0,0,0,0,0,0,0,,,,,,,,,
ANR,Ruckman,3/26/2025 0:00,0,0,0,0,0,0,0,0,0,,,,,,,,,
ANR,Ruckman,3/27/2025 0:00,0,0,0,0,0,0,0,0,0,,,,,,,,,
ANR,Ruckman,3/28/2025 0:00,0,0,0,0,0,0,0,0,0,,,,,,,,,
ANR,Ruckman,3/29/2025 0:00,0,0,0,0,0,0,0,0,0,,,,,,,,,
ANR,Ruckman,3/30/2025 0:00,0,0,0,0,0,0,0,0,0,,,,,,,,,
ANR,Ruckman,3/31/2025 0:00,0,0,0,0,0,0,0,0,0,,,,,,,,,
ANR,Ruckman,4/1/2025 0:00,0,0,0,0,0,0,0,0,0,,,,,,,,,
ANR,Ruckman,4/2/2025 0:00,0,0,0,0,0,0,0,0,0,,,,,,,,,
ANR,Ruckman,4/3/2025 0:00,487,996,485,886.7,58.3,0.5665,0.1148,2.0343,97.8509,,,,,,,,,
ANR,Ruckman,4/4/2025 0:00,675,991.4,669,888.2,58.8,0.5659,0.0804,2.304,97.6156,,,,,,,,,
ANR,Ruckman,4/5/2025 0:00,0,0,0,0,0,0,0,0,0,,,,,,,,,
ANR,Ruckman,4/6/2025 0:00,0,0,0,0,0,0,0,0,0,,,,,,,,,
ANR,Ruckman,4/7/2025 0:00,706,989.9,699,888.2,56.6,0.5685,0.1495,2.5263,97.3242,,,,,,,,,
ANR,Ruckman,4/8/2025 0:00,706,987.8,697,886.2,60.4,0.5678,0.1388,2.6121,97.2491,,,,,,,,,
ANR,Ruckman,4/9/2025 0:00,595,988.3,588,888.5,71.9,0.5661,0.1278,2.4385,97.4337,,,,,,,,,
ANR,Ruckman,4/10/2025 0:00,707,989.1,699,892.7,62.1,0.5658,0.1241,2.3683,97.5076,,,,,,,,,
ANR,Ruckman,4/11/2025 0:00,601,989.6,595,881.7,58.8,0.5663,0.112,2.4046,97.4834,,,,,,,,,
ANR,Ruckman,4/12/2025 0:00,0,0,0,0,0,0,0,0,0,,,,,,,,,
ANR,Ruckman,4/13/2025 0:00,0,0,0,0,0,0,0,0,0,,,,,,,,,
ANR,Ruckman,4/14/2025 0:00,0,0,0,0,0,0,0,0,0,,,,,,,,,
ANR,Ruckman,4/15/2025 0:00,0,0,0,0,0,0,0,0,0,,,,,,,,,
ANR,Ruckman,4/16/2025 0:00,647,992.5,643,868.7,38.3,0.5669,0.0991,2.3655,97.5354,,,,,,,,,
ANR,Ruckman,4/17/2025 0:00,537,987.7,530,848.4,46.4,0.5661,0.0923,2.5325,97.3752,,,,,,,,,
ANR,Ruckman,4/18/2025 0:00,0,0,0,0,0,0,0,0,0,,,,,,,,,
ANR,Ruckman,4/19/2025 0:00,0,0,0,0,0,0,0,0,0,,,,,,,,,
ANR,Ruckman,4/20/2025 0:00,0,0,0,0,0,0,0,0,0,,,,,,,,,
ANR,Ruckman,4/21/2025 0:00,668,987.8,660,918,60.6,0.567,0.186,2.4661,97.3479,,,,,,,,,
ANR,Ruckman,4/22/2025 0:00,873,988.2,863,927.9,67,0.5662,0.1529,2.4159,97.4312,,,,,,,,,
ANR,Ruckman,4/23/2025 0:00,1069,989.7,1058,936.8,68.8,0.5657,0.1623,2.2583,97.5794,,,,,,,,,
ANR,Ruckman,4/24/2025 0:00,964,988.4,951,908.6,69.1,0.5669,0.2803,2.2794,97.4403,,,,,,,,,
ANR,Ruckman,4/25/2025 0:00,658,991.4,652,883.4,57.9,0.5651,0.1849,2.0342,97.7809,,,,,,,,,
ANR,Ruckman,4/26/2025 0:00,401,991.9,398,893.5,57.7,0.5645,0.0329,2.2131,97.754,,,,,,,,,
ANR,Ruckman,4/27/2025 0:00,723,992.8,718,894.4,59.4,0.5639,0.0626,2.0568,97.8806,,,,,,,,,
ANR,Ruckman,4/28/2025 0:00,1425,993.1,1415,896.1,66.1,0.5647,0.2226,1.8686,97.9088,,,,,,,,,
ANR,Ruckman,4/29/2025 0:00,1257,995,1250,884.4,63.3,0.5639,0.2236,1.6846,98.0918,,,,,,,,,
ANR,Ruckman,4/30/2025 0:00,534,997.7,533,866.2,60.6,0.5624,0.1645,1.4715,98.364,,,,,,,,,
ANR,Ruckman,5/1/2025 0:00,40,995,39,825.7,62.5,0.5632,0.1042,1.8,98.0958,,,,,,,,,
ANR,Ruckman,5/2/2025 0:00,525,986.7,518,824.1,54.3,0.5686,0.3735,2.3916,97.2349,,,,,,,,,
ANR,Ruckman,5/3/2025 0:00,92,986.5,91,839.5,55.3,0.5682,0.3727,2.3703,97.257,,,,,,,,,
ANR,Ruckman,5/4/2025 0:00,10,1019.9,10,901,57.4,0.5802,0.5124,1.2475,98.2401,,,,,,,,,
ANR,Ruckman,5/5/2025 0:00,497,995.4,495,906.4,60,0.5639,0.2536,1.6082,98.1382,,,,,,,,,
ANR,Ruckman,5/6/2025 0:00,1284,994.7,1279,909.6,66.9,0.5642,0.2649,1.6663,98.0688,,,,,,,,,
ANR,Ruckman,5/7/2025 0:00,1619,992.8,1606,907.8,71.1,0.5657,0.391,1.7323,97.8767,,,,,,,,,
ANR,Ruckman,5/8/2025 0:00,1049,992.1,1042,875,69.6,0.5653,0.2592,1.9352,97.8056,,,,,,,,,
ANR,Ruckman,5/9/2025 0:00,1192,991.1,1183,853.2,76.8,0.5664,0.3911,1.8509,97.758,,,,,,,,,
ANR,Ruckman,5/10/2025 0:00,0,0,0,0,0,0,0,0,0,,,,,,,,,
ANR,Ruckman,5/11/2025 0:00,9,1004.1,9,827,64.6,0.5813,0.4173,2.4635,97.1192,,,,,,,,,
ANR,Ruckman,5/12/2025 0:00,1151,996.9,1151,830.3,62.3,0.5639,0.359,1.3625,98.2785,,,,,,,,,
ANR,Ruckman,5/13/2025 0:00,1345,994.3,1340,847.4,70.8,0.5658,0.5156,1.46,98.0244,,,,,,,,,
ANR,Ruckman,5/14/2025 0:00,1405,993.9,1398,895.2,74.3,0.5652,0.3744,1.6373,97.9883,,,,,,,,,
ANR,Ruckman,5/15/2025 0:00,1190,987.3,1177,892.1,72.3,0.5681,0.4301,2.2316,97.3383,,,,,,,,,
ANR,Ruckman,5/16/2025 0:00,1290,990.8,1277,899.8,68.2,0.5664,0.3709,1.9515,97.6776,,,,,,,,,
ANR,Ruckman,5/17/2025 0:00,1363,991.5,1348,903.3,65.9,0.5664,0.4134,1.8371,97.7495,,,,,,,,,
ANR,Ruckman,5/18/2025 0:00,1242,991.8,1228,937.4,69.3,0.5662,0.4067,1.8151,97.7782,,,,,,,,,
ANR,Ruckman,5/19/2025 0:00,1128,992.8,1120,943.3,66.6,0.5665,0.5059,1.6361,97.858,,,,,,,,,
ANR,Ruckman,5/20/2025 0:00,1168,993.7,1159,899.8,63.4,0.5658,0.4206,1.6403,97.9391,,,,,,,,,
ANR,Ruckman,5/21/2025 0:00,1823,1002.3,1821,891.9,64,0.5609,0.2163,0.97,98.8137,,,,,,,,,
ANR,Ruckman,5/22/2025 0:00,1811,995.8,1804,883.5,63.5,0.5635,0.2071,1.6182,98.1747,,,,,,,,,
ANR,Ruckman,5/23/2025 0:00,1442,996.9,1441,895.9,64.4,0.5623,0.0885,1.6259,98.2856,,,,,,,,,
ANR,Ruckman,5/24/2025 0:00,1233,997.4,1233,899.4,68.1,0.5622,0.1027,1.5626,98.3347,,,,,,,,,
ANR,Ruckman,5/25/2025 0:00,1150,994.5,1143,929,65.3,0.5638,0.1798,1.7703,98.0499,,,,,,,,,
ANR,Ruckman,5/26/2025 0:00,1745,998.2,1743,901.3,64.4,0.5622,0.1579,1.4272,98.4149,,,,,,,,,
ANR,Ruckman,5/27/2025 0:00,1775,1000.5,1776,904.6,64.9,0.5614,0.1771,1.1896,98.6333,,,,,,,,,
ANR,Ruckman,5/28/2025 0:00,1413,1000.7,1414,880.2,66.5,0.5616,0.2247,1.1195,98.6558,,,,,,,,,
ANR,Ruckman,5/29/2025 0:00,1731,998.4,1728,870.7,67.9,0.5623,0.1903,1.383,98.4267,,,,,,,,,
ANR,Ruckman,5/30/2025 0:00,1885,998,1881,856.1,70.6,0.5628,0.2566,1.3487,98.3947,,,,,,,,,
ANR,Ruckman,5/31/2025 0:00,1687,1001.5,1687,851.7,70.6,0.5612,0.2227,1.0412,98.7361,,,,,,,,,
ANR,Ruckman,6/1/2025 0:00,1353,1002.6,1357,841.9,75.6,0.5605,0.169,0.985,98.846,,,,,,,,,
ANR,Ruckman,6/2/2025 0:00,1649,1001.8,1654,811.2,77.9,0.5605,0.1142,1.1245,98.7613,,,,,,,,,
ANR,Ruckman,6/3/2025 0:00,1910,1000.7,1910,727.8,65.8,0.5619,0.2868,1.0536,98.6596,,,,,,,,,
ANR,Ruckman,6/4/2025 0:00,1826,1001.4,1828,718.7,70.7,0.5615,0.2614,1.0098,98.7288,,,,,,,,,
ANR,Ruckman,6/5/2025 0:00,1579,999,1578,709.8,71.7,0.5626,0.2871,1.2211,98.4918,,,,,,,,,
ANR,Ruckman,6/6/2025 0:00,1526,1000.1,1527,724,72.7,0.5635,0.4955,0.928,98.5765,,,,,,,,,
ANR,Ruckman,6/7/2025 0:00,1677,998.9,1677,765.3,68.5,0.5624,0.2504,1.2686,98.481,,,,,,,,,
ANR,Ruckman,6/8/2025 0:00,1703,1000,1704,838,67.3,0.5621,0.2738,1.14,98.5862,,,,,,,,,
ANR,Ruckman,6/9/2025 0:00,1766,999.7,1766,908.2,72.1,0.5622,0.2732,1.1663,98.5605,,,,,,,,,
ANR,Ruckman,6/10/2025 0:00,1635,999.5,1635,937.8,77.6,0.5625,0.2954,1.1699,98.5347,,,,,,,,,
ANR,Ruckman,6/11/2025 0:00,1611,998.4,1609,896.7,80.9,0.5627,0.2525,1.3176,98.4299,,,,,,,,,
ANR,Ruckman,6/12/2025 0:00,1631,999.1,1631,917,75.8,0.5625,0.2829,1.217,98.5001,,,,,,,,,
ANR,Ruckman,6/13/2025 0:00,1804,997.3,1802,889.5,77.3,0.5635,0.3328,1.3445,98.3227,,,,,,,,,
ANR,Ruckman,6/14/2025 0:00,1683,996.8,1680,858.1,79.3,0.5638,0.3513,1.3725,98.2762,,,,,,,,,
ANR,Ruckman,6/15/2025 0:00,1114,999.7,1114,879.3,82.3,0.5629,0.3863,1.0532,98.5605,,,,,,,,,
ANR,Ruckman,6/16/2025 0:00,1052,1005,1056,896.2,83.1,0.5611,0.4461,0.4754,99.0785,,,,,,,,,
ANR,Ruckman,6/17/2025 0:00,993,1002.7,995,901.8,81.8,0.5621,0.4671,0.6782,98.8547,,,,,,,,,
ANR,Ruckman,6/18/2025 0:00,1496,997.2,1494,888.7,72.2,0.5634,0.3023,1.3874,98.3103,,,,,,,,,
ANR,Ruckman,6/19/2025 0:00,1224,998.2,1222,897.5,78.7,0.563,0.2912,1.3015,98.4073,,,,,,,,,
ANR,Ruckman,6/20/2025 0:00,1348,999,1348,910.3,83.2,0.5629,0.333,1.1785,98.4885,,,,,,,,,
ANR,Ruckman,6/21/2025 0:00,1338,1001,1340,899.9,82.5,0.5608,0.1159,1.1986,98.6855,,,,,,,,,
ANR,Ruckman,6/22/2025 0:00,1122,1001.9,1125,921.2,84.2,0.5608,0.176,1.0506,98.7734,,,,,,,,,
ANR,Ruckman,6/23/2025 0:00,1223,999,1225,926.5,79.5,0.5619,0.161,1.3528,98.4862,,,,,,,,,
ANR,Ruckman,6/24/2025 0:00,673,1002.9,675,915.8,68.8,0.5623,0.5099,0.6231,98.867,,,,,,,,,
ANR,Ruckman,6/25/2025 0:00,259,997.9,258,851,80,0.5663,0.8653,0.758,98.3767,,,,,,,,,
ANR,Ruckman,6/26/2025 0:00,1295,1000.1,1297,858.2,76.5,0.5613,0.1281,1.278,98.5939,,,,,,,,,
ANR,Ruckman,6/27/2025 0:00,949,997.7,948,887.6,78.7,0.5623,0.1378,1.5039,98.3583,,,,,,,,,
ANR,Ruckman,6/28/2025 0:00,1157,999.5,1159,906,79.8,0.5613,0.0873,1.3733,98.5394,,,,,,,,,
ANR,Ruckman,6/29/2025 0:00,1459,1000.4,1462,907.2,77.2,0.5613,0.1487,1.2225,98.6288,,,,,,,,,
ANR,Ruckman,6/30/2025 0:00,1505,1000.7,1509,851.3,75.2,0.5612,0.1561,1.1854,98.6585,,,,,,,,,
ANR,Ruckman,7/1/2025 0:00,1308,1001.1,1312,831.5,78.2,0.5609,0.1439,1.1591,98.697,,,,,,,,,
ANR,Ruckman,7/2/2025 0:00,1361,999.2,1361,837.1,77.9,0.5621,0.2121,1.2837,98.5042,,,,,,,,,
ANR,Ruckman,7/3/2025 0:00,1533,1001.5,1535,840.2,80.4,0.5617,0.3115,0.9585,98.73,,,,,,,,,
ANR,Ruckman,7/4/2025 0:00,716,1002.8,718,864.3,81,0.5611,0.282,0.8598,98.8582,,,,,,,,,
ANR,Ruckman,7/5/2025 0:00,538,1005.7,541,902.4,76.4,0.5603,0.3571,0.493,99.1499,,,,,,,,,
ANR,Ruckman,7/6/2025 0:00,652,1005.9,656,907.1,75.8,0.5603,0.3705,0.4609,99.1686,,,,,,,,,
ANR,Ruckman,7/7/2025 0:00,711,1003,713,921.9,79.8,0.5627,0.5844,0.539,98.8766,,,,,,,,,
ANR,Ruckman,7/8/2025 0:00,820,1005.8,825,894.1,75.8,0.5607,0.4371,0.4126,99.1503,,,,,,,,,
ANR,Ruckman,7/9/2025 0:00,834,1002.4,837,874.3,77.2,0.5608,0.2183,0.9548,98.8269,,,,,,,,,
ANR,Ruckman,7/10/2025 0:00,882,998.4,882,898.1,80.2,0.562,0.1385,1.429,98.4325,,,,,,,,,
ANR,Ruckman,7/11/2025 0:00,1160,996,1158,892.1,76.8,0.5635,0.2211,1.5901,98.1888,,,,,,,,,
ANR,Ruckman,7/12/2025 0:00,1333,998.6,1333,946,78.2,0.562,0.1543,1.3974,98.4483,,,,,,,,,
ANR,Ruckman,7/13/2025 0:00,1334,997.2,1334,955.7,80,0.5631,0.2375,1.4546,98.3079,,,,,,,,,
ANR,Ruckman,7/14/2025 0:00,1367,1001.8,1370,946,81.3,0.561,0.1925,1.0474,98.7601,,,,,,,,,
ANR,Ruckman,7/15/2025 0:00,1470,996.8,1469,897,81.5,0.563,0.1953,1.5289,98.2758,,,,,,,,,
ANR,Ruckman,7/16/2025 0:00,1154,995.5,1152,842.2,75.2,0.5635,0.1982,1.6488,98.153,,,,,,,,,
ANR,Ruckman,7/17/2025 0:00,1316,996.9,1315,825.1,71.6,0.563,0.2096,1.5072,98.2832,,,,,,,,,
ANR,Ruckman,7/18/2025 0:00,933,1001.2,933,863.3,76.1,0.5628,0.4718,0.8229,98.7053,,,,,,,,,
ANR,Ruckman,7/19/2025 0:00,933,1004.7,937,897.2,77.4,0.5606,0.3406,0.611,99.0484,,,,,,,,,
ANR,Ruckman,7/20/2025 0:00,649,1005.7,653,902.2,76.1,0.5595,0.2165,0.6338,99.1497,,,,,,,,,
ANR,Ruckman,7/21/2025 0:00,1316,999.6,1317,809.7,73.6,0.5617,0.1653,1.2811,98.5536,,,,,,,,,
ANR,Ruckman,7/22/2025 0:00,1440,998.5,1441,774.5,75.8,0.5621,0.1601,1.3923,98.4476,,,,,,,,,
ANR,Ruckman,7/23/2025 0:00,1264,998.5,1264,760.3,74.1,0.5622,0.1701,1.3903,98.4396,,,,,,,,,
ANR,Ruckman,7/24/2025 0:00,1352,1001.3,1354,745.5,64.1,0.5609,0.1461,1.1344,98.7195,,,,,,,,,
ANR,Ruckman,7/25/2025 0:00,926,1002.8,927,758.5,66.8,0.5612,0.2987,0.8398,98.8615,,,,,,,,,
ANR,Ruckman,7/26/2025 0:00,621,1003.4,622,799,73.3,0.561,0.3044,0.7802,98.9154,,,,,,,,,
ANR,Ruckman,7/27/2025 0:00,941,1004.9,945,767.4,75.1,0.5598,0.2019,0.7258,99.0723,,,,,,,,,
ANR,Ruckman,7/28/2025 0:00,1297,997.9,1297,793.8,71.5,0.5624,0.1696,1.4511,98.3793,,,,,,,,,
ANR,Ruckman,7/29/2025 0:00,1297,997.7,1298,824.2,83.8,0.5623,0.13,1.5049,98.3651,,,,,,,,,
ANR,Ruckman,7/30/2025 0:00,1100,996.2,1099,918.4,64.9,0.5637,0.2839,1.5047,98.2114,,,,,,,,,
ANR,Ruckman,7/31/2025 0:00,1247,995.4,1245,939.7,73.5,0.5641,0.2965,1.5663,98.1372,,,,,,,,,
ANR,Ruckman,8/1/2025 0:00,968,996.2,966,937.7,72.7,0.5636,0.2616,1.5225,98.2159,,,,,,,,,
ANR,Ruckman,8/2/2025 0:00,1256,997.9,1255,958.3,73.3,0.5624,0.1659,1.4487,98.3854,,,,,,,,,
ANR,Ruckman,8/3/2025 0:00,1218,998,1217,934.8,72.5,0.5624,0.1707,1.4381,98.3912,,,,,,,,,
ANR,Ruckman,8/4/2025 0:00,836,1000.5,834,871.4,71.9,0.5632,0.4828,0.8849,98.6323,,,,,,,,,
ANR,Ruckman,8/5/2025 0:00,951,1002.3,953,942.5,72.8,0.562,0.4042,0.7919,98.8039,,,,,,,,,
ANR,Ruckman,8/6/2025 0:00,1273,994,1269,931.5,74.7,0.5648,0.309,1.6947,97.9963,,,,,,,,,
ANR,Ruckman,8/7/2025 0:00,1476,994,1470,948,78.1,0.5647,0.2977,1.6997,98.0026,,,,,,,,,
ANR,Ruckman,8/8/2025 0:00,413,994.5,410,959.9,83.8,0.5688,1.0629,0.9003,98.0368,,,,,,,,,
ANR,Ruckman,8/9/2025 0:00,0,0,0,0,0,0,0,0,0,,,,,,,,,
ANR,Ruckman,8/10/2025 0:00,0,0,0,0,0,0,0,0,0,,,,,,,,,
ANR,Ruckman,8/11/2025 0:00,681,992.6,677,902.6,76.1,0.5654,0.2163,1.978,97.8057,,,,,,,,,
ANR,Ruckman,8/12/2025 0:00,1550,996.4,1548,905.3,74.9,0.563,0.1651,1.6008,98.2341,,,,,,,,,
ANR,Ruckman,8/13/2025 0:00,1367,994.5,1364,919,77.4,0.5638,0.1748,1.7783,98.0469,,,,,,,,,
ANR,Ruckman,8/14/2025 0:00,560,1000.5,558,917.8,77.5,0.5624,0.3476,1.0253,98.6271,,,,,,,,,
ANR,Ruckman,8/15/2025 0:00,287,997,285,918.8,84.2,0.5672,0.9602,0.7517,98.2881,,,,,,,,,
ANR,Ruckman,8/16/2025 0:00,0,0,0,0,0,0,0,0,0,,,,,,,,,
ANR,Ruckman,8/17/2025 0:00,0,0,0,0,0,0,0,0,0,,,,,,,,,
ANR,Ruckman,8/18/2025 0:00,932,1004.3,935,942,79.2,0.5615,0.264,0.8299,98.9061,,,,,,,,,
ANR,Ruckman,8/19/2025 0:00,684,994.9,681,857.1,80.1,0.5633,0.1086,1.8043,98.0871,,,,,,,,,
ANR,Ruckman,8/20/2025 0:00,838,1008.7,838,797.8,77.6,0.5665,0.3289,0.9493,98.7218,,,,,,,,,
ANR,Ruckman,8/21/2025 0:00,1196,998.3,1196,820.5,74.4,0.5619,0.1144,1.4599,98.4257,,,,,,,,,
ANR,Ruckman,8/22/2025 0:00,491,1001.7,491,884.3,73.5,0.5619,0.3346,0.9192,98.7462,,,,,,,,,
ANR,Ruckman,8/23/2025 0:00,198,1000.5,199,932.6,70.3,0.5639,0.6085,0.7692,98.6223,,,,,,,,,
ANR,Ruckman,8/24/2025 0:00,0,0,0,0,0,0,0,0,0,,,,,,,,,
ANR,Ruckman,8/25/2025 0:00,996,994.8,992,910.7,73.7,0.5637,0.1699,1.7511,98.079,,,,,,,,,
ANR,Ruckman,8/26/2025 0:00,1355,995.4,1351,866.6,72.8,0.5637,0.2184,1.6485,98.1331,,,,,,,,,
ANR,Ruckman,8/27/2025 0:00,1175,994.8,1171,888.6,74.7,0.5638,0.1859,1.7378,98.0763,,,,,,,,,
ANR,Ruckman,8/28/2025 0:00,1273,994.8,1267,908.3,76.6,0.5644,0.2984,1.6244,98.0772,,,,,,,,,
ANR,Ruckman,8/29/2025 0:00,618,1001.2,617,899.3,75.7,0.5626,0.4274,0.8764,98.6962,,,,,,,,,
ANR,Ruckman,8/30/2025 0:00,199,1003.4,200,882,76,0.5613,0.3545,0.7353,98.9102,,,,,,,,,
ANR,Ruckman,8/31/2025 0:00,0,0,0,0,0,0,0,0,0,,,,,,,,,
ANR,Ruckman,9/1/2025 0:00,0,0,0,0,0,0,0,0,0,,,,,,,,,
ANR,Ruckman,9/2/2025 0:00,0,0,0,0,0,0,0,0,0,,,,,,,,,
ANR,Ruckman,9/3/2025 0:00,370,1001.2,370,926.4,73,0.5707,1.0191,0.7389,98.242,,,,,,,,,
ANR,Ruckman,9/4/2025 0:00,1619,995.4,1614,929.7,66.5,0.5649,0.4375,1.433,98.1295,,,,,,,,,
ANR,Ruckman,9/5/2025 0:00,1291,996,1288,939.5,64.6,0.5635,0.231,1.5723,98.1967,,,,,,,,,
ANR,Ruckman,9/6/2025 0:00,1334,996.2,1332,912.8,66.6,0.5635,0.2348,1.5486,98.2166,,,,,,,,,
ANR,Ruckman,9/7/2025 0:00,737,995.3,733,811.3,69.7,0.5636,0.2002,1.6686,98.1312,,,,,,,,,
ANR,Ruckman,9/8/2025 0:00,948,995.8,948,859.5,62.3,0.563,0.1216,1.6977,98.1807,,,,,,,,,
ANR,Ruckman,9/9/2025 0:00,1186,997.1,1184,931.6,69.8,0.5632,0.2442,1.4549,98.3009,,,,,,,,,
ANR,Ruckman,9/10/2025 0:00,664,999.6,664,952.1,72.5,0.562,0.1996,1.2629,98.5375,,,,,,,,,
ANR,Ruckman,9/11/2025 0:00,772,1002.1,773,947.7,75.4,0.5617,0.3246,0.888,98.7874,,,,,,,,,
ANR,Ruckman,9/12/2025 0:00,372,1003.3,374,954.9,75.9,0.5605,0.1973,0.8972,98.9055,,,,,,,,,
ANR,Ruckman,9/13/2025 0:00,161,1003.4,162,957.1,73.9,0.5604,0.1938,0.8923,98.9139,,,,,,,,,
ANR,Ruckman,9/14/2025 0:00,0,0,0,0,0,0,0,0,0,,,,,,,,,
ANR,Ruckman,9/15/2025 0:00,734,1003.9,735,907.7,73.7,0.5601,0.1722,0.8644,98.9634,,,,,,,,,
ANR,Ruckman,9/16/2025 0:00,1004,1002.7,1007,887.3,77.8,0.5607,0.1911,0.9596,98.8493,,,,,,,,,
ANR,Ruckman,9/17/2025 0:00,1685,994.3,1680,922.2,70.1,0.5652,0.378,1.6099,98.0121,,,,,,,,,
ANR,Ruckman,9/18/2025 0:00,1217,991.8,1211,900.8,64.9,0.5664,0.4455,1.7688,97.7857,,,,,,,,,
ANR,Ruckman,9/19/2025 0:00,1654,992.2,1648,920.7,74.7,0.5659,0.3525,1.8412,97.8063,,,,,,,,,
ANR,Ruckman,9/20/2025 0:00,623,985.4,613,849.5,71.6,0.568,0.2603,2.5884,97.1513,,,,,,,,,
ANR,Ruckman,9/21/2025 0:00,465,990.5,461,798.1,71.6,0.5654,0.1641,2.1822,97.6537,,,,,,,,,
ANR,Ruckman,9/22/2025 0:00,1131,995.7,1127,779.8,68.6,0.5644,0.3582,1.4788,98.163,,,,,,,,,
ANR,Ruckman,9/23/2025 0:00,85,987.7,84,794.9,68,0.5672,0.2974,2.3204,97.3822,,,,,,,,,
ANR,Ruckman,9/24/2025 0:00,639,1000.6,639,829.7,63.8,0.5624,0.3568,1.0022,98.641,,,,,,,,,
ANR,Ruckman,9/25/2025 0:00,523,999.4,523,815.6,66.8,0.5628,0.3426,1.1257,98.5317,,,,,,,,,
ANR,Ruckman,9/26/2025 0:00,812,995.1,808,792.8,66.6,0.568,0.9524,0.9512,98.0964,,,,,,,,,
ANR,Ruckman,9/27/2025 0:00,0,0,0,0,0,0,0,0,0,,,,,,,,,
ANR,Ruckman,9/28/2025 0:00,0,0,0,0,0,0,0,0,0,,,,,,,,,
ANR,Ruckman,9/29/2025 0:00,0,0,0,0,0,0,0,0,0,,,,,,,,,
ANR,Ruckman,9/30/2025 0:00,976,993.1,968,833.1,69.4,0.5687,0.4025,1.9734,97.6241,,,,,,,,,
ANR,Ruckman,10/1/2025 0:00,864,988,856,832.3,73.5,0.5673,0.3291,2.2575,97.4134,,,,,,,,,
ANR,Ruckman,10/2/2025 0:00,1035,989.7,1028,824.1,74.5,0.5669,0.3744,2.0455,97.5801,,,,,,,,,
ANR,Ruckman,10/3/2025 0:00,868,993.8,862,832.2,78,0.5678,0.8336,1.1912,97.9752,,,,,,,,,
ANR,Ruckman,10/4/2025 0:00,0,0,0,0,0,0,0,0,0,,,,,,,,,
ANR,Ruckman,10/5/2025 0:00,0,0,0,0,0,0,0,0,0,,,,,,,,,
ANR,Ruckman,10/6/2025 0:00,726,990.6,718,919.6,65.5,0.5703,0.5291,2.078,97.3929,,,,,,,,,
ANR,Ruckman,10/7/2025 0:00,625,989.4,619,865.7,65.1,0.5656,0.1309,2.3235,97.5456,,,,,,,,,
ANR,Ruckman,10/8/2025 0:00,424,992.5,422,843.9,70.3,0.5676,0.7085,1.4444,97.8471,,,,,,,,,
ANR,Ruckman,10/9/2025 0:00,734,988,726,826.6,65.3,0.5665,0.175,2.4176,97.4074,,,,,,,,,
ANR,Ruckman,10/10/2025 0:00,528,989.1,523,867.2,71.1,0.5669,0.3318,2.1601,97.5081,,,,,,,,,
ANR,Ruckman,10/11/2025 0:00,0,0,0,0,0,0,0,0,0,,,,,,,,,
ANR,Ruckman,10/12/2025 0:00,201,984.1,198,953.4,66.8,0.5696,0.3655,2.6562,96.9783,,,,,,,,,
ANR,Ruckman,10/13/2025 0:00,907,990.8,901,910.2,70.5,0.5649,0.1027,2.2102,97.6871,,,,,,,,,
ANR,Ruckman,10/14/2025 0:00,1011,987.4,998,833.2,68.1,0.5659,0.0378,2.6119,97.3503,,,,,,,,,
ANR,Ruckman,10/15/2025 0:00,1373,989.1,1357,789.3,70.7,0.566,0.167,2.3177,97.5153,,,,,,,,,
ANR,Ruckman,10/16/2025 0:00,573,987.4,567,820.7,71.2,0.5664,0.119,2.5364,97.3446,,,,,,,,,
ANR,Ruckman,10/17/2025 0:00,460,986.4,455,901,72.6,0.5675,0.233,2.5263,97.2407,,,,,,,,,
ANR,Ruckman,10/18/2025 0:00,187,984.8,184,899.1,61.4,0.5674,0.0916,2.826,97.0824,,,,,,,,,
ANR,Ruckman,10/19/2025 0:00,0,0,0,0,0,0,0,0,0,,,,,,,,,
ANR,Ruckman,10/20/2025 0:00,951,993.6,940,815.7,64.2,0.5705,0.2526,2.3456,97.4018,,,,,,,,,
ANR,Ruckman,10/21/2025 0:00,1104,988.4,1091,774.6,57.1,0.5694,0.1538,2.705,97.1412,,,,,,,,,
ANR,Ruckman,10/22/2025 0:00,1329,990.7,1320,781.4,57.7,0.5651,0.1304,2.197,97.6726,,,,,,,,,
ANR,Ruckman,10/23/2025 0:00,930,990,923,800.1,59.3,0.5647,0.0131,2.3817,97.6052,,,,,,,,,
ANR,Ruckman,10/24/2025 0:00,572,997.6,569,801.2,55.3,0.5631,0.1946,1.4952,98.3102,,,,,,,,,
ANR,Ruckman,10/25/2025 0:00,0,0,0,0,0,0,0,0,0,,,,,,,,,
ANR,Ruckman,10/26/2025 0:00,10,1042.8,11,880.1,59.3,0.598,0.7999,1.15,98.0501,,,,,,,,,
ANR,Ruckman,10/27/2025 0:00,547,1001.2,547,884.4,29.1,0.5606,0.0381,1.2779,98.684,,,,,,,,,
ANR,Ruckman,10/28/2025 0:00,1254,997.7,1243,898.8,58.3,0.5739,0.5755,1.9272,97.4973,,,,,,,,,
ANR,Ruckman,10/29/2025 0:00,409,1011.8,409,951.7,50.6,0.5733,0.2898,1.4574,98.2528,,,,,,,,,
ANR,Ruckman,10/30/2025 0:00,272,1004.9,270,930.1,62.5,0.5805,1.1594,1.2345,97.6061,,,,,,,,,
ANR,Ruckman,10/31/2025 0:00,0,0,0,0,0,0,0,0,0,,,,,,,,,
ANR,Ruckman,11/1/2025 0:00,0,0,0,0,0,0,0,0,0,,,,,,,,,
ANR,Ruckman,11/2/2025 0:00,0,0,0,0,0,0,0,0,0,,,,,,,,,
ANR,Ruckman,11/3/2025 0:00,1033.57,989,1022.59,936.6,57.2,0.5681,0.076,2.684,97.24,,,,,,,,,
ANR,Ruckman,11/4/2025 0:00,1055.96,989,1044.53,872.3,60.9,0.5668,0.026,2.851,97.123,,,,,,,,,
ANR,Ruckman,11/5/2025 0:00,1173.27,992,1163.81,877.5,51.3,0.5708,0.232,2.158,97.61,,,,,,,,,
ANR,Ruckman,11/6/2025 0:00,1196.13,991,1184.84,869.1,59.2,0.5662,0.183,2.334,97.483,,,,,,,,,
ANR,Ruckman,11/7/2025 0:00,536,999,535.39,283.4,18.2,0.5871,0.01,0.492,99.498,,,,,,,,,
ANR,Ruckman,11/8/2025 0:00,0,0,0,0,0,0,0,0,0,,,,,,,,,
ANR,Ruckman,11/9/2025 0:00,0,0,0,0,0,0,0,0,0,,,,,,,,,
ANR,Ruckman,11/10/2025 0:00,19.78,1049,20.75,316.2,14.8,0.6011,0.469,0.501,99.03,,,,,,,,,
ANR,Ruckman,11/11/2025 0:00,507,1004,509,726.8,45.3,0.5705,0.359,1.123,98.518,,,,,,,,,
ANR,Ruckman,11/12/2025 0:00,4.68,1036,4.85,104.3,7.3,0.5992,0.096,0.136,99.768,,,,,,,,,
ANR,Ruckman,11/13/2025 0:00,282.94,999,282.75,177.3,13.2,0.5931,0.128,0.249,99.623,,,,,,,,,
ANR,Ruckman,11/14/2025 0:00,0,0,0,0,0,0,0,0,0,,,,,,,,,
ANR,Ruckman,11/15/2025 0:00,276.24,1004,277.29,277.5,18.5,0.5906,0.242,0.158,99.6,,,,,,,,,
ANR,Ruckman,11/16/2025 0:00,389.43,1001,389.82,360,22.8,0.5857,0.06,0.469,99.471,,,,,,,,,
ANR,Ruckman,11/17/2025 0:00,5.97,1017,6.07,51.6,2.5,0.5992,0.021,0.062,99.917,,,,,,,,,
ANR,Ruckman,11/18/2025 0:00,0,0,0,0,0,0,0,0,0,,,,,,,,,
ANR,Ruckman,11/19/2025 0:00,510.02,992,505.71,327.9,21.9,0.5882,0.194,0.724,99.082,,,,,,,,,
ANR,Ruckman,11/20/2025 0:00,603.99,994,600.29,261.3,17.9,0.59,0.044,0.612,99.344,,,,,,,,,
ANR,Ruckman,11/21/2025 0:00,0,0,0,0,0,0,0,0,0,,,,,,,,,
ANR,Ruckman,11/22/2025 0:00,0,0,0,0,0,0,0,0,0,,,,,,,,,
ANR,Ruckman,11/23/2025 0:00,0,0,0,0,0,0,0,0,0,,,,,,,,,
ANR,Ruckman,11/24/2025 0:00,410.24,991,406.41,299.1,20.1,0.5907,0.188,0.675,99.137,,,,,,,,,
ANR,Ruckman,11/25/2025 0:00,604.73,992,599.85,289.3,19.6,0.5887,0.111,0.649,99.24,,,,,,,,,
ANR,Ruckman,11/26/2025 0:00,0,0,0,0,0,0,0,0,0,,,,,,,,,
ANR,Ruckman,11/27/2025 0:00,0,0,0,0,0,0,0,0,0,,,,,,,,,
ANR,Ruckman,11/28/2025 0:00,0,0,0,0,0,0,0,0,0,,,,,,,,,
ANR,Ruckman,11/29/2025 0:00,0,0,0,0,0,0,0,0,0,,,,,,,,,
ANR,Ruckman,11/30/2025 0:00,0,0,0,0,0,0,0,0,0,,,,,,,,,
ANR,Ruckman,12/1/2025 0:00,0,0,0,0,0,0,0,0,0,,,,,,,,,
ANR,Ruckman,12/2/2025 0:00,0,0,0,0,0,0,0,0,0,,,,,,,,,
ANR,Ruckman,12/3/2025 0:00,0,0,0,0,0,0,0,0,0,,,,,,,,,
ANR,Ruckman,12/4/2025 0:00,0,0,0,0,0,0,0,0,0,,,,,,,,,
ANR,Ruckman,12/5/2025 0:00,0,0,0,0,0,0,0,0,0,,,,,,,,,
ANR,Ruckman,12/6/2025 0:00,0,0,0,0,0,0,0,0,0,,,,,,,,,
ANR,Ruckman,12/7/2025 0:00,0,0,0,0,0,0,0,0,0,,,,,,,,,
ANR,Ruckman,12/8/2025 0:00,349.53,1002,350.36,389.8,17.7,0.5858,0.089,0.378,99.533,,,,,,,,,
ANR,Ruckman,12/9/2025 0:00,0,0,0,0,0,0,0,0,0,,,,,,,,,
ANR,Ruckman,12/10/2025 0:00,385.35,1004,386.97,278.4,12.7,0.5891,0.076,0.267,99.657,,,,,,,,,
ANR,Ruckman,12/11/2025 0:00,0,0,0,0,0,0,0,0,0,,,,,,,,,
ANR,Ruckman,12/12/2025 0:00,0,0,0,0,0,0,0,0,0,,,,,,,,,
ANR,Ruckman,12/13/2025 0:00,0,0,0,0,0,0,0,0,0,,,,,,,,,
ANR,Ruckman,12/14/2025 0:00,0,0,0,0,0,0,0,0,0,,,,,,,,,
ANR,Ruckman,12/15/2025 0:00,422.37,1000,422.52,583.3,27.4,0.5767,0.354,0.653,98.993,,,,,,,,,
ANR,Ruckman,12/16/2025 0:00,0,0,0,0,0,0,0,0,0,,,,,,,,,
ANR,Ruckman,12/17/2025 0:00,475.48,990,470.53,236.9,13.4,0.5932,0.084,0.552,99.364,,,,,,,,,
ANR,Ruckman,12/18/2025 0:00,563.44,988,556.81,240.1,13,0.5922,0.049,0.61,99.341,,,,,,,,,
ANR,Ruckman,12/19/2025 0:00,0,0,0,0,0,0,0,0,0,,,,,,,,,
ANR,Ruckman,12/20/2025 0:00,0,0,0,0,0,0,0,0,0,,,,,,,,,
ANR,Ruckman,12/21/2025 0:00,0,0,0,0,0,0,0,0,0,,,,,,,,,
ANR,Ruckman,12/22/2025 0:00,0,0,0,0,0,0,0,0,0,,,,,,,,,
ANR,Ruckman,12/23/2025 0:00,0,0,0,0,0,0,0,0,0,,,,,,,,,
ANR,Ruckman,12/24/2025 0:00,263.23,1001,263.49,455.8,25.6,0.5841,0.376,0.419,99.205,,,,,,,,,
ANR,Ruckman,12/25/2025 0:00,0,0,0,0,0,0,0,0,0,,,,,,,,,
ANR,Ruckman,12/26/2025 0:00,0,0,0,0,0,0,0,0,0,,,,,,,,,
ANR,Ruckman,12/27/2025 0:00,279.3,1003,280.15,348.7,20.1,0.5872,0.288,0.247,99.465,,,,,,,,,
ANR,Ruckman,12/28/2025 0:00,0,0,0,0,0,0,0,0,0,,,,,,,,,
ANR,Ruckman,12/29/2025 0:00,0,0,0,0,0,0,0,0,0,,,,,,,,,
ANR,Ruckman,12/30/2025 0:00,0,0,0,0,0,0,0,0,0,,,,,,,,,
ANR,Ruckman,12/31/2025 0:00,0,0,0,0,0,0,0,0,0,,,,,,,,,
ANR,Ruckman,1/1/2026 0:00,0,0,0,0,0,0,0,0,0,,,,,,,,,
ANR,Ruckman,1/2/2026 0:00,0,0,0,0,0,0,0,0,0,,,,,,,,,
ANR,Ruckman,1/3/2026 0:00,315.74,1000,315.68,307.4,16.3,0.5891,0.238,0.332,99.43,,,,,,,,,
ANR,Ruckman,1/4/2026 0:00,0,0,0,0,0,0,0,0,0,,,,,,,,,
ANR,Ruckman,1/5/2026 0:00,0,0,0,0,0,0,0,0,0,,,,,,,,,
ANR,Ruckman,1/6/2026 0:00,0,0,0,0,0,0,0,0,0,,,,,,,,,
ANR,Ruckman,1/7/2026 0:00,0,0,0,0,0,0,0,0,0,,,,,,,,,
ANR,Ruckman,1/8/2026 0:00,0,0,0,0,0,0,0,0,0,,,,,,,,,
ANR,Ruckman,1/9/2026 0:00,310.07,1003,310.86,338.4,17.8,0.5877,0.302,0.259,99.439,,,,,,,,,
ANR,Ruckman,1/10/2026 0:00,0,0,0,0,0,0,0,0,0,,,,,,,,,
ANR,Ruckman,1/11/2026 0:00,307.75,1002,308.25,259,13.5,0.5901,0.186,0.26,99.554,,,,,,,,,
ANR,Ruckman,1/12/2026 0:00,0,0,0,0,0,0,0,0,0,,,,,,,,,
ANR,Ruckman,1/13/2026 0:00,0,0,0,0,0,0,0,0,0,,,,,,,,,
ANR,Ruckman,1/14/2026 0:00,263.34,1000,263.44,312.8,15.5,0.589,0.257,0.305,99.438,,,,,,,,,
ANR,Ruckman,1/15/2026 0:00,0,0,0,0,0,0,0,0,0,,,,,,,,,
ANR,Ruckman,1/16/2026 0:00,0,0,0,0,0,0,0,0,0,,,,,,,,,
ANR,Ruckman,1/17/2026 0:00,185.94,1000,186.02,230.7,9.9,0.5919,0.192,0.251,99.557,,,,,,,,,
ANR,Ruckman,1/18/2026 0:00,76.37,1001,76.41,158.7,6.4,0.5956,0.134,0.165,99.701,,,,,,,,,
ANR,Ruckman,1/19/2026 0:00,0,0,0,0,0,0,0,0,0,,,,,,,,,
ANR,Ruckman,1/20/2026 0:00,137.75,1002,138.02,84.1,3,0.5982,0.068,0.092,99.84,,,,,,,,,
ANR,Ruckman,1/21/2026 0:00,161.85,995,161.01,186.3,9.8,0.5931,0.156,0.247,99.597,,,,,,,,,
ANR,Ruckman,1/22/2026 0:00,0,0,0,0,0,0,0,0,0,,,,,,,,,
ANR,Ruckman,1/23/2026 0:00,188.84,1000,188.75,218.6,5.6,0.5946,0.204,0.284,99.512,,,,,,,,,
ANR,Ruckman,1/24/2026 0:00,0,0,0,0,0,0,0,0,0,,,,,,,,,
ANR,Ruckman,1/25/2026 0:00,104.66,994,104.06,199,8.9,0.5926,0.201,0.298,99.501,,,,,,,,,
ANR,Ruckman,1/26/2026 0:00,0,0,0,0,0,0,0,0,0,,,,,,,,,
ANR,Ruckman,1/27/2026 0:00,0,0,0,0,0,0,0,0,0,,,,,,,,,
ANR,Ruckman,1/28/2026 0:00,291.19,1001,291.46,177.9,8.9,0.5934,0.187,0.172,99.641,,,,,,,,,
ANR,Ruckman,1/29/2026 0:00,0,0,0,0,0,0,0,0,0,,,,,,,,,
ANR,Ruckman,1/30/2026 0:00,202.27,1004,203.14,511.8,15.2,0.5817,0.54,0.396,99.064,,,,,,,,,
ANR,Ruckman,1/31/2026 0:00,78.45,998,78.31,153.4,5.2,0.5944,0.154,0.112,99.734,,,,,,,,,
ANR,Ruckman,2/1/2026 0:00,0,0,0,0,0,0,0,0,0,,,,,,,,,
ANR,Ruckman,2/2/2026 0:00,0,0,0,0,0,0,0,0,0,,,,,,,,,
ANR,Ruckman,2/3/2026 0:00,284.82,1004,286.03,223.7,9.9,0.5916,0.221,0.122,99.657,,,,,,,,,
ANR,Ruckman,2/4/2026 0:00,59.81,1037,62,50.8,1.6,0.5997,0.04,0.03,99.93,,,,,,,,,
ANR,Ruckman,2/5/2026 0:00,236.61,1001,236.75,230.7,8.2,0.5914,0.23,0.111,99.659,,,,,,,,,
ANR,Ruckman,2/6/2026 0:00,0,0,0,0,0,0,0,0,0,,,,,,,,,
ANR,Ruckman,2/7/2026 0:00,83.91,1009,84.64,120,3.9,0.5974,0.111,0.073,99.816,,,,,,,,,
ANR,Ruckman,2/8/2026 0:00,30.73,1030,31.65,47,1.6,0.5994,0.036,0.027,99.937,,,,,,,,,
ANR,Ruckman,2/9/2026 0:00,158.68,1002,158.96,142.8,9.3,0.5941,0.136,0.072,99.792,,,,,,,,,
ANR,Ruckman,2/10/2026 0:00,0,0,0,0,0,0,0,0,0,,,,,,,,,
ANR,Ruckman,2/11/2026 0:00,0,0,0,0,2.4,0,0.041,0.034,99.925,,,,,,,,,
ANR,Ruckman,2/12/2026 0:00,361.52,994,359.5,237.9,13.7,0.5914,0.225,0.313,99.462,,,,,,,,,
ANR,Ruckman,2/13/2026 0:00,18.68,1001,18.7,45.8,1.8,0.5985,0.035,0.019,99.946,,,,,,,,,
ANR,Ruckman,2/14/2026 0:00,0,0,0,0,0,0,0,0,0,,,,,,,,,
ANR,Ruckman,2/15/2026 0:00,217.48,1004,218.26,211.8,13.5,0.5912,0.208,0.095,99.697,,,,,,,,,
ANR,Ruckman,2/16/2026 0:00,312.24,993,309.91,217.5,15.3,0.5924,0.198,0.284,99.518,,,,,,,,,
ANR,Ruckman,2/17/2026 0:00,105.05,997,104.75,81.3,4.1,0.599,0.071,0.102,99.827,,,,,,,,,
ANR,Ruckman,2/18/2026 0:00,248.47,989,245.75,181.1,12.9,0.5933,0.157,0.29,99.553,,,,,,,,,
ANR,Ruckman,2/19/2026 0:00,0,0,0,0,0,0,0,0,0,,,,,,,,,
ANR,Ruckman,2/20/2026 0:00,252.53,1006,254.11,177.2,9,0.5926,0.154,0.084,99.762,,,,,,,,,
ANR,Ruckman,2/21/2026 0:00,0,0,0,0,0,0,0,0,0,,,,,,,,,
ANR,Ruckman,2/22/2026 0:00,0,0,0,0,0,0,0,0,0,,,,,,,,,
ANR,Ruckman,2/23/2026 0:00,313.18,1008,315.6,202.9,6.8,0.5905,0.109,0.125,99.766,,,,,,,,,
ANR,Ruckman,2/24/2026 0:00,0,0,0,0,0,0,0,0,0,,,,,,,,,
ANR,Ruckman,2/25/2026 0:00,26.37,1037,27.35,114.6,4.7,0.5979,0.097,0.085,99.818,,,,,,,,,
ANR,Ruckman,2/26/2026 0:00,0.49,1041,0.51,73.9,3.6,0.5996,0.07,0.072,99.858,,,,,,,,,
ANR,Ruckman,2/27/2026 0:00,0,0,0,0,0,0,0,0,0,,,,,,,,,
ANR,Ruckman,2/28/2026 0:00,0,0,0,0,0,0,0,0,0,,,,,,,,,
ANR,Ruckman,3/1/2026 0:00,0,0,0,0,0,0,0,0,0,,,,,,,,,
ANR,Ruckman,3/2/2026 0:00,0,0,0,0,0,0,0,0,0,,,,,,,,,
ANR,Ruckman,3/3/2026 0:00,0.72,1042,0.75,38.9,2.3,0.5997,0.033,0.035,99.932,,,,,,,,,
ANR,Ruckman,3/4/2026 0:00,308.72,1007,310.73,235.2,15.3,0.5907,0.074,0.359,99.567,,,,,,,,,
ANR,Ruckman,3/5/2026 0:00,0,0,0,0,0,0,0,0,0,,,,,,,,,
ANR,Ruckman,3/6/2026 0:00,1.65,1036,1.71,99,4.8,0.5987,0.1,0.117,99.783,,,,,,,,,
ANR,Ruckman,3/7/2026 0:00,216.74,986,213.8,112,6.3,0.5963,0.07,0.282,99.648,,,,,,,,,
ANR,Ruckman,3/8/2026 0:00,0,0,0,0,0,0,0,0,0,,,,,,,,,
ANR,Ruckman,3/9/2026 0:00,0,0,0,0,0,0,0,0,0,,,,,,,,,
ANR,Ruckman,3/10/2026 0:00,0,0,0,0,0,0,0,0,0,,,,,,,,,
ANR,Ruckman,3/11/2026 0:00,5.58,1032,5.76,24.4,4.3,0.5981,0.131,0.153,99.716,,,,,,,,,
ANR,Ruckman,3/12/2026 0:00,68.99,1033,71.24,25.9,52.3,0.5891,0.809,0.892,98.299,,,,,,,,,
ANR,Ruckman,3/13/2026 0:00,30.28,1030,31.18,16.3,31.5,0.5921,0.498,0.528,98.974,,,,,,,,,
ANR,Ruckman,3/14/2026 0:00,28.96,1031,29.87,16.4,44,0.5918,0.619,0.767,98.614,,,,,,,,,
ANR,Ruckman,3/15/2026 0:00,20.07,1032,20.71,15.2,16.2,0.5952,0.403,0.45,99.147,,,,,,,,,
ANR,Ruckman,3/16/2026 0:00,7.88,1037,8.17,14.7,4.5,0.5968,0.273,0.302,99.425,,,,,,,,,
ANR,Ruckman,3/17/2026 0:00,330.69,1007,333.11,236.8,11.9,0.5889,0.082,0.177,99.741,,,,,,,,,
ANR,Ruckman,3/18/2026 0:00,0,0,0,0,0,0,0,0,0,,,,,,,,,
ANR,Ruckman,3/19/2026 0:00,0,0,0,0,0,0,0,0,0,,,,,,,,,
ANR,Ruckman,3/20/2026 0:00,0,0,0,0,0,0,0,0,0,,,,,,,,,
ANR,Ruckman,3/21/2026 0:00,0,0,0,0,0,0,0,0,0,,,,,,,,,
ANR,Ruckman,3/22/2026 0:00,0,0,0,0,0,0,0,0,0,,,,,,,,,
ANR,Ruckman,3/23/2026 0:00,0,0,0,0,0,0,0,0,0,,,,,,,,,
ANR,Ruckman,3/24/2026 0:00,0,0,0,0,0,0,0,0,0,,,,,,,,,
ANR,Ruckman,3/25/2026 0:00,0,0,0,0,0,0,0,0,0,,,,,,,,,
ANR,Ruckman,3/26/2026 0:00,0,0,0,0,0,0,0,0,0,,,,,,,,,
ANR,Ruckman,3/27/2026 0:00,329.78,1000,329.72,207.5,14.2,0.5909,0.083,0.255,99.662,,,,,,,,,
ANR,Ruckman,3/28/2026 0:00,0,0,0,0,0,0,0,0,0,,,,,,,,,
ANR,Ruckman,3/29/2026 0:00,0,0,0,0,0,0,0,0,0,,,,,,,,,
ANR,Ruckman,3/30/2026 0:00,298.52,1000,298.56,233.1,18.2,0.5902,0.018,0.285,99.697,,,,,,,,,
ANR,Ruckman,3/31/2026 0:00,213.56,988,211.03,157.3,10,0.5947,0.023,0.417,99.56,,,,,,,,,
ANR,Ruckman,4/1/2026 0:00,220.5,983,216.67,118.6,6.4,0.5961,0.008,0.391,99.601,,,,,,,,,
ANR,Ruckman,4/2/2026 0:00,244.38,985,240.68,214.5,14.7,0.5924,0.022,0.798,99.18,,,,,,,,,
ANR,Ruckman,4/3/2026 0:00,396.38,992,393.08,208.6,13,0.5917,0.044,0.415,99.541,,,,,,,,,
ANR,Ruckman,4/4/2026 0:00,419.06,993,416.06,214.3,13.4,0.5909,0.028,0.375,99.597,,,,,,,,,
ANR,Ruckman,4/5/2026 0:00,0,0,0,0,0,0,0,0,0,,,,,,,,,
ANR,Ruckman,4/6/2026 0:00,558.8,988,552.03,252.5,16,0.5928,0.092,0.742,99.166,,,,,,,,,
ANR,Ruckman,4/7/2026 0:00,538.87,983,529.44,232.9,14.5,0.5918,0.06,0.858,99.082,,,,,,,,,
ANR,Ruckman,4/8/2026 0:00,606.13,982,595.12,230.1,18.2,0.5918,0.07,0.853,99.077,,,,,,,,,
ANR,Ruckman,4/9/2026 0:00,549.82,980,539.06,211.9,15.5,0.5925,0.037,0.815,99.148,,,,,,,,,
ANR,Ruckman,4/10/2026 0:00,668.74,984,657.82,279.3,18.7,0.5908,0.077,0.931,98.992,,,,,,,,,
ANR,Ruckman,4/11/2026 0:00,439.27,982,431.39,176.2,11.2,0.5935,0.034,0.625,99.341,,,,,,,,,
ANR,Ruckman,4/12/2026 0:00,120.35,1005,120.98,78.2,4.8,0.5981,0.038,0.09,99.872,,,,,,,,,
ANR,Ruckman,4/13/2026 0:00,819.58,988,809.66,298.2,26.1,0.5875,0.058,0.953,98.989,,,,,,,,,
ANR,Ruckman,4/14/2026 0:00,562.43,982,552.5,217.6,19.7,0.5908,0.033,0.892,99.075,,,,,,,,,
ANR,Ruckman,4/15/2026 0:00,493.46,984,485.65,182.6,14.8,0.5919,0.038,0.687,99.275,,,,,,,,,
ANR,Ruckman,4/16/2026 0:00,916.69,984,901.68,721.1,52.8,0.5692,0.298,2.798,96.904,,,,,,,,,
ANR,Ruckman,4/17/2026 0:00,856.95,983,842.49,728.2,58.3,0.5701,0.386,2.802,96.812,,,,,,,,,
ANR,Ruckman,4/18/2026 0:00,722.53,983,710.08,745.2,53,0.5707,0.467,2.77,96.763,,,,,,,,,
ANR,Ruckman,4/19/2026 0:00,758.75,988,749.48,756.9,57.3,0.5683,0.295,2.588,97.117,,,,,,,,,
ANR,Ruckman,4/20/2026 0:00,624.66,979,611.33,766.2,61.3,0.5721,0.524,2.982,96.494,,,,,,,,,
ANR,Ruckman,4/21/2026 0:00,1238.35,989,1225.09,866.4,68.9,0.5683,0.256,2.665,97.079,,,,,,,,,
ANR,Ruckman,4/22/2026 0:00,994.67,986,980.88,773.6,65.6,0.5681,0.19,2.773,97.037,,,,,,,,,
ANR,Ruckman,4/23/2026 0:00,1177.66,987,1162.11,733.1,61,0.5709,0.53,2.674,96.796,,,,,,,,,
ANR,Ruckman,4/24/2026 0:00,1302.98,990,1289.54,729.6,58.2,0.5683,0.306,2.554,97.14,,,,,,,,,
ANR,Ruckman,4/25/2026 0:00,1159.52,990,1148.3,719.6,65.8,0.5677,0.293,2.433,97.274,,,,,,,,,
ANR,Ruckman,4/26/2026 0:00,803.84,988,793.83,729.6,62.6,0.5685,0.266,2.697,97.037,,,,,,,,,
ANR,Ruckman,4/27/2026 0:00,1315.06,991,1303.61,730.5,59.8,0.5679,0.324,2.423,97.253,,,,,,,,,
ANR,Ruckman,4/28/2026 0:00,1074.91,990,1064.18,726.8,56.7,0.568,0.338,2.423,97.239,,,,,,,,,
ANR,Ruckman,4/29/2026 0:00,1487.83,986,1467.52,733,57,0.5704,0.564,2.46,96.976,,,,,,,,,
ANR,Ruckman,4/30/2026 0:00,1131.6,989,1119.5,696,54.4,0.5707,0.402,2.449,97.149,,,,,,,,,
ANR,Ruckman,5/1/2026 0:00,1355.63,988,1339.69,752.4,57.1,0.569,0.409,2.472,97.119,,,,,,,,,
ANR,Ruckman,5/2/2026 0:00,1157.43,993,1148.85,789.8,58.6,0.5669,0.297,2.247,97.456,,,,,,,,,
ANR,Ruckman,5/3/2026 0:00,1006.32,991,997.25,870,65.4,0.5672,0.348,2.184,97.468,,,,,,,,,
ANR,Ruckman,5/4/2026 0:00,1432.28,990,1417.97,912.4,68.1,0.5679,0.469,2.077,97.454,,,,,,,,,
ANR,Ruckman,5/5/2026 0:00,1465.42,991,1452.39,771.3,58.6,0.5674,0.472,1.957,97.571,,,,,,,,,
ANR,Ruckman,5/6/2026 0:00,1618.45,998,1615.51,695.7,56.4,0.5644,0.378,1.458,98.164,,,,,,,,,
ANR,Ruckman,5/7/2026 0:00,1401.57,995,1394.89,700.9,62.7,0.5657,0.427,1.645,97.928,,,,,,,,,
ANR,Ruckman,5/8/2026 0:00,1420.93,994,1412.88,729,61.6,0.5663,0.52,1.575,97.905,,,,,,,,,
ANR,Ruckman,5/9/2026 0:00,1400.81,1004,1406.02,768.7,65.4,0.5618,0.317,0.972,98.711,,,,,,,,,
ANR,Ruckman,5/10/2026 0:00,469.84,1000,469.87,704.8,61.2,0.5639,0.301,1.055,98.644,,,,,,,,,
ANR,Ruckman,5/11/2026 0:00,1401.25,1003,1405.6,736.3,67.5,0.5623,0.402,0.88,98.718,,,,,,,,,
ANR,Ruckman,5/12/2026 0:00,1524.01,997,1519.74,738.5,67.9,0.5644,0.421,1.337,98.242,,,,,,,,,
ANR,Ruckman,5/13/2026 0:00,644.06,993,639.49,465.3,44.3,0.5799,0.38,1.081,98.539,,,,,,,,,
ANR,Ruckman,5/14/2026 0:00,1405.21,999,1404.01,723.5,66.8,0.5637,0.374,1.295,98.331,,,,,,,,,
ANR,Ruckman,5/15/2026 0:00,1494.82,1000,1495.03,725.2,72.4,0.563,0.379,1.102,98.519,,,,,,,,,
ANR,Ruckman,5/16/2026 0:00,998.36,1005,1003.28,435,42.8,0.5773,0.203,0.408,99.389,,,,,,,,,
ANR,Ruckman,5/17/2026 0:00,1118.15,1004,1122.94,733.7,68.3,0.5608,0.26,0.857,98.883,,,,,,,,,
ANR,Ruckman,5/18/2026 0:00,1794.39,1001,1795.9,750.2,64,0.562,0.327,0.99,98.683,,,,,,,,,
ANR,Ruckman,5/19/2026 0:00,1498,1000,1497.39,765.8,58.6,0.5625,0.346,1.068,98.586,,,,,,,,,
ANR,Ruckman,5/20/2026 0:00,1725.55,999,1724.6,766.2,62,0.5629,0.375,1.095,98.53,,,,,,,,,
ANR,Ruckman,5/21/2026 0:00,1609.18,998,1606.7,759.1,63.7,0.5634,0.392,1.171,98.437,,,,,,,,,
ANR,Ruckman,5/22/2026 0:00,1196.36,999,1194.71,619.7,52.6,0.5731,0.462,1.083,98.455,,,,,,,,,
ANR,Ruckman,5/23/2026 0:00,1194.62,1005,1200.56,758.4,63.1,0.5614,0.119,0.876,99.005,,,,,,,,,
ANR,Ruckman,5/24/2026 0:00,1095.91,1005,1101.24,808,70.8,0.5595,0.087,0.936,98.977,,,,,,,,,
ANR,Ruckman,5/25/2026 0:00,1559.08,1003,1564.24,875.9,73,0.5602,0.179,0.887,98.934,,,,,,,,,
ANR,Ruckman,5/26/2026 0:00,1193.86,1005,1200.38,831.5,72.4,0.5591,0.055,0.928,99.017,,,,,,,,,
ANR,Ruckman,5/27/2026 0:00,1198.2,1005,1204.11,745.3,73.9,0.5595,0.068,0.992,98.94,,,,,,,,,
ANR,Ruckman,5/28/2026 0:00,1354.07,1002,1356.86,753,73.5,0.5612,0.16,1.188,98.652,,,,,,,,,
ANR,Ruckman,5/29/2026 0:00,1298.32,1005,1304.81,769,72.7,0.5605,0.22,0.877,98.903,,,,,,,,,
ANR,Ruckman,5/30/2026 0:00,1518.3,1003,1522.82,779.5,69,0.5623,0.411,0.855,98.734,,,,,,,,,
ANR,Ruckman,5/31/2026 0:00,1263.14,1005,1269.53,817.4,74.5,0.5603,0.223,0.815,98.962,,,,,,,,,
ANR,Ruckman,6/1/2026 0:00,1397.46,1003.270218,1402.03,770.5317375,74.23455416,0.56309166,0.32640416,0.78592916,98.88766668,,,,,,,,,
ANR,Ruckman,6/2/2026 0:00,1694.25,1004.355909,1701.63,782.655475,71.955125,0.5612,0.35084166,0.7335,98.91565834,,,,,,,,,
ANR,Ruckman,6/3/2026 0:00,1352.73,1000.946234,1354.01,773.31075,73.02926666,0.56287916,0.44733333,0.90945,98.64321667,,,,,,,,,
ANR,Ruckman,6/4/2026 0:00,1837.6,1004.930343,1846.66,747.9965083,73.01030416,0.56141666,0.3866,0.67199583,98.94140417,,,,,,,,,
ANR,Ruckman,6/5/2026 0:00,1249,1003.642914,1253.55,608.9918667,61.959125,0.56853333,0.39165833,0.590125,99.01821667,,,,,,,,,
ANR,Ruckman,6/6/2026 0:00,1360.34,1005.888233,1368.35,718.8780542,74.54046666,0.56057916,0.27997083,0.75201666,98.96801251,,,,,,,,,
ANR,Ruckman,6/7/2026 0:00,1182.43,1005.361839,1188.77,705.4223042,72.04594583,0.56067083,0.29010833,0.7515125,98.95837917,,,,,,,,,
ANR,Ruckman,6/8/2026 0:00,1418.48,1006.168574,1427.23,731.2054292,75.75722916,0.5605875,0.32922083,0.63757083,99.03320834,,,,,,,,,
ANR,Ruckman,6/9/2026 0:00,1311.55,1005.291449,1318.49,755.4696333,79.51120416,0.56115,0.35561666,0.70916666,98.93521668,,,,,,,,,
ANR,Ruckman,6/10/2026 0:00,1263.55,1004.036247,1268.65,615.1093583,60.045725,0.56964166,0.33127916,0.543375,99.12534584,,,,,,,,,
ANR,Ruckman,6/11/2026 0:00,1341.32,1002.937404,1345.26,785.7403,73.1853,0.5619375,0.39759583,0.80212916,98.80027501,,,,,,,,,
ANR,Ruckman,6/12/2026 0:00,1499.66,1002.727284,1503.75,797.4285292,75.66708333,0.5626625,0.48504166,0.77311666,98.74184168,,,,,,,,,
ANR,Ruckman,6/13/2026 0:00,1499.22,1003.028241,1503.76,801.1235333,71.37199583,0.56219583,0.4642875,0.7113375,98.824375,,,,,,,,,
ANR,Ruckman,6/14/2026 0:00,896.8,1003.133363,899.61,439.2319708,39.765175,0.57985416,0.31584583,0.31237083,99.37178334,,,,,,,,,
ANR,Ruckman,6/15/2026 0:00,1560.06,1003.346025,1565.28,811.8218583,71.42143333,0.5619,0.41348333,0.75677916,98.82973751,,,,,,,,,
ANR,Ruckman,6/16/2026 0:00,1490.94,1002.662749,1494.91,853.8371958,74.54070416,0.5626,0.45965833,0.82069166,98.71965001,,,,,,,,,
ANR,Ruckman,6/17/2026 0:00,1300.71,1004.14389,1306.1,852.1369375,76.8236625,0.56140833,0.36530416,0.75497083,98.87972501,,,,,,,,,
ANR,Ruckman,6/18/2026 0:00,1014.5,1006.633809,1021.23,504.7260333,43.085475,0.57665416,0.2513125,0.14782083,99.60086667,,,,,,,,,
ANR,Ruckman,6/19/2026 0:00,750.83,1005.39403,754.88,330.9546958,29.46519583,0.5855625,0.21881666,0.0971625,99.68402084,,,,,,,,,
ANR,Ruckman,6/20/2026 0:00,1010.33,1003.573089,1013.94,505.2049125,43.064025,0.578175,0.39449166,0.17964166,99.42586668,,,,,,,,,
ANR,Ruckman,6/21/2026 0:00,612.63,1004.178704,615.19,411.0934208,30.61536666,0.5825875,0.2765625,0.15452916,99.56890834,,,,,,,,,
ANR,Ruckman,6/22/2026 0:00,1417.49,1002.737232,1421.37,898.2923875,72.48591666,0.56185,0.415925,0.7379125,98.8461625,,,,,,,,,
ANR,Ruckman,6/23/2026 0:00,1487.68,1001.297322,1489.61,894.17685,74.78072083,0.56358333,0.62013333,0.68142916,98.69843751,,,,,,,,,
ANR,Ruckman,6/24/2026 0:00,1497.49,1001.936573,1500.39,884.4989667,78.06118333,0.56280833,0.5402,0.68059166,98.77920834,,,,,,,,,
ANR,Ruckman,6/25/2026 0:00,1485.92,1002.974588,1490.34,861.8862333,73.6941,0.56194166,0.4038125,0.7903,98.8058875,,,,,,,,,
ANR,Ruckman,6/26/2026 0:00,1401.91,1002.453795,1405.35,853.6611792,71.184425,0.56177916,0.38537083,0.79506666,98.81956251,,,,,,,,,
ANR,Ruckman,6/27/2026 0:00,1633.36,1001.867316,1636.41,868.9980417,66.45359166,0.5627125,0.435975,0.9019,98.662125,,,,,,,,,
ANR,Ruckman,6/28/2026 0:00,1193.74,1004.783286,1199.45,876.6720792,70.44206666,0.56228333,0.28613333,0.69265833,99.02120834,,,,,,,,,
ANR,Ruckman,6/29/2026 0:00,1526.7,1001.375515,1528.8,874.8028917,76.51725416,0.56245416,0.48269583,0.73180416,98.78550001,,,,,,,,,
ANR,Ruckman,6/30/2026 0:00,831.34,1003.151538,833.96,461.0249958,38.9260375,0.57917916,0.2341875,0.3410625,99.42475,,,,,,,,,
ANR,Whitetail,1/1/2023 0:00,2,1026.5,2,719,32.5,0.5854,0.4717,1.3792,98.1491,,,,,,,,,
ANR,Whitetail,1/2/2023 0:00,0,0,0,0,0,0,0,0,0,,,,,,,,,
ANR,Whitetail,1/3/2023 0:00,4,1024,4,715,30.5,0.5837,0.4871,1.3424,98.1705,,,,,,,,,
ANR,Whitetail,1/4/2023 0:00,2,1023.3,2,714.4,31.4,0.5829,0.4713,1.3368,98.1919,,,,,,,,,
ANR,Whitetail,1/5/2023 0:00,0,0,0,0,0,0,0,0,0,,,,,,,,,
ANR,Whitetail,1/6/2023 0:00,0,0,0,0,0,0,0,0,0,,,,,,,,,
ANR,Whitetail,1/7/2023 0:00,0,0,0,0,0,0,0,0,0,,,,,,,,,
ANR,Whitetail,1/8/2023 0:00,0,0,0,0,0,0,0,0,0,,,,,,,,,
ANR,Whitetail,1/9/2023 0:00,2,1027.9,2,704.1,36.8,0.5876,0.5633,1.3593,98.0774,,,,,,,,,
ANR,Whitetail,1/10/2023 0:00,1,1029,1,702.3,37.2,0.5895,0.5845,1.4413,97.9742,,,,,,,,,
ANR,Whitetail,1/11/2023 0:00,1,1028.8,1,701.2,35.7,0.5892,0.5515,1.4827,97.9658,,,,,,,,,
ANR,Whitetail,1/12/2023 0:00,0,0,0,0,0,0,0,0,0,,,,,,,,,
ANR,Whitetail,1/13/2023 0:00,0,0,0,0,0,0,0,0,0,,,,,,,,,
ANR,Whitetail,1/14/2023 0:00,6,1033.1,6,694.3,34.9,0.5913,0.63,1.28,98.09,,,,,,,,,
ANR,Whitetail,1/15/2023 0:00,0,0,0,0,0,0,0,0,0,,,,,,,,,
ANR,Whitetail,1/16/2023 0:00,178,986.6,176,860.6,48.4,0.5702,0.2413,2.7467,97.012,,,,,,,,,
ANR,Whitetail,1/17/2023 0:00,5,995.7,5,817.6,42.6,0.5746,0.3148,2.4888,97.1964,,,,,,,,,
ANR,Whitetail,1/18/2023 0:00,17,1026.7,17,807.3,33.1,0.5875,0.5628,1.4284,98.0088,,,,,,,,,
ANR,Whitetail,1/19/2023 0:00,3,1029.1,4,805.4,33,0.5886,0.5735,1.3704,98.0561,,,,,,,,,
ANR,Whitetail,1/20/2023 0:00,7,990.8,7,779.7,29.7,0.5726,0.2725,2.6683,97.0592,,,,,,,,,
ANR,Whitetail,1/21/2023 0:00,9,1031.9,9,767.6,31.8,0.5904,0.6083,1.31,98.0817,,,,,,,,,
ANR,Whitetail,1/22/2023 0:00,1,1031.5,1,766.5,32.2,0.5899,0.5899,1.3167,98.0934,,,,,,,,,
ANR,Whitetail,1/23/2023 0:00,9,1014.1,9,743.2,29.4,0.5823,0.4778,1.8344,97.6878,,,,,,,,,
ANR,Whitetail,1/24/2023 0:00,5,1016.8,5,732.7,32.1,0.5837,0.5068,1.7564,97.7368,,,,,,,,,
ANR,Whitetail,1/25/2023 0:00,2,1015.9,2,727.7,23.2,0.5832,0.4938,1.7965,97.7097,,,,,,,,,
ANR,Whitetail,1/26/2023 0:00,2,1017.9,2,720.6,29.3,0.583,0.5135,1.6246,97.8619,,,,,,,,,
ANR,Whitetail,1/27/2023 0:00,0,0,0,0,0,0,0,0,0,,,,,,,,,
ANR,Whitetail,1/28/2023 0:00,2,1030.3,2,717.5,28.4,0.5888,0.5954,1.2795,98.1251,,,,,,,,,
ANR,Whitetail,1/29/2023 0:00,4,989.8,4,696.8,8.9,0.5719,0.2784,2.6575,97.0641,,,,,,,,,
ANR,Whitetail,1/30/2023 0:00,16,983.4,16,641.9,3.7,0.5697,0.2462,2.8918,96.862,,,,,,,,,
ANR,Whitetail,1/31/2023 0:00,9,989.4,9,581.4,18,0.5723,0.2968,2.6874,97.0158,,,,,,,,,
ANR,Whitetail,2/1/2023 0:00,5,997.3,5,531,35.4,0.5757,0.3932,2.3734,97.2334,,,,,,,,,
ANR,Whitetail,2/2/2023 0:00,0,0,0,0,0,0,0,0,0,,,,,,,,,
ANR,Whitetail,2/3/2023 0:00,2,1030,2,511.5,26.9,0.5886,0.5184,1.3954,98.0862,,,,,,,,,
ANR,Whitetail,2/4/2023 0:00,1,1036.3,1,510.7,30,0.5915,0.5053,1.3244,98.1703,,,,,,,,,
ANR,Whitetail,2/5/2023 0:00,0,0,0,0,0,0,0,0,0,,,,,,,,,
ANR,Whitetail,2/6/2023 0:00,216,988.2,212,793,47.5,0.5749,0.3316,2.9504,96.718,,,,,,,,,
ANR,Whitetail,2/7/2023 0:00,13,983.5,12,749.4,27.5,0.5735,0.2331,3.252,96.5149,,,,,,,,,
ANR,Whitetail,2/8/2023 0:00,3,1020.6,3,712.7,33.9,0.5845,0.4781,1.6468,97.8751,,,,,,,,,
ANR,Whitetail,2/9/2023 0:00,4,1027.5,4,711,33.5,0.5854,0.5242,1.242,98.2338,,,,,,,,,
ANR,Whitetail,2/10/2023 0:00,1,1032.3,1,709,32.6,0.5878,0.4858,1.2406,98.2736,,,,,,,,,
ANR,Whitetail,2/11/2023 0:00,5,1033.6,5,706.8,33.4,0.5885,0.5457,1.1281,98.3262,,,,,,,,,
ANR,Whitetail,2/12/2023 0:00,4,1035.3,4,705.5,32.4,0.5905,0.5534,1.1995,98.2471,,,,,,,,,
ANR,Whitetail,2/13/2023 0:00,6,1031.2,6,709.2,42.2,0.588,0.6076,1.1283,98.2641,,,,,,,,,
ANR,Whitetail,2/14/2023 0:00,250,997.3,245,810.7,44.9,0.5755,0.3576,2.4094,97.233,,,,,,,,,
ANR,Whitetail,2/15/2023 0:00,7,1015.1,7,795.6,36.7,0.5815,0.4685,1.726,97.8055,,,,,,,,,
ANR,Whitetail,2/16/2023 0:00,10,984.7,10,751.6,22.7,0.5698,0.2653,2.7863,96.9484,,,,,,,,,
ANR,Whitetail,2/17/2023 0:00,3,1016.7,4,716.5,32.4,0.5811,0.503,1.5325,97.9645,,,,,,,,,
ANR,Whitetail,2/18/2023 0:00,2,1027.9,2,715.5,38.3,0.5856,0.6004,1.1126,98.287,,,,,,,,,
ANR,Whitetail,2/19/2023 0:00,2,1030.9,2,714.5,33.8,0.5883,0.6137,1.1731,98.2132,,,,,,,,,
ANR,Whitetail,2/20/2023 0:00,3,1037,3,712.5,31.8,0.5926,0.6315,1.1875,98.181,,,,,,,,,
ANR,Whitetail,2/21/2023 0:00,0,0,0,0,0,0,0,0,0,,,,,,,,,
ANR,Whitetail,2/22/2023 0:00,2,1029.1,2,709.8,33,0.5869,0.5887,1.1871,98.2242,,,,,,,,,
ANR,Whitetail,2/23/2023 0:00,5,1029,6,706.7,17.3,0.5869,0.5866,1.1915,98.2219,,,,,,,,,
ANR,Whitetail,2/24/2023 0:00,6,1031.4,6,704.9,25.2,0.5888,0.6343,1.1514,98.2143,,,,,,,,,
ANR,Whitetail,2/25/2023 0:00,6,1032.3,6,704,33,0.5891,0.595,1.1763,98.2287,,,,,,,,,
ANR,Whitetail,2/26/2023 0:00,0,0,0,0,0,0,0,0,0,,,,,,,,,
ANR,Whitetail,2/27/2023 0:00,2,1029.7,2,701.2,31,0.5881,0.5917,1.2435,98.1648,,,,,,,,,
ANR,Whitetail,2/28/2023 0:00,3,1032.5,3,700.1,32.1,0.5904,0.6425,1.2082,98.1493,,,,,,,,,
ANR,Whitetail,3/1/2023 0:00,0,0,0,0,0,0,0,0,0,,,,,,,,,
ANR,Whitetail,3/2/2023 0:00,0,0,0,0,0,0,0,0,0,,,,,,,,,
ANR,Whitetail,3/3/2023 0:00,0,0,0,0,0,0,0,0,0,,,,,,,,,
ANR,Whitetail,3/4/2023 0:00,0,0,0,0,0,0,0,0,0,,,,,,,,,
ANR,Whitetail,3/5/2023 0:00,0,0,0,0,0,0,0,0,0,,,,,,,,,
ANR,Whitetail,3/6/2023 0:00,0,0,0,0,0,0,0,0,0,,,,,,,,,
ANR,Whitetail,3/7/2023 0:00,0,0,0,0,0,0,0,0,0,,,,,,,,,
ANR,Whitetail,3/8/2023 0:00,0,0,0,0,0,0,0,0,0,,,,,,,,,
ANR,Whitetail,3/9/2023 0:00,0,0,0,0,0,0,0,0,0,,,,,,,,,
ANR,Whitetail,3/10/2023 0:00,0,0,0,0,0,0,0,0,0,,,,,,,,,
ANR,Whitetail,3/11/2023 0:00,0,0,0,0,0,0,0,0,0,,,,,,,,,
ANR,Whitetail,3/12/2023 0:00,0,0,0,0,0,0,0,0,0,,,,,,,,,
ANR,Whitetail,3/13/2023 0:00,0,0,0,0,0,0,0,0,0,,,,,,,,,
ANR,Whitetail,3/14/2023 0:00,0,0,0,0,0,0,0,0,0,,,,,,,,,
ANR,Whitetail,3/15/2023 0:00,0,0,0,0,0,0,0,0,0,,,,,,,,,
ANR,Whitetail,3/16/2023 0:00,0,0,0,0,0,0,0,0,0,,,,,,,,,
ANR,Whitetail,3/17/2023 0:00,0,0,0,0,0,0,0,0,0,,,,,,,,,
ANR,Whitetail,3/18/2023 0:00,0,0,0,0,0,0,0,0,0,,,,,,,,,
ANR,Whitetail,3/19/2023 0:00,0,0,0,0,0,0,0,0,0,,,,,,,,,
ANR,Whitetail,3/20/2023 0:00,0,0,0,0,0,0,0,0,0,,,,,,,,,
ANR,Whitetail,3/21/2023 0:00,0,0,0,0,0,0,0,0,0,,,,,,,,,
ANR,Whitetail,3/22/2023 0:00,1,1031.3,1,672.4,36.3,0.5883,0.5517,1.2343,98.214,,,,,,,,,
ANR,Whitetail,3/23/2023 0:00,5,1026.9,6,671.4,35.1,0.5851,0.5221,1.253,98.2249,,,,,,,,,
ANR,Whitetail,3/24/2023 0:00,3,1024.2,3,670.3,38.4,0.5834,0.501,1.2814,98.2176,,,,,,,,,
ANR,Whitetail,3/25/2023 0:00,1,1024.5,1,669.2,38.3,0.5837,0.5018,1.2884,98.2098,,,,,,,,,
ANR,Whitetail,3/26/2023 0:00,4,1026.4,4,667.8,34.7,0.5859,0.4956,1.3945,98.1099,,,,,,,,,
ANR,Whitetail,3/27/2023 0:00,1,1028.8,1,666.7,36.4,0.5873,0.5209,1.3477,98.1314,,,,,,,,,
ANR,Whitetail,3/28/2023 0:00,0,0,0,0,0,0,0,0,0,,,,,,,,,
ANR,Whitetail,3/29/2023 0:00,0,0,0,0,0,0,0,0,0,,,,,,,,,
ANR,Whitetail,3/30/2023 0:00,0,0,0,0,0,0,0,0,0,,,,,,,,,
ANR,Whitetail,3/31/2023 0:00,0,0,0,0,0,0,0,0,0,,,,,,,,,
ANR,Whitetail,4/1/2023 0:00,0,0,0,0,0,0,0,0,0,,,,,,,,,
ANR,Whitetail,4/2/2023 0:00,0,0,0,0,0,0,0,0,0,,,,,,,,,
ANR,Whitetail,4/3/2023 0:00,0,0,0,0,0,0,0,0,0,,,,,,,,,
ANR,Whitetail,4/4/2023 0:00,0,0,0,0,0,0,0,0,0,,,,,,,,,
ANR,Whitetail,4/5/2023 0:00,0,0,0,0,0,0,0,0,0,,,,,,,,,
ANR,Whitetail,4/6/2023 0:00,0,0,0,0,0,0,0,0,0,,,,,,,,,
ANR,Whitetail,4/7/2023 0:00,0,0,0,0,0,0,0,0,0,,,,,,,,,
ANR,Whitetail,4/8/2023 0:00,0,0,0,0,0,0,0,0,0,,,,,,,,,
ANR,Whitetail,4/9/2023 0:00,0,0,0,0,0,0,0,0,0,,,,,,,,,
ANR,Whitetail,4/10/2023 0:00,382,989.7,378,843.1,61.2,0.5687,0.244,2.4198,97.3362,,,,,,,,,
ANR,Whitetail,4/11/2023 0:00,0,0,0,0,0,0,0,0,0,,,,,,,,,
ANR,Whitetail,4/12/2023 0:00,401,989.6,396,874.4,67.9,0.5671,0.2233,2.3084,97.4683,,,,,,,,,
ANR,Whitetail,4/13/2023 0:00,0,0,0,0,0,0,0,0,0,,,,,,,,,
ANR,Whitetail,4/14/2023 0:00,418,989.9,414,835.3,65.7,0.5671,0.4058,2.0083,97.5859,,,,,,,,,
ANR,Whitetail,4/15/2023 0:00,0,0,0,0,0,0,0,0,0,,,,,,,,,
ANR,Whitetail,4/16/2023 0:00,85,994.7,84,795.1,36.6,0.5666,0.2564,1.9006,97.843,,,,,,,,,
ANR,Whitetail,4/17/2023 0:00,327,992.6,324,806.4,55.1,0.5653,0.2962,1.8469,97.8569,,,,,,,,,
ANR,Whitetail,4/18/2023 0:00,0,0,0,0,0,0,0,0,0,,,,,,,,,
ANR,Whitetail,4/19/2023 0:00,200,997.5,199,820.8,61.2,0.5678,0.4934,1.4837,98.0229,,,,,,,,,
ANR,Whitetail,4/20/2023 0:00,201,997.4,200,795.8,54.4,0.5655,0.4156,1.3859,98.1985,,,,,,,,,
ANR,Whitetail,4/21/2023 0:00,249,1005.6,248,791.8,45.7,0.5715,0.5264,1.2787,98.1949,,,,,,,,,
ANR,Whitetail,4/22/2023 0:00,0,0,0,0,0,0,0,0,0,,,,,,,,,
ANR,Whitetail,4/23/2023 0:00,0,0,0,0,0,0,0,0,0,,,,,,,,,
ANR,Whitetail,4/24/2023 0:00,0,0,0,0,0,0,0,0,0,,,,,,,,,
ANR,Whitetail,4/25/2023 0:00,0,0,0,0,0,0,0,0,0,,,,,,,,,
ANR,Whitetail,4/26/2023 0:00,91,999.1,91,745.6,58.6,0.569,0.6217,1.3,98.0783,,,,,,,,,
ANR,Whitetail,4/27/2023 0:00,319,993,316,806.4,64.8,0.5667,0.4673,1.6928,97.8399,,,,,,,,,
ANR,Whitetail,4/28/2023 0:00,142,978.3,139,823.1,73.8,0.5707,0.2238,3.3301,96.4461,,,,,,,,,
ANR,Whitetail,4/29/2023 0:00,0,0,0,0,0,0,0,0,0,,,,,,,,,
ANR,Whitetail,4/30/2023 0:00,0,0,0,0,0,0,0,0,0,,,,,,,,,
ANR,Whitetail,5/1/2023 0:00,0,0,0,0,0,0,0,0,0,,,,,,,,,
ANR,Whitetail,5/2/2023 0:00,0,0,0,0,0,0,0,0,0,,,,,,,,,
ANR,Whitetail,5/3/2023 0:00,369,985.2,363,832.6,61,0.5705,0.3303,2.7296,96.9401,,,,,,,,,
ANR,Whitetail,5/4/2023 0:00,684,986,674,819.4,66,0.5685,0.3672,2.4336,97.1992,,,,,,,,,
ANR,Whitetail,5/5/2023 0:00,325,991.1,322,862.6,64.5,0.5669,0.4099,1.9163,97.6738,,,,,,,,,
ANR,Whitetail,5/6/2023 0:00,0,0,0,0,0,0,0,0,0,,,,,,,,,
ANR,Whitetail,5/7/2023 0:00,12,988.7,12,836.2,93.4,0.5704,0.3727,2.4412,97.1861,,,,,,,,,
ANR,Whitetail,5/8/2023 0:00,622,975.1,606,786.8,64.5,0.5723,0.2785,3.5908,96.1307,,,,,,,,,
ANR,Whitetail,5/9/2023 0:00,768,980.8,753,782.2,62.7,0.5711,0.4375,2.8873,96.6752,,,,,,,,,
ANR,Whitetail,5/10/2023 0:00,610,991.7,604,821.1,70.5,0.566,0.3559,1.874,97.7701,,,,,,,,,
ANR,Whitetail,5/11/2023 0:00,531,983.1,521,833.6,66.3,0.5705,0.4033,2.741,96.8557,,,,,,,,,
ANR,Whitetail,5/12/2023 0:00,1126,981.8,1105,840.1,63.5,0.57,0.3429,2.8678,96.7893,,,,,,,,,
ANR,Whitetail,5/13/2023 0:00,0,0,0,0,0,0,0,0,0,,,,,,,,,
ANR,Whitetail,5/14/2023 0:00,0,0,0,0,0,0,0,0,0,,,,,,,,,
ANR,Whitetail,5/15/2023 0:00,0,0,0,0,0,0,0,0,0,,,,,,,,,
ANR,Whitetail,5/16/2023 0:00,1214,984.8,1194,857.8,59.7,0.5691,0.3156,2.6421,97.0423,,,,,,,,,
ANR,Whitetail,5/17/2023 0:00,963,997.9,958,843.6,61.8,0.5639,0.4126,1.2232,98.3642,,,,,,,,,
ANR,Whitetail,5/18/2023 0:00,1245,983.9,1224,823.5,63.1,0.5692,0.3649,2.6339,97.0012,,,,,,,,,
ANR,Whitetail,5/19/2023 0:00,761,986.1,750,830.8,59.8,0.5688,0.3116,2.5417,97.1467,,,,,,,,,
ANR,Whitetail,5/20/2023 0:00,763,980.3,748,852.1,59.2,0.5704,0.239,3.1503,96.6107,,,,,,,,,
ANR,Whitetail,5/21/2023 0:00,773,978,756,816.4,63.5,0.5711,0.1676,3.4646,96.3678,,,,,,,,,
ANR,Whitetail,5/22/2023 0:00,956,979.8,937,785.9,62.7,0.5711,0.3139,3.1305,96.5556,,,,,,,,,
ANR,Whitetail,5/23/2023 0:00,1699,990.3,1677,811.7,60.9,0.5661,0.2433,2.1407,97.616,,,,,,,,,
ANR,Whitetail,5/24/2023 0:00,856,981.3,839,830.8,65.7,0.5692,0.1187,3.1627,96.7186,,,,,,,,,
ANR,Whitetail,5/25/2023 0:00,836,977.9,818,857.4,62,0.5708,0.2021,3.3921,96.4058,,,,,,,,,
ANR,Whitetail,5/26/2023 0:00,709,977.6,693,873.4,64.5,0.5705,0.1141,3.5159,96.37,,,,,,,,,
ANR,Whitetail,5/27/2023 0:00,451,981.6,443,880.2,63.2,0.5691,0.1756,3.0539,96.7705,,,,,,,,,
ANR,Whitetail,5/28/2023 0:00,346,992.9,342,876.3,73.2,0.5649,0.2236,1.9024,97.874,,,,,,,,,
ANR,Whitetail,5/29/2023 0:00,785,986,773,850.3,65.4,0.5675,0.2077,2.5826,97.2097,,,,,,,,,
ANR,Whitetail,5/30/2023 0:00,1180,988.8,1167,813.7,67.9,0.5666,0.2155,2.3149,97.4696,,,,,,,,,
ANR,Whitetail,5/31/2023 0:00,1665,986.6,1639,836.8,66.5,0.5674,0.2449,2.486,97.2691,,,,,,,,,
ANR,Whitetail,6/1/2023 0:00,2084,989.6,2058,844,61.6,0.5658,0.173,2.2638,97.5632,,,,,,,,,
ANR,Whitetail,6/2/2023 0:00,1811,988.1,1789,846.8,64.7,0.5667,0.2214,2.3668,97.4118,,,,,,,,,
ANR,Whitetail,6/3/2023 0:00,1342,992.2,1328,878,66.6,0.5653,0.2711,1.9072,97.8217,,,,,,,,,
ANR,Whitetail,6/4/2023 0:00,1376,988.5,1357,899,66.2,0.5664,0.1987,2.3465,97.4548,,,,,,,,,
ANR,Whitetail,6/5/2023 0:00,2190,995.7,2179,893.9,59.3,0.564,0.2892,1.5433,98.1675,,,,,,,,,
ANR,Whitetail,6/6/2023 0:00,2124,994.7,2109,922.6,62.9,0.5642,0.2532,1.6779,98.0689,,,,,,,,,
ANR,Whitetail,6/7/2023 0:00,2428,997.6,2414,844.1,60.9,0.5636,0.3566,1.2927,98.3507,,,,,,,,,
ANR,Whitetail,6/8/2023 0:00,2247,997.7,2232,825.2,58.3,0.5643,0.5001,1.1394,98.3605,,,,,,,,,
ANR,Whitetail,6/9/2023 0:00,2196,1001.8,2189,778.9,60.9,0.5619,0.3496,0.8869,98.7635,,,,,,,,,
ANR,Whitetail,6/10/2023 0:00,1258,997.9,1256,809.5,62.6,0.5627,0.2149,1.4008,98.3843,,,,,,,,,
ANR,Whitetail,6/11/2023 0:00,1654,1003.8,1655,844.5,56.8,0.5605,0.2434,0.7989,98.9577,,,,,,,,,
ANR,Whitetail,6/12/2023 0:00,2371,1003.2,2373,834,59.2,0.5605,0.2049,0.897,98.8981,,,,,,,,,
ANR,Whitetail,6/13/2023 0:00,2570,1001.7,2569,851.5,61.5,0.5616,0.3046,0.9445,98.7509,,,,,,,,,
ANR,Whitetail,6/14/2023 0:00,2227,1002.5,2227,829.8,62,0.5608,0.2177,0.9489,98.8334,,,,,,,,,
ANR,Whitetail,6/15/2023 0:00,2604,999.4,2600,843.3,62.3,0.5623,0.2562,1.2181,98.5257,,,,,,,,,
ANR,Whitetail,6/16/2023 0:00,2193,1001.4,2192,853.5,61.3,0.5611,0.1948,1.0763,98.7289,,,,,,,,,
ANR,Whitetail,6/17/2023 0:00,1724,1000.4,1721,863.2,68.6,0.5612,0.1301,1.2434,98.6265,,,,,,,,,
ANR,Whitetail,6/18/2023 0:00,1601,998.8,1599,878.5,63.7,0.5618,0.1244,1.405,98.4706,,,,,,,,,
ANR,Whitetail,6/19/2023 0:00,1605,1000.5,1603,859.7,68.1,0.5612,0.1416,1.2208,98.6376,,,,,,,,,
ANR,Whitetail,6/20/2023 0:00,2035,1002.6,2039,846.5,64.5,0.5608,0.2187,0.935,98.8463,,,,,,,,,
ANR,Whitetail,6/21/2023 0:00,1746,1002.1,1749,830.9,67.3,0.5607,0.1659,1.0434,98.7907,,,,,,,,,
ANR,Whitetail,6/22/2023 0:00,2261,1001.7,2268,851.5,64.5,0.5609,0.1768,1.0667,98.7565,,,,,,,,,
ANR,Whitetail,6/23/2023 0:00,2514,1005.6,2526,833.8,63.5,0.5599,0.2876,0.5739,99.1385,,,,,,,,,
ANR,Whitetail,6/24/2023 0:00,2327,1005.8,2335,842.6,68.8,0.5595,0.2205,0.6172,99.1623,,,,,,,,,
ANR,Whitetail,6/25/2023 0:00,2432,1001.9,2435,880.3,63.8,0.5615,0.2885,0.9368,98.7747,,,,,,,,,
ANR,Whitetail,6/26/2023 0:00,1779,1002.7,1782,881.7,64.6,0.5606,0.195,0.9499,98.8551,,,,,,,,,
ANR,Whitetail,6/27/2023 0:00,2233,1004.3,2243,859.7,65.1,0.5598,0.1771,0.8093,99.0136,,,,,,,,,
ANR,Whitetail,6/28/2023 0:00,2134,1003.9,2143,851.3,68.5,0.5601,0.1842,0.848,98.9678,,,,,,,,,
ANR,Whitetail,6/29/2023 0:00,13,1006.6,14,819,68.5,0.5594,0.2612,0.4999,99.2389,,,,,,,,,
ANR,Whitetail,6/30/2023 0:00,1585,1001.4,1592,848.3,67.9,0.5612,0.202,1.0685,98.7295,,,,,,,,,
ANR,Whitetail,7/1/2023 0:00,572,997.7,572,840.8,69.8,0.5623,0.1375,1.504,98.3585,,,,,,,,,
ANR,Whitetail,7/2/2023 0:00,1261,1002.7,1262,845,70,0.5606,0.1894,0.9533,98.8573,,,,,,,,,
ANR,Whitetail,7/3/2023 0:00,1112,1003.4,1115,832.4,71.3,0.5606,0.242,0.8337,98.9243,,,,,,,,,
ANR,Whitetail,7/4/2023 0:00,1526,1005,1534,822.1,71.1,0.5595,0.1666,0.7551,99.0783,,,,,,,,,
ANR,Whitetail,7/5/2023 0:00,2015,1005.3,2025,823.4,65.7,0.5596,0.2055,0.6891,99.1054,,,,,,,,,
ANR,Whitetail,7/6/2023 0:00,1727,1005.9,1737,809.9,65.2,0.5595,0.2298,0.6004,99.1698,,,,,,,,,
ANR,Whitetail,7/7/2023 0:00,1855,1007,1866,834.8,62.9,0.5588,0.1852,0.5376,99.2772,,,,,,,,,
ANR,Whitetail,7/8/2023 0:00,2576,1007.2,2592,868,61.9,0.5592,0.2676,0.4377,99.2947,,,,,,,,,
ANR,Whitetail,7/9/2023 0:00,2468,1007,2484,873.4,63,0.5594,0.2917,0.4282,99.2801,,,,,,,,,
ANR,Whitetail,7/10/2023 0:00,2520,1007.5,2537,869.7,65.6,0.5585,0.1624,0.5152,99.3224,,,,,,,,,
ANR,Whitetail,7/11/2023 0:00,2251,1007.1,2266,860.5,69.1,0.5587,0.176,0.5395,99.2845,,,,,,,,,
ANR,Whitetail,7/12/2023 0:00,2251,1007.7,2268,832.4,66.6,0.5584,0.1722,0.4791,99.3487,,,,,,,,,
ANR,Whitetail,7/13/2023 0:00,1900,1008.6,1916,788.4,67.6,0.558,0.1638,0.401,99.4352,,,,,,,,,
ANR,Whitetail,7/14/2023 0:00,1989,1008.2,2004,777.9,67.5,0.5586,0.2265,0.3833,99.3902,,,,,,,,,
ANR,Whitetail,7/15/2023 0:00,1212,1006.9,1220,803.7,69.5,0.5587,0.1571,0.5736,99.2693,,,,,,,,,
ANR,Whitetail,7/16/2023 0:00,1069,1006.3,1076,826.9,69.3,0.5589,0.1524,0.6406,99.207,,,,,,,,,
ANR,Whitetail,7/17/2023 0:00,1801,1006.5,1813,863.6,63.5,0.5593,0.2458,0.5253,99.2289,,,,,,,,,
ANR,Whitetail,7/18/2023 0:00,2442,1003.5,2454,858.4,64.4,0.5608,0.2926,0.7779,98.9295,,,,,,,,,
ANR,Whitetail,7/19/2023 0:00,1993,1004.2,2003,903.6,69.1,0.5602,0.2318,0.7722,98.996,,,,,,,,,
ANR,Whitetail,7/20/2023 0:00,1836,1007.8,1850,768.4,66.3,0.5584,0.1795,0.4631,99.3574,,,,,,,,,
ANR,Whitetail,7/21/2023 0:00,1309,1007.5,1319,770.2,67.5,0.5591,0.2754,0.3976,99.327,,,,,,,,,
ANR,Whitetail,7/22/2023 0:00,1244,1007.9,1254,779.3,69.9,0.5588,0.2511,0.3878,99.3611,,,,,,,,,
ANR,Whitetail,7/23/2023 0:00,1344,1008.3,1355,783.4,70.5,0.5586,0.2516,0.3435,99.4049,,,,,,,,,
ANR,Whitetail,7/24/2023 0:00,1420,1003.8,1428,762.6,73.8,0.5604,0.2315,0.8113,98.9572,,,,,,,,,
ANR,Whitetail,7/25/2023 0:00,1975,1003,1984,793.6,72.1,0.5615,0.37,0.7519,98.8781,,,,,,,,,
ANR,Whitetail,7/26/2023 0:00,2239,1003.9,2246,799.4,72.7,0.5607,0.2967,0.7344,98.9689,,,,,,,,,
ANR,Whitetail,7/27/2023 0:00,2048,1006.6,2059,779.7,72.8,0.5597,0.3103,0.4584,99.2313,,,,,,,,,
ANR,Whitetail,7/28/2023 0:00,1994,1006.1,2004,778.1,73.8,0.5601,0.3452,0.4705,99.1843,,,,,,,,,
ANR,Whitetail,7/29/2023 0:00,1504,1006.3,1513,789.1,69.7,0.5607,0.4737,0.3227,99.2036,,,,,,,,,
ANR,Whitetail,7/30/2023 0:00,1334,1005,1339,795.6,73.8,0.5609,0.4213,0.4988,99.0799,,,,,,,,,
ANR,Whitetail,7/31/2023 0:00,1779,1005.4,1789,777.4,68,0.5614,0.5337,0.353,99.1133,,,,,,,,,
ANR,Whitetail,8/1/2023 0:00,1205,1004.2,1209,757.1,73.1,0.5625,0.6467,0.354,98.9993,,,,,,,,,
ANR,Whitetail,8/2/2023 0:00,2214,1004.2,2222,778.5,68,0.5623,0.6058,0.3992,98.995,,,,,,,,,
ANR,Whitetail,8/3/2023 0:00,1915,1000.3,1918,774,68.3,0.5637,0.5701,0.8108,98.6191,,,,,,,,,
ANR,Whitetail,8/4/2023 0:00,1807,998,1809,781.2,70.6,0.5656,0.7469,0.8635,98.3896,,,,,,,,,
ANR,Whitetail,8/5/2023 0:00,1273,998.2,1273,779.7,70.3,0.5653,0.7051,0.891,98.4039,,,,,,,,,
ANR,Whitetail,8/6/2023 0:00,1518,1005.1,1526,805.1,68.7,0.5616,0.5458,0.3649,99.0893,,,,,,,,,
ANR,Whitetail,8/7/2023 0:00,1683,1003,1690,807.9,68.5,0.5626,0.5709,0.5482,98.8809,,,,,,,,,
ANR,Whitetail,8/8/2023 0:00,1532,1008.8,1544,800.5,68.9,0.5584,0.237,0.3113,99.4517,,,,,,,,,
ANR,Whitetail,8/9/2023 0:00,1581,1005.2,1589,800.7,67.7,0.5621,0.64,0.2611,99.0989,,,,,,,,,
ANR,Whitetail,8/10/2023 0:00,1779,1005.9,1789,808.5,71.4,0.5611,0.5143,0.3204,99.1653,,,,,,,,,
ANR,Whitetail,8/11/2023 0:00,1308,1002.8,1313,796.7,73.2,0.5633,0.6859,0.4494,98.8647,,,,,,,,,
ANR,Whitetail,8/12/2023 0:00,1018,1001,1019,798.5,73.2,0.565,0.8653,0.4536,98.6811,,,,,,,,,
ANR,Whitetail,8/13/2023 0:00,1256,1002.8,1260,811.5,67.1,0.5633,0.6881,0.4483,98.8636,,,,,,,,,
ANR,Whitetail,8/14/2023 0:00,1267,1003.3,1272,810.4,66.9,0.5605,0.2146,0.8741,98.9113,,,,,,,,,
ANR,Whitetail,8/15/2023 0:00,1718,1003.7,1725,766.7,66.8,0.5606,0.2748,0.771,98.9542,,,,,,,,,
ANR,Whitetail,8/16/2023 0:00,1611,1005,1619,793.6,69.9,0.5597,0.1941,0.7281,99.0778,,,,,,,,,
ANR,Whitetail,8/17/2023 0:00,1846,1003,1853,806.1,65.9,0.5614,0.3598,0.7579,98.8823,,,,,,,,,
ANR,Whitetail,8/18/2023 0:00,1315,1005.8,1321,806.4,69.6,0.5602,0.3419,0.5028,99.1553,,,,,,,,,
ANR,Whitetail,8/19/2023 0:00,1239,1006.8,1247,831.3,76.2,0.5592,0.2434,0.5015,99.2551,,,,,,,,,
ANR,Whitetail,8/20/2023 0:00,1285,1003.5,1290,853.1,77.8,0.5602,0.1842,0.8819,98.9339,,,,,,,,,
ANR,Whitetail,8/21/2023 0:00,1303,1000.4,1304,843.7,76.7,0.5615,0.1927,1.1823,98.625,,,,,,,,,
ANR,Whitetail,8/22/2023 0:00,1114,1003.2,1120,850.1,82.1,0.5608,0.2584,0.8443,98.8973,,,,,,,,,
ANR,Whitetail,8/23/2023 0:00,1270,1002.8,1275,820.6,79.5,0.561,0.2766,0.8605,98.8629,,,,,,,,,
ANR,Whitetail,8/24/2023 0:00,2038,1001.7,2043,830.8,74,0.5614,0.2691,0.9749,98.756,,,,,,,,,
ANR,Whitetail,8/25/2023 0:00,1423,999.9,1423,824.4,77.3,0.5621,0.2577,1.1636,98.5787,,,,,,,,,
ANR,Whitetail,8/26/2023 0:00,844,996,841,821.9,71.2,0.5649,0.4687,1.3398,98.1915,,,,,,,,,
ANR,Whitetail,8/27/2023 0:00,984,996,979,828.1,69.5,0.5638,0.2692,1.5394,98.1914,,,,,,,,,
ANR,Whitetail,8/28/2023 0:00,1471,998.5,1469,835.5,70.6,0.5625,0.2233,1.337,98.4397,,,,,,,,,
ANR,Whitetail,8/29/2023 0:00,1866,1001.2,1867,836.2,68.8,0.5608,0.1228,1.1753,98.7019,,,,,,,,,
ANR,Whitetail,8/30/2023 0:00,1927,1000.5,1928,843.5,66.1,0.5613,0.1549,1.2093,98.6358,,,,,,,,,
ANR,Whitetail,8/31/2023 0:00,1123,1000.8,1124,803.1,67.3,0.5618,0.272,1.0655,98.6625,,,,,,,,,
ANR,Whitetail,9/1/2023 0:00,567,1003.6,569,797.5,73,0.5599,0.1244,0.9353,98.9403,,,,,,,,,
ANR,Whitetail,9/2/2023 0:00,583,1005.9,587,809,76.1,0.5589,0.1221,0.7143,99.1636,,,,,,,,,
ANR,Whitetail,9/3/2023 0:00,580,1006.8,584,836.4,79,0.5585,0.112,0.6286,99.2594,,,,,,,,,
ANR,Whitetail,9/4/2023 0:00,710,1008,715,837,81.5,0.5579,0.0938,0.5272,99.379,,,,,,,,,
ANR,Whitetail,9/5/2023 0:00,1541,1005.8,1549,856.8,73.1,0.5594,0.2066,0.6394,99.154,,,,,,,,,
ANR,Whitetail,9/6/2023 0:00,1513,1004.8,1518,851.2,64.1,0.5604,0.3052,0.6334,99.0614,,,,,,,,,
ANR,Whitetail,9/7/2023 0:00,1696,1003.1,1698,827.5,67,0.5617,0.4132,0.6956,98.8912,,,,,,,,,
ANR,Whitetail,9/8/2023 0:00,1364,1001.6,1366,801.1,66.4,0.5618,0.3321,0.9214,98.7465,,,,,,,,,
ANR,Whitetail,9/9/2023 0:00,585,1002.9,587,800.8,73,0.5603,0.1586,0.9678,98.8736,,,,,,,,,
ANR,Whitetail,9/10/2023 0:00,756,1002.8,759,830.4,73.3,0.5602,0.1331,1.0005,98.8664,,,,,,,,,
ANR,Whitetail,9/11/2023 0:00,1586,1002.5,1590,839.3,63.4,0.5609,0.2275,0.9366,98.8359,,,,,,,,,
ANR,Whitetail,9/12/2023 0:00,1468,1003.4,1474,809.6,65.9,0.5609,0.292,0.7876,98.9204,,,,,,,,,
ANR,Whitetail,9/13/2023 0:00,1525,1003.8,1531,810.2,68.2,0.5607,0.2906,0.7479,98.9615,,,,,,,,,
ANR,Whitetail,9/14/2023 0:00,998,1001.6,1002,802.8,68.1,0.561,0.1859,1.074,98.7401,,,,,,,,,
ANR,Whitetail,9/15/2023 0:00,739,1000.2,741,803,71.9,0.5614,0.1606,1.2294,98.61,,,,,,,,,
ANR,Whitetail,9/16/2023 0:00,0,0,0,0,0,0,0,0,0,,,,,,,,,
ANR,Whitetail,9/17/2023 0:00,209,1010.1,209,834.6,56.4,0.5698,0.3585,1.0981,98.5434,,,,,,,,,
ANR,Whitetail,9/18/2023 0:00,1406,1005.7,1412,820.5,70,0.5593,0.1679,0.6884,99.1437,,,,,,,,,
ANR,Whitetail,9/19/2023 0:00,1434,1002.3,1438,852.8,69.8,0.5607,0.1849,0.9972,98.8179,,,,,,,,,
ANR,Whitetail,9/20/2023 0:00,1509,1001.5,1512,872.7,67.1,0.561,0.1743,1.0892,98.7365,,,,,,,,,
ANR,Whitetail,9/21/2023 0:00,1455,1002.3,1458,844.6,68,0.5607,0.1747,1.0105,98.8148,,,,,,,,,
ANR,Whitetail,9/22/2023 0:00,846,1001.8,850,829.4,71.2,0.5605,0.111,1.1274,98.7616,,,,,,,,,
ANR,Whitetail,9/23/2023 0:00,0,0,0,0,0,0,0,0,0,,,,,,,,,
ANR,Whitetail,9/24/2023 0:00,112,1001.8,112,797.2,56.4,0.5641,0.1614,1.379,98.4596,,,,,,,,,
ANR,Whitetail,9/25/2023 0:00,888,1001.8,889,809.8,73.4,0.5612,0.1092,1.1963,98.6945,,,,,,,,,
ANR,Whitetail,9/26/2023 0:00,1457,1005.4,1464,805.9,66.4,0.5592,0.1407,0.7391,99.1202,,,,,,,,,
ANR,Whitetail,9/27/2023 0:00,1540,1005.5,1549,809.7,65,0.5595,0.1903,0.6814,99.1283,,,,,,,,,
ANR,Whitetail,9/28/2023 0:00,1149,1006.5,1156,802.2,71.5,0.5587,0.1222,0.6483,99.2295,,,,,,,,,
ANR,Whitetail,9/29/2023 0:00,626,1003.6,628,829.3,78.1,0.5599,0.1311,0.9302,98.9387,,,,,,,,,
ANR,Whitetail,9/30/2023 0:00,0,0,0,0,0,0,0,0,0,,,,,,,,,
ANR,Whitetail,10/1/2023 0:00,9,1017.2,9,861.3,68.9,0.5734,0.3503,1.0103,98.6394,,,,,,,,,
ANR,Whitetail,10/2/2023 0:00,719,1002,721,862.9,74.7,0.5612,0.2431,0.9726,98.7843,,,,,,,,,
ANR,Whitetail,10/3/2023 0:00,1511,1002.4,1516,889.5,70.6,0.5608,0.2078,0.9646,98.8276,,,,,,,,,
ANR,Whitetail,10/4/2023 0:00,1471,1002.7,1477,862.9,64.8,0.5611,0.275,0.8752,98.8498,,,,,,,,,
ANR,Whitetail,10/5/2023 0:00,1367,1004.9,1375,846.1,65,0.5599,0.224,0.7098,99.0662,,,,,,,,,
ANR,Whitetail,10/6/2023 0:00,844,1001.8,846,837.7,59.2,0.562,0.3804,0.8563,98.7633,,,,,,,,,
ANR,Whitetail,10/7/2023 0:00,587,1003.1,589,820.4,59,0.5621,0.494,0.6145,98.8915,,,,,,,,,
ANR,Whitetail,10/8/2023 0:00,812,1003,813,801.7,61.7,0.5612,0.329,0.7856,98.8854,,,,,,,,,
ANR,Whitetail,10/9/2023 0:00,1404,1004.2,1409,795.2,58.3,0.5604,0.2635,0.7385,98.998,,,,,,,,,
ANR,Whitetail,10/10/2023 0:00,751,1004.3,754,796.3,63.2,0.5601,0.2144,0.7789,99.0067,,,,,,,,,
ANR,Whitetail,10/11/2023 0:00,893,1001.8,896,798.3,64.3,0.5615,0.2193,1.0508,98.7299,,,,,,,,,
ANR,Whitetail,10/12/2023 0:00,524,1001.9,525,787.2,66.9,0.5624,0.2097,1.1402,98.6501,,,,,,,,,
ANR,Whitetail,10/13/2023 0:00,442,998.8,441,779.3,63.9,0.5622,0.1545,1.3959,98.4496,,,,,,,,,
ANR,Whitetail,10/14/2023 0:00,0,0,0,0,0,0,0,0,0,,,,,,,,,
ANR,Whitetail,10/15/2023 0:00,100,1004.5,101,848.7,50.7,0.566,0.232,1.247,98.521,,,,,,,,,
ANR,Whitetail,10/16/2023 0:00,310,996.7,309,835.4,61.6,0.564,0.191,1.609,98.2,,,,,,,,,
ANR,Whitetail,10/17/2023 0:00,1226,1002.1,1229,799.4,60.3,0.561,0.252,0.953,98.795,,,,,,,,,
ANR,Whitetail,10/18/2023 0:00,1055,1003.7,1059,800.5,57.2,0.56,0.114,0.936,98.95,,,,,,,,,
ANR,Whitetail,10/19/2023 0:00,1134,1000.9,1136,796.9,60.7,0.561,0.156,1.192,98.652,,,,,,,,,
ANR,Whitetail,10/20/2023 0:00,535,1001.3,536,787.3,71.7,0.561,0.236,1.045,98.719,,,,,,,,,
ANR,Whitetail,10/21/2023 0:00,1,1028.6,1,764.6,40.4,0.585,0.568,1.088,98.344,,,,,,,,,
ANR,Whitetail,10/22/2023 0:00,0,0,0,0,0,0,0,0,0,,,,,,,,,
ANR,Whitetail,10/23/2023 0:00,705,1003,707,839.9,69.2,0.561,0.213,0.972,98.815,,,,,,,,,
ANR,Whitetail,10/24/2023 0:00,796,1001.7,797,832.1,69.2,0.561,0.191,1.059,98.75,,,,,,,,,
ANR,Whitetail,10/25/2023 0:00,1284,1004.9,1290,830.7,63.8,0.559,0.15,0.776,99.074,,,,,,,,,
ANR,Whitetail,10/26/2023 0:00,1205,1002.2,1209,817.7,63.4,0.561,0.169,1.032,98.799,,,,,,,,,
ANR,Whitetail,10/27/2023 0:00,672,1002.3,674,824.9,55.5,0.561,0.205,0.984,98.811,,,,,,,,,
ANR,Whitetail,10/28/2023 0:00,0,0,0,0,0,0,0,0,0,,,,,,,,,
ANR,Whitetail,10/29/2023 0:00,110,1005.2,110,740.3,27.6,0.564,0.241,1.032,98.727,,,,,,,,,
ANR,Whitetail,10/30/2023 0:00,691,1001.7,691,730.1,45.1,0.564,0.511,0.817,98.672,,,,,,,,,
ANR,Whitetail,10/31/2023 0:00,582,1002.4,583,727.8,41.7,0.563,0.488,0.734,98.778,,,,,,,,,
ANR,Whitetail,11/1/2023 0:00,104,1007.8,105,814.4,44.2,0.566,0.412,0.84,98.748,,,,,,,,,
ANR,Whitetail,11/2/2023 0:00,914,1000.3,913,781.5,56.8,0.564,0.453,1.041,98.506,,,,,,,,,
ANR,Whitetail,11/3/2023 0:00,1174,999.3,1174,780.9,53.4,0.563,0.334,1.149,98.517,,,,,,,,,
ANR,Whitetail,11/4/2023 0:00,0,0,0,0,0,0,0,0,0,,,,,,,,,
ANR,Whitetail,11/5/2023 0:00,0,0,0,0,0,0,0,0,0,,,,,,,,,
ANR,Whitetail,11/6/2023 0:00,409,1000.7,408,789.5,61.5,0.5659,0.355,1.3194,98.3256,,,,,,,,,
ANR,Whitetail,11/7/2023 0:00,1111,1000.1,1111,828.9,61.4,0.5625,0.3044,1.1181,98.5775,,,,,,,,,
ANR,Whitetail,11/8/2023 0:00,1186,1000.6,1187,871.5,54.2,0.5621,0.2904,1.077,98.6326,,,,,,,,,
ANR,Whitetail,11/9/2023 0:00,753,999.8,752,897.6,53.6,0.5628,0.3263,1.1298,98.5439,,,,,,,,,
ANR,Whitetail,11/10/2023 0:00,411,1001.3,411,849.4,56.9,0.562,0.3381,0.9487,98.7132,,,,,,,,,
ANR,Whitetail,11/11/2023 0:00,0,0,0,0,0,0,0,0,0,,,,,,,,,
ANR,Whitetail,11/12/2023 0:00,7,1032.4,7,921.1,48.6,0.5868,0.5581,1.0472,98.3947,,,,,,,,,
ANR,Whitetail,11/13/2023 0:00,670,999.6676119,670,858.6244776,50.59283582,0.562971791,0.343430746,1.128492388,98.52807687,,,,,,,,,
ANR,Whitetail,11/14/2023 0:00,579,1000.6,580,799.2,63.5,0.5614,0.1756,1.1822,98.6422,,,,,,,,,
ANR,Whitetail,11/15/2023 0:00,394,1001.2,394,909.2,65.5,0.5619,0.1796,1.1824,98.638,,,,,,,,,
ANR,Whitetail,11/16/2023 0:00,810,1001,810,906.6,54.1,0.5627,0.2832,1.1197,98.5971,,,,,,,,,
ANR,Whitetail,11/17/2023 0:00,4,1003.1,4,831.2,28.4,0.5646,0.2226,1.252,98.5254,,,,,,,,,
ANR,Whitetail,11/18/2023 0:00,0,0,0,0,0,0,0,0,0,,,,,,,,,
ANR,Whitetail,11/19/2023 0:00,109,1004.3,109,936.3,50.1,0.5656,0.2365,1.249,98.5145,,,,,,,,,
ANR,Whitetail,11/20/2023 0:00,574,999.8,573,921.6,49.1,0.5631,0.3032,1.2,98.4968,,,,,,,,,
ANR,Whitetail,11/21/2023 0:00,1141,1001.5,1142,925.4,46.1,0.5616,0.267,1.0042,98.7288,,,,,,,,,
ANR,Whitetail,11/22/2023 0:00,251,997.4,250,867.6,50.6,0.5646,0.4771,1.214,98.3089,,,,,,,,,
ANR,Whitetail,11/23/2023 0:00,0,0,0,0,0,0,0,0,0,,,,,,,,,
ANR,Whitetail,11/24/2023 0:00,12,999.1,12,740.8,26,0.5643,0.3104,1.3377,98.3519,,,,,,,,,
ANR,Whitetail,11/25/2023 0:00,1,1002.6,1,686.7,41.5,0.5667,0.3416,1.2969,98.3615,,,,,,,,,
ANR,Whitetail,11/26/2023 0:00,0,0,0,0,0,0,0,0,0,,,,,,,,,
ANR,Whitetail,11/27/2023 0:00,403,996.5,403,721.4,31.3,0.5648,0.3973,1.4068,98.1959,,,,,,,,,
ANR,Whitetail,11/28/2023 0:00,425,993.8,422,761.4,38.1,0.5683,0.9128,1.1178,97.9694,,,,,,,,,
ANR,Whitetail,11/29/2023 0:00,514,1000.8,514,702.1,52.2,0.5643,0.6073,0.7797,98.613,,,,,,,,,
ANR,Whitetail,11/30/2023 0:00,1059,1000.2,1058,763.4,47.3,0.5623,0.3145,1.0842,98.6013,,,,,,,,,
ANR,Whitetail,12/1/2023 0:00,605,999.9,605,775.6,41.8,0.5617,0.1801,1.2403,98.5796,,,,,,,,,
ANR,Whitetail,12/2/2023 0:00,0,0,0,0,0,0,0,0,0,,,,,,,,,
ANR,Whitetail,12/3/2023 0:00,0,0,0,0,0,0,0,0,0,,,,,,,,,
ANR,Whitetail,12/4/2023 0:00,1034,1001.3,1035,867.6,43.9,0.5612,0.2062,1.0748,98.719,,,,,,,,,
ANR,Whitetail,12/5/2023 0:00,1053,996.8,1051,860.9,40.8,0.5629,0.1701,1.5569,98.273,,,,,,,,,
ANR,Whitetail,12/6/2023 0:00,126,990.4,124,861,45.9,0.565,0.0814,2.2773,97.6413,,,,,,,,,
ANR,Whitetail,12/7/2023 0:00,957,996.6,955,914.5,53.7,0.5635,0.2102,1.5604,98.2294,,,,,,,,,
ANR,Whitetail,12/8/2023 0:00,143,991.7,142,918.5,59.3,0.5648,0.0742,2.1906,97.7352,,,,,,,,,
ANR,Whitetail,12/9/2023 0:00,0,0,0,0,0,0,0,0,0,,,,,,,,,
ANR,Whitetail,12/10/2023 0:00,32,992.3,32,817.4,32.9,0.5652,0.0793,2.178,97.7427,,,,,,,,,
ANR,Whitetail,12/11/2023 0:00,376,997.1,374,788.2,49.5,0.5649,0.3055,1.5234,98.1711,,,,,,,,,
ANR,Whitetail,12/12/2023 0:00,226,997.6,225,803.1,39.8,0.5675,0.3817,1.6173,98.001,,,,,,,,,
ANR,Whitetail,12/13/2023 0:00,452,994.7,449,786.3,46.6,0.5675,0.4035,1.7614,97.8351,,,,,,,,,
ANR,Whitetail,12/14/2023 0:00,477,999.7,475,785.2,50.6,0.5687,0.3999,1.5723,98.0278,,,,,,,,,
ANR,Whitetail,12/15/2023 0:00,460,995.7,458,787.6,52,0.5642,0.317,1.5239,98.1591,,,,,,,,,
ANR,Whitetail,12/16/2023 0:00,0,0,0,0,0,0,0,0,0,,,,,,,,,
ANR,Whitetail,12/17/2023 0:00,3,1015.7,3,757.3,26.5,0.5777,0.5047,1.2842,98.2111,,,,,,,,,
ANR,Whitetail,12/18/2023 0:00,673,991.8,668,790.4,39.4,0.5696,0.8594,1.4435,97.6971,,,,,,,,,
ANR,Whitetail,12/19/2023 0:00,1302,997,1296,782.8,41.7,0.5644,0.4607,1.2482,98.2911,,,,,,,,,
ANR,Whitetail,12/20/2023 0:00,1364,995.5,1354,796.1,49.3,0.5644,0.3505,1.5099,98.1396,,,,,,,,,
ANR,Whitetail,12/21/2023 0:00,759,990.3,752,801.2,52.3,0.5674,0.276,2.2104,97.5136,,,,,,,,,
ANR,Whitetail,12/22/2023 0:00,614,987.2,606,805.2,51.2,0.5702,0.7886,1.8829,97.3285,,,,,,,,,
ANR,Whitetail,12/23/2023 0:00,0,0,0,0,0,0,0,0,0,,,,,,,,,
ANR,Whitetail,12/24/2023 0:00,0,0,0,0,0,0,0,0,0,,,,,,,,,
ANR,Whitetail,12/25/2023 0:00,304,991.3,302,842.9,41.2,0.5737,1.3615,1.095,97.5435,,,,,,,,,
ANR,Whitetail,12/26/2023 0:00,324,990.5,321,809.4,35.4,0.5725,1.4381,0.9139,97.648,,,,,,,,,
ANR,Whitetail,12/27/2023 0:00,6,1022.9,6,761.9,33.1,0.5872,0.9876,1.0057,98.0067,,,,,,,,,
ANR,Whitetail,12/28/2023 0:00,565,988.4,560,784.4,39.9,0.5727,1.092,1.5824,97.3256,,,,,,,,,
ANR,Whitetail,12/29/2023 0:00,502,989.1,495,772,37.4,0.5705,0.981,1.509,97.51,,,,,,,,,
ANR,Whitetail,12/30/2023 0:00,58,999.6,57,776.8,42.4,0.573,1.109,0.9162,97.9748,,,,,,,,,
ANR,Whitetail,12/31/2023 0:00,2,1038.2,2,762.8,31.9,0.5949,0.8123,1.061,98.1267,,,,,,,,,
ANR,Whitetail,1/1/2024 0:00,5,1006.5,5,742.4,26.4,0.5766,1.0261,0.9516,98.0223,,,,,,,,,
ANR,Whitetail,1/2/2024 0:00,303,992.9,301,781.5,35,0.571,1.2314,0.9448,97.8238,,,,,,,,,
ANR,Whitetail,1/3/2024 0:00,248,986.2,245,764.8,41.6,0.5722,0.5799,2.4475,96.9726,,,,,,,,,
ANR,Whitetail,1/4/2024 0:00,236,980.6,232,747.4,41.9,0.5716,0.4343,2.948,96.6177,,,,,,,,,
ANR,Whitetail,1/5/2024 0:00,523,987.7,515,749.1,38.9,0.571,0.886,1.7817,97.3323,,,,,,,,,
ANR,Whitetail,1/6/2024 0:00,158,995.7,157,758,37.1,0.57,1.0813,0.9067,98.012,,,,,,,,,
ANR,Whitetail,1/7/2024 0:00,144,998.1,143,766.4,34,0.5699,0.9925,0.8884,98.1191,,,,,,,,,
ANR,Whitetail,1/8/2024 0:00,272,995.1,271,761.1,33.9,0.5692,1.0919,0.8514,98.0567,,,,,,,,,
ANR,Whitetail,1/9/2024 0:00,131,996.5,130,754,29.5,0.5701,1.085,0.8619,98.0531,,,,,,,,,
ANR,Whitetail,1/10/2024 0:00,316,994,313,751.2,31.2,0.5688,1.0064,1.0112,97.9824,,,,,,,,,
ANR,Whitetail,1/11/2024 0:00,300,978.4,295,748.8,29.2,0.572,0.4355,3.1228,96.4417,,,,,,,,,
ANR,Whitetail,1/12/2024 0:00,9,975.6,9,738.7,29.1,0.5724,0.3397,3.4779,96.1824,,,,,,,,,
ANR,Whitetail,1/13/2024 0:00,0,0,0,0,0,0,0,0,0,,,,,,,,,
ANR,Whitetail,1/14/2024 0:00,0,0,0,0,0,0,0,0,0,,,,,,,,,
ANR,Whitetail,1/15/2024 0:00,1,989.3,1,641.6,29,0.5771,0.4152,2.9723,96.6125,,,,,,,,,
ANR,Whitetail,1/16/2024 0:00,0,0,0,0,0,0,0,0,0,,,,,,,,,
ANR,Whitetail,1/17/2024 0:00,291,993.5,289,773.3,28.8,0.569,0.8526,1.2992,97.8482,,,,,,,,,
ANR,Whitetail,1/18/2024 0:00,25,998.6,25,753.8,20.1,0.5705,0.9195,1.0256,98.0549,,,,,,,,,
ANR,Whitetail,1/19/2024 0:00,0,0,0,0,0,0,0,0,0,,,,,,,,,
ANR,Whitetail,1/20/2024 0:00,0,0,0,0,0,0,0,0,0,,,,,,,,,
ANR,Whitetail,1/21/2024 0:00,5,1040.9,5,685.1,28.9,0.5938,0.6705,0.9995,98.33,,,,,,,,,
ANR,Whitetail,1/22/2024 0:00,0,0,0,0,0,0,0,0,0,,,,,,,,,
ANR,Whitetail,1/23/2024 0:00,0,0,0,0,0,0,0,0,0,,,,,,,,,
ANR,Whitetail,1/24/2024 0:00,0,0,0,0,0,0,0,0,0,,,,,,,,,
ANR,Whitetail,1/25/2024 0:00,0,0,0,0,0,0,0,0,0,,,,,,,,,
ANR,Whitetail,1/26/2024 0:00,0,0,0,0,0,0,0,0,0,,,,,,,,,
ANR,Whitetail,1/27/2024 0:00,0,0,0,0,0,0,0,0,0,,,,,,,,,
ANR,Whitetail,1/28/2024 0:00,0,0,0,0,0,0,0,0,0,,,,,,,,,
ANR,Whitetail,1/29/2024 0:00,0,0,0,0,0,0,0,0,0,,,,,,,,,
ANR,Whitetail,1/30/2024 0:00,0,0,0,0,0,0,0,0,0,,,,,,,,,
ANR,Whitetail,1/31/2024 0:00,202,1000.6,202,875.2,49.4,0.5658,0.8682,0.5464,98.5854,,,,,,,,,
ANR,Whitetail,2/1/2024 0:00,648,1001.3,649,885.1,46.9,0.5618,0.2873,1.0028,98.7099,,,,,,,,,
ANR,Whitetail,2/2/2024 0:00,656,1001.7,658,910.1,40.2,0.561,0.1743,1.0741,98.7516,,,,,,,,,
ANR,Whitetail,2/3/2024 0:00,905,993,899,889.5,43.9,0.5652,0.3042,1.8051,97.8907,,,,,,,,,
ANR,Whitetail,2/4/2024 0:00,394,988.3,388,881.2,40,0.568,0.4388,2.145,97.4162,,,,,,,,,
ANR,Whitetail,2/5/2024 0:00,131,988.3,128,780.2,47.1,0.5682,0.2835,2.3962,97.3203,,,,,,,,,
ANR,Whitetail,2/6/2024 0:00,0,0,0,0,0,0,0,0,0,,,,,,,,,
ANR,Whitetail,2/7/2024 0:00,464,1005,465,796.9,53.1,0.5616,0.2159,0.8761,98.908,,,,,,,,,
ANR,Whitetail,2/8/2024 0:00,93,1000,93,812.9,59.7,0.5636,0.5374,0.8766,98.586,,,,,,,,,
ANR,Whitetail,2/9/2024 0:00,0,0,0,0,0,0,0,0,0,,,,,,,,,
ANR,Whitetail,2/10/2024 0:00,426,1001.4,427,822.9,45.9,0.5637,0.4872,0.8687,98.6441,,,,,,,,,
ANR,Whitetail,2/11/2024 0:00,465,1000.9,466,808.1,36.1,0.5641,0.6073,0.758,98.6347,,,,,,,,,
ANR,Whitetail,2/12/2024 0:00,320,995.5,318,796.9,35.7,0.5681,0.9563,0.9336,98.1101,,,,,,,,,
ANR,Whitetail,2/13/2024 0:00,295,1006.4,296,778.7,45.9,0.5602,0.2697,0.5796,99.1507,,,,,,,,,
ANR,Whitetail,2/14/2024 0:00,605,994.4,602,783.6,49.1,0.5637,0.1334,1.8414,98.0252,,,,,,,,,
ANR,Whitetail,2/15/2024 0:00,752,1001.5,751,790.5,39.7,0.5619,0.3303,0.9376,98.7321,,,,,,,,,
ANR,Whitetail,2/16/2024 0:00,6,1020.1,6,719.2,15.9,0.5724,0.367,0.7387,98.8943,,,,,,,,,
ANR,Whitetail,2/17/2024 0:00,0,0,0,0,0,0,0,0,0,,,,,,,,,
ANR,Whitetail,2/18/2024 0:00,0,0,0,0,0,0,0,0,0,,,,,,,,,
ANR,Whitetail,2/19/2024 0:00,639,1003.5,640,759.1,45.1,0.5619,0.3987,0.7137,98.8876,,,,,,,,,
ANR,Whitetail,2/20/2024 0:00,0,0,0,0,0,0,0,0,0,,,,,,,,,
ANR,Whitetail,2/21/2024 0:00,475,1001.2,477,799,48.7,0.5641,0.5293,0.8575,98.6132,,,,,,,,,
ANR,Whitetail,2/22/2024 0:00,482,1002.2,485,799.7,50.6,0.5631,0.5391,0.6913,98.7696,,,,,,,,,
ANR,Whitetail,2/23/2024 0:00,569,1001.9,569,815.4,38.1,0.5634,0.5567,0.7087,98.7346,,,,,,,,,
ANR,Whitetail,2/24/2024 0:00,326,998.2,326,813,44.4,0.5656,0.7255,0.8858,98.3887,,,,,,,,,
ANR,Whitetail,2/25/2024 0:00,309,996.9,308,834,42.6,0.5674,0.9028,0.86,98.2372,,,,,,,,,
ANR,Whitetail,2/26/2024 0:00,608,1002.6,607,913.2,51.2,0.5625,0.4759,0.7054,98.8187,,,,,,,,,
ANR,Whitetail,2/27/2024 0:00,2,1020.1,2,871.6,13.9,0.5725,0.3727,0.743,98.8843,,,,,,,,,
ANR,Whitetail,2/28/2024 0:00,441,997.9,441,871.4,31,0.5661,0.8153,0.8159,98.3688,,,,,,,,,
ANR,Whitetail,2/29/2024 0:00,487,1001.6,486,838.5,45.6,0.5629,0.5229,0.7337,98.7434,,,,,,,,,
ANR,Whitetail,3/1/2024 0:00,0,0,0,0,0,0,0,0,0,,,,,,,,,
ANR,Whitetail,3/2/2024 0:00,0,0,0,0,0,0,0,0,0,,,,,,,,,
ANR,Whitetail,3/3/2024 0:00,261,1008.6,263,947.4,60.9,0.5598,0.1395,0.6065,99.254,,,,,,,,,
ANR,Whitetail,3/4/2024 0:00,268,999.6,268,933,57.3,0.5614,0.0744,1.3899,98.5357,,,,,,,,,
ANR,Whitetail,3/5/2024 0:00,320,1001.6,320,898.4,43.3,0.5611,0.08,1.2379,98.6821,,,,,,,,,
ANR,Whitetail,3/6/2024 0:00,156,1000.3,156,866.3,59,0.5609,0.0751,1.3096,98.6153,,,,,,,,,
ANR,Whitetail,3/7/2024 0:00,383,1001.3,382,892.3,47.2,0.562,0.1415,1.2423,98.6162,,,,,,,,,
ANR,Whitetail,3/8/2024 0:00,1,1030.9,1,862,29.5,0.5873,0.5624,1.1771,98.2605,,,,,,,,,
ANR,Whitetail,3/9/2024 0:00,0,0,0,0,0,0,0,0,0,,,,,,,,,
ANR,Whitetail,3/10/2024 0:00,1,1018.7,2,849.9,47.5,0.5776,0.3796,1.2829,98.3375,,,,,,,,,
ANR,Whitetail,3/11/2024 0:00,0,0,0,0,0,0,0,0,0,,,,,,,,,
ANR,Whitetail,3/12/2024 0:00,0,0,0,0,0,0,0,0,0,,,,,,,,,
ANR,Whitetail,3/13/2024 0:00,0,0,0,0,0,0,0,0,0,,,,,,,,,
ANR,Whitetail,3/14/2024 0:00,0,0,0,0,0,0,0,0,0,,,,,,,,,
ANR,Whitetail,3/15/2024 0:00,0,0,0,0,0,0,0,0,0,,,,,,,,,
ANR,Whitetail,3/16/2024 0:00,0,0,0,0,0,0,0,0,0,,,,,,,,,
ANR,Whitetail,3/17/2024 0:00,0,0,0,0,0,0,0,0,0,,,,,,,,,
ANR,Whitetail,3/18/2024 0:00,902,998.3,901,886.1,39.4,0.5628,0.1176,1.5318,98.3506,,,,,,,,,
ANR,Whitetail,3/19/2024 0:00,612,999.2,611,897.1,51.9,0.5613,0.0579,1.4324,98.5097,,,,,,,,,
ANR,Whitetail,3/20/2024 0:00,987,1001,988,887.9,44,0.5609,0.0978,1.2257,98.6765,,,,,,,,,
ANR,Whitetail,3/21/2024 0:00,629,998.8,629,875.4,46.9,0.5615,0.0714,1.4607,98.4679,,,,,,,,,
ANR,Whitetail,3/22/2024 0:00,548,997.2,545,923.1,42.3,0.5646,0.2107,1.6294,98.1599,,,,,,,,,
ANR,Whitetail,3/23/2024 0:00,0,0,0,0,0,0,0,0,0,,,,,,,,,
ANR,Whitetail,3/24/2024 0:00,0,0,0,0,0,0,0,0,0,,,,,,,,,
ANR,Whitetail,3/25/2024 0:00,412,992.9,410,901.4,51.1,0.5685,0.5585,1.7306,97.7109,,,,,,,,,
ANR,Whitetail,3/26/2024 0:00,424,989.1,419,859.1,37.4,0.5702,0.5369,2.1499,97.3132,,,,,,,,,
ANR,Whitetail,3/27/2024 0:00,462,985.7,456,845.7,42.4,0.5714,0.7172,2.198,97.0848,,,,,,,,,
ANR,Whitetail,3/28/2024 0:00,441,982,432,847.6,57.6,0.5733,0.5988,2.774,96.6272,,,,,,,,,
ANR,Whitetail,3/29/2024 0:00,0,0,0,0,0,0,0,0,0,,,,,,,,,
ANR,Whitetail,3/30/2024 0:00,0,0,0,0,0,0,0,0,0,,,,,,,,,
ANR,Whitetail,3/31/2024 0:00,0,0,0,0,0,0,0,0,0,,,,,,,,,
ANR,Whitetail,4/1/2024 0:00,149,984.2,146,896.3,56.8,0.5711,0.4426,2.6682,96.8892,,,,,,,,,
ANR,Whitetail,4/2/2024 0:00,490,995.8,487,895.5,41.6,0.5633,0.1411,1.698,98.1609,,,,,,,,,
ANR,Whitetail,4/3/2024 0:00,932,990,921,888,44.3,0.5663,0.2817,2.1187,97.5996,,,,,,,,,
ANR,Whitetail,4/4/2024 0:00,1154,989,1141,888.9,45,0.5669,0.3014,2.207,97.4916,,,,,,,,,
ANR,Whitetail,4/5/2024 0:00,731,986.3,724,881,54.6,0.5689,0.4316,2.3541,97.2143,,,,,,,,,
ANR,Whitetail,4/6/2024 0:00,395,980,387,930.1,52.9,0.5729,0.5391,2.9456,96.5153,,,,,,,,,
ANR,Whitetail,4/7/2024 0:00,3,990.2,3,906.1,44.3,0.5753,0.5286,2.5716,96.8998,,,,,,,,,
ANR,Whitetail,4/8/2024 0:00,886,991.6,875,862.9,53.4,0.5654,0.2451,1.9972,97.7577,,,,,,,,,
ANR,Whitetail,4/9/2024 0:00,753,989.5,746,852.7,57.4,0.5664,0.2603,2.1926,97.5471,,,,,,,,,
ANR,Whitetail,4/10/2024 0:00,635,986.1,627,908.2,58.6,0.5704,0.3739,2.5939,97.0322,,,,,,,,,
ANR,Whitetail,4/11/2024 0:00,623,987.2,615,908.2,57.3,0.5682,0.2682,2.4798,97.252,,,,,,,,,
ANR,Whitetail,4/12/2024 0:00,585,984.3,577,903.8,60.8,0.5689,0.3079,2.6657,97.0264,,,,,,,,,
ANR,Whitetail,4/13/2024 0:00,1,987.7,1,866.9,79.7,0.5736,0.3844,2.7804,96.8352,,,,,,,,,
ANR,Whitetail,4/14/2024 0:00,3,1029.8,3,856.6,63.7,0.5868,0.6523,1.0402,98.3075,,,,,,,,,
ANR,Whitetail,4/15/2024 0:00,970,996.2,961,824.1,66.8,0.563,0.1412,1.6473,98.2115,,,,,,,,,
ANR,Whitetail,4/16/2024 0:00,505,989.8,501,840.4,59.6,0.5663,0.1551,2.3278,97.5171,,,,,,,,,
ANR,Whitetail,4/17/2024 0:00,611,987.5,602,839.6,56.9,0.5673,0.2031,2.4834,97.3135,,,,,,,,,
ANR,Whitetail,4/18/2024 0:00,682,986.8,672,814.3,47.4,0.5687,0.2374,2.6081,97.1545,,,,,,,,,
ANR,Whitetail,4/19/2024 0:00,413,983.3,405,808.2,55.3,0.5694,0.3544,2.7072,96.9384,,,,,,,,,
ANR,Whitetail,4/20/2024 0:00,2,1015.1,2,780.8,36,0.5814,0.5622,1.5874,97.8504,,,,,,,,,
ANR,Whitetail,4/21/2024 0:00,6,1005.1,6,801.2,52.2,0.5768,0.4851,1.868,97.6469,,,,,,,,,
ANR,Whitetail,4/22/2024 0:00,459,993.4,456,809.9,60.3,0.5642,0.1542,1.9088,97.937,,,,,,,,,
ANR,Whitetail,4/23/2024 0:00,1128,993.8,1121,844.9,54.4,0.5641,0.1735,1.8517,97.9748,,,,,,,,,
ANR,Whitetail,4/24/2024 0:00,1197,997.5,1194,831.3,55.9,0.5627,0.1697,1.5012,98.3291,,,,,,,,,
ANR,Whitetail,4/25/2024 0:00,1314,1000.7,1314,826,53.1,0.5613,0.1752,1.1731,98.6517,,,,,,,,,
ANR,Whitetail,4/26/2024 0:00,707,995.5,705,840.5,61.1,0.5635,0.1817,1.6736,98.1447,,,,,,,,,
ANR,Whitetail,4/27/2024 0:00,0,0,0,0,0,0,0,0,0,,,,,,,,,
ANR,Whitetail,4/28/2024 0:00,0,0,0,0,0,0,0,0,0,,,,,,,,,
ANR,Whitetail,4/29/2024 0:00,527,1001,528,828.6,60.4,0.5612,0.0894,1.2711,98.6395,,,,,,,,,
ANR,Whitetail,4/30/2024 0:00,1429,999.3,1428,825.5,61.2,0.5618,0.1445,1.3196,98.5359,,,,,,,,,
ANR,Whitetail,5/1/2024 0:00,29,1005.9,29,801.5,64.9,0.5646,0.2321,1.0731,98.6948,,,,,,,,,
ANR,Whitetail,5/2/2024 0:00,758,1001,759,808.3,57.2,0.5622,0.1832,1.223,98.5938,,,,,,,,,
ANR,Whitetail,5/3/2024 0:00,466,1001.1,466,839.5,61.4,0.566,0.3659,1.2951,98.339,,,,,,,,,
ANR,Whitetail,5/4/2024 0:00,20,1024.3,21,943.3,52.6,0.5872,0.6826,1.381,97.9364,,,,,,,,,
ANR,Whitetail,5/5/2024 0:00,166,1002.6,165,918.6,57.3,0.5624,0.2561,1.0382,98.7057,,,,,,,,,
ANR,Whitetail,5/6/2024 0:00,1154,1000.5,1152,790.6,62.2,0.5613,0.147,1.2261,98.6269,,,,,,,,,
ANR,Whitetail,5/7/2024 0:00,1596,1001.9,1595,771.9,57.9,0.5614,0.2187,1.033,98.7483,,,,,,,,,
ANR,Whitetail,5/8/2024 0:00,1836,1000.6,1835,760.5,60,0.5623,0.2906,1.0906,98.6188,,,,,,,,,
ANR,Whitetail,5/9/2024 0:00,1707,1001.6,1710,784.2,56.2,0.5611,0.1937,1.0688,98.7375,,,,,,,,,
ANR,Whitetail,5/10/2024 0:00,1484,1002.4,1485,819.7,61.6,0.5611,0.2423,0.9412,98.8165,,,,,,,,,
ANR,Whitetail,5/11/2024 0:00,495,998,495,844.1,64.4,0.5675,0.4867,1.435,98.0783,,,,,,,,,
ANR,Whitetail,5/12/2024 0:00,437,1004.3,439,850.3,66.5,0.5615,0.2278,0.8926,98.8796,,,,,,,,,
ANR,Whitetail,5/13/2024 0:00,1549,1005.3,1557,865.4,58.9,0.559,0.0978,0.7978,99.1044,,,,,,,,,
ANR,Whitetail,5/14/2024 0:00,1405,1002.2,1410,889.1,59.3,0.5608,0.187,1.0064,98.8066,,,,,,,,,
ANR,Whitetail,5/15/2024 0:00,1464,1007.5,1473,894.3,61,0.5584,0.1482,0.5264,99.3254,,,,,,,,,
ANR,Whitetail,5/16/2024 0:00,1722,1005.2,1730,877.2,58.2,0.56,0.2714,0.6274,99.1012,,,,,,,,,
ANR,Whitetail,5/17/2024 0:00,1799,1001.3,1804,840.6,61,0.5622,0.3611,0.9278,98.7111,,,,,,,,,
ANR,Whitetail,5/18/2024 0:00,1075,1004.7,1081,863.9,68.9,0.56,0.2201,0.7347,99.0452,,,,,,,,,
ANR,Whitetail,5/19/2024 0:00,708,1003.7,711,866.5,66.4,0.5617,0.4656,0.5863,98.9481,,,,,,,,,
ANR,Whitetail,5/20/2024 0:00,1707,1007.1,1716,834.3,66.7,0.5593,0.2748,0.4395,99.2857,,,,,,,,,
ANR,Whitetail,5/21/2024 0:00,1984,1003,1992,892.9,60.8,0.5611,0.2941,0.8222,98.8837,,,,,,,,,
ANR,Whitetail,5/22/2024 0:00,1702,1006.3,1711,903.6,59.2,0.5595,0.2494,0.5476,99.203,,,,,,,,,
ANR,Whitetail,5/23/2024 0:00,1436,1005,1443,950.2,65.2,0.5609,0.4184,0.5034,99.0782,,,,,,,,,
ANR,Whitetail,5/24/2024 0:00,1662,1003.8,1668,917.6,57.8,0.5615,0.4426,0.5936,98.9638,,,,,,,,,
ANR,Whitetail,5/25/2024 0:00,975,1004.6,979,913.1,65.9,0.5597,0.1747,0.7887,99.0366,,,,,,,,,
ANR,Whitetail,5/26/2024 0:00,1539,1004.6,1545,923.9,62.1,0.5601,0.2321,0.7285,99.0394,,,,,,,,,
ANR,Whitetail,5/27/2024 0:00,1171,1004.9,1176,951,63.8,0.5617,0.5464,0.3906,99.063,,,,,,,,,
ANR,Whitetail,5/28/2024 0:00,1805,1007.083657,1837.1,905.1603878,59.17922438,0.560263158,0.440828255,0.279175069,99.27999668,,,,,,,,,
ANR,Whitetail,5/29/2024 0:00,1755,1007.8,1767,888.6,59.7,0.5597,0.4003,0.2414,99.3583,,,,,,,,,
ANR,Whitetail,5/30/2024 0:00,2244,1005.5,2255,904.6,61.9,0.5614,0.5321,0.3434,99.1245,,,,,,,,,
ANR,Whitetail,5/31/2024 0:00,2014,1007.8,2026,906,63.1,0.5595,0.3682,0.2819,99.3499,,,,,,,,,
ANR,Whitetail,6/1/2024 0:00,1443,1009.5,1456,884.4,63.8,0.5582,0.2646,0.2094,99.526,,,,,,,,,
ANR,Whitetail,6/2/2024 0:00,1805,1007.7,1818,901.9,66.7,0.5593,0.3254,0.3253,99.3493,,,,,,,,,
ANR,Whitetail,6/3/2024 0:00,2011,1006.3,2024,904.7,66.3,0.5602,0.3778,0.4187,99.2035,,,,,,,,,
ANR,Whitetail,6/4/2024 0:00,1920,1007.3,1932,891,64.4,0.5596,0.3427,0.3494,99.3079,,,,,,,,,
ANR,Whitetail,6/5/2024 0:00,2330,1006,2343,900.2,62.9,0.5604,0.398,0.4235,99.1785,,,,,,,,,
ANR,Whitetail,6/6/2024 0:00,1997,1005.6,2008,911.3,62,0.5609,0.4634,0.4038,99.1328,,,,,,,,,
ANR,Whitetail,6/7/2024 0:00,1875,1005.3,1885,884.8,66.3,0.5612,0.4971,0.3965,99.1064,,,,,,,,,
ANR,Whitetail,6/8/2024 0:00,2205,1005.6,2216,903.7,62.4,0.5609,0.4692,0.3901,99.1407,,,,,,,,,
ANR,Whitetail,6/9/2024 0:00,2185,1005.5,2196,896.8,61.9,0.5609,0.4565,0.4131,99.1304,,,,,,,,,
ANR,Whitetail,6/10/2024 0:00,2530,1004.3,2540,889.1,60.4,0.5621,0.5816,0.411,99.0074,,,,,,,,,
ANR,Whitetail,6/11/2024 0:00,2277,1006.6,2290,882.7,65.8,0.5608,0.5022,0.265,99.2328,,,,,,,,,
ANR,Whitetail,6/12/2024 0:00,2576,1006.6,2592,862.6,68.2,0.5607,0.4888,0.2764,99.2348,,,,,,,,,
ANR,Whitetail,6/13/2024 0:00,2408,1007.3,2425,833.2,66,0.5599,0.4046,0.2919,99.3035,,,,,,,,,
ANR,Whitetail,6/14/2024 0:00,2709,1006.3,2726,818,64.1,0.5609,0.5166,0.2804,99.203,,,,,,,,,
ANR,Whitetail,6/15/2024 0:00,1906,1006.5,1917,813.4,70.2,0.5607,0.4971,0.2745,99.2284,,,,,,,,,
ANR,Whitetail,6/16/2024 0:00,2296,1006.7,2311,805,70.3,0.5605,0.468,0.2837,99.2483,,,,,,,,,
ANR,Whitetail,6/17/2024 0:00,2404,1006.2,2420,773,71.6,0.5613,0.5683,0.2333,99.1984,,,,,,,,,
ANR,Whitetail,6/18/2024 0:00,2163,1007.5,2179,766,70.2,0.5599,0.4212,0.2585,99.3203,,,,,,,,,
ANR,Whitetail,6/19/2024 0:00,2524,1006.3,2539,790.5,65.2,0.5605,0.4453,0.3481,99.2066,,,,,,,,,
ANR,Whitetail,6/20/2024 0:00,2151,1006.8,2164,765.3,67.7,0.5607,0.5028,0.242,99.2552,,,,,,,,,
ANR,Whitetail,6/21/2024 0:00,2444,1007.1,2459,780.6,70.3,0.5603,0.4553,0.2596,99.2851,,,,,,,,,
ANR,Whitetail,6/22/2024 0:00,2039,1006.7,2051,807.2,69.3,0.5605,0.4707,0.2804,99.2489,,,,,,,,,
ANR,Whitetail,6/23/2024 0:00,1206,1007.4,1215,821.4,71.3,0.5604,0.501,0.187,99.312,,,,,,,,,
ANR,Whitetail,6/24/2024 0:00,2594,1005.9,2609,835.8,72.5,0.5615,0.5825,0.2512,99.1663,,,,,,,,,
ANR,Whitetail,6/25/2024 0:00,2009,1005,2021,819,68.3,0.562,0.6126,0.313,99.0744,,,,,,,,,
ANR,Whitetail,6/26/2024 0:00,1845,1002.3,1851,797.7,66.7,0.5652,0.996,0.1893,98.8147,,,,,,,,,
ANR,Whitetail,6/27/2024 0:00,2723,1003.4,2733,804.3,66,0.564,0.8593,0.2228,98.9179,,,,,,,,,
ANR,Whitetail,6/28/2024 0:00,2171,1003.6,2177,744.8,68.7,0.564,0.8633,0.2022,98.9345,,,,,,,,,
ANR,Whitetail,6/29/2024 0:00,2750,1005,2763,772.7,64.9,0.5625,0.6922,0.2311,99.0767,,,,,,,,,
ANR,Whitetail,6/30/2024 0:00,2041,1005.3,2050,773.8,64.4,0.5624,0.6922,0.1747,99.1331,,,,,,,,,
ANR,Whitetail,7/1/2024 0:00,1825,1003.8,1831,771.9,66.8,0.5635,0.7812,0.2644,98.9544,,,,,,,,,
ANR,Whitetail,7/2/2024 0:00,2282,1004.5,2292,769.6,69.1,0.5626,0.6826,0.2855,99.0319,,,,,,,,,
ANR,Whitetail,7/3/2024 0:00,1876,1004.1,1884,735.2,67.3,0.5628,0.6892,0.3247,98.9861,,,,,,,,,
ANR,Whitetail,7/4/2024 0:00,1855,1004.2,1862,739.1,67.1,0.5627,0.6848,0.3144,99.0008,,,,,,,,,
ANR,Whitetail,7/5/2024 0:00,1905,1003,1911,742.9,65.8,0.5641,0.8435,0.2795,98.877,,,,,,,,,
ANR,Whitetail,7/6/2024 0:00,1864,1004.3,1873,746,67.9,0.5629,0.7318,0.2558,99.0124,,,,,,,,,
ANR,Whitetail,7/7/2024 0:00,1890,1003.9,1898,771.9,66.3,0.5633,0.7681,0.2653,98.9666,,,,,,,,,
ANR,Whitetail,7/8/2024 0:00,1896,1005.2,1906,754.7,67.9,0.562,0.6236,0.2746,99.1018,,,,,,,,,
ANR,Whitetail,7/9/2024 0:00,2260,1006.3,2274,737.1,65.9,0.5605,0.4371,0.353,99.2099,,,,,,,,,
ANR,Whitetail,7/10/2024 0:00,1883,1005.1,1894,754.9,64.9,0.5617,0.576,0.3319,99.0921,,,,,,,,,
ANR,Whitetail,7/11/2024 0:00,2673,1004.9,2686,784.8,65.6,0.5621,0.6177,0.3172,99.0651,,,,,,,,,
ANR,Whitetail,7/12/2024 0:00,2404,1004.8,2416,771.7,68.8,0.5618,0.5564,0.3816,99.062,,,,,,,,,
ANR,Whitetail,7/13/2024 0:00,1595,1006.1,1605,750.7,74.5,0.5608,0.4778,0.3333,99.1889,,,,,,,,,
ANR,Whitetail,7/14/2024 0:00,1655,1006.8,1665,776.3,74.6,0.56,0.382,0.361,99.257,,,,,,,,,
ANR,Whitetail,7/15/2024 0:00,2239,1004.7,2251,769.6,71.4,0.5609,0.3964,0.5549,99.0487,,,,,,,,,
ANR,Whitetail,7/16/2024 0:00,2022,1006.2,2035,773,66.7,0.5596,0.2634,0.5366,99.2,,,,,,,,,
ANR,Whitetail,7/17/2024 0:00,1753,1005,1762,778.5,65.5,0.5603,0.3027,0.6221,99.0752,,,,,,,,,
ANR,Whitetail,7/18/2024 0:00,2324,1003.5,2332,758.2,64.3,0.5615,0.4053,0.6681,98.9266,,,,,,,,,
ANR,Whitetail,7/19/2024 0:00,2375,1003.8,2382,766.5,64.9,0.5617,0.4641,0.5733,98.9626,,,,,,,,,
ANR,Whitetail,7/20/2024 0:00,1411,1006.7,1419,751.9,68.3,0.5593,0.2583,0.4967,99.245,,,,,,,,,
ANR,Whitetail,7/21/2024 0:00,1083,1007.2,1091,744.4,69.6,0.5589,0.208,0.4983,99.2937,,,,,,,,,
ANR,Whitetail,7/22/2024 0:00,1723,1006.1,1731,731.7,67.7,0.5599,0.3218,0.4927,99.1855,,,,,,,,,
ANR,Whitetail,7/23/2024 0:00,1849,1006.2,1858,719.7,69.6,0.5599,0.327,0.4733,99.1997,,,,,,,,,
ANR,Whitetail,7/24/2024 0:00,2066,1005.5,2076,743.8,68.8,0.5601,0.3129,0.5615,99.1256,,,,,,,,,
ANR,Whitetail,7/25/2024 0:00,1928,1004,1936,745.5,70.5,0.5613,0.4038,0.6192,98.977,,,,,,,,,
ANR,Whitetail,7/26/2024 0:00,1481,1005.7,1489,753.5,71.5,0.5602,0.3375,0.5114,99.1511,,,,,,,,,
ANR,Whitetail,7/27/2024 0:00,1306,1006.1,1314,763.2,72.3,0.5599,0.306,0.5085,99.1855,,,,,,,,,
ANR,Whitetail,7/28/2024 0:00,1071,1007.3,1079,762,77.3,0.5586,0.1731,0.5203,99.3066,,,,,,,,,
ANR,Whitetail,7/29/2024 0:00,1462,1006.6,1471,770.3,74,0.5592,0.2256,0.5354,99.239,,,,,,,,,
ANR,Whitetail,7/30/2024 0:00,1177,1007.2,1185,761.4,74.8,0.5592,0.2739,0.4342,99.2919,,,,,,,,,
ANR,Whitetail,7/31/2024 0:00,1466,1007.8,1477,752.9,73.4,0.5587,0.2219,0.4253,99.3528,,,,,,,,,
ANR,Whitetail,8/1/2024 0:00,555,1009,560,751,76.7,0.5576,0.1234,0.4,99.4766,,,,,,,,,
ANR,Whitetail,8/2/2024 0:00,1278,1003.7,1285,807.2,71.3,0.5622,0.5507,0.4988,98.9505,,,,,,,,,
ANR,Whitetail,8/3/2024 0:00,11,1001.8,11,735.1,98.2,0.5642,0.7653,0.4738,98.7609,,,,,,,,,
ANR,Whitetail,8/4/2024 0:00,21,1002.6,21,745.6,80.4,0.5631,0.6253,0.5355,98.8392,,,,,,,,,
ANR,Whitetail,8/5/2024 0:00,1295,1005.6,1303,769.7,77.2,0.5601,0.3165,0.545,99.1385,,,,,,,,,
ANR,Whitetail,8/6/2024 0:00,1885,1005.7,1894,792.6,66.4,0.5604,0.3761,0.4769,99.147,,,,,,,,,
ANR,Whitetail,8/7/2024 0:00,1210,997.8,1212,785,70.9,0.5653,0.6615,0.9791,98.3594,,,,,,,,,
ANR,Whitetail,8/8/2024 0:00,874,1001.6,876,788,70.6,0.5628,0.4994,0.7617,98.7389,,,,,,,,,
ANR,Whitetail,8/9/2024 0:00,647,999.6,647,785.8,70.7,0.5643,0.6346,0.8242,98.5412,,,,,,,,,
ANR,Whitetail,8/10/2024 0:00,0,0,0,0,0,0,0,0,0,,,,,,,,,
ANR,Whitetail,8/11/2024 0:00,12,994.4,12,781.6,63,0.5675,0.8205,1.1478,98.0317,,,,,,,,,
ANR,Whitetail,8/12/2024 0:00,1955,1002.8,1959,805.8,66.6,0.562,0.4595,0.675,98.8655,,,,,,,,,
ANR,Whitetail,8/13/2024 0:00,1345,1004.1,1350,768.1,68,0.5609,0.3491,0.6637,98.9872,,,,,,,,,
ANR,Whitetail,8/14/2024 0:00,1923,1005,1930,810.1,70,0.5604,0.3242,0.5974,99.0784,,,,,,,,,
ANR,Whitetail,8/15/2024 0:00,2017,1004,2025,779.2,70.7,0.5612,0.3899,0.6262,98.9839,,,,,,,,,
ANR,Whitetail,8/16/2024 0:00,1223,1006.2,1230,749.4,73,0.56,0.3356,0.4674,99.197,,,,,,,,,
ANR,Whitetail,8/17/2024 0:00,641,1008.5,646,781.5,73.7,0.5582,0.1758,0.4042,99.42,,,,,,,,,
ANR,Whitetail,8/18/2024 0:00,691,1009.1,697,793.2,73.3,0.5578,0.1481,0.3732,99.4787,,,,,,,,,
ANR,Whitetail,8/19/2024 0:00,1797,1005.4,1805,801.3,66.8,0.5601,0.2996,0.5823,99.1181,,,,,,,,,
ANR,Whitetail,8/20/2024 0:00,1847,1003.6,1852,851.6,67,0.5616,0.4299,0.6287,98.9414,,,,,,,,,
ANR,Whitetail,8/21/2024 0:00,1833,1004.1,1840,904.3,64.5,0.5614,0.4357,0.5745,98.9898,,,,,,,,,
ANR,Whitetail,8/22/2024 0:00,1570,1001.2,1571,856.4,66.4,0.5627,0.4589,0.8415,98.6996,,,,,,,,,
ANR,Whitetail,8/23/2024 0:00,996,1000.7,998,820.4,72.2,0.5631,0.4924,0.856,98.6516,,,,,,,,,
ANR,Whitetail,8/24/2024 0:00,0,0,0,0,0,0,0,0,0,,,,,,,,,
ANR,Whitetail,8/25/2024 0:00,0,0,0,0,0,0,0,0,0,,,,,,,,,
ANR,Whitetail,8/26/2024 0:00,1127,1006.2,1131,799,78.7,0.56,0.2896,0.5385,99.1719,,,,,,,,,
ANR,Whitetail,8/27/2024 0:00,1712,1006.2,1721,826.4,72.6,0.5597,0.2823,0.5199,99.1978,,,,,,,,,
ANR,Whitetail,8/28/2024 0:00,1777,1004.3,1783,865.6,72.1,0.561,0.389,0.5968,99.0142,,,,,,,,,
ANR,Whitetail,8/29/2024 0:00,1744,1004,1750,893,73.1,0.5611,0.3729,0.6488,98.9783,,,,,,,,,
ANR,Whitetail,8/30/2024 0:00,943,1003.4,947,921,70,0.5614,0.3963,0.679,98.9247,,,,,,,,,
ANR,Whitetail,8/31/2024 0:00,0,0,0,0,0,0,0,0,0,,,,,,,,,
ANR,Whitetail,9/1/2024 0:00,0,0,0,0,0,0,0,0,0,,,,,,,,,
ANR,Whitetail,9/2/2024 0:00,7,1018.6,7,871.9,59.5,0.581,0.8863,0.8371,98.2766,,,,,,,,,
ANR,Whitetail,9/3/2024 0:00,368,1005.3,370,875.3,62.7,0.5601,0.2577,0.6507,99.0916,,,,,,,,,
ANR,Whitetail,9/4/2024 0:00,1493,1005.3,1500,878.8,67.8,0.5604,0.35,0.5401,99.1099,,,,,,,,,
ANR,Whitetail,9/5/2024 0:00,2060,1003.6,2066,886.9,67.7,0.5619,0.4836,0.5739,98.9425,,,,,,,,,
ANR,Whitetail,9/6/2024 0:00,1645,1004.6,1651,861.9,63.7,0.5613,0.4528,0.5101,99.0371,,,,,,,,,
ANR,Whitetail,9/7/2024 0:00,673,1006.9,678,838.7,65.4,0.5599,0.3665,0.3651,99.2684,,,,,,,,,
ANR,Whitetail,9/8/2024 0:00,864,1004.3,867,870,64.9,0.5617,0.5009,0.4936,99.0055,,,,,,,,,
ANR,Whitetail,9/9/2024 0:00,1621,1003.8,1624,907.7,66.5,0.5617,0.4768,0.5633,98.9599,,,,,,,,,
ANR,Whitetail,9/10/2024 0:00,1550,1003.8,1555,902.8,66.9,0.562,0.5294,0.5148,98.9558,,,,,,,,,
ANR,Whitetail,9/11/2024 0:00,1491,1002.5,1494,872.1,67.7,0.5626,0.5385,0.6317,98.8298,,,,,,,,,
ANR,Whitetail,9/12/2024 0:00,2081,1002.8,2087,885,67.7,0.5628,0.5946,0.54,98.8654,,,,,,,,,
ANR,Whitetail,9/13/2024 0:00,717,1001.1,718,883,70.5,0.5645,0.7721,0.5396,98.6883,,,,,,,,,
ANR,Whitetail,9/14/2024 0:00,0,0,0,0,0,0,0,0,0,,,,,,,,,
ANR,Whitetail,9/15/2024 0:00,239,1000.1,239,943.9,67.7,0.565,0.7846,0.6189,98.5965,,,,,,,,,
ANR,Whitetail,9/16/2024 0:00,1321,1001.4,1322,920.6,68.4,0.5634,0.6042,0.6751,98.7207,,,,,,,,,
ANR,Whitetail,9/17/2024 0:00,1532,1002.9,1535,923.1,69.9,0.5625,0.5422,0.5869,98.8709,,,,,,,,,
ANR,Whitetail,9/18/2024 0:00,1561,1003.4,1566,905.2,71,0.5621,0.5135,0.5665,98.92,,,,,,,,,
ANR,Whitetail,9/19/2024 0:00,1242,999.4,1242,918.8,74.3,0.5636,0.4828,0.9871,98.5301,,,,,,,,,
ANR,Whitetail,9/20/2024 0:00,659,998,657,932.6,80.8,0.5645,0.5384,1.0767,98.3849,,,,,,,,,
ANR,Whitetail,9/21/2024 0:00,0,0,0,0,0,0,0,0,0,,,,,,,,,
ANR,Whitetail,9/22/2024 0:00,0,0,0,0,0,0,0,0,0,,,,,,,,,
ANR,Whitetail,9/23/2024 0:00,695,1000.5,695,934.8,65.3,0.564,0.5614,0.8457,98.5929,,,,,,,,,
ANR,Whitetail,9/24/2024 0:00,1494,1002.3,1495,887.2,64,0.5641,0.7407,0.4741,98.7852,,,,,,,,,
ANR,Whitetail,9/25/2024 0:00,1940,1001.5,1942,879.8,64.3,0.5645,0.8074,0.4592,98.7334,,,,,,,,,
ANR,Whitetail,9/26/2024 0:00,1488,1001.3,1489,858,65.7,0.5642,0.7277,0.5622,98.7101,,,,,,,,,
ANR,Whitetail,9/27/2024 0:00,2003,1000.5,2005,824.5,64.3,0.5645,0.7317,0.6361,98.6322,,,,,,,,,
ANR,Whitetail,9/28/2024 0:00,1297,1000.2,1297,812,67.7,0.5644,0.6832,0.7144,98.6024,,,,,,,,,
ANR,Whitetail,9/29/2024 0:00,1336,999.7,1335,810.3,66.8,0.5646,0.6953,0.7449,98.5598,,,,,,,,,
ANR,Whitetail,9/30/2024 0:00,1500,1002.5,1502,805.6,67.6,0.5634,0.6772,0.4923,98.8305,,,,,,,,,
ANR,Whitetail,10/1/2024 0:00,1438,998.2,1436,815.6,60.8,0.5659,0.811,0.7831,98.4059,,,,,,,,,
ANR,Whitetail,10/2/2024 0:00,1156,1001.3,1157,830.9,66.7,0.5626,0.4507,0.8357,98.7136,,,,,,,,,
ANR,Whitetail,10/3/2024 0:00,699,1001.3,699,819.7,71.3,0.5661,0.6049,0.9243,98.4708,,,,,,,,,
ANR,Whitetail,10/4/2024 0:00,961,998.7,960,799.3,69.8,0.5654,0.6764,0.9076,98.416,,,,,,,,,
ANR,Whitetail,10/5/2024 0:00,506,998.3,505,808.5,73.5,0.5648,0.6207,0.9657,98.4136,,,,,,,,,
ANR,Whitetail,10/6/2024 0:00,10,1030.6,10,808.3,47.5,0.5867,0.5842,1.1054,98.3104,,,,,,,,,
ANR,Whitetail,10/7/2024 0:00,1488,1003.9,1491,814.9,59.7,0.5614,0.3564,0.7072,98.9364,,,,,,,,,
ANR,Whitetail,10/8/2024 0:00,1953,1002,1954,811.5,62.5,0.5626,0.4926,0.7302,98.7772,,,,,,,,,
ANR,Whitetail,10/9/2024 0:00,1699,1004.2,1704,815.9,63.9,0.5613,0.419,0.5823,98.9987,,,,,,,,,
ANR,Whitetail,10/10/2024 0:00,0,0,0,0,0,0,0,0,0,,,,,,,,,
ANR,Whitetail,10/11/2024 0:00,1079,1001.9,1080,805.2,68.9,0.5622,0.4273,0.8001,98.7726,,,,,,,,,
ANR,Whitetail,10/12/2024 0:00,658,1003,660,803.4,68.5,0.5609,0.274,0.845,98.881,,,,,,,,,
ANR,Whitetail,10/13/2024 0:00,388,999,387,811,61.4,0.5636,0.4435,1.0814,98.4751,,,,,,,,,
ANR,Whitetail,10/14/2024 0:00,864,997.8,862,809.7,60.6,0.5664,0.6927,1.0348,98.2725,,,,,,,,,
ANR,Whitetail,10/15/2024 0:00,858,995.8,853,801.7,53.9,0.5684,0.8874,1.0494,98.0632,,,,,,,,,
ANR,Whitetail,10/16/2024 0:00,1119,993.9,1111,793.5,59,0.5703,0.9997,1.1653,97.835,,,,,,,,,
ANR,Whitetail,10/17/2024 0:00,1715,1001.7,1714,817.7,58.7,0.5631,0.5697,0.679,98.7513,,,,,,,,,
ANR,Whitetail,10/18/2024 0:00,1349,1003.4,1351,821.7,59.2,0.562,0.487,0.5967,98.9163,,,,,,,,,
ANR,Whitetail,10/19/2024 0:00,76,1009.3,76,809.4,65.9,0.5583,0.2543,0.2399,99.5058,,,,,,,,,
ANR,Whitetail,10/20/2024 0:00,35,1023.4,35,852.7,56.2,0.5754,0.4513,0.6832,98.8655,,,,,,,,,
ANR,Whitetail,10/21/2024 0:00,1508,1000.4,1507,816.8,65.1,0.5633,0.4995,0.8793,98.6212,,,,,,,,,
ANR,Whitetail,10/22/2024 0:00,1419,1001.2,1420,875.7,63.9,0.5626,0.4334,0.8641,98.7025,,,,,,,,,
ANR,Whitetail,10/23/2024 0:00,770,993.8,765,800.5,55.7,0.5672,0.7204,1.3134,97.9662,,,,,,,,,
ANR,Whitetail,10/24/2024 0:00,1123,991.1,1113,783,62.8,0.5697,0.7532,1.6527,97.5941,,,,,,,,,
ANR,Whitetail,10/25/2024 0:00,566,995.5,559,808.8,57.5,0.5725,0.7638,1.6332,97.603,,,,,,,,,
ANR,Whitetail,10/26/2024 0:00,2,1021.6,2,798.7,35.4,0.5782,0.492,0.9757,98.5323,,,,,,,,,
ANR,Whitetail,10/27/2024 0:00,83,1001,83,918.3,57.4,0.5734,0.7118,1.4562,97.832,,,,,,,,,
ANR,Whitetail,10/28/2024 0:00,1561,999.3,1555,932.8,69,0.5638,0.5099,0.9761,98.514,,,,,,,,,
ANR,Whitetail,10/29/2024 0:00,1389,999.9,1386,939.6,70.5,0.5626,0.3515,1.0742,98.5743,,,,,,,,,
ANR,Whitetail,10/30/2024 0:00,1598,1003.5,1599,894.6,61.2,0.5611,0.337,0.7303,98.9327,,,,,,,,,
ANR,Whitetail,10/31/2024 0:00,0,0,0,0,0,0,0,0,0,,,,,,,,,
ANR,Whitetail,11/1/2024 0:00,513,1002.2,514,846.7,54.1,0.5602,0.0921,1.1033,98.8046,,,,,,,,,
ANR,Whitetail,11/2/2024 0:00,432,0,435,0,0,0,0,0,0,,,,,,,,,
ANR,Whitetail,11/3/2024 0:00,163,1009.1,164,930.3,60.1,0.5575,0.1061,0.4138,99.4801,,,,,,,,,
ANR,Whitetail,11/4/2024 0:00,536,998.9,535,919.7,61.8,0.5651,0.5964,0.9925,98.4111,,,,,,,,,
ANR,Whitetail,11/5/2024 0:00,1115,985.2,1101,888.7,53.9,0.5694,0.4936,2.3737,97.1327,,,,,,,,,
ANR,Whitetail,11/6/2024 0:00,508,989,501,792.5,50.2,0.5682,0.537,1.969,97.494,,,,,,,,,
ANR,Whitetail,11/7/2024 0:00,1367,1000,1362,792,53.7,0.5632,0.461,0.9515,98.5875,,,,,,,,,
ANR,Whitetail,11/8/2024 0:00,1235,1000.4,1233,823,55.9,0.5627,0.4002,0.9783,98.6215,,,,,,,,,
ANR,Whitetail,11/9/2024 0:00,564,1003.2,566,852.1,51.8,0.5602,0.1519,0.9414,98.9067,,,,,,,,,
ANR,Whitetail,11/10/2024 0:00,25,1000.4,24,860.7,45.5,0.5674,0.1715,1.7599,98.0686,,,,,,,,,
ANR,Whitetail,11/11/2024 0:00,832,997.0491587,1740.4,868.2725962,52.42043269,0.563894231,0.36111262,1.345919111,98.29296827,,,,,,,,,
ANR,Whitetail,11/12/2024 0:00,911,996.4,906,865.4,51.5,0.565,0.5158,1.2524,98.2318,,,,,,,,,
ANR,Whitetail,11/13/2024 0:00,1149,1000.8,1145,868.1,52.2,0.5627,0.4277,0.9035,98.6688,,,,,,,,,
ANR,Whitetail,11/14/2024 0:00,658,997.2,654,870.4,51.1,0.5666,0.6799,1.1093,98.2108,,,,,,,,,
ANR,Whitetail,11/15/2024 0:00,484,989.5,478,878.9,61.8,0.5702,0.9379,1.5137,97.5484,,,,,,,,,
ANR,Whitetail,11/16/2024 0:00,0,0,0,0,0,0,0,0,0,,,,,,,,,
ANR,Whitetail,11/17/2024 0:00,6,1003.9,6,826.4,55.6,0.5719,0.9689,0.7564,98.2747,,,,,,,,,
ANR,Whitetail,11/18/2024 0:00,408,995,405,824,59.2,0.5684,0.9241,1.0359,98.04,,,,,,,,,
ANR,Whitetail,11/19/2024 0:00,420,995.9,419,834.5,59.2,0.5678,0.8117,1.0947,98.0936,,,,,,,,,
ANR,Whitetail,11/20/2024 0:00,1201,1002.6,1201,836.2,46.4,0.5612,0.2927,0.8643,98.843,,,,,,,,,
ANR,Whitetail,11/21/2024 0:00,597,993.6,593,804.3,51,0.5679,0.6915,1.429,97.8795,,,,,,,,,
ANR,Whitetail,11/22/2024 0:00,161,988.3,158,795.9,46.3,0.572,0.8001,1.9663,97.2336,,,,,,,,,
ANR,Whitetail,11/23/2024 0:00,0,0,0,0,0,0,0,0,0,,,,,,,,,
ANR,Whitetail,11/24/2024 0:00,31,1017.8,32,821.1,44.3,0.5797,0.5785,1.2261,98.1954,,,,,,,,,
ANR,Whitetail,11/25/2024 0:00,421,997.3,420,835.1,42.1,0.5675,1.0108,0.6821,98.3071,,,,,,,,,
ANR,Whitetail,11/26/2024 0:00,260,1001.6,260,783.7,42.5,0.5654,0.8022,0.5459,98.6519,,,,,,,,,
ANR,Whitetail,11/27/2024 0:00,429,998.6,428,807.8,45.2,0.5667,0.8335,0.7976,98.3689,,,,,,,,,
ANR,Whitetail,11/28/2024 0:00,1,1019.1,1,791.8,25.3,0.5769,0.6279,0.8261,98.546,,,,,,,,,
ANR,Whitetail,11/29/2024 0:00,1,1014.5,1,777.3,22.3,0.574,0.6955,0.7336,98.5709,,,,,,,,,
ANR,Whitetail,11/30/2024 0:00,0,0,0,0,0,0,0,0,0,,,,,,,,,
ANR,Whitetail,12/1/2024 0:00,4,1004.9,4,750.6,23.8,0.5675,0.7344,0.6431,98.6225,,,,,,,,,
ANR,Whitetail,12/2/2024 0:00,1,1011.6,1,733.8,30.6,0.572,0.6871,0.729,98.5839,,,,,,,,,
ANR,Whitetail,12/3/2024 0:00,106,1005.7,106,761.6,38.9,0.5681,0.7269,0.6563,98.6168,,,,,,,,,
ANR,Whitetail,12/4/2024 0:00,1119,999.1,1118,773,37.5,0.5629,0.3425,1.163,98.4945,,,,,,,,,
ANR,Whitetail,12/5/2024 0:00,795,1003.9,798,759.5,35.5,0.5594,0.0667,0.9609,98.9724,,,,,,,,,
ANR,Whitetail,12/6/2024 0:00,693,996.4,690,746.8,42.5,0.5665,0.7118,1.099,98.1892,,,,,,,,,
ANR,Whitetail,12/7/2024 0:00,0,0,0,0,0,0,0,0,0,,,,,,,,,
ANR,Whitetail,12/8/2024 0:00,78,1009.4,79,819.3,44.1,0.5728,0.7112,0.8939,98.3949,,,,,,,,,
ANR,Whitetail,12/9/2024 0:00,327,999.8,327,800.1,46,0.566,0.7913,0.7236,98.4851,,,,,,,,,
ANR,Whitetail,12/10/2024 0:00,465,997.9,463,825.5,38.3,0.5694,0.8643,1.0479,98.0878,,,,,,,,,
ANR,Whitetail,12/11/2024 0:00,329,998.2,328,800.6,32.2,0.5657,0.7332,0.8797,98.3871,,,,,,,,,
ANR,Whitetail,12/12/2024 0:00,209,993.7,208,723.2,20.6,0.5689,0.911,1.179,97.91,,,,,,,,,
ANR,Whitetail,12/13/2024 0:00,462,995.5,460,715.5,32.8,0.5674,0.8925,0.9615,98.146,,,,,,,,,
ANR,Whitetail,12/14/2024 0:00,0,0,0,0,0,0,0,0,0,,,,,,,,,
ANR,Whitetail,12/15/2024 0:00,0,0,0,0,0,0,0,0,0,,,,,,,,,
ANR,Whitetail,12/16/2024 0:00,234,992.1,233,797.4,35.6,0.57,0.9371,1.3386,97.7243,,,,,,,,,
ANR,Whitetail,12/17/2024 0:00,667,998.5,663,798,41.3,0.5711,0.8456,1.1989,97.9555,,,,,,,,,
ANR,Whitetail,12/18/2024 0:00,650,994.1,646,805.5,41.7,0.5681,0.7971,1.2567,97.9462,,,,,,,,,
ANR,Whitetail,12/19/2024 0:00,1013,999.3,1012,806.6,39.5,0.5629,0.3569,1.123,98.5201,,,,,,,,,
ANR,Whitetail,12/20/2024 0:00,320,999.4,320,786.7,37.3,0.5632,0.3144,1.2101,98.4755,,,,,,,,,
ANR,Whitetail,12/21/2024 0:00,0,0,0,0,0,0,0,0,0,,,,,,,,,
ANR,Whitetail,12/22/2024 0:00,0,0,0,0,0,0,0,0,0,,,,,,,,,
ANR,Whitetail,12/23/2024 0:00,1079,997.8,1077,820,44.1,0.564,0.3744,1.2944,98.3312,,,,,,,,,
ANR,Whitetail,12/24/2024 0:00,0,0,0,0,0,0,0,0,0,,,,,,,,,
ANR,Whitetail,12/25/2024 0:00,0,0,0,0,0,0,0,0,0,,,,,,,,,
ANR,Whitetail,12/26/2024 0:00,0,0,0,0,0,0,0,0,0,,,,,,,,,
ANR,Whitetail,12/27/2024 0:00,0,0,0,0,0,0,0,0,0,,,,,,,,,
ANR,Whitetail,12/28/2024 0:00,0,0,0,0,0,0,0,0,0,,,,,,,,,
ANR,Whitetail,12/29/2024 0:00,18,1039.7,19,897.7,38.1,0.591,0.6064,0.9299,98.4637,,,,,,,,,
ANR,Whitetail,12/30/2024 0:00,641,987.7,635,897.7,41.1,0.5691,0.6235,2.006,97.3705,,,,,,,,,
ANR,Whitetail,12/31/2024 0:00,15,999.3,15,791.1,31.3,0.5768,0.6834,1.9169,97.3997,,,,,,,,,
ANR,Whitetail,1/1/2025 0:00,0,0,0,0,0,0,0,0,0,,,,,,,,,
ANR,Whitetail,1/2/2025 0:00,0,0,0,0,0,0,0,0,0,,,,,,,,,
ANR,Whitetail,1/3/2025 0:00,0,0,0,0,0,0,0,0,0,,,,,,,,,
ANR,Whitetail,1/4/2025 0:00,0,0,0,0,0,0,0,0,0,,,,,,,,,
ANR,Whitetail,1/5/2025 0:00,0,0,0,0,0,0,0,0,0,,,,,,,,,
ANR,Whitetail,1/6/2025 0:00,0,0,0,0,0,0,0,0,0,,,,,,,,,
ANR,Whitetail,1/7/2025 0:00,0,0,0,0,0,0,0,0,0,,,,,,,,,
ANR,Whitetail,1/8/2025 0:00,0,0,0,0,0,0,0,0,0,,,,,,,,,
ANR,Whitetail,1/9/2025 0:00,0,0,0,0,0,0,0,0,0,,,,,,,,,
ANR,Whitetail,1/10/2025 0:00,0,0,0,0,0,0,0,0,0,,,,,,,,,
ANR,Whitetail,1/11/2025 0:00,0,0,0,0,0,0,0,0,0,,,,,,,,,
ANR,Whitetail,1/12/2025 0:00,0,0,0,0,0,0,0,0,0,,,,,,,,,
ANR,Whitetail,1/13/2025 0:00,0,0,0,0,0,0,0,0,0,,,,,,,,,
ANR,Whitetail,1/14/2025 0:00,0,0,0,0,0,0,0,0,0,,,,,,,,,
ANR,Whitetail,1/15/2025 0:00,0,0,0,0,0,0,0,0,0,,,,,,,,,
ANR,Whitetail,1/16/2025 0:00,0,0,0,0,0,0,0,0,0,,,,,,,,,
ANR,Whitetail,1/17/2025 0:00,0,0,0,0,0,0,0,0,0,,,,,,,,,
ANR,Whitetail,1/18/2025 0:00,0,0,0,0,0,0,0,0,0,,,,,,,,,
ANR,Whitetail,1/19/2025 0:00,0,0,0,0,0,0,0,0,0,,,,,,,,,
ANR,Whitetail,1/20/2025 0:00,0,0,0,0,0,0,0,0,0,,,,,,,,,
ANR,Whitetail,1/21/2025 0:00,0,0,0,0,0,0,0,0,0,,,,,,,,,
ANR,Whitetail,1/22/2025 0:00,0,0,0,0,0,0,0,0,0,,,,,,,,,
ANR,Whitetail,1/23/2025 0:00,0,0,0,0,0,0,0,0,0,,,,,,,,,
ANR,Whitetail,1/24/2025 0:00,0,0,0,0,0,0,0,0,0,,,,,,,,,
ANR,Whitetail,1/25/2025 0:00,0,0,0,0,0,0,0,0,0,,,,,,,,,
ANR,Whitetail,1/26/2025 0:00,0,0,0,0,0,0,0,0,0,,,,,,,,,
ANR,Whitetail,1/27/2025 0:00,0,0,0,0,0,0,0,0,0,,,,,,,,,
ANR,Whitetail,1/28/2025 0:00,0,0,0,0,0,0,0,0,0,,,,,,,,,
ANR,Whitetail,1/29/2025 0:00,0,0,0,0,0,0,0,0,0,,,,,,,,,
ANR,Whitetail,1/30/2025 0:00,0,0,0,0,0,0,0,0,0,,,,,,,,,
ANR,Whitetail,1/31/2025 0:00,0,0,0,0,0,0,0,0,0,,,,,,,,,
ANR,Whitetail,2/1/2025 0:00,0,0,0,0,0,0,0,0,0,,,,,,,,,
ANR,Whitetail,2/2/2025 0:00,0,0,0,0,0,0,0,0,0,,,,,,,,,
ANR,Whitetail,2/3/2025 0:00,0,0,0,0,0,0,0,0,0,,,,,,,,,
ANR,Whitetail,2/4/2025 0:00,0,0,0,0,0,0,0,0,0,,,,,,,,,
ANR,Whitetail,2/5/2025 0:00,0,0,0,0,0,0,0,0,0,,,,,,,,,
ANR,Whitetail,2/6/2025 0:00,0,0,0,0,0,0,0,0,0,,,,,,,,,
ANR,Whitetail,2/7/2025 0:00,0,0,0,0,0,0,0,0,0,,,,,,,,,
ANR,Whitetail,2/8/2025 0:00,0,0,0,0,0,0,0,0,0,,,,,,,,,
ANR,Whitetail,2/9/2025 0:00,0,0,0,0,0,0,0,0,0,,,,,,,,,
ANR,Whitetail,2/10/2025 0:00,0,0,0,0,0,0,0,0,0,,,,,,,,,
ANR,Whitetail,2/11/2025 0:00,0,0,0,0,0,0,0,0,0,,,,,,,,,
ANR,Whitetail,2/12/2025 0:00,0,0,0,0,0,0,0,0,0,,,,,,,,,
ANR,Whitetail,2/13/2025 0:00,0,0,0,0,0,0,0,0,0,,,,,,,,,
ANR,Whitetail,2/14/2025 0:00,0,0,0,0,0,0,0,0,0,,,,,,,,,
ANR,Whitetail,2/15/2025 0:00,0,0,0,0,0,0,0,0,0,,,,,,,,,
ANR,Whitetail,2/16/2025 0:00,0,0,0,0,0,0,0,0,0,,,,,,,,,
ANR,Whitetail,2/17/2025 0:00,0,0,0,0,0,0,0,0,0,,,,,,,,,
ANR,Whitetail,2/18/2025 0:00,0,0,0,0,0,0,0,0,0,,,,,,,,,
ANR,Whitetail,2/19/2025 0:00,0,0,0,0,0,0,0,0,0,,,,,,,,,
ANR,Whitetail,2/20/2025 0:00,0,0,0,0,0,0,0,0,0,,,,,,,,,
ANR,Whitetail,2/21/2025 0:00,0,0,0,0,0,0,0,0,0,,,,,,,,,
ANR,Whitetail,2/22/2025 0:00,0,0,0,0,0,0,0,0,0,,,,,,,,,
ANR,Whitetail,2/23/2025 0:00,0,0,0,0,0,0,0,0,0,,,,,,,,,
ANR,Whitetail,2/24/2025 0:00,0,0,0,0,0,0,0,0,0,,,,,,,,,
ANR,Whitetail,2/25/2025 0:00,0,0,0,0,0,0,0,0,0,,,,,,,,,
ANR,Whitetail,2/26/2025 0:00,0,0,0,0,0,0,0,0,0,,,,,,,,,
ANR,Whitetail,2/27/2025 0:00,0,0,0,0,0,0,0,0,0,,,,,,,,,
ANR,Whitetail,2/28/2025 0:00,0,0,0,0,0,0,0,0,0,,,,,,,,,
ANR,Whitetail,3/1/2025 0:00,0,0,0,0,0,0,0,0,0,,,,,,,,,
ANR,Whitetail,3/2/2025 0:00,0,0,0,0,0,0,0,0,0,,,,,,,,,
ANR,Whitetail,3/3/2025 0:00,665,989.7,658,882.8,56.6,0.5666,0.1974,2.2892,97.5134,,,,,,,,,
ANR,Whitetail,3/4/2025 0:00,752,988.8,744,872.7,43.5,0.5661,0.148,2.3685,97.4835,,,,,,,,,
ANR,Whitetail,3/5/2025 0:00,765,989,756,861.1,32.6,0.566,0.1475,2.3518,97.5007,,,,,,,,,
ANR,Whitetail,3/6/2025 0:00,638,991.4,632,869.8,42.8,0.5648,0.1076,2.1558,97.7366,,,,,,,,,
ANR,Whitetail,3/7/2025 0:00,2,999,2,876.4,49.5,0.5708,0.2132,2.1009,97.6859,,,,,,,,,
ANR,Whitetail,3/8/2025 0:00,0,0,0,0,0,0,0,0,0,,,,,,,,,
ANR,Whitetail,3/9/2025 0:00,0,0,0,0,0,0,0,0,0,,,,,,,,,
ANR,Whitetail,3/10/2025 0:00,0,0,0,0,0,0,0,0,0,,,,,,,,,
ANR,Whitetail,3/11/2025 0:00,0,0,0,0,0,0,0,0,0,,,,,,,,,
ANR,Whitetail,3/12/2025 0:00,5,994.9,5,835.2,39.5,0.5686,0.1768,2.2031,97.6201,,,,,,,,,
ANR,Whitetail,3/13/2025 0:00,0,0,0,0,0,0,0,0,0,,,,,,,,,
ANR,Whitetail,3/14/2025 0:00,0,0,0,0,0,0,0,0,0,,,,,,,,,
ANR,Whitetail,3/15/2025 0:00,0,0,0,0,0,0,0,0,0,,,,,,,,,
ANR,Whitetail,3/16/2025 0:00,0,0,0,0,0,0,0,0,0,,,,,,,,,
ANR,Whitetail,3/17/2025 0:00,348,984.5,343,883.9,59.8,0.5738,0.3438,3.0606,96.5956,,,,,,,,,
ANR,Whitetail,3/18/2025 0:00,49,998.7,49,947.8,57.5,0.5802,0.5822,2.4366,96.9812,,,,,,,,,
ANR,Whitetail,3/19/2025 0:00,313,980.4,306,887.3,38.4,0.5729,0.3719,3.1789,96.4492,,,,,,,,,
ANR,Whitetail,3/20/2025 0:00,281,991.6,275,850.9,43.9,0.5777,0.5101,2.7401,96.7498,,,,,,,,,
ANR,Whitetail,3/21/2025 0:00,925,983.2,910,858.9,46.8,0.5689,0.2012,2.8975,96.9013,,,,,,,,,
ANR,Whitetail,3/22/2025 0:00,547,982.9,539,884.5,55.4,0.5706,0.2767,2.9577,96.7656,,,,,,,,,
ANR,Whitetail,3/23/2025 0:00,341,976.1,332,876.3,41.9,0.5752,0.4218,3.5759,96.0023,,,,,,,,,
ANR,Whitetail,3/24/2025 0:00,426,978.5,414,878.2,46.2,0.5751,0.4125,3.4372,96.1503,,,,,,,,,
ANR,Whitetail,3/25/2025 0:00,697,986.9,686,865.9,49.6,0.567,0.1657,2.5476,97.2867,,,,,,,,,
ANR,Whitetail,3/26/2025 0:00,611,980.9,599,870.5,55.9,0.5729,0.328,3.2109,96.4611,,,,,,,,,
ANR,Whitetail,3/27/2025 0:00,501,976.3,489,883.4,48,0.5721,0.2696,3.5104,96.22,,,,,,,,,
ANR,Whitetail,3/28/2025 0:00,385,982.3,378,912.6,65.3,0.5719,0.2488,3.1577,96.5935,,,,,,,,,
ANR,Whitetail,3/29/2025 0:00,369,979.4,361,942.2,57.6,0.5716,0.2037,3.3781,96.4182,,,,,,,,,
ANR,Whitetail,3/30/2025 0:00,3,983.9,3,870.7,33.8,0.5742,0.2418,3.2895,96.4687,,,,,,,,,
ANR,Whitetail,3/31/2025 0:00,5,990.7,4,841.7,35.7,0.5768,0.2982,3.0405,96.6613,,,,,,,,,
ANR,Whitetail,4/1/2025 0:00,1,987.6,1,823,52.9,0.5756,0.2749,3.1455,96.5796,,,,,,,,,
ANR,Whitetail,4/2/2025 0:00,177,984.2,174,878.4,63.4,0.5764,0.3171,3.3643,96.3186,,,,,,,,,
ANR,Whitetail,4/3/2025 0:00,606,980.5,591,860.2,44.5,0.57,0.1815,3.1924,96.6261,,,,,,,,,
ANR,Whitetail,4/4/2025 0:00,2,990.7,2,837.9,44.7,0.5707,0.1752,2.6549,97.1699,,,,,,,,,
ANR,Whitetail,4/5/2025 0:00,0,0,0,0,0,0,0,0,0,,,,,,,,,
ANR,Whitetail,4/6/2025 0:00,0,0,0,0,0,0,0,0,0,,,,,,,,,
ANR,Whitetail,4/7/2025 0:00,2,1009.9,2,830.5,26.1,0.5802,0.3535,2.105,97.5415,,,,,,,,,
ANR,Whitetail,4/8/2025 0:00,66,981,65,859.1,47.2,0.5697,0.1591,3.1654,96.6755,,,,,,,,,
ANR,Whitetail,4/9/2025 0:00,20,999.3,20,865,54.6,0.5694,0.1634,2.0294,97.8072,,,,,,,,,
ANR,Whitetail,4/10/2025 0:00,276,993.7,272,871,56.3,0.5721,0.2546,2.4773,97.2681,,,,,,,,,
ANR,Whitetail,4/11/2025 0:00,355,983.5,349,866.4,51.8,0.569,0.1596,2.9429,96.8975,,,,,,,,,
ANR,Whitetail,4/12/2025 0:00,0,0,0,0,0,0,0,0,0,,,,,,,,,
ANR,Whitetail,4/13/2025 0:00,0,0,0,0,0,0,0,0,0,,,,,,,,,
ANR,Whitetail,4/14/2025 0:00,3,1011.4,3,834.5,43.4,0.5823,0.386,2.1628,97.4512,,,,,,,,,
ANR,Whitetail,4/15/2025 0:00,0,0,0,0,0,0,0,0,0,,,,,,,,,
ANR,Whitetail,4/16/2025 0:00,23,990.1,23,836.9,63.1,0.5717,0.2099,2.7212,97.0689,,,,,,,,,
ANR,Whitetail,4/17/2025 0:00,702,985.8,693,837.5,64.4,0.5672,0.1366,2.6739,97.1895,,2027.9,337.3941023,1645,56.434839,0.582976158,0.492051733,1.867260437,97.64068783
ANR,Whitetail,4/18/2025 0:00,1,1042.1,1,807.5,48.9,0.5979,0.8283,1.1042,98.0675,,,,,,,,,
ANR,Whitetail,4/19/2025 0:00,1,1042.9,1,799.1,48.8,0.5978,0.8304,1.0313,98.1383,,,,,,,,,
ANR,Whitetail,4/20/2025 0:00,1,1045.2,1,798.3,48.7,0.5979,0.727,1.0473,98.2257,,,,,,,,,
ANR,Whitetail,4/21/2025 0:00,600,983.9,590,780.3,58.8,0.5705,0.1533,3.0725,96.7742,,,,,,,,,
ANR,Whitetail,4/22/2025 0:00,959,982.9,943,731.5,62.1,0.5688,0.158,2.9666,96.8754,,,,,,,,,
ANR,Whitetail,4/23/2025 0:00,977,981.4,959,750.9,62.8,0.5692,0.1668,3.081,96.7522,,,,,,,,,
ANR,Whitetail,4/24/2025 0:00,842,983.3,829,845.3,60.1,0.5684,0.1747,2.8785,96.9468,,,,,,,,,
ANR,Whitetail,4/25/2025 0:00,507,981.1,497,888.9,55.3,0.5699,0.1894,3.1334,96.6772,,,,,,,,,
ANR,Whitetail,4/26/2025 0:00,371,981.2,364,889.6,61.7,0.5699,0.1617,3.1724,96.6659,,,,,,,,,
ANR,Whitetail,4/27/2025 0:00,2,982.7,2,848.8,60.7,0.5749,0.1971,3.4888,96.3141,,,,,,,,,
ANR,Whitetail,4/28/2025 0:00,310,977.1,303,867.6,68.4,0.5749,0.5921,3.2258,96.1821,,,,,,,,,
ANR,Whitetail,4/29/2025 0:00,398,983.2,390,850.9,51.9,0.5695,0.2496,2.8816,96.8688,,,,,,,,,
ANR,Whitetail,4/30/2025 0:00,1056,985.6,1037,830.2,54.4,0.5696,0.4683,2.4046,97.1271,,,,,,,,,
ANR,Whitetail,5/1/2025 0:00,0,0,0,0,0,0,0,0,0,,,,,,,,,
ANR,Whitetail,5/2/2025 0:00,1293,993.5,1280,870.4,49.2,0.5658,0.3889,1.6945,97.9166,,,,,,,,,
ANR,Whitetail,5/3/2025 0:00,1182,992,1171,942.4,50.8,0.5649,0.183,2.0201,97.7969,,,,,,,,,
ANR,Whitetail,5/4/2025 0:00,649,983.6,639,943.9,56.9,0.5687,0.2569,2.7686,96.9745,,,,,,,,,
ANR,Whitetail,5/5/2025 0:00,1370,990.8,1354,915.4,55.1,0.5655,0.2069,2.1089,97.6842,,,,,,,,,
ANR,Whitetail,5/6/2025 0:00,1213,996.7,1206,911.7,57.9,0.5634,0.2654,1.4721,98.2625,,,,,,,,,
ANR,Whitetail,5/7/2025 0:00,1708,994.4,1694,887.4,57.3,0.5644,0.2709,1.6946,98.0345,,,,,,,,,
ANR,Whitetail,5/8/2025 0:00,1716,994.1,1699,854.8,55.6,0.5656,0.46,1.537,98.003,,,,,,,,,
ANR,Whitetail,5/9/2025 0:00,1470,994.2,1456,841.6,54.9,0.5648,0.3277,1.6586,98.0137,,,,,,,,,
ANR,Whitetail,5/10/2025 0:00,524,1004.8,527,824.1,66.8,0.5589,0.0508,0.8871,99.0621,,,,,,,,,
ANR,Whitetail,5/11/2025 0:00,518,1006.9,522,839.5,64.2,0.5581,0.0541,0.6814,99.2645,,,,,,,,,
ANR,Whitetail,5/12/2025 0:00,1501,998.7703531,1497,846.6652232,62.21872085,0.562444504,0.236949634,1.294738974,98.46831139,,,,,,,,,
ANR,Whitetail,5/13/2025 0:00,1215,991.4,1204,870.6,67.6,0.5663,0.3967,1.8628,97.7405,,,,,,,,,
ANR,Whitetail,5/14/2025 0:00,1282,995.7,1270,925.3,68,0.5648,0.3612,1.5077,98.1311,,,,,,,,,
ANR,Whitetail,5/15/2025 0:00,1430,1004.1,1435,908.9,63.9,0.5604,0.2386,0.7844,98.977,,,,,,,,,
ANR,Whitetail,5/16/2025 0:00,1304,1004.2,1307,898.1,61.4,0.5607,0.3043,0.7071,98.9886,,,,,,,,,
ANR,Whitetail,5/17/2025 0:00,1125,1002.1,1128,914.7,56.1,0.5628,0.5302,0.689,98.7808,,,,,,,,,
ANR,Whitetail,5/18/2025 0:00,699,1005.2,702,934.5,64.4,0.5604,0.3357,0.568,99.0963,,,,,,,,,
ANR,Whitetail,5/19/2025 0:00,1213,1002,1215,909,57.6,0.5624,0.441,0.7815,98.7775,,,,,,,,,
ANR,Whitetail,5/20/2025 0:00,1334,996.9,1332,886.5,56.1,0.5653,0.608,1.1132,98.2788,,,,,,,,,
ANR,Whitetail,5/21/2025 0:00,1728,1000.9,1731,881.2,54.6,0.5635,0.5814,0.7422,98.6764,,,,,,,,,
ANR,Whitetail,5/22/2025 0:00,1812,996.1,1810,900.3,54.4,0.5656,0.6085,1.1953,98.1962,,,,,,,,,
ANR,Whitetail,5/23/2025 0:00,1393,1002.6,1396,904.1,58.2,0.561,0.2616,0.8928,98.8456,,,,,,,,,
ANR,Whitetail,5/24/2025 0:00,1319,1000.6,1322,915.4,59.6,0.5629,0.4561,0.895,98.6489,,,,,,,,,
ANR,Whitetail,5/25/2025 0:00,631,999.3,630,937.5,60.2,0.5655,0.8154,0.6751,98.5095,,,,,,,,,
ANR,Whitetail,5/26/2025 0:00,219,1000.6,219,874,66.4,0.5647,0.7658,0.5951,98.6391,,,,,,,,,
ANR,Whitetail,5/27/2025 0:00,1855,1003.2,1860,899.5,56.7,0.5627,0.5946,0.5082,98.8972,,,,,,,,,
ANR,Whitetail,5/28/2025 0:00,1726,1004.4,1732,874.4,58.9,0.5612,0.4268,0.5527,99.0205,,,,,,,,,
ANR,Whitetail,5/29/2025 0:00,2086,1004,2094,876.6,56.7,0.562,0.5466,0.4698,98.9836,,,,,,,,,
ANR,Whitetail,5/30/2025 0:00,1736,1006.1,1741,864.1,60.9,0.5605,0.4205,0.3968,99.1827,,,,,,,,,
ANR,Whitetail,5/31/2025 0:00,1832,1007.5,1842,871.9,60.4,0.5593,0.3029,0.3761,99.321,,,,,,,,,
ANR,Whitetail,6/1/2025 0:00,1747,1009.3,1762,857.6,61.8,0.5582,0.2402,0.2573,99.5025,,,,,,,,,
ANR,Whitetail,6/2/2025 0:00,2069,1005.9,2077,818.8,66.9,0.5607,0.4376,0.3919,99.1705,,,,,,,,,
ANR,Whitetail,6/3/2025 0:00,1920,1007,1927,787.2,59.4,0.5593,0.2662,0.4619,99.2719,,,,,,,,,
ANR,Whitetail,6/4/2025 0:00,2203,1006.4,2212,774.4,59.3,0.5598,0.317,0.4705,99.2125,,,,,,,,,
ANR,Whitetail,6/5/2025 0:00,2182,1007.2,2192,766.4,60.9,0.5594,0.2972,0.4109,99.2919,,,,,,,,,
ANR,Whitetail,6/6/2025 0:00,2045,1007.5,2056,772.3,61.9,0.5591,0.2676,0.4095,99.3229,,,,,,,,,
ANR,Whitetail,6/7/2025 0:00,1744,1007,1756,829.9,60.1,0.5589,0.1982,0.523,99.2788,,,,,,,,,
ANR,Whitetail,6/8/2025 0:00,2150,1006.6,2160,881.3,56.6,0.56,0.3697,0.3938,99.2365,,,,,,,,,
ANR,Whitetail,6/9/2025 0:00,2231,1005.5,2236,840.1,58.4,0.5607,0.4059,0.4701,99.124,,,,,,,,,
ANR,Whitetail,6/10/2025 0:00,2009,1004.9,2015,879.1,62,0.5613,0.4774,0.4596,99.063,,,,,,,,,
ANR,Whitetail,6/11/2025 0:00,2407,1005.6,2417,897.6,64.5,0.561,0.4619,0.4069,99.1312,,,,,,,,,
ANR,Whitetail,6/12/2025 0:00,2044,1005.7,2053,916.5,64.1,0.5613,0.5145,0.353,99.1325,,,,,,,,,
ANR,Whitetail,6/13/2025 0:00,1591,1008.6,1601,844.1,64.7,0.5591,0.3208,0.258,99.4212,,,,,,,,,
ANR,Whitetail,6/14/2025 0:00,1525,1010.2,1540,845.1,67.3,0.5578,0.2189,0.1986,99.5825,,,,,,,,,
ANR,Whitetail,6/15/2025 0:00,2037,1009.4,2056,869.5,64.8,0.5579,0.1903,0.2954,99.5143,,,,,,,,,
ANR,Whitetail,6/16/2025 0:00,2155,1008.9,2171,874.8,65.6,0.5586,0.2898,0.2462,99.464,,,,,,,,,
ANR,Whitetail,6/17/2025 0:00,2019,1008.6,2033,884.3,65.1,0.5589,0.3236,0.2437,99.4327,,,,,,,,,
ANR,Whitetail,6/18/2025 0:00,2340,1007,2354,888.5,61.1,0.56,0.3909,0.3337,99.2754,,,,,,,,,
ANR,Whitetail,6/19/2025 0:00,1963,1007.1,1975,877.2,66.6,0.5598,0.3767,0.339,99.2843,,,,,,,,,
ANR,Whitetail,6/20/2025 0:00,1953,1007,1963,888.2,72.3,0.5604,0.4575,0.2719,99.2706,,,,,,,,,
ANR,Whitetail,6/21/2025 0:00,1422,1006.6,1431,942.3,76,0.5604,0.4512,0.3088,99.24,,,,,,,,,
ANR,Whitetail,6/22/2025 0:00,1544,1003.4,1547,848.3,74,0.5636,0.7864,0.2899,98.9237,,,,,,,,,
ANR,Whitetail,6/23/2025 0:00,1901,1007.5,1912,748.4,71.8,0.5594,0.3315,0.3414,99.3271,,,,,,,,,
ANR,Whitetail,6/24/2025 0:00,2283,1008.3,2298,816.4,68,0.5591,0.3259,0.2675,99.4066,,,,,,,,,
ANR,Whitetail,6/25/2025 0:00,2120,1007.1,2132,830.3,72,0.5601,0.4167,0.2968,99.2865,,,,,,,,,
ANR,Whitetail,6/26/2025 0:00,2026,1007.8,2038,845.9,70.8,0.5596,0.3788,0.2721,99.3491,,,,,,,,,
ANR,Whitetail,6/27/2025 0:00,2036,1005.3,2042,885.8,68.8,0.5618,0.5891,0.3069,99.104,,,,,,,,,
ANR,Whitetail,6/28/2025 0:00,2106,1006.9,2116,894.6,70,0.5603,0.4487,0.2831,99.2682,,,,,,,,,
ANR,Whitetail,6/29/2025 0:00,2085,1005.2,2093,879.7,67.6,0.5619,0.5986,0.3073,99.0941,,,,,,,,,
ANR,Whitetail,6/30/2025 0:00,1959,1006.1,1968,886.7,66,0.5612,0.54,0.2739,99.1861,,,,,,,,,
ANR,Whitetail,7/1/2025 0:00,1442,1007.3,1450,890.4,68.7,0.5596,0.3413,0.3547,99.304,,,,,,,,,
ANR,Whitetail,7/2/2025 0:00,1981,1008,1994,902.3,67.2,0.5594,0.3566,0.2744,99.369,,,,,,,,,
ANR,Whitetail,7/3/2025 0:00,2658,1005,2665,921.1,68.8,0.5617,0.5607,0.3652,99.0741,,,,,,,,,
ANR,Whitetail,7/4/2025 0:00,2125,1006.7,2137,928.7,70.5,0.5603,0.4256,0.3292,99.2452,,,,,,,,,
ANR,Whitetail,7/5/2025 0:00,1357,1003.5,1360,945.1,70.3,0.5632,0.7188,0.352,98.9292,,,,,,,,,
ANR,Whitetail,7/6/2025 0:00,1603,1002.1,1606,935,69.7,0.5645,0.8459,0.3616,98.7925,,,,,,,,,
ANR,Whitetail,7/7/2025 0:00,2246,1007,2258,912.4,68.6,0.5602,0.4277,0.2961,99.2762,,,,,,,,,
ANR,Whitetail,7/8/2025 0:00,1990,1007.3,1998,877.6,67.6,0.56,0.4111,0.2879,99.301,,,,,,,,,
ANR,Whitetail,7/9/2025 0:00,2307,1007.1,2318,883.5,68.6,0.5597,0.3529,0.3649,99.2822,,,,,,,,,
ANR,Whitetail,7/10/2025 0:00,1602,1008.1,1611,878.2,72.7,0.5592,0.3419,0.2711,99.387,,,,,,,,,
ANR,Whitetail,7/11/2025 0:00,1755,1003.2,1760,895.6,69.6,0.5632,0.6889,0.411,98.9001,,,,,,,,,
ANR,Whitetail,7/12/2025 0:00,1498,1001.2,1500,929.1,69.7,0.5653,0.922,0.3741,98.7039,,,,,,,,,
ANR,Whitetail,7/13/2025 0:00,1061,997.7,1060,944.7,71.1,0.5686,1.2562,0.3874,98.3564,,,,,,,,,
ANR,Whitetail,7/14/2025 0:00,2258,1007.7,2271,917.1,68.9,0.5596,0.3766,0.2757,99.3477,,,,,,,,,
ANR,Whitetail,7/15/2025 0:00,2055,1006.2,2063,884.2,69.8,0.5608,0.4935,0.3056,99.2009,,,,,,,,,
ANR,Whitetail,7/16/2025 0:00,1816,1005.8,1824,859.8,68.9,0.5611,0.503,0.3376,99.1594,,,,,,,,,
ANR,Whitetail,7/17/2025 0:00,1781,1004.8,1786,902.1,66,0.562,0.6016,0.3383,99.0601,,,,,,,,,
ANR,Whitetail,7/18/2025 0:00,1877,1003.4,1881,929.5,70.1,0.5627,0.6283,0.4509,98.9208,,,,,,,,,
ANR,Whitetail,7/19/2025 0:00,1024,997.8,1024,921.4,70.6,0.5682,1.2052,0.4239,98.3709,,,,,,,,,
ANR,Whitetail,7/20/2025 0:00,1349,1005.7,1355,948.9,71.6,0.561,0.4786,0.3775,99.1439,,,,,,,,,
ANR,Whitetail,7/21/2025 0:00,2516,1006.7,2529,908.8,69.3,0.5601,0.3987,0.3528,99.2485,,,,,,,,,
ANR,Whitetail,7/22/2025 0:00,2039,1006.6,2047,845.5,73.4,0.5604,0.445,0.3158,99.2392,,,,,,,,,
ANR,Whitetail,7/23/2025 0:00,1926,1008.6,1939,818.5,73.2,0.5587,0.2712,0.2984,99.4304,,,,,,,,,
ANR,Whitetail,7/24/2025 0:00,2639,1005.6,2651,835.4,68,0.5609,0.4604,0.3957,99.1439,,,,,,,,,
ANR,Whitetail,7/25/2025 0:00,1545,1009.1,1559,844,70.1,0.5581,0.2127,0.3026,99.4847,,,,,,,,,
ANR,Whitetail,7/26/2025 0:00,2144,1007,2155,897.3,71.7,0.56,0.4013,0.3218,99.2769,,,,,,,,,
ANR,Whitetail,7/27/2025 0:00,2008,1008,2019,864.2,74,0.5592,0.3296,0.293,99.3774,,,,,,,,,
ANR,Whitetail,7/28/2025 0:00,1460,1003.4,1463,842.8,74.8,0.5626,0.6,0.4828,98.9172,,,,,,,,,
ANR,Whitetail,7/29/2025 0:00,1736,1005.2,1741,867.8,73.8,0.5609,0.433,0.4637,99.1033,,,,,,,,,
ANR,Whitetail,7/30/2025 0:00,1944,1005.1,1949,863.1,68.5,0.5618,0.5751,0.3366,99.0883,,,,,,,,,
ANR,Whitetail,7/31/2025 0:00,1872,1007.1,1882,874.2,67,0.5601,0.426,0.2849,99.2891,,,,,,,,,
ANR,Whitetail,8/1/2025 0:00,1966,1004.3,1968,833,67.3,0.5624,0.6366,0.3494,99.014,,,,,,,,,
ANR,Whitetail,8/2/2025 0:00,1989,1005.1,1993,895.5,67.1,0.5617,0.5658,0.3445,99.0897,,,,,,,,,
ANR,Whitetail,8/3/2025 0:00,2094,1006,2101,897.7,66.6,0.5608,0.4789,0.3405,99.1806,,,,,,,,,
ANR,Whitetail,8/4/2025 0:00,1394,998.8,1393,939.6,69.7,0.5665,0.9726,0.5595,98.4679,,,,,,,,,
ANR,Whitetail,8/5/2025 0:00,1250,1000.7,1247,949.2,70,0.5649,0.8192,0.5272,98.6536,,,,,,,,,
ANR,Whitetail,8/6/2025 0:00,1469,1001.6,1467,940.4,70.3,0.5644,0.8002,0.452,98.7478,,,,,,,,,
ANR,Whitetail,8/7/2025 0:00,1768,1002.1,1768,934.4,69.8,0.5641,0.7753,0.4348,98.7899,,,,,,,,,
ANR,Whitetail,8/8/2025 0:00,1576,1004.3,1577,893.2,76.2,0.5622,0.5897,0.4012,99.0091,,,,,,,,,
ANR,Whitetail,8/9/2025 0:00,1210,1000,1210,895.3,71.6,0.5656,0.893,0.5177,98.5893,,,,,,,,,
ANR,Whitetail,8/10/2025 0:00,1529,1002.5,1530,841.6,70.9,0.5636,0.7235,0.4398,98.8367,,,,,,,,,
ANR,Whitetail,8/11/2025 0:00,1626,1005.9,1632,802.8,68.9,0.5607,0.4505,0.3776,99.1719,,,,,,,,,
ANR,Whitetail,8/12/2025 0:00,2048,1005.7,2053,844.5,68.7,0.5607,0.4392,0.4071,99.1537,,,,,,,,,
ANR,Whitetail,8/13/2025 0:00,1805,1004.7,1809,843.7,69.1,0.5617,0.5403,0.4092,99.0505,,,,,,,,,
ANR,Whitetail,8/14/2025 0:00,1351,1003.1,1353,932.4,71.3,0.5627,0.5883,0.5226,98.8891,,,,,,,,,
ANR,Whitetail,8/15/2025 0:00,1220,999.7,1216,909.3,76.2,0.5645,0.6706,0.7726,98.5568,,,,,,,,,
ANR,Whitetail,8/16/2025 0:00,515,1002,516,923,77,0.5635,0.6572,0.5588,98.784,,,,,,,,,
ANR,Whitetail,8/17/2025 0:00,291,996.5,290,952,88.5,0.5681,1.0905,0.6722,98.2373,,,,,,,,,
ANR,Whitetail,8/18/2025 0:00,1273,1002,1274,935.6,76.3,0.5634,0.6416,0.5772,98.7812,,,,,,,,,
ANR,Whitetail,8/19/2025 0:00,1954,1005.6,1959,891.9,71.2,0.5604,0.3579,0.5046,99.1375,,,,,,,,,
ANR,Whitetail,8/20/2025 0:00,1852,1005.2,1857,841.7,70.8,0.561,0.4469,0.4581,99.095,,,,,,,,,
ANR,Whitetail,8/21/2025 0:00,1795,1005.1,1800,859,69,0.5613,0.4885,0.4269,99.0846,,,,,,,,,
ANR,Whitetail,8/22/2025 0:00,1873,1003.6,1876,819.8,68.8,0.5628,0.6455,0.4114,98.9431,,,,,,,,,
ANR,Whitetail,8/23/2025 0:00,1811,1005.8,1820,872.2,68.5,0.5602,0.3503,0.4892,99.1605,,,,,,,,,
ANR,Whitetail,8/24/2025 0:00,1790,1005.6,1798,874.3,66.9,0.5604,0.3748,0.4832,99.142,,,,,,,,,
ANR,Whitetail,8/25/2025 0:00,1360,1003.3,1363,866.2,68.3,0.5613,0.3672,0.7234,98.9094,,,,,,,,,
ANR,Whitetail,8/26/2025 0:00,1569,1006.5,1576,883.2,67.3,0.5597,0.305,0.4706,99.2244,,,,,,,,,
ANR,Whitetail,8/27/2025 0:00,1808,1005.9,1817,910.8,68.4,0.5599,0.3097,0.521,99.1693,,,,,,,,,
ANR,Whitetail,8/28/2025 0:00,1716,1006.9,1724,934,68.9,0.5592,0.2556,0.4764,99.268,,,,,,,,,
ANR,Whitetail,8/29/2025 0:00,1032,1008.6,1040,899.4,71.4,0.5579,0.129,0.4371,99.4339,,,,,,,,,
ANR,Whitetail,8/30/2025 0:00,642,1009.7,648,869,74.2,0.5574,0.1197,0.338,99.5423,,,,,,,,,
ANR,Whitetail,8/31/2025 0:00,656,1009.7,663,873.2,67.2,0.5575,0.1503,0.3033,99.5464,,,,,,,,,
ANR,Whitetail,9/1/2025 0:00,85,1009.7,86,865.3,73.7,0.5575,0.1531,0.3016,99.5453,,,,,,,,,
ANR,Whitetail,9/2/2025 0:00,304,1011.1,307,805.9,74.2,0.5582,0.1408,0.3018,99.5574,,,,,,,,,
ANR,Whitetail,9/3/2025 0:00,1814,1005.5,1820,832,64.2,0.5598,0.2507,0.6222,99.1271,,,,,,,,,
ANR,Whitetail,9/4/2025 0:00,2071,1004.5,2079,838.2,65.3,0.5605,0.3008,0.6674,99.0318,,,,,,,,,
ANR,Whitetail,9/5/2025 0:00,1326,1000,1329,846.3,66.3,0.5631,0.4487,0.9588,98.5925,,,,,,,,,
ANR,Whitetail,9/6/2025 0:00,0,0,0,0,0,0,0,0,0,,,,,,,,,
ANR,Whitetail,9/7/2025 0:00,188,1027.3,190,811.8,60.7,0.5821,0.594,0.8969,98.5091,,,,,,,,,
ANR,Whitetail,9/8/2025 0:00,1829,1004.9,1835,813.3,66.8,0.5608,0.3831,0.552,99.0649,,,,,,,,,
ANR,Whitetail,9/9/2025 0:00,1991,1004.9,1998,831.8,66.1,0.5605,0.3451,0.58,99.0749,,,,,,,,,
ANR,Whitetail,9/10/2025 0:00,1042,1001.7,1045,848.7,68.4,0.5619,0.3439,0.9032,98.7529,,,,,,,,,
ANR,Whitetail,9/11/2025 0:00,967,1000.5,969,836.9,71,0.5619,0.2655,1.0936,98.6409,,,,,,,,,
ANR,Whitetail,9/12/2025 0:00,359,1007.4,357,828.5,75.1,0.572,0.3231,1.5502,98.1267,,,,,,,,,
ANR,Whitetail,9/13/2025 0:00,0,0,0,0,0,0,0,0,0,,,,,,,,,
ANR,Whitetail,9/14/2025 0:00,82,1043.5,82,837.3,71.7,0.5966,0.7656,1.0221,98.2123,,,,,,,,,
ANR,Whitetail,9/15/2025 0:00,552,1004.4,552,867.2,72.6,0.5705,0.9829,0.5879,98.4292,,,,,,,,,
ANR,Whitetail,9/16/2025 0:00,1006,1001,1006,860.6,72.3,0.5623,0.353,0.969,98.678,,,,,,,,,
ANR,Whitetail,9/17/2025 0:00,1398,1004.1,1402,805.4,70.2,0.5602,0.2281,0.7792,98.9927,,,,,,,,,
ANR,Whitetail,9/18/2025 0:00,1346,1005.8,1352,791.8,65.1,0.5592,0.1737,0.67,99.1563,,,,,,,,,
ANR,Whitetail,9/19/2025 0:00,261,1003.8,262,786,67.7,0.5603,0.2153,0.8221,98.9626,,,,,,,,,
ANR,Whitetail,9/20/2025 0:00,0,0,0,0,0,0,0,0,0,,,,,,,,,
ANR,Whitetail,9/21/2025 0:00,48,1030.3,49,840.6,68.3,0.5853,0.6172,0.9787,98.4041,,,,,,,,,
ANR,Whitetail,9/22/2025 0:00,1300,1003.6,1301,834.2,68.7,0.5609,0.309,0.7547,98.9363,,,,,,,,,
ANR,Whitetail,9/23/2025 0:00,571,1002.6,570,793.8,64.8,0.5704,0.8557,0.8741,98.2702,,,,,,,,,
ANR,Whitetail,9/24/2025 0:00,1692,1000.2,1688,842.3,66.6,0.5621,0.2806,1.1107,98.6087,,,,,,,,,
ANR,Whitetail,9/25/2025 0:00,1704,995.6,1695,830.3,67.2,0.5639,0.2606,1.5867,98.1527,,,,,,,,,
ANR,Whitetail,9/26/2025 0:00,1194,991.6,1187,841.8,69.8,0.5659,0.3413,1.8995,97.7592,,,,,,,,,
ANR,Whitetail,9/27/2025 0:00,571,998.4,570,823.7,73.2,0.5633,0.3595,1.2128,98.4277,,,,,,,,,
ANR,Whitetail,9/28/2025 0:00,182,998.8,182,861.4,65.2,0.5631,0.3429,1.1921,98.465,,,,,,,,,
ANR,Whitetail,9/29/2025 0:00,1806,1001.1,1805,852.9,68.4,0.5621,0.3515,0.9529,98.6956,,,,,,,,,
ANR,Whitetail,9/30/2025 0:00,1299,996.1,1296,886.7,69.5,0.5646,0.4248,1.3757,98.1995,,,,,,,,,
ANR,Whitetail,10/1/2025 0:00,421,987.6,417,824.5,69.8,0.5665,0.1525,2.4832,97.3643,,,,,,,,,
ANR,Whitetail,10/2/2025 0:00,1748,994.7,1744,890.1,68,0.5643,0.2692,1.6638,98.067,,,,,,,,,
ANR,Whitetail,10/3/2025 0:00,1133,999.3,1131,864.9,72.4,0.5637,0.4927,0.9883,98.519,,,,,,,,,
ANR,Whitetail,10/4/2025 0:00,342,1000.4,342,884.7,74.5,0.5628,0.4178,0.9514,98.6308,,,,,,,,,
ANR,Whitetail,10/5/2025 0:00,29,1000.3,29,949.2,67.7,0.5629,0.4314,0.9527,98.6159,,,,,,,,,
ANR,Whitetail,10/6/2025 0:00,1076,1001.5,1076,927.8,65.3,0.5625,0.449,0.8209,98.7301,,,,,,,,,
ANR,Whitetail,10/7/2025 0:00,1466,1006,1474,862.2,63,0.5592,0.1763,0.6432,99.1805,,,,,,,,,
ANR,Whitetail,10/8/2025 0:00,1479,1005.1,1487,843.1,64.5,0.5596,0.1838,0.7276,99.0886,,,,,,,,,
ANR,Whitetail,10/9/2025 0:00,1027,1003.8,1029,842.8,67.6,0.5617,0.4733,0.5662,98.9605,,,,,,,,,
ANR,Whitetail,10/10/2025 0:00,985,1007.1,986,795.5,65.2,0.5648,0.4461,0.6932,98.8607,,,,,,,,,
ANR,Whitetail,10/11/2025 0:00,0,0,0,0,0,0,0,0,0,,,,,,,,,
ANR,Whitetail,10/12/2025 0:00,60,1042.1,60,920,65,0.5962,0.8189,0.9965,98.1846,,,,,,,,,
ANR,Whitetail,10/13/2025 0:00,1647,1003,1651,905.7,66,0.5615,0.3613,0.7618,98.8769,,,,,,,,,
ANR,Whitetail,10/14/2025 0:00,1711,1002,1715,849,64.1,0.5624,0.4583,0.7625,98.7792,,,,,,,,,
ANR,Whitetail,10/15/2025 0:00,1439,1005.9,1447,788.2,67.6,0.5595,0.2283,0.6001,99.1716,,,,,,,,,
ANR,Whitetail,10/16/2025 0:00,1489,1005.8,1495,863.4,68.7,0.5597,0.2585,0.584,99.1575,,,,,,,,,
ANR,Whitetail,10/17/2025 0:00,878,1003.7,882,883.8,68.1,0.5602,0.1924,0.8592,98.9484,,,,,,,,,
ANR,Whitetail,10/18/2025 0:00,307,1013,307,797.7,69.8,0.5722,0.4303,1.0657,98.504,,,,,,,,,
ANR,Whitetail,10/19/2025 0:00,8,1034.8,8,910.2,54.4,0.5908,0.7197,1.0761,98.2042,,,,,,,,,
ANR,Whitetail,10/20/2025 0:00,625,998.4,626,863.9,64.8,0.5649,0.5247,1.1115,98.3638,,,,,,,,,
ANR,Whitetail,10/21/2025 0:00,821,1006.5,822,783.8,61.5,0.5687,0.5729,0.9092,98.5179,,,,,,,,,
ANR,Whitetail,10/22/2025 0:00,1070,1000.5,1066,803.5,64,0.5669,0.6434,0.9963,98.3603,,,,,,,,,
ANR,Whitetail,10/23/2025 0:00,454,1006.7,455,818.2,64.2,0.5676,0.476,0.9393,98.5847,,,,,,,,,
ANR,Whitetail,10/24/2025 0:00,1201,1001.4,1200,848.1,60.5,0.5659,0.6511,0.8319,98.517,,,,,,,,,
ANR,Whitetail,10/25/2025 0:00,257,1001.9,258,850.7,59.7,0.5616,0.2974,0.9352,98.7674,,,,,,,,,
ANR,Whitetail,10/26/2025 0:00,52,1020.1,53,932.1,55.9,0.5777,0.5516,0.9792,98.4692,,,,,,,,,
ANR,Whitetail,10/27/2025 0:00,1488,1004.3,1494,909.3,59.9,0.5609,0.3626,0.6296,99.0078,,,,,,,,,
ANR,Whitetail,10/28/2025 0:00,1760,1002.5,1765,908.9,56.6,0.5623,0.4764,0.6938,98.8298,,,,,,,,,
ANR,Whitetail,10/29/2025 0:00,1341,1005.3,1347,848.1,55.1,0.5601,0.298,0.5919,99.1101,,,,,,,,,
ANR,Whitetail,10/30/2025 0:00,1198,1000.2,1197,788.1,55.1,0.5631,0.4423,0.9568,98.6009,,,,,,,,,
ANR,Whitetail,10/31/2025 0:00,1186,1016.6,1192,772.5,59.4,0.5718,0.4187,0.8283,98.753,,,,,,,,,
ANR,Whitetail,11/1/2025 0:00,568.66,1006,572.02,325.3,22,0.5839,0.082,0.338,99.58,,,,,,,,,
ANR,Whitetail,11/2/2025 0:00,441.35,1004,443.28,303.8,20.3,0.5866,0.08,0.375,99.545,,,,,,,,,
ANR,Whitetail,11/3/2025 0:00,238.02,1005,239.2,432.6,26,0.5827,0.138,0.515,99.347,,,,,,,,,
ANR,Whitetail,11/4/2025 0:00,755.05,1006,759.28,317.7,24.1,0.5848,0.032,0.313,99.655,,,,,,,,,
ANR,Whitetail,11/5/2025 0:00,1196.67,1003,1200.55,627.6,34,0.5739,0.149,0.549,99.302,,,,,,,,,
ANR,Whitetail,11/6/2025 0:00,751.54,1005,755.47,531.9,32.5,0.5763,0.024,0.528,99.448,,,,,,,,,
ANR,Whitetail,11/7/2025 0:00,941.08,1006,946.98,675.4,40.5,0.5674,0.027,0.604,99.369,,,,,,,,,
ANR,Whitetail,11/8/2025 0:00,4.93,1008,4.97,333.5,14.8,0.5863,0.08,0.338,99.582,,,,,,,,,
ANR,Whitetail,11/9/2025 0:00,829.52,1006,834.3,717.6,34.1,0.5623,0.025,0.772,99.203,,,,,,,,,
ANR,Whitetail,11/10/2025 0:00,1595.92,1007,1606.65,776,47.2,0.5583,0.087,0.64,99.273,,,,,,,,,
ANR,Whitetail,11/11/2025 0:00,1441.7,1005,1449.1,778.8,52.2,0.5592,0.12,0.787,99.093,,,,,,,,,
ANR,Whitetail,11/12/2025 0:00,1058.35,1003,1061,451.5,30.9,0.5797,0.192,0.471,99.337,,,,,,,,,
ANR,Whitetail,11/13/2025 0:00,1057.97,1007,1064.95,529.6,36.9,0.5742,0.019,0.503,99.478,,,,,,,,,
ANR,Whitetail,11/14/2025 0:00,1004.99,1004,1009.51,373.5,26.5,0.5845,0.139,0.285,99.576,,,,,,,,,
ANR,Whitetail,11/15/2025 0:00,866.96,1007,873.33,515.4,33.7,0.5772,0.007,0.395,99.598,,,,,,,,,
ANR,Whitetail,11/16/2025 0:00,837.44,1006,842.53,596.5,33.8,0.5739,0.046,0.577,99.377,,,,,,,,,
ANR,Whitetail,11/17/2025 0:00,1067.14,1002,1069.22,697.4,42.7,0.5708,0.146,0.797,99.057,,,,,,,,,
ANR,Whitetail,11/18/2025 0:00,1785.37,1001,1787.83,871.3,52.3,0.564,0.31,1.307,98.383,,,,,,,,,
ANR,Whitetail,11/19/2025 0:00,1169.25,1002,1171.81,429.5,26.6,0.5809,0.039,0.592,99.369,,,,,,,,,
ANR,Whitetail,11/20/2025 0:00,526.08,1004,527.99,428,25.2,0.5819,0.05,0.607,99.343,,,,,,,,,
ANR,Whitetail,11/21/2025 0:00,604.77,1000,604.69,529.8,28.8,0.5776,0.174,0.761,99.065,,,,,,,,,
ANR,Whitetail,11/22/2025 0:00,0.32,1031,0.33,116.7,5.2,0.5994,0.096,0.121,99.783,,,,,,,,,
ANR,Whitetail,11/23/2025 0:00,0,0,0,0,0,0,0,0,0,,,,,,,,,
ANR,Whitetail,11/24/2025 0:00,803.04,996,799.49,739,46.3,0.571,0.483,1.298,98.219,,,,,,,,,
ANR,Whitetail,11/25/2025 0:00,22.06,979,21.59,179,7.3,0.5954,0.1,0.57,99.33,,,,,,,,,
ANR,Whitetail,11/26/2025 0:00,157.06,983,154.36,271.2,15,0.5916,0.447,0.343,99.21,,,,,,,,,
ANR,Whitetail,11/27/2025 0:00,0.12,1167,0.14,75,3.8,0.5996,0.076,0.08,99.844,,,,,,,,,
ANR,Whitetail,11/28/2025 0:00,5.42,998,5.41,249.2,9.6,0.5933,0.461,0.228,99.311,,,,,,,,,
ANR,Whitetail,11/29/2025 0:00,0,0,0,0,0,0,0,0,0,,,,,,,,,
ANR,Whitetail,11/30/2025 0:00,0,0,0,0,0,0,0,0,0,,,,,,,,,
ANR,Whitetail,12/1/2025 0:00,0,0,0,0,0,0,0,0,0,,,,,,,,,
ANR,Whitetail,12/2/2025 0:00,0,0,0,0,0,0,0,0,0,,,,,,,,,
ANR,Whitetail,12/3/2025 0:00,0,0,0,0,0,0,0,0,0,,,,,,,,,
ANR,Whitetail,12/4/2025 0:00,0,0,0,0,0,0,0,0,0,,,,,,,,,
ANR,Whitetail,12/5/2025 0:00,0,0,0,0,0,0,0,0,0,,,,,,,,,
ANR,Whitetail,12/6/2025 0:00,0,0,0,0,0,0,0,0,0,,,,,,,,,
ANR,Whitetail,12/7/2025 0:00,0,0,0,0,0,0,0,0,0,,,,,,,,,
ANR,Whitetail,12/8/2025 0:00,349.53,1002,350.36,389.8,17.7,0.5858,0.089,0.378,99.533,,,,,,,,,
ANR,Whitetail,12/9/2025 0:00,0,0,0,0,0,0,0,0,0,,,,,,,,,
ANR,Whitetail,12/10/2025 0:00,385.35,1004,386.97,278.4,12.7,0.5891,0.076,0.267,99.657,,,,,,,,,
ANR,Whitetail,12/11/2025 0:00,0,0,0,0,0,0,0,0,0,,,,,,,,,
ANR,Whitetail,12/12/2025 0:00,0,0,0,0,0,0,0,0,0,,,,,,,,,
ANR,Whitetail,12/13/2025 0:00,0,0,0,0,0,0,0,0,0,,,,,,,,,
ANR,Whitetail,12/14/2025 0:00,0,0,0,0,0,0,0,0,0,,,,,,,,,
ANR,Whitetail,12/15/2025 0:00,422.37,1000,422.52,583.3,27.4,0.5767,0.354,0.653,98.993,,,,,,,,,
ANR,Whitetail,12/16/2025 0:00,0,0,0,0,0,0,0,0,0,,,,,,,,,
ANR,Whitetail,12/17/2025 0:00,475.48,990,470.53,236.9,13.4,0.5932,0.084,0.552,99.364,,,,,,,,,
ANR,Whitetail,12/18/2025 0:00,563.44,988,556.81,240.1,13,0.5922,0.049,0.61,99.341,,,,,,,,,
ANR,Whitetail,12/19/2025 0:00,0,0,0,0,0,0,0,0,0,,,,,,,,,
ANR,Whitetail,12/20/2025 0:00,0,0,0,0,0,0,0,0,0,,,,,,,,,
ANR,Whitetail,12/21/2025 0:00,0,0,0,0,0,0,0,0,0,,,,,,,,,
ANR,Whitetail,12/22/2025 0:00,0,0,0,0,0,0,0,0,0,,,,,,,,,
ANR,Whitetail,12/23/2025 0:00,0,0,0,0,0,0,0,0,0,,,,,,,,,
ANR,Whitetail,12/24/2025 0:00,263.23,1001,263.49,455.8,25.6,0.5841,0.376,0.419,99.205,,,,,,,,,
ANR,Whitetail,12/25/2025 0:00,0,0,0,0,0,0,0,0,0,,,,,,,,,
ANR,Whitetail,12/26/2025 0:00,0,0,0,0,0,0,0,0,0,,,,,,,,,
ANR,Whitetail,12/27/2025 0:00,279.3,1003,280.15,348.7,20.1,0.5872,0.288,0.247,99.465,,,,,,,,,
ANR,Whitetail,12/28/2025 0:00,0,0,0,0,0,0,0,0,0,,,,,,,,,
ANR,Whitetail,12/29/2025 0:00,0,0,0,0,0,0,0,0,0,,,,,,,,,
ANR,Whitetail,12/30/2025 0:00,0,0,0,0,0,0,0,0,0,,,,,,,,,
ANR,Whitetail,12/31/2025 0:00,0,0,0,0,0,0,0,0,0,,,,,,,,,
ANR,Whitetail,1/1/2026 0:00,0,0,0,0,0,0,0,0,0,,,,,,,,,
ANR,Whitetail,1/2/2026 0:00,0,0,0,0,0,0,0,0,0,,,,,,,,,
ANR,Whitetail,1/3/2026 0:00,0,0,0,0,0,0,0,0,0,,,,,,,,,
ANR,Whitetail,1/4/2026 0:00,0,0,0,0,0,0,0,0,0,,,,,,,,,
ANR,Whitetail,1/5/2026 0:00,0,0,0,0,0,0,0,0,0,,,,,,,,,
ANR,Whitetail,1/6/2026 0:00,0,0,0,0,0,0,0,0,0,,,,,,,,,
ANR,Whitetail,1/7/2026 0:00,0,0,0,0,0,0,0,0,0,,,,,,,,,
ANR,Whitetail,1/8/2026 0:00,0,0,0,0,0,0,0,0,0,,,,,,,,,
ANR,Whitetail,1/9/2026 0:00,0,0,0,0,0,0,0,0,0,,,,,,,,,
ANR,Whitetail,1/10/2026 0:00,0,0,0,0,0,0,0,0,0,,,,,,,,,
ANR,Whitetail,1/11/2026 0:00,0,0,0,0,0,0,0,0,0,,,,,,,,,
ANR,Whitetail,1/12/2026 0:00,0,0,0,0,0,0,0,0,0,,,,,,,,,
ANR,Whitetail,1/13/2026 0:00,0,0,0,0,0,0,0,0,0,,,,,,,,,
ANR,Whitetail,1/14/2026 0:00,0,0,0,0,0,0,0,0,0,,,,,,,,,
ANR,Whitetail,1/15/2026 0:00,0,0,0,0,0,0,0,0,0,,,,,,,,,
ANR,Whitetail,1/16/2026 0:00,0,0,0,0,0,0,0,0,0,,,,,,,,,
ANR,Whitetail,1/17/2026 0:00,0,0,0,0,0,0,0,0,0,,,,,,,,,
ANR,Whitetail,1/18/2026 0:00,0,0,0,0,0,0,0,0,0,,,,,,,,,
ANR,Whitetail,1/19/2026 0:00,0,0,0,0,0,0,0,0,0,,,,,,,,,
ANR,Whitetail,1/20/2026 0:00,0,0,0,0,0,0,0,0,0,,,,,,,,,
ANR,Whitetail,1/21/2026 0:00,0,0,0,0,0,0,0,0,0,,,,,,,,,
ANR,Whitetail,1/22/2026 0:00,0,0,0,0,0,0,0,0,0,,,,,,,,,
ANR,Whitetail,1/23/2026 0:00,0,0,0,0,0,0,0,0,0,,,,,,,,,
ANR,Whitetail,1/24/2026 0:00,0,0,0,0,0,0,0,0,0,,,,,,,,,
ANR,Whitetail,1/25/2026 0:00,0,0,0,0,0,0,0,0,0,,,,,,,,,
ANR,Whitetail,1/26/2026 0:00,0,0,0,0,0,0,0,0,0,,,,,,,,,
ANR,Whitetail,1/27/2026 0:00,0,0,0,0,0,0,0,0,0,,,,,,,,,
ANR,Whitetail,1/28/2026 0:00,0,0,0,0,0,0,0,0,0,,,,,,,,,
ANR,Whitetail,1/29/2026 0:00,0,0,0,0,0,0,0,0,0,,,,,,,,,
ANR,Whitetail,1/30/2026 0:00,0,0,0,0,0,0,0,0,0,,,,,,,,,
ANR,Whitetail,1/31/2026 0:00,0,0,0,0,0,0,0,0,0,,,,,,,,,
ANR,Whitetail,2/1/2026 0:00,0,0,0,0,0,0,0,0,0,,,,,,,,,
ANR,Whitetail,2/2/2026 0:00,0,0,0,0,0,0,0,0,0,,,,,,,,,
ANR,Whitetail,2/3/2026 0:00,0,0,0,0,0,0,0,0,0,,,,,,,,,
ANR,Whitetail,2/4/2026 0:00,0,0,0,0,0,0,0,0,0,,,,,,,,,
ANR,Whitetail,2/5/2026 0:00,0,0,0,0,0,0,0,0,0,,,,,,,,,
ANR,Whitetail,2/6/2026 0:00,0,0,0,0,0,0,0,0,0,,,,,,,,,
ANR,Whitetail,2/7/2026 0:00,0,0,0,0,0,0,0,0,0,,,,,,,,,
ANR,Whitetail,2/8/2026 0:00,0,0,0,0,0,0,0,0,0,,,,,,,,,
ANR,Whitetail,2/9/2026 0:00,677.59,994,673.3,730,46.3,0.568,0.145,1.738,98.117,,,,,,,,,
ANR,Whitetail,2/10/2026 0:00,747.71,1001,748.14,814.9,41.9,0.5612,0.141,1.217,98.642,,,,,,,,,
ANR,Whitetail,2/11/2026 0:00,747.9,1003,750.12,813.1,44.6,0.5599,0.089,1.027,98.884,,,,,,,,,
ANR,Whitetail,2/12/2026 0:00,26.41,994,26.26,77.6,3.8,0.597,0.006,0.164,99.83,,,,,,,,,
ANR,Whitetail,2/13/2026 0:00,0,0,0,0,0,0,0,0,0,,,,,,,,,
ANR,Whitetail,2/14/2026 0:00,0,0,0,0,0,0,0,0,0,,,,,,,,,
ANR,Whitetail,2/15/2026 0:00,0,0,0,0,0,0,0,0,0,,,,,,,,,
ANR,Whitetail,2/16/2026 0:00,0,0,0,0,0,0,0,0,0,,,,,,,,,
ANR,Whitetail,2/17/2026 0:00,0,0,0,0,0,0,0,0,0,,,,,,,,,
ANR,Whitetail,2/18/2026 0:00,0,0,0,0,0,0,0,0,0,,,,,,,,,
ANR,Whitetail,2/19/2026 0:00,0,0,0,0,0,0,0,0,0,,,,,,,,,
ANR,Whitetail,2/20/2026 0:00,0,0,0,0,0,0,0,0,0,,,,,,,,,
ANR,Whitetail,2/21/2026 0:00,0,0,0,0,0,0,0,0,0,,,,,,,,,
ANR,Whitetail,2/22/2026 0:00,0,0,0,0,0,0,0,0,0,,,,,,,,,
ANR,Whitetail,2/23/2026 0:00,0,0,0,0,0,0,0,0,0,,,,,,,,,
ANR,Whitetail,2/24/2026 0:00,0,0,0,0,0,0,0,0,0,,,,,,,,,
ANR,Whitetail,2/25/2026 0:00,0,0,0,0,0,0,0,0,0,,,,,,,,,
ANR,Whitetail,2/26/2026 0:00,0,0,0,0,0,0,0,0,0,,,,,,,,,
ANR,Whitetail,2/27/2026 0:00,0,0,0,0,0,0,0,0,0,,,,,,,,,
ANR,Whitetail,2/28/2026 0:00,0,0,0,0,0,0,0,0,0,,,,,,,,,
ANR,Whitetail,3/1/2026 0:00,0,0,0,0,0,0,0,0,0,,,,,,,,,
ANR,Whitetail,3/2/2026 0:00,27,1016,27.43,47.5,1.7,0.5992,0.019,0.057,99.924,,,,,,,,,
ANR,Whitetail,3/3/2026 0:00,329.2,987,324.97,306.2,16.1,0.5884,0.03,1.031,98.939,,,,,,,,,
ANR,Whitetail,3/4/2026 0:00,330.97,984,325.67,268.6,14.8,0.5896,0.023,1.032,98.945,,,,,,,,,
ANR,Whitetail,3/5/2026 0:00,228.11,982,223.96,173.9,10.4,0.5939,0.014,0.704,99.282,,,,,,,,,
ANR,Whitetail,3/6/2026 0:00,347.93,986,343.06,249.2,15.4,0.5931,0.073,0.753,99.174,,,,,,,,,
ANR,Whitetail,3/7/2026 0:00,125.1,981,122.77,283.3,12.5,0.5947,0.144,0.694,99.162,,,,,,,,,
ANR,Whitetail,3/8/2026 0:00,125.44,988,123.89,50.1,2,0.5989,0.007,0.124,99.869,,,,,,,,,
ANR,Whitetail,3/9/2026 0:00,269.91,987,266.34,226,16,0.5925,0.017,0.794,99.189,,,,,,,,,
ANR,Whitetail,3/10/2026 0:00,276.54,985,272.43,192.8,12.1,0.5937,0.011,0.66,99.329,,,,,,,,,
ANR,Whitetail,3/11/2026 0:00,245.87,982,241.52,425.8,17,0.5872,0.103,1.32,98.577,,,,,,,,,
ANR,Whitetail,3/12/2026 0:00,280.54,986,276.7,185.6,10,0.5935,0.016,0.596,99.388,,,,,,,,,
ANR,Whitetail,3/13/2026 0:00,218.15,982,214.2,185.3,10.7,0.5934,0.007,0.675,99.318,,,,,,,,,
ANR,Whitetail,3/14/2026 0:00,0,0,0,0,0,0,0,0,0,,,,,,,,,
ANR,Whitetail,3/15/2026 0:00,6.53,991,6.47,143.7,2.1,0.5966,0.054,0.39,99.556,,,,,,,,,
ANR,Whitetail,3/16/2026 0:00,175.53,985,172.84,547.9,14.3,0.5773,0.094,1.56,98.346,,,,,,,,,
ANR,Whitetail,3/17/2026 0:00,0,0,0,0,0,0,0,0,0,,,,,,,,,
ANR,Whitetail,3/18/2026 0:00,54.34,1010,54.89,46.2,2,0.5991,0.015,0.069,99.916,,,,,,,,,
ANR,Whitetail,3/19/2026 0:00,318.09,994,316.13,238.7,18.9,0.5899,0.022,0.626,99.352,,,,,,,,,
ANR,Whitetail,3/20/2026 0:00,178.36,988,176.23,148.9,11.2,0.5943,0.005,0.437,99.558,,,,,,,,,
ANR,Whitetail,3/21/2026 0:00,0,0,0,0,0,0,0,0,0,,,,,,,,,
ANR,Whitetail,3/22/2026 0:00,79.95,988,78.96,80.5,2.6,0.5986,0.04,0.136,99.824,,,,,,,,,
ANR,Whitetail,3/23/2026 0:00,320.18,991,317.28,337.1,19.9,0.5866,0.073,0.849,99.078,,,,,,,,,
ANR,Whitetail,3/24/2026 0:00,273.73,995,272.3,205,13.2,0.5912,0.028,0.487,99.485,,,,,,,,,
ANR,Whitetail,3/25/2026 0:00,290.8,995,289.44,209.9,16.4,0.5913,0.021,0.512,99.467,,,,,,,,,
ANR,Whitetail,3/26/2026 0:00,263.97,990,261.23,241.4,16.5,0.592,0.06,0.612,99.328,,,,,,,,,
ANR,Whitetail,3/27/2026 0:00,203.88,990,201.81,203,12.9,0.5924,0.039,0.537,99.424,,,,,,,,,
ANR,Whitetail,3/28/2026 0:00,0.05,1000,0.05,45.2,1.9,0.5997,0.033,0.041,99.926,,,,,,,,,
ANR,Whitetail,3/29/2026 0:00,53.48,999,53.45,52.4,2.5,0.5988,0.01,0.083,99.907,,,,,,,,,
ANR,Whitetail,3/30/2026 0:00,327.98,985,322.97,234,17.5,0.5923,0.013,0.802,99.185,,,,,,,,,
ANR,Whitetail,3/31/2026 0:00,277.75,981,272.61,268.5,17.9,0.5937,0.074,0.829,99.097,,,,,,,,,
ANR,Whitetail,4/1/2026 0:00,896.57,986,884.14,849,45.9,0.567,0.081,2.691,97.228,,,,,,,,,
ANR,Whitetail,4/2/2026 0:00,417.2,985,410.98,220,13.2,0.5931,0.043,0.666,99.291,,,,,,,,,
ANR,Whitetail,4/3/2026 0:00,256.95,988,253.79,211.1,12.7,0.5923,0.014,0.754,99.232,,,,,,,,,
ANR,Whitetail,4/4/2026 0:00,190,984,186.95,180.1,9.7,0.5932,0.003,0.618,99.379,,,,,,,,,
ANR,Whitetail,4/5/2026 0:00,50.15,1002,50.24,48.8,1.9,0.5991,0.012,0.091,99.897,,,,,,,,,
ANR,Whitetail,4/6/2026 0:00,235.65,986,232.24,242.4,12.2,0.5912,0.024,0.8,99.176,,,,,,,,,
ANR,Whitetail,4/7/2026 0:00,302.9,982,297.36,386.3,21.3,0.589,0.141,1.234,98.625,,,,,,,,,
ANR,Whitetail,4/8/2026 0:00,914.14,994,908.88,796.4,59.7,0.564,0.068,1.946,97.986,,,,,,,,,
ANR,Whitetail,4/9/2026 0:00,840.27,991,832.52,551.9,36.8,0.5768,0.048,1.454,98.498,,,,,,,,,
ANR,Whitetail,4/10/2026 0:00,381.12,988,376.61,415.6,26,0.5869,0.101,1.117,98.782,,,,,,,,,
ANR,Whitetail,4/11/2026 0:00,0.14,1071,0.15,47.5,2,0.5998,0.026,0.057,99.917,,,,,,,,,
ANR,Whitetail,4/12/2026 0:00,133.18,996,132.6,118,8.1,0.5973,0.036,0.254,99.71,,,,,,,,,
ANR,Whitetail,4/13/2026 0:00,1186.44,991,1176.1,803.1,67.9,0.5644,0.052,2.172,97.776,,,,,,,,,
ANR,Whitetail,4/14/2026 0:00,1122.77,994,1115.95,730.7,69.5,0.5629,0.053,1.823,98.124,,,,,,,,,
ANR,Whitetail,4/15/2026 0:00,1060.55,993,1052.93,803,61.7,0.5639,0.062,2.021,97.917,,,,,,,,,
ANR,Whitetail,4/16/2026 0:00,827.02,997,824.81,830.2,67.9,0.5618,0.056,1.548,98.396,,,,,,,,,
ANR,Whitetail,4/17/2026 0:00,605.22,996,602.99,322.2,24.5,0.5865,0.019,0.713,99.268,,,,,,,,,
ANR,Whitetail,4/18/2026 0:00,253.04,997,252.25,256.8,15.5,0.5893,0.027,0.478,99.495,,,,,,,,,
ANR,Whitetail,4/19/2026 0:00,151.05,997,150.61,183,7.9,0.5938,0.053,0.291,99.656,,,,,,,,,
ANR,Whitetail,4/20/2026 0:00,976.58,999,975.98,763.9,55.5,0.5649,0.073,1.271,98.656,,,,,,,,,
ANR,Whitetail,4/21/2026 0:00,1228.12,999,1227.25,758.7,65.1,0.5616,0.066,1.495,98.439,,,,,,,,,
ANR,Whitetail,4/22/2026 0:00,816.33,1003,818.85,646.6,51,0.5705,0.044,1.124,98.832,,,,,,,,,
ANR,Whitetail,4/23/2026 0:00,789.48,1006,794.24,298.8,23.7,0.5854,0.022,0.385,99.593,,,,,,,,,
ANR,Whitetail,4/24/2026 0:00,828.58,1006,833.38,267,19.1,0.5869,0.026,0.32,99.654,,,,,,,,,
ANR,Whitetail,4/25/2026 0:00,544.3,1004,546.62,233.6,19.4,0.5881,0.022,0.26,99.718,,,,,,,,,
ANR,Whitetail,4/26/2026 0:00,256.09,1012,259.17,78.7,4.7,0.5973,0.018,0.067,99.915,,,,,,,,,
ANR,Whitetail,4/27/2026 0:00,821.91,1008,828.39,271,19.9,0.5866,0.025,0.246,99.729,,,,,,,,,
ANR,Whitetail,4/28/2026 0:00,1175.24,1006,1182.23,776.9,54.8,0.5585,0.073,0.727,99.2,,,,,,,,,
ANR,Whitetail,4/29/2026 0:00,942.26,1006,948.31,274.1,18.4,0.5865,0.042,0.244,99.714,,,,,,,,,
ANR,Whitetail,4/30/2026 0:00,1411.7,1006,1420.27,780.7,51,0.5584,0.07,0.696,99.234,,,,,,,,,
ANR,Whitetail,5/1/2026 0:00,938.95,1006,944.33,313.5,21.2,0.5852,0.046,0.319,99.635,,,,,,,,,
ANR,Whitetail,5/2/2026 0:00,459.15,1003,460.39,260,17.6,0.5883,0.051,0.244,99.705,,,,,,,,,
ANR,Whitetail,5/3/2026 0:00,194.83,1017,198.14,88.3,4.7,0.5972,0.017,0.059,99.924,,,,,,,,,
ANR,Whitetail,5/4/2026 0:00,1132.09,1005,1138.22,904.3,63.4,0.559,0.069,0.861,99.07,,,,,,,,,
ANR,Whitetail,5/5/2026 0:00,1266.93,1006,1274.37,826.7,52.1,0.5583,0.066,0.685,99.249,,,,,,,,,
ANR,Whitetail,5/6/2026 0:00,1260.78,1003,1264.26,724.4,53,0.5608,0.081,1.26,98.659,,,,,,,,,
ANR,Whitetail,5/7/2026 0:00,1392.91,1005,1399.88,774.9,57.8,0.5591,0.091,0.834,99.075,,,,,,,,,
ANR,Whitetail,5/8/2026 0:00,900.01,1009,908.05,450,34.2,0.5772,0.083,0.356,99.561,,,,,,,,,
ANR,Whitetail,5/9/2026 0:00,549.78,1008,554.31,242,19.3,0.5876,0.014,0.168,99.818,,,,,,,,,
ANR,Whitetail,5/10/2026 0:00,229.11,1008,230.98,113.3,6.2,0.5972,0.051,0.096,99.853,,,,,,,,,
ANR,Whitetail,5/11/2026 0:00,1375.78,1007,1384.86,811.6,63.3,0.5587,0.054,0.815,99.131,,,,,,,,,
ANR,Whitetail,5/12/2026 0:00,1542.95,1008,1556.01,808.6,61.9,0.5575,0.059,0.523,99.418,,,,,,,,,
ANR,Whitetail,5/13/2026 0:00,1499.87,1009,1512.76,795.8,59.4,0.5575,0.066,0.503,99.431,,,,,,,,,
ANR,Whitetail,5/14/2026 0:00,1560.6,1009,1574.18,773.7,63.8,0.5577,0.056,0.529,99.415,,,,,,,,,
ANR,Whitetail,5/15/2026 0:00,1641.37,1008,1654.31,771.8,68.3,0.5577,0.068,0.546,99.386,,,,,,,,,
ANR,Whitetail,5/16/2026 0:00,902.28,1009,910.04,769.7,65.8,0.5578,0.073,0.545,99.382,,,,,,,,,
ANR,Whitetail,5/17/2026 0:00,879.01,1009,886.92,769.6,72.4,0.5575,0.079,0.472,99.449,,,,,,,,,
ANR,Whitetail,5/18/2026 0:00,1106.87,1010,1118.32,480.4,41.4,0.5736,0.042,0.28,99.678,,,,,,,,,
ANR,Whitetail,5/19/2026 0:00,1517.72,1010,1532.46,788.9,53.3,0.5572,0.079,0.379,99.542,,,,,,,,,
ANR,Whitetail,5/20/2026 0:00,1719.73,1009,1735.88,833.6,57.8,0.5574,0.104,0.385,99.511,,,,,,,,,
ANR,Whitetail,5/21/2026 0:00,1826.28,1009,1843.49,826.4,58.7,0.5573,0.097,0.383,99.52,,,,,,,,,
ANR,Whitetail,5/22/2026 0:00,1312.82,1009,1324.74,849.5,58.6,0.5575,0.078,0.471,99.451,,,,,,,,,
ANR,Whitetail,5/23/2026 0:00,776.46,1009,783.72,269.8,18.4,0.5877,0.043,0.1,99.857,,,,,,,,,
ANR,Whitetail,5/24/2026 0:00,697.63,1010,704.31,303.9,22,0.586,0.07,0.087,99.843,,,,,,,,,
ANR,Whitetail,5/25/2026 0:00,1053.86,1010,1064.24,478.6,33.6,0.5787,0.061,0.158,99.781,,,,,,,,,
ANR,Whitetail,5/26/2026 0:00,1095.05,1011,1106.64,863.7,65.5,0.5569,0.104,0.258,99.638,,,,,,,,,
ANR,Whitetail,5/27/2026 0:00,1887.27,1011,1907.12,808.1,63.3,0.5567,0.077,0.289,99.634,,,,,,,,,
ANR,Whitetail,5/28/2026 0:00,1247.5,1011,1261.03,789.4,67.4,0.5566,0.084,0.248,99.668,,,,,,,,,
ANR,Whitetail,5/29/2026 0:00,1210.32,1011,1223.85,794.9,67.4,0.5566,0.095,0.21,99.695,,,,,,,,,
ANR,Whitetail,5/30/2026 0:00,1204.04,1011,1217.2,826.2,67.4,0.5566,0.089,0.231,99.68,,,,,,,,,
ANR,Whitetail,5/31/2026 0:00,1126.22,1011,1138.92,911.2,68.9,0.5565,0.086,0.207,99.707,,,,,,,,,
ANR,Whitetail,6/1/2026 0:00,1685.68,1011,1703.39,875.6,65.8,0.5568,0.099,0.246,99.655,,,,,,,,,
ANR,Whitetail,6/2/2026 0:00,1881.06,1009,1897.81,848.2,62.1,0.5579,0.175,0.332,99.493,,,,,,,,,
ANR,Whitetail,6/3/2026 0:00,1719.16,1007,1731.76,851.8,64.4,0.5583,0.257,0.233,99.51,,,,,,,,,
ANR,Whitetail,6/4/2026 0:00,1548.87,1004,1554.75,661.1,55.3,0.5691,0.407,0.227,99.366,,,,,,,,,
ANR,Whitetail,6/5/2026 0:00,2054.32,1007,2069,720.1,60,0.5639,0.228,0.295,99.477,,,,,,,,,
ANR,Whitetail,6/6/2026 0:00,1712.05,1010,1728.75,797.5,67,0.5575,0.152,0.301,99.547,,,,,,,,,
ANR,Whitetail,6/7/2026 0:00,2245.8,1006,2260.17,788.5,66.8,0.5587,0.271,0.31,99.419,,,,,,,,,
ANR,Whitetail,6/8/2026 0:00,1897.19,1006,1907.97,796.1,69.3,0.5591,0.243,0.475,99.282,,,,,,,,,
ANR,Whitetail,6/9/2026 0:00,1912.38,1006,1923.03,826.7,72.9,0.5592,0.252,0.474,99.274,,,,,,,,,
ANR,Whitetail,6/10/2026 0:00,1834.29,1006,1846.18,816.9,60.9,0.5627,0.303,0.295,99.402,,,,,,,,,
ANR,Whitetail,6/11/2026 0:00,2156.61,1006,2169.13,892.1,62.1,0.5606,0.439,0.367,99.194,,,,,,,,,
ANR,Whitetail,6/12/2026 0:00,2057.57,1006,2069.87,884.1,64.2,0.5601,0.386,0.365,99.249,,,,,,,,,
ANR,Whitetail,6/13/2026 0:00,1792.61,1008,1807.46,898.2,66.3,0.5587,0.252,0.339,99.409,,,,,,,,,
ANR,Whitetail,6/14/2026 0:00,1769.09,1006,1780.43,901.5,62.5,0.5599,0.405,0.289,99.306,,,,,,,,,
ANR,Whitetail,6/15/2026 0:00,2457.22,1007,2473.5,902.7,62.8,0.5599,0.385,0.339,99.276,,,,,,,,,
ANR,Whitetail,6/16/2026 0:00,2348.08,1006,2361.82,903.6,63.3,0.5607,0.472,0.328,99.2,,,,,,,,,
ANR,Whitetail,6/17/2026 0:00,2202.56,1006,2215.66,896,65.1,0.5605,0.436,0.358,99.206,,,,,,,,,
ANR,Whitetail,6/18/2026 0:00,2165.26,1008,2181.8,892,63.4,0.5583,0.253,0.259,99.488,,,,,,,,,
ANR,Whitetail,6/19/2026 0:00,2138.53,1007,2153.24,894.1,62.7,0.5587,0.239,0.392,99.369,,,,,,,,,
ANR,Whitetail,6/20/2026 0:00,1815.23,1009,1831.2,903.5,64.7,0.5577,0.12,0.419,99.461,,,,,,,,,
ANR,Whitetail,6/21/2026 0:00,1784.4,1006,1795.48,912.5,60.1,0.5591,0.281,0.397,99.322,,,,,,,,,
ANR,Whitetail,6/22/2026 0:00,2137.19,1006,2150.95,929.1,62.8,0.5588,0.275,0.321,99.404,,,,,,,,,
ANR,Whitetail,6/23/2026 0:00,2235.77,1007,2251.81,923.5,63.8,0.5589,0.3,0.279,99.421,,,,,,,,,
ANR,Whitetail,6/24/2026 0:00,1851.02,1008,1865.49,917.6,66.4,0.5581,0.229,0.273,99.498,,,,,,,,,
ANR,Whitetail,6/25/2026 0:00,2244.08,1008,2261.24,878.9,63.8,0.5585,0.251,0.295,99.454,,,,,,,,,
ANR,Whitetail,6/26/2026 0:00,1724.6,1006,1735.68,867.8,63.3,0.5588,0.194,0.519,99.287,,,,,,,,,
ANR,Whitetail,6/27/2026 0:00,1756.43,1007,1769.57,890.3,68.5,0.5586,0.159,0.538,99.303,,,,,,,,,
ANR,Whitetail,6/28/2026 0:00,1536.42,1005,1544.79,899.3,74.4,0.5632,0.479,0.46,99.061,,,,,,,,,
ANR,Whitetail,6/29/2026 0:00,2026.46,1003,2033.06,888.4,74.6,0.5611,0.466,0.437,99.097,,,,,,,,,
ANR,Whitetail,6/30/2026 0:00,1999.52,1008,2015.88,873.5,74.3,0.558,0.149,0.428,99.423,,,,,,,,,
Kinder Morgan,Snowflake,1/1/2023 0:00,0,0,0,0,0,0,0,0,0,,,,,,,,,
Kinder Morgan,Snowflake,1/2/2023 0:00,0,0,0,0,0,0,0,0,0,,,,,,,,,
Kinder Morgan,Snowflake,1/3/2023 0:00,0,0,0,0,0,0,0,0,0,,,,,,,,,
Kinder Morgan,Snowflake,1/4/2023 0:00,0,0,0,0,0,0,0,0,0,,,,,,,,,
Kinder Morgan,Snowflake,1/5/2023 0:00,0,0,0,0,0,0,0,0,0,,,,,,,,,
Kinder Morgan,Snowflake,1/6/2023 0:00,0,0,0,0,0,0,0,0,0,,,,,,,,,
Kinder Morgan,Snowflake,1/7/2023 0:00,0,0,0,0,0,0,0,0,0,,,,,,,,,
Kinder Morgan,Snowflake,1/8/2023 0:00,0,0,0,0,0,0,0,0,0,,,,,,,,,
Kinder Morgan,Snowflake,1/9/2023 0:00,0,0,0,0,0,0,0,0,0,,,,,,,,,
Kinder Morgan,Snowflake,1/10/2023 0:00,0,0,0,0,0,0,0,0,0,,,,,,,,,
Kinder Morgan,Snowflake,1/11/2023 0:00,0,0,0,0,0,0,0,0,0,,,,,,,,,
Kinder Morgan,Snowflake,1/12/2023 0:00,0,0,0,0,0,0,0,0,0,,,,,,,,,
Kinder Morgan,Snowflake,1/13/2023 0:00,0,0,0,0,0,0,0,0,0,,,,,,,,,
Kinder Morgan,Snowflake,1/14/2023 0:00,0,0,0,0,0,0,0,0,0,,,,,,,,,
Kinder Morgan,Snowflake,1/15/2023 0:00,0,0,0,0,0,0,0,0,0,,,,,,,,,
Kinder Morgan,Snowflake,1/16/2023 0:00,0,0,0,0,0,0,0,0,0,,,,,,,,,
Kinder Morgan,Snowflake,1/17/2023 0:00,0,0,0,0,0,0,0,0,0,,,,,,,,,
Kinder Morgan,Snowflake,1/18/2023 0:00,0,0,0,0,0,0,0,0,0,,,,,,,,,
Kinder Morgan,Snowflake,1/19/2023 0:00,0,0,0,0,0,0,0,0,0,,,,,,,,,
Kinder Morgan,Snowflake,1/20/2023 0:00,0,0,0,0,0,0,0,0,0,,,,,,,,,
Kinder Morgan,Snowflake,1/21/2023 0:00,0,0,0,0,0,0,0,0,0,,,,,,,,,
Kinder Morgan,Snowflake,1/22/2023 0:00,0,0,0,0,0,0,0,0,0,,,,,,,,,
Kinder Morgan,Snowflake,1/23/2023 0:00,0,0,0,0,0,0,0,0,0,,,,,,,,,
Kinder Morgan,Snowflake,1/24/2023 0:00,0,0,0,0,0,0,0,0,0,,,,,,,,,
Kinder Morgan,Snowflake,1/25/2023 0:00,0,0,0,0,0,0,0,0,0,,,,,,,,,
Kinder Morgan,Snowflake,1/26/2023 0:00,0,0,0,0,0,0,0,0,0,,,,,,,,,
Kinder Morgan,Snowflake,1/27/2023 0:00,0,0,0,0,0,0,0,0,0,,,,,,,,,
Kinder Morgan,Snowflake,1/28/2023 0:00,0,0,0,0,0,0,0,0,0,,,,,,,,,
Kinder Morgan,Snowflake,1/29/2023 0:00,0,0,0,0,0,0,0,0,0,,,,,,,,,
Kinder Morgan,Snowflake,1/30/2023 0:00,0,0,0,0,0,0,0,0,0,,,,,,,,,
Kinder Morgan,Snowflake,1/31/2023 0:00,0,0,0,0,0,0,0,0,0,,,,,,,,,
Kinder Morgan,Snowflake,2/1/2023 0:00,0,0,0,0,0,0,0,0,0,,,,,,,,,
Kinder Morgan,Snowflake,2/2/2023 0:00,0,0,0,0,0,0,0,0,0,,,,,,,,,
Kinder Morgan,Snowflake,2/3/2023 0:00,0,0,0,0,0,0,0,0,0,,,,,,,,,
Kinder Morgan,Snowflake,2/4/2023 0:00,0,0,0,0,0,0,0,0,0,,,,,,,,,
Kinder Morgan,Snowflake,2/5/2023 0:00,0,0,0,0,0,0,0,0,0,,,,,,,,,
Kinder Morgan,Snowflake,2/6/2023 0:00,0,0,0,0,0,0,0,0,0,,,,,,,,,
Kinder Morgan,Snowflake,2/7/2023 0:00,0,0,0,0,0,0,0,0,0,,,,,,,,,
Kinder Morgan,Snowflake,2/8/2023 0:00,0,0,0,0,0,0,0,0,0,,,,,,,,,
Kinder Morgan,Snowflake,2/9/2023 0:00,0,0,0,0,0,0,0,0,0,,,,,,,,,
Kinder Morgan,Snowflake,2/10/2023 0:00,0,0,0,0,0,0,0,0,0,,,,,,,,,
Kinder Morgan,Snowflake,2/11/2023 0:00,0,0,0,0,0,0,0,0,0,,,,,,,,,
Kinder Morgan,Snowflake,2/12/2023 0:00,0,0,0,0,0,0,0,0,0,,,,,,,,,
Kinder Morgan,Snowflake,2/13/2023 0:00,0,0,0,0,0,0,0,0,0,,,,,,,,,
Kinder Morgan,Snowflake,2/14/2023 0:00,0,0,0,0,0,0,0,0,0,,,,,,,,,
Kinder Morgan,Snowflake,2/15/2023 0:00,0,0,0,0,0,0,0,0,0,,,,,,,,,
Kinder Morgan,Snowflake,2/16/2023 0:00,0,0,0,0,0,0,0,0,0,,,,,,,,,
Kinder Morgan,Snowflake,2/17/2023 0:00,0,0,0,0,0,0,0,0,0,,,,,,,,,
Kinder Morgan,Snowflake,2/18/2023 0:00,0,0,0,0,0,0,0,0,0,,,,,,,,,
Kinder Morgan,Snowflake,2/19/2023 0:00,0,0,0,0,0,0,0,0,0,,,,,,,,,
Kinder Morgan,Snowflake,2/20/2023 0:00,0,0,0,0,0,0,0,0,0,,,,,,,,,
Kinder Morgan,Snowflake,2/21/2023 0:00,0,0,0,0,0,0,0,0,0,,,,,,,,,
Kinder Morgan,Snowflake,2/22/2023 0:00,0,0,0,0,0,0,0,0,0,,,,,,,,,
Kinder Morgan,Snowflake,2/23/2023 0:00,0,0,0,0,0,0,0,0,0,,,,,,,,,
Kinder Morgan,Snowflake,2/24/2023 0:00,0,0,0,0,0,0,0,0,0,,,,,,,,,
Kinder Morgan,Snowflake,2/25/2023 0:00,0,0,0,0,0,0,0,0,0,,,,,,,,,
Kinder Morgan,Snowflake,2/26/2023 0:00,0,0,0,0,0,0,0,0,0,,,,,,,,,
Kinder Morgan,Snowflake,2/27/2023 0:00,0,0,0,0,0,0,0,0,0,,,,,,,,,
Kinder Morgan,Snowflake,2/28/2023 0:00,0,0,0,0,0,0,0,0,0,,,,,,,,,
Kinder Morgan,Snowflake,3/1/2023 0:00,0,0,0,0,0,0,0,0,0,,,,,,,,,
Kinder Morgan,Snowflake,3/2/2023 0:00,0,0,0,0,0,0,0,0,0,,,,,,,,,
Kinder Morgan,Snowflake,3/3/2023 0:00,0,0,0,0,0,0,0,0,0,,,,,,,,,
Kinder Morgan,Snowflake,3/4/2023 0:00,0,0,0,0,0,0,0,0,0,,,,,,,,,
Kinder Morgan,Snowflake,3/5/2023 0:00,0,0,0,0,0,0,0,0,0,,,,,,,,,
Kinder Morgan,Snowflake,3/6/2023 0:00,0,0,0,0,0,0,0,0,0,,,,,,,,,
Kinder Morgan,Snowflake,3/7/2023 0:00,0,0,0,0,0,0,0,0,0,,,,,,,,,
Kinder Morgan,Snowflake,3/8/2023 0:00,0,0,0,0,0,0,0,0,0,,,,,,,,,
Kinder Morgan,Snowflake,3/9/2023 0:00,0,0,0,0,0,0,0,0,0,,,,,,,,,
Kinder Morgan,Snowflake,3/10/2023 0:00,0,0,0,0,0,0,0,0,0,,,,,,,,,
Kinder Morgan,Snowflake,3/11/2023 0:00,0,0,0,0,0,0,0,0,0,,,,,,,,,
Kinder Morgan,Snowflake,3/12/2023 0:00,0,0,0,0,0,0,0,0,0,,,,,,,,,
Kinder Morgan,Snowflake,3/13/2023 0:00,0,0,0,0,0,0,0,0,0,,,,,,,,,
Kinder Morgan,Snowflake,3/14/2023 0:00,0,0,0,0,0,0,0,0,0,,,,,,,,,
Kinder Morgan,Snowflake,3/15/2023 0:00,0,0,0,0,0,0,0,0,0,,,,,,,,,
Kinder Morgan,Snowflake,3/16/2023 0:00,0,0,0,0,0,0,0,0,0,,,,,,,,,
Kinder Morgan,Snowflake,3/17/2023 0:00,0,0,0,0,0,0,0,0,0,,,,,,,,,
Kinder Morgan,Snowflake,3/18/2023 0:00,0,0,0,0,0,0,0,0,0,,,,,,,,,
Kinder Morgan,Snowflake,3/19/2023 0:00,0,0,0,0,0,0,0,0,0,,,,,,,,,
Kinder Morgan,Snowflake,3/20/2023 0:00,0,0,0,0,0,0,0,0,0,,,,,,,,,
Kinder Morgan,Snowflake,3/21/2023 0:00,0,0,0,0,0,0,0,0,0,,,,,,,,,
Kinder Morgan,Snowflake,3/22/2023 0:00,0,0,0,0,0,0,0,0,0,,,,,,,,,
Kinder Morgan,Snowflake,3/23/2023 0:00,0,0,0,0,0,0,0,0,0,,,,,,,,,
Kinder Morgan,Snowflake,3/24/2023 0:00,0,0,0,0,0,0,0,0,0,,,,,,,,,
Kinder Morgan,Snowflake,3/25/2023 0:00,0,0,0,0,0,0,0,0,0,,,,,,,,,
Kinder Morgan,Snowflake,3/26/2023 0:00,0,0,0,0,0,0,0,0,0,,,,,,,,,
Kinder Morgan,Snowflake,3/27/2023 0:00,0,0,0,0,0,0,0,0,0,,,,,,,,,
Kinder Morgan,Snowflake,3/28/2023 0:00,0,0,0,0,0,0,0,0,0,,,,,,,,,
Kinder Morgan,Snowflake,3/29/2023 0:00,0,0,0,0,0,0,0,0,0,,,,,,,,,
Kinder Morgan,Snowflake,3/30/2023 0:00,0,0,0,0,0,0,0,0,0,,,,,,,,,
Kinder Morgan,Snowflake,3/31/2023 0:00,0,0,0,0,0,0,0,0,0,,,,,,,,,
Kinder Morgan,Snowflake,4/1/2023 0:00,0,0,0,0,0,0,0,0,0,,,,,,,,,
Kinder Morgan,Snowflake,4/2/2023 0:00,0,0,0,0,0,0,0,0,0,,,,,,,,,
Kinder Morgan,Snowflake,4/3/2023 0:00,0,0,0,0,0,0,0,0,0,,,,,,,,,
Kinder Morgan,Snowflake,4/4/2023 0:00,0,0,0,0,0,0,0,0,0,,,,,,,,,
Kinder Morgan,Snowflake,4/5/2023 0:00,0,0,0,0,0,0,0,0,0,,,,,,,,,
Kinder Morgan,Snowflake,4/6/2023 0:00,0,0,0,0,0,0,0,0,0,,,,,,,,,
Kinder Morgan,Snowflake,4/7/2023 0:00,0,0,0,0,0,0,0,0,0,,,,,,,,,
Kinder Morgan,Snowflake,4/8/2023 0:00,0,0,0,0,0,0,0,0,0,,,,,,,,,
Kinder Morgan,Snowflake,4/9/2023 0:00,0,0,0,0,0,0,0,0,0,,,,,,,,,
Kinder Morgan,Snowflake,4/10/2023 0:00,0,0,0,0,0,0,0,0,0,,,,,,,,,
Kinder Morgan,Snowflake,4/11/2023 0:00,0,0,0,0,0,0,0,0,0,,,,,,,,,
Kinder Morgan,Snowflake,4/12/2023 0:00,0,0,0,0,0,0,0,0,0,,,,,,,,,
Kinder Morgan,Snowflake,4/13/2023 0:00,0,0,0,0,0,0,0,0,0,,,,,,,,,
Kinder Morgan,Snowflake,4/14/2023 0:00,0,0,0,0,0,0,0,0,0,,,,,,,,,
Kinder Morgan,Snowflake,4/15/2023 0:00,0,0,0,0,0,0,0,0,0,,,,,,,,,
Kinder Morgan,Snowflake,4/16/2023 0:00,0,0,0,0,0,0,0,0,0,,,,,,,,,
Kinder Morgan,Snowflake,4/17/2023 0:00,0,0,0,0,0,0,0,0,0,,,,,,,,,
Kinder Morgan,Snowflake,4/18/2023 0:00,0,0,0,0,0,0,0,0,0,,,,,,,,,
Kinder Morgan,Snowflake,4/19/2023 0:00,0,0,0,0,0,0,0,0,0,,,,,,,,,
Kinder Morgan,Snowflake,4/20/2023 0:00,0,0,0,0,0,0,0,0,0,,,,,,,,,
Kinder Morgan,Snowflake,4/21/2023 0:00,0,0,0,0,0,0,0,0,0,,,,,,,,,
Kinder Morgan,Snowflake,4/22/2023 0:00,0,0,0,0,0,0,0,0,0,,,,,,,,,
Kinder Morgan,Snowflake,4/23/2023 0:00,0,0,0,0,0,0,0,0,0,,,,,,,,,
Kinder Morgan,Snowflake,4/24/2023 0:00,0,0,0,0,0,0,0,0,0,,,,,,,,,
Kinder Morgan,Snowflake,4/25/2023 0:00,0,0,0,0,0,0,0,0,0,,,,,,,,,
Kinder Morgan,Snowflake,4/26/2023 0:00,0,0,0,0,0,0,0,0,0,,,,,,,,,
Kinder Morgan,Snowflake,4/27/2023 0:00,0,0,0,0,0,0,0,0,0,,,,,,,,,
Kinder Morgan,Snowflake,4/28/2023 0:00,0,0,0,0,0,0,0,0,0,,,,,,,,,
Kinder Morgan,Snowflake,4/29/2023 0:00,0,0,0,0,0,0,0,0,0,,,,,,,,,
Kinder Morgan,Snowflake,4/30/2023 0:00,0,0,0,0,0,0,0,0,0,,,,,,,,,
Kinder Morgan,Snowflake,5/1/2023 0:00,0,0,0,0,0,0,0,0,0,,,,,,,,,
Kinder Morgan,Snowflake,5/2/2023 0:00,0,0,0,0,0,0,0,0,0,,,,,,,,,
Kinder Morgan,Snowflake,5/3/2023 0:00,0,0,0,0,0,0,0,0,0,,,,,,,,,
Kinder Morgan,Snowflake,5/4/2023 0:00,0,0,0,0,0,0,0,0,0,,,,,,,,,
Kinder Morgan,Snowflake,5/5/2023 0:00,0,0,0,0,0,0,0,0,0,,,,,,,,,
Kinder Morgan,Snowflake,5/6/2023 0:00,0,0,0,0,0,0,0,0,0,,,,,,,,,
Kinder Morgan,Snowflake,5/7/2023 0:00,0,0,0,0,0,0,0,0,0,,,,,,,,,
Kinder Morgan,Snowflake,5/8/2023 0:00,0,0,0,0,0,0,0,0,0,,,,,,,,,
Kinder Morgan,Snowflake,5/9/2023 0:00,0,0,0,0,0,0,0,0,0,,,,,,,,,
Kinder Morgan,Snowflake,5/10/2023 0:00,0,0,0,0,0,0,0,0,0,,,,,,,,,
Kinder Morgan,Snowflake,5/11/2023 0:00,0,0,0,0,0,0,0,0,0,,,,,,,,,
Kinder Morgan,Snowflake,5/12/2023 0:00,335.472479,1.0052,337.212917,772.24,87.71,0.5618,0.1658,0.9644,98.8698,,,,,,,,,
Kinder Morgan,Snowflake,5/13/2023 0:00,518.937452,0.999,518.417006,779.2,87.91,0.562,0.1697,1.3368,98.4935,,,,,,,,,
Kinder Morgan,Snowflake,5/14/2023 0:00,0,0,0,0,0,0,0,0,0,,,,,,,,,
Kinder Morgan,Snowflake,5/15/2023 0:00,0,0,0,0,0,0,0,0,0,,,,,,,,,
Kinder Morgan,Snowflake,5/16/2023 0:00,497.179036,1.0031,498.717055,728.49,95.16,0.561,0.1251,1.0703,98.8046,,,,,,,,,
Kinder Morgan,Snowflake,5/17/2023 0:00,520.346383,1.0064,523.669118,742.87,93.67,0.56,0.1619,0.7225,99.1156,,,,,,,,,
Kinder Morgan,Snowflake,5/18/2023 0:00,521.29532,1.0073,525.124356,761.68,95.28,0.5595,0.1544,0.63,99.2156,,,,,,,,,
Kinder Morgan,Snowflake,5/19/2023 0:00,518.136183,1.0029,519.615868,770.49,92.97,0.561,0.1521,1.0435,98.8044,,,,,,,,,
Kinder Morgan,Snowflake,5/20/2023 0:00,0,0,0,0,0,0,0,0,0,,,,,,,,,
Kinder Morgan,Snowflake,5/21/2023 0:00,0,0,0,0,0,0,0,0,0,,,,,,,,,
Kinder Morgan,Snowflake,5/22/2023 0:00,0,0,0,0,0,0,0,0,0,,,,,,,,,
Kinder Morgan,Snowflake,5/23/2023 0:00,790.848948,1.0053,795.06032,751.59,95.9,0.5599,0.1177,0.8476,99.0347,,,,,,,,,
Kinder Morgan,Snowflake,5/24/2023 0:00,0.046486,1.0195,0.047393,793.66,82.19,0.5814,0.7931,0.9906,98.2163,,,,,,,,,
Kinder Morgan,Snowflake,5/25/2023 0:00,136.388715,1.0107,137.843425,746.99,92.11,0.561,0.1712,0.5398,99.289,,,,,,,,,
Kinder Morgan,Snowflake,5/26/2023 0:00,0,0,0,0,0,0,0,0,0,,,,,,,,,
Kinder Morgan,Snowflake,5/27/2023 0:00,0,0,0,0,0,0,0,0,0,,,,,,,,,
Kinder Morgan,Snowflake,5/28/2023 0:00,0,0,0,0,0,0,0,0,0,,,,,,,,,
Kinder Morgan,Snowflake,5/29/2023 0:00,0,0,0,0,0,0,0,0,0,,,,,,,,,
Kinder Morgan,Snowflake,5/30/2023 0:00,380.316281,1.0093,383.835393,661.25,95.12,0.559,0.1422,0.4918,99.366,,,,,,,,,
Kinder Morgan,Snowflake,5/31/2023 0:00,283.206992,1.0018,283.708223,699.09,91.87,0.5622,0.159,1.2148,98.6262,,,,,,,,,
Kinder Morgan,Snowflake,6/1/2023 0:00,0,0,0,0,0,0,0,0,0,,,,,,,,,
Kinder Morgan,Snowflake,6/2/2023 0:00,527.247427,1.0031,528.85885,738.43,92.72,0.5616,0.1536,1.0874,98.759,,,,,,,,,
Kinder Morgan,Snowflake,6/3/2023 0:00,0,0,0,0,0,0,0,0,0,,,,,,,,,
Kinder Morgan,Snowflake,6/4/2023 0:00,0,0,0,0,0,0,0,0,0,,,,,,,,,
Kinder Morgan,Snowflake,6/5/2023 0:00,283.14371,0.9997,283.068193,709.83,93.53,0.5647,0.1961,1.5095,98.2944,,,,,,,,,
Kinder Morgan,Snowflake,6/6/2023 0:00,1181.512941,1.0028,1184.845469,699.91,94.99,0.5602,0.131,1.0015,98.8675,,,,,,,,,
Kinder Morgan,Snowflake,6/7/2023 0:00,937.006184,1.0005,937.510004,699.1,94.43,0.5614,0.131,1.2565,98.6125,,,,,,,,,
Kinder Morgan,Snowflake,6/8/2023 0:00,0,0,0,0,0,0,0,0,0,,,,,,,,,
Kinder Morgan,Snowflake,6/9/2023 0:00,905.458653,1.0019,907.220151,743.39,95.21,0.561,0.1103,1.1643,98.7254,,,,,,,,,
Kinder Morgan,Snowflake,6/10/2023 0:00,0,0,0,0,0,0,0,0,0,,,,,,,,,
Kinder Morgan,Snowflake,6/11/2023 0:00,0,0,0,0,0,0,0,0,0,,,,,,,,,
Kinder Morgan,Snowflake,6/12/2023 0:00,0,0,0,0,0,0,0,0,0,,,,,,,,,
Kinder Morgan,Snowflake,6/13/2023 0:00,1163.510868,1.0048,1169.103321,707.71,94.79,0.5598,0.0928,0.9039,99.0033,,,,,,,,,
Kinder Morgan,Snowflake,6/14/2023 0:00,903.428072,1.0054,908.285964,758.13,96.83,0.5594,0.0978,0.8279,99.0743,,,,,,,,,
Kinder Morgan,Snowflake,6/15/2023 0:00,0,0,0,0,0,0,0,0,0,,,,,,,,,
Kinder Morgan,Snowflake,6/16/2023 0:00,0,0,0,0,0,0,0,0,0,,,,,,,,,
Kinder Morgan,Snowflake,6/17/2023 0:00,0,0,0,0,0,0,0,0,0,,,,,,,,,
Kinder Morgan,Snowflake,6/18/2023 0:00,0,0,0,0,0,0,0,0,0,,,,,,,,,
Kinder Morgan,Snowflake,6/19/2023 0:00,263.507114,1.0078,265.555996,708.88,92.38,0.5604,0.131,0.7229,99.1461,,,,,,,,,
Kinder Morgan,Snowflake,6/20/2023 0:00,1209.144732,1.0055,1215.766734,714.87,96.2,0.5593,0.1044,0.7994,99.0962,,,,,,,,,
Kinder Morgan,Snowflake,6/21/2023 0:00,288.280631,1.0054,289.833794,748.17,96,0.5603,0.0947,0.9087,98.9966,,,,,,,,,
Kinder Morgan,Snowflake,6/22/2023 0:00,0,0,0,0,0,0,0,0,0,,,,,,,,,
Kinder Morgan,Snowflake,6/23/2023 0:00,0,0,0,0,0,0,0,0,0,,,,,,,,,
Kinder Morgan,Snowflake,6/24/2023 0:00,0,0,0,0,0,0,0,0,0,,,,,,,,,
Kinder Morgan,Snowflake,6/25/2023 0:00,0,0,0,0,0,0,0,0,0,,,,,,,,,
Kinder Morgan,Snowflake,6/26/2023 0:00,0,0,0,0,0,0,0,0,0,,,,,,,,,
Kinder Morgan,Snowflake,6/27/2023 0:00,884.591501,1.0038,887.973349,778.69,97.38,0.5603,0.1189,0.9695,98.9116,,,,,,,,,
Kinder Morgan,Snowflake,6/28/2023 0:00,916.020042,1.0047,920.362003,718.31,97.57,0.5593,0.1022,0.8426,99.0552,,,,,,,,,
Kinder Morgan,Snowflake,6/29/2023 0:00,0,0,0,0,0,0,0,0,0,,,,,,,,,
Kinder Morgan,Snowflake,6/30/2023 0:00,378.081378,1.0057,380.238321,676.43,94.54,0.5608,0.1337,0.8769,98.9894,,,,,,,,,
Kinder Morgan,Snowflake,7/1/2023 0:00,0,0,0,0,0,0,0,0,0,,,,,,,,,
Kinder Morgan,Snowflake,7/2/2023 0:00,0,0,0,0,0,0,0,0,0,,,,,,,,,
Kinder Morgan,Snowflake,7/3/2023 0:00,0,0,0,0,0,0,0,0,0,,,,,,,,,
Kinder Morgan,Snowflake,7/4/2023 0:00,0,0,0,0,0,0,0,0,0,,,,,,,,,
Kinder Morgan,Snowflake,7/5/2023 0:00,1184.402987,1.0011,1185.741463,739.5,98.4,0.5612,0.0952,1.253,98.6518,,,,,,,,,
Kinder Morgan,Snowflake,7/6/2023 0:00,617.448159,0.9998,617.325274,737.09,99.22,0.5613,0.1012,1.3303,98.5685,,,,,,,,,
Kinder Morgan,Snowflake,7/7/2023 0:00,0,0,0,0,0,0,0,0,0,,,,,,,,,
Kinder Morgan,Snowflake,7/8/2023 0:00,334.12009,1.0017,334.700266,689.21,95,0.5629,0.1438,1.2998,98.5564,,,,,,,,,
Kinder Morgan,Snowflake,7/9/2023 0:00,0,0,0,0,0,0,0,0,0,,,,,,,,,
Kinder Morgan,Snowflake,7/10/2023 0:00,0,0,0,0,0,0,0,0,0,,,,,,,,,
Kinder Morgan,Snowflake,7/11/2023 0:00,891.48544,1.0041,895.107143,751.98,98.97,0.5603,0.1296,0.9392,98.9312,,,,,,,,,
Kinder Morgan,Snowflake,7/12/2023 0:00,882.306061,1.0041,885.945512,739.59,98.36,0.5596,0.1215,0.881,98.9975,,,,,,,,,
Kinder Morgan,Snowflake,7/13/2023 0:00,287.29688,1.0051,288.754609,776.01,98.45,0.5598,0.1173,0.848,99.0347,,,,,,,,,
Kinder Morgan,Snowflake,7/14/2023 0:00,0,0,0,0,0,0,0,0,0,,,,,,,,,
Kinder Morgan,Snowflake,7/15/2023 0:00,0,0,0,0,0,0,0,0,0,,,,,,,,,
Kinder Morgan,Snowflake,7/16/2023 0:00,0,0,0,0,0,0,0,0,0,,,,,,,,,
Kinder Morgan,Snowflake,7/17/2023 0:00,0,0,0,0,0,0,0,0,0,,,,,,,,,
Kinder Morgan,Snowflake,7/18/2023 0:00,907.633125,1.0061,913.127122,721.36,98.39,0.5597,0.1397,0.7496,99.1107,,,,,,,,,
Kinder Morgan,Snowflake,7/19/2023 0:00,588.918532,1.0069,593.004204,725.81,100.11,0.5583,0.0905,0.639,99.2705,,,,,,,,,
Kinder Morgan,Snowflake,7/20/2023 0:00,544.961519,1.0086,549.632773,721.36,100.49,0.5584,0.0635,0.5877,99.3488,,,,,,,,,
Kinder Morgan,Snowflake,7/21/2023 0:00,834.682065,1.0073,840.773234,713.08,99.86,0.5584,0.1358,0.5543,99.3099,,,,,,,,,
Kinder Morgan,Snowflake,7/22/2023 0:00,24.29863,1.0138,24.634996,782.52,86.59,0.5653,0.2751,0.6016,99.1233,,,,,,,,,
Kinder Morgan,Snowflake,7/23/2023 0:00,176.924309,1.0095,178.612699,784.79,91.63,0.5569,0.0387,0.4297,99.5316,,,,,,,,,
Kinder Morgan,Snowflake,7/24/2023 0:00,0.019449,1.0216,0.01987,790.73,62.89,0.5758,0.5514,0.7095,98.7391,,,,,,,,,
Kinder Morgan,Snowflake,7/25/2023 0:00,1230.025471,1.0102,1242.55454,804.87,95.44,0.5568,0.0401,0.3828,99.5771,,,,,,,,,
Kinder Morgan,Snowflake,7/26/2023 0:00,806.837364,1.0102,815.073389,810.16,99.88,0.5566,0.0291,0.3743,99.5966,,,,,,,,,
Kinder Morgan,Snowflake,7/27/2023 0:00,1089.067022,1.0097,1099.603837,783.73,98.69,0.557,0.0504,0.4066,99.543,,,,,,,,,
Kinder Morgan,Snowflake,7/28/2023 0:00,1067.356063,1.0081,1076.022486,781.34,99.17,0.5582,0.1675,0.4425,99.39,,,,,,,,,
Kinder Morgan,Snowflake,7/29/2023 0:00,790.614697,1.0086,797.393893,807.86,99.62,0.5577,0.0973,0.4678,99.4349,,,,,,,,,
Kinder Morgan,Snowflake,7/30/2023 0:00,565.671103,1.0083,570.348585,764.68,99.19,0.5576,0.0681,0.5288,99.4031,,,,,,,,,
Kinder Morgan,Snowflake,7/31/2023 0:00,798.889232,1.0093,806.294712,795.19,96.32,0.5576,0.077,0.4574,99.4656,,,,,,,,,
Kinder Morgan,Snowflake,8/1/2023 0:00,0,0,0,0,0,0,0,0,0,,,,,,,,,
Kinder Morgan,Snowflake,8/2/2023 0:00,1359.513859,1.0105,1373.8346,772.05,95.81,0.5573,0.1138,0.2887,99.5975,,,,,,,,,
Kinder Morgan,Snowflake,8/3/2023 0:00,833.71729,1.0104,842.363765,752.47,97.97,0.5573,0.1707,0.2164,99.6129,,,,,,,,,
Kinder Morgan,Snowflake,8/4/2023 0:00,1088.105909,1.0094,1098.318518,769.26,98.73,0.558,0.1903,0.309,99.5007,,,,,,,,,
Kinder Morgan,Snowflake,8/5/2023 0:00,1078.228135,1.0077,1086.541762,791.08,98.98,0.5597,0.3552,0.3164,99.3284,,,,,,,,,
Kinder Morgan,Snowflake,8/6/2023 0:00,1153.116234,1.0074,1161.628702,785.17,98.65,0.5602,0.4726,0.2105,99.3169,,,,,,,,,
Kinder Morgan,Snowflake,8/7/2023 0:00,1019.979312,1.0054,1025.528504,773.83,97.4,0.5623,0.6958,0.1799,99.1243,,,,,,,,,
Kinder Morgan,Snowflake,8/8/2023 0:00,1315.069078,1.0044,1320.88582,800.91,96.99,0.563,0.7517,0.2248,99.0235,,,,,,,,,
Kinder Morgan,Snowflake,8/9/2023 0:00,544.192556,1.0048,546.793002,778.27,96.4,0.5621,0.6234,0.3169,99.0597,,,,,,,,,
Kinder Morgan,Snowflake,8/10/2023 0:00,37.19151,1.0151,37.751391,728.54,67.27,0.5719,0.6563,0.5765,98.7672,,,,,,,,,
Kinder Morgan,Snowflake,8/11/2023 0:00,772.351668,1.0057,776.749716,741.73,95.75,0.5609,0.4743,0.3746,99.1511,,,,,,,,,
Kinder Morgan,Snowflake,8/12/2023 0:00,1378.43294,1.0075,1388.752476,764.77,94.05,0.56,0.3879,0.3163,99.2958,,,,,,,,,
Kinder Morgan,Snowflake,8/13/2023 0:00,816.498286,1.0078,822.855413,765.13,96.24,0.5592,0.3249,0.3172,99.3579,,,,,,,,,
Kinder Morgan,Snowflake,8/14/2023 0:00,1320.474342,1.0074,1330.236871,800.14,96.61,0.5595,0.2872,0.4285,99.2843,,,,,,,,,
Kinder Morgan,Snowflake,8/15/2023 0:00,796.06717,1.0078,802.243806,792.11,97.46,0.558,0.1088,0.5351,99.3561,,,,,,,,,
Kinder Morgan,Snowflake,8/16/2023 0:00,1023.824667,1.0074,1031.388583,786.13,96.53,0.5581,0.0951,0.5853,99.3196,,,,,,,,,
Kinder Morgan,Snowflake,8/17/2023 0:00,1097.815751,1.0072,1105.745477,780.71,98.46,0.5583,0.1092,0.5875,99.3033,,,,,,,,,
Kinder Morgan,Snowflake,8/18/2023 0:00,286.338963,1.0032,287.253888,758.47,95.62,0.5595,0.0396,1.0529,98.9075,,,,,,,,,
Kinder Morgan,Snowflake,8/19/2023 0:00,589.890776,1.008,594.637178,771.82,95.74,0.5585,0.0576,0.6384,99.304,,,,,,,,,
Kinder Morgan,Snowflake,8/20/2023 0:00,576.500254,1.0102,582.401462,740.7,96.74,0.5578,0.0514,0.4497,99.4989,,,,,,,,,
Kinder Morgan,Snowflake,8/21/2023 0:00,292.364826,1.0107,295.497664,755.72,93.32,0.5588,0.0902,0.4587,99.4511,,,,,,,,,
Kinder Morgan,Snowflake,8/22/2023 0:00,873.90406,1.009,881.782964,751.69,96.09,0.5577,0.0391,0.536,99.4249,,,,,,,,,
Kinder Morgan,Snowflake,8/23/2023 0:00,854.211533,1.0102,862.887957,768.38,95.7,0.5569,0.0539,0.3646,99.5815,,,,,,,,,
Kinder Morgan,Snowflake,8/24/2023 0:00,839.470096,1.0101,847.989332,796.31,94.23,0.5573,0.0612,0.3912,99.5476,,,,,,,,,
Kinder Morgan,Snowflake,8/25/2023 0:00,631.703004,1.0101,638.058293,755.68,96.46,0.5567,0.0328,0.3843,99.5829,,,,,,,,,
Kinder Morgan,Snowflake,8/26/2023 0:00,545.119634,1.0108,551.021743,771.6,96.68,0.5573,0.0408,0.3873,99.5719,,,,,,,,,
Kinder Morgan,Snowflake,8/27/2023 0:00,288.776408,1.0097,291.582685,774.15,95.21,0.5587,0.0634,0.5496,99.387,,,,,,,,,
Kinder Morgan,Snowflake,8/28/2023 0:00,625.643314,1.0093,631.476434,765,96.88,0.5581,0.0468,0.5452,99.408,,,,,,,,,
Kinder Morgan,Snowflake,8/29/2023 0:00,551.165826,1.0091,556.173169,758.34,97.3,0.5574,0.0191,0.531,99.4499,,,,,,,,,
Kinder Morgan,Snowflake,8/30/2023 0:00,319.128475,1.0109,322.608412,764.41,99.28,0.5576,0.0422,0.4134,99.5444,,,,,,,,,
Kinder Morgan,Snowflake,8/31/2023 0:00,598.498575,1.0104,604.706835,754.13,98.89,0.5572,0.025,0.4245,99.5505,,,,,,,,,
Kinder Morgan,Snowflake,9/1/2023 0:00,0,0,0,0,0,0,0,0,0,,,,,,,,,
Kinder Morgan,Snowflake,9/2/2023 0:00,0,0,0,0,0,0,0,0,0,,,,,,,,,
Kinder Morgan,Snowflake,9/3/2023 0:00,0,0,0,0,0,0,0,0,0,,,,,,,,,
Kinder Morgan,Snowflake,9/4/2023 0:00,0,0,0,0,0,0,0,0,0,,,,,,,,,
Kinder Morgan,Snowflake,9/5/2023 0:00,0,0,0,0,0,0,0,0,0,,,,,,,,,
Kinder Morgan,Snowflake,9/6/2023 0:00,323.135879,1.0092,326.10677,690.93,91.18,0.5589,0.0538,0.6233,99.3229,,,,,,,,,
Kinder Morgan,Snowflake,9/7/2023 0:00,0,0,0,0,0,0,0,0,0,,,,,,,,,
Kinder Morgan,Snowflake,9/8/2023 0:00,964.091028,1.0099,973.678184,727.5,96.8,0.5575,0.028,0.4749,99.4971,,,,,,,,,
Kinder Morgan,Snowflake,9/9/2023 0:00,626.396797,1.0119,633.827215,719.31,97.82,0.556,0.0229,0.2278,99.7493,,,,,,,,,
Kinder Morgan,Snowflake,9/10/2023 0:00,0,0,0,0,0,0,0,0,0,,,,,,,,,
Kinder Morgan,Snowflake,9/11/2023 0:00,1249.94637,1.0119,1264.867034,716.22,95.13,0.5565,0.0286,0.2613,99.7101,,,,,,,,,
Kinder Morgan,Snowflake,9/12/2023 0:00,1135.917526,1.0102,1147.526216,722.02,94.09,0.5568,0.0704,0.3318,99.5978,,,,,,,,,
Kinder Morgan,Snowflake,9/13/2023 0:00,821.995473,1.0104,830.551835,800.01,94.68,0.5571,0.0616,0.3576,99.5808,,,,,,,,,
Kinder Morgan,Snowflake,9/14/2023 0:00,858.9118,1.0093,866.929535,771.81,95.12,0.5576,0.0822,0.4356,99.4822,,,,,,,,,
Kinder Morgan,Snowflake,9/15/2023 0:00,1122.402173,1.0111,1134.886254,762.54,95.21,0.5571,0.1142,0.2354,99.6504,,,,,,,,,
Kinder Morgan,Snowflake,9/16/2023 0:00,299.233741,1.011,302.522046,737.2,93.33,0.5568,0.0494,0.3203,99.6303,,,,,,,,,
Kinder Morgan,Snowflake,9/17/2023 0:00,587.820843,1.0109,594.235345,747.2,93.64,0.5573,0.0477,0.3652,99.5871,,,,,,,,,
Kinder Morgan,Snowflake,9/18/2023 0:00,158.859237,1.0124,160.833923,820.5,89.75,0.5591,0.1222,0.3341,99.5437,,,,,,,,,
Kinder Morgan,Snowflake,9/19/2023 0:00,0,0,0,0,0,0,0,0,0,,,,,,,,,
Kinder Morgan,Snowflake,9/20/2023 0:00,953.94766,1.0111,964.508229,730.64,90.26,0.557,0.0475,0.328,99.6245,,,,,,,,,
Kinder Morgan,Snowflake,9/21/2023 0:00,569.272322,1.0123,576.259781,748.76,93.37,0.5565,0.0357,0.2292,99.7351,,,,,,,,,
Kinder Morgan,Snowflake,9/22/2023 0:00,311.814187,1.0127,315.784897,782.54,94.49,0.5571,0.0578,0.2268,99.7154,,,,,,,,,
Kinder Morgan,Snowflake,9/23/2023 0:00,656.457768,1.0124,664.610257,717.67,91.8,0.5562,0.0299,0.2016,99.7685,,,,,,,,,
Kinder Morgan,Snowflake,9/24/2023 0:00,548.791007,1.0127,555.743425,713.15,95.48,0.5563,0.0337,0.193,99.7733,,,,,,,,,
Kinder Morgan,Snowflake,9/25/2023 0:00,635.184286,1.012,642.811657,721.16,92.83,0.5566,0.0387,0.2527,99.7086,,,,,,,,,
Kinder Morgan,Snowflake,9/26/2023 0:00,1098.655107,1.0082,1107.629834,705.93,96,0.5576,0.0574,0.546,99.3966,,,,,,,,,
Kinder Morgan,Snowflake,9/27/2023 0:00,1144.865519,1.0106,1156.944697,704.29,96.37,0.5569,0.0762,0.3079,99.6159,,,,,,,,,
Kinder Morgan,Snowflake,9/28/2023 0:00,297.999968,1.0075,300.238507,714.82,93.47,0.5582,0.0359,0.6699,99.2942,,,,,,,,,
Kinder Morgan,Snowflake,9/29/2023 0:00,577.013961,1.012,583.962521,787.58,95.17,0.5567,0.0485,0.248,99.7035,,,,,,,,,
Kinder Morgan,Snowflake,9/30/2023 0:00,0,0,0,0,0,0,0,0,0,,,,,,,,,
Kinder Morgan,Snowflake,10/1/2023 0:00,0,0,0,0,0,0,0,0,0,,,,,,,,,
Kinder Morgan,Snowflake,10/2/2023 0:00,0,0,0,0,0,0,0,0,0,,,,,,,,,
Kinder Morgan,Snowflake,10/3/2023 0:00,1420.023608,1.0101,1434.295032,706.46,91.68,0.5574,0.1116,0.3327,99.5557,,,,,,,,,
Kinder Morgan,Snowflake,10/4/2023 0:00,1124.87624,1.0103,1136.486166,739.17,94.07,0.5572,0.1214,0.2859,99.5927,,,,,,,,,
Kinder Morgan,Snowflake,10/5/2023 0:00,1143.914865,1.01,1155.32644,713.48,94.18,0.5573,0.1122,0.3271,99.5607,,,,,,,,,
Kinder Morgan,Snowflake,10/6/2023 0:00,848.676782,1.0097,856.9402,716.56,95.31,0.5573,0.0877,0.3837,99.5286,,,,,,,,,
Kinder Morgan,Snowflake,10/7/2023 0:00,0,0,0,0,0,0,0,0,0,,,,,,,,,
Kinder Morgan,Snowflake,10/8/2023 0:00,0,0,0,0,0,0,0,0,0,,,,,,,,,
Kinder Morgan,Snowflake,10/9/2023 0:00,506.031343,1.009,510.588836,755.36,89.69,0.5584,0.1039,0.4986,99.3975,,,,,,,,,
Kinder Morgan,Snowflake,10/10/2023 0:00,1099.468172,1.0101,1110.564343,783.56,94.96,0.5573,0.1332,0.2883,99.5785,,,,,,,,,
Kinder Morgan,Snowflake,10/11/2023 0:00,848.677388,1.0102,857.367371,717.91,92.37,0.5572,0.1354,0.2648,99.5998,,,,,,,,,
Kinder Morgan,Snowflake,10/12/2023 0:00,632.904178,1.0088,638.454662,736.55,88.54,0.5581,0.0863,0.5137,99.4,,,,,,,,,
Kinder Morgan,Snowflake,10/13/2023 0:00,644.700861,1.008,649.84742,702.17,90.53,0.5582,0.0765,0.5882,99.3353,,,,,,,,,
Kinder Morgan,Snowflake,10/14/2023 0:00,657.788525,1.0117,665.493603,680.63,92.23,0.557,0.0686,0.2622,99.6692,,,,,,,,,
Kinder Morgan,Snowflake,10/15/2023 0:00,0,0,0,0,0,0,0,0,0,,,,,,,,,
Kinder Morgan,Snowflake,10/16/2023 0:00,986.182059,1.0101,996.121945,697.68,92.49,0.5571,0.0363,0.4229,99.5408,,,,,,,,,
Kinder Morgan,Snowflake,10/17/2023 0:00,650.591684,1.0111,657.819841,683.19,95.04,0.5566,0.0375,0.3094,99.6531,,,,,,,,,
Kinder Morgan,Snowflake,10/18/2023 0:00,323.138214,1.0119,326.987148,713.08,92.55,0.5574,0.0589,0.3046,99.6365,,,,,,,,,
Kinder Morgan,Snowflake,10/19/2023 0:00,920.607632,1.0115,931.166769,717.58,95.06,0.5565,0.0262,0.298,99.6758,,,,,,,,,
Kinder Morgan,Snowflake,10/20/2023 0:00,319.401864,1.0112,322.975804,697.56,95.23,0.5577,0.0667,0.3588,99.5745,,,,,,,,,
Kinder Morgan,Snowflake,10/21/2023 0:00,320.261751,1.0111,323.826267,688.8,92.68,0.5577,0.0705,0.3594,99.5701,,,,,,,,,
Kinder Morgan,Snowflake,10/22/2023 0:00,0,0,0,0,0,0,0,0,0,,,,,,,,,
Kinder Morgan,Snowflake,10/23/2023 0:00,0,0,0,0,0,0,0,0,0,,,,,,,,,
Kinder Morgan,Snowflake,10/24/2023 0:00,636.172348,1.0117,643.629085,738.48,86.9,0.5571,0.0613,0.2831,99.6556,,,,,,,,,
Kinder Morgan,Snowflake,10/25/2023 0:00,328.15877,1.012,332.093563,692.93,89.23,0.5572,0.0668,0.2695,99.6637,,,,,,,,,
Kinder Morgan,Snowflake,10/26/2023 0:00,1007.325548,1.0119,1019.334468,669.64,89.06,0.5565,0.0501,0.232,99.7179,,,,,,,,,
Kinder Morgan,Snowflake,10/27/2023 0:00,646.74843,1.0119,654.416226,728.74,92.12,0.5566,0.0555,0.2328,99.7117,,,,,,,,,
Kinder Morgan,Snowflake,10/28/2023 0:00,659.154958,1.0055,662.777628,709.57,89.65,0.5595,0.0656,0.878,99.0564,,,,,,,,,
Kinder Morgan,Snowflake,10/29/2023 0:00,0,0,0,0,0,0,0,0,0,,,,,,,,,
Kinder Morgan,Snowflake,10/30/2023 0:00,992.644254,1.0109,1003.437124,688.28,75.83,0.5569,0.0515,0.3282,99.6203,,,,,,,,,
Kinder Morgan,Snowflake,10/31/2023 0:00,959.365491,1.0109,969.852798,626.99,82.24,0.5564,0.044,0.2877,99.6683,,,,,,,,,
Kinder Morgan,Snowflake,11/1/2023 0:00,0,0,0,0,0,0,0,0,0,,,,,,,,,
Kinder Morgan,Snowflake,11/2/2023 0:00,0,0,0,0,0,0,0,0,0,,,,,,,,,
Kinder Morgan,Snowflake,11/3/2023 0:00,0,0,0,0,0,0,0,0,0,,,,,,,,,
Kinder Morgan,Snowflake,11/4/2023 0:00,0,0,0,0,0,0,0,0,0,,,,,,,,,
Kinder Morgan,Snowflake,11/5/2023 0:00,0,0,0,0,0,0,0,0,0,,,,,,,,,
Kinder Morgan,Snowflake,11/6/2023 0:00,0,0,0,0,0,0,0,0,0,,,,,,,,,
Kinder Morgan,Snowflake,11/7/2023 0:00,643.530355,1.0035,645.761398,713.96,86.41,0.5605,0.0775,1.0701,98.8524,,,,,,,,,
Kinder Morgan,Snowflake,11/8/2023 0:00,631.163855,1.0028,632.935518,729.8,88.75,0.5604,0.062,1.1287,98.8093,,,,,,,,,
Kinder Morgan,Snowflake,11/9/2023 0:00,643.095283,1.0075,647.896331,713.1,82.27,0.5589,0.0646,0.6979,99.2375,,,,,,,,,
Kinder Morgan,Snowflake,11/10/2023 0:00,669.52897,1.0095,675.863491,682.55,85.12,0.5578,0.0715,0.4707,99.4578,,,,,,,,,
Kinder Morgan,Snowflake,11/11/2023 0:00,545.466773,1.017,554.73222,704.09,84.44,0.575,0.5216,0.9513,98.5271,,,,,,,,,
Kinder Morgan,Snowflake,11/12/2023 0:00,664.592932,1.0109,671.847953,705.99,87.6,0.557,0.049,0.3376,99.6134,,,,,,,,,
Kinder Morgan,Snowflake,11/13/2023 0:00,0,0,0,0,0,0,0,0,0,,,,,,,,,
Kinder Morgan,Snowflake,11/14/2023 0:00,324.930401,1.0108,328.448715,752.06,85.6,0.5584,0.059,0.4634,99.4776,,,,,,,,,
Kinder Morgan,Snowflake,11/15/2023 0:00,230.420523,1.0101,232.740505,775.15,74.78,0.5602,0.0879,0.6262,99.2859,,,,,,,,,
Kinder Morgan,Snowflake,11/16/2023 0:00,582.921742,1.0093,588.318023,810.51,90.12,0.5574,0.0215,0.5164,99.4621,,,,,,,,,
Kinder Morgan,Snowflake,11/17/2023 0:00,455.823252,1.0038,457.555397,767.26,88.53,0.5606,0.0418,1.1221,98.8361,,,,,,,,,
Kinder Morgan,Snowflake,11/18/2023 0:00,0,0,0,0,0,0,0,0,0,,,,,,,,,
Kinder Morgan,Snowflake,11/19/2023 0:00,0,0,0,0,0,0,0,0,0,,,,,,,,,
Kinder Morgan,Snowflake,11/20/2023 0:00,0,0,0,0,0,0,0,0,0,,,,,,,,,
Kinder Morgan,Snowflake,11/21/2023 0:00,460.653601,1.008,464.340125,733.54,84.47,0.5592,0.0687,0.6935,99.2378,,,,,,,,,
Kinder Morgan,Snowflake,11/22/2023 0:00,0,0,0,0,0,0,0,0,0,,,,,,,,,
Kinder Morgan,Snowflake,11/23/2023 0:00,0,0,0,0,0,0,0,0,0,,,,,,,,,
Kinder Morgan,Snowflake,11/24/2023 0:00,0,0,0,0,0,0,0,0,0,,,,,,,,,
Kinder Morgan,Snowflake,11/25/2023 0:00,0,0,0,0,0,0,0,0,0,,,,,,,,,
Kinder Morgan,Snowflake,11/26/2023 0:00,0,0,0,0,0,0,0,0,0,,,,,,,,,
Kinder Morgan,Snowflake,11/27/2023 0:00,0,0,0,0,0,0,0,0,0,,,,,,,,,
Kinder Morgan,Snowflake,11/28/2023 0:00,388.6301,1.0078,391.663955,716.32,80.63,0.5582,0.0422,0.6519,99.3059,,,,,,,,,
Kinder Morgan,Snowflake,11/29/2023 0:00,0,0,0,0,0,0,0,0,0,,,,,,,,,
Kinder Morgan,Snowflake,11/30/2023 0:00,456.36204,1.01,460.926205,754.37,75.6,0.5582,0.0544,0.5005,99.4451,,,,,,,,,
Kinder Morgan,Snowflake,12/1/2023 0:00,0,0,0,0,0,0,0,0,0,,,,,,,,,
Kinder Morgan,Snowflake,12/2/2023 0:00,0,0,0,0,0,0,0,0,0,,,,,,,,,
Kinder Morgan,Snowflake,12/3/2023 0:00,0,0,0,0,0,0,0,0,0,,,,,,,,,
Kinder Morgan,Snowflake,12/4/2023 0:00,0,0,0,0,0,0,0,0,0,,,,,,,,,
Kinder Morgan,Snowflake,12/5/2023 0:00,446.160876,1.0103,450.758255,784.33,85.88,0.5579,0.0488,0.4613,99.4899,,,,,,,,,
Kinder Morgan,Snowflake,12/6/2023 0:00,0,0,0,0,0,0,0,0,0,,,,,,,,,
Kinder Morgan,Snowflake,12/7/2023 0:00,461.387359,1.0101,466.038152,756.67,85.04,0.5579,0.045,0.4759,99.4791,,,,,,,,,
Kinder Morgan,Snowflake,12/8/2023 0:00,0,0,0,0,0,0,0,0,0,,,,,,,,,
Kinder Morgan,Snowflake,12/9/2023 0:00,236.123164,1.0098,238.42881,662.67,72.57,0.5587,0.0737,0.5363,99.39,,,,,,,,,
Kinder Morgan,Snowflake,12/10/2023 0:00,0,0,0,0,0,0,0,0,0,,,,,,,,,
Kinder Morgan,Snowflake,12/11/2023 0:00,0,0,0,0,0,0,0,0,0,,,,,,,,,
Kinder Morgan,Snowflake,12/12/2023 0:00,479.568628,1.0087,483.734444,711.44,79.82,0.5586,0.0563,0.6126,99.3311,,,,,,,,,
Kinder Morgan,Snowflake,12/13/2023 0:00,0,0,0,0,0,0,0,0,0,,,,,,,,,
Kinder Morgan,Snowflake,12/14/2023 0:00,0,0,0,0,0,0,0,0,0,,,,,,,,,
Kinder Morgan,Snowflake,12/15/2023 0:00,0,0,0,0,0,0,0,0,0,,,,,,,,,
Kinder Morgan,Snowflake,12/16/2023 0:00,0,0,0,0,0,0,0,0,0,,,,,,,,,
Kinder Morgan,Snowflake,12/17/2023 0:00,0,0,0,0,0,0,0,0,0,,,,,,,,,
Kinder Morgan,Snowflake,12/18/2023 0:00,0,0,0,0,0,0,0,0,0,,,,,,,,,
Kinder Morgan,Snowflake,12/19/2023 0:00,455.119856,1.0043,457.057957,775.4,83.91,0.5608,0.06,1.0799,98.8601,,,,,,,,,
Kinder Morgan,Snowflake,12/20/2023 0:00,0,0,0,0,0,0,0,0,0,,,,,,,,,
Kinder Morgan,Snowflake,12/21/2023 0:00,0,0,0,0,0,0,0,0,0,,,,,,,,,
Kinder Morgan,Snowflake,12/22/2023 0:00,0,0,0,0,0,0,0,0,0,,,,,,,,,
Kinder Morgan,Snowflake,12/23/2023 0:00,0,0,0,0,0,0,0,0,0,,,,,,,,,
Kinder Morgan,Snowflake,12/24/2023 0:00,0,0,0,0,0,0,0,0,0,,,,,,,,,
Kinder Morgan,Snowflake,12/25/2023 0:00,0,0,0,0,0,0,0,0,0,,,,,,,,,
Kinder Morgan,Snowflake,12/26/2023 0:00,0,0,0,0,0,0,0,0,0,,,,,,,,,
Kinder Morgan,Snowflake,12/27/2023 0:00,0,0,0,0,0,0,0,0,0,,,,,,,,,
Kinder Morgan,Snowflake,12/28/2023 0:00,0,0,0,0,0,0,0,0,0,,,,,,,,,
Kinder Morgan,Snowflake,12/29/2023 0:00,0,0,0,0,0,0,0,0,0,,,,,,,,,
Kinder Morgan,Snowflake,12/30/2023 0:00,0,0,0,0,0,0,0,0,0,,,,,,,,,
Kinder Morgan,Snowflake,12/31/2023 0:00,0,0,0,0,0,0,0,0,0,,,,,,,,,
Kinder Morgan,Snowflake,1/1/2024 0:00,0,0,0,0,0,0,0,0,0,,,,,,,,,
Kinder Morgan,Snowflake,1/2/2024 0:00,0,0,0,0,0,0,0,0,0,,,,,,,,,
Kinder Morgan,Snowflake,1/3/2024 0:00,0,0,0,0,0,0,0,0,0,,,,,,,,,
Kinder Morgan,Snowflake,1/4/2024 0:00,0,0,0,0,0,0,0,0,0,,,,,,,,,
Kinder Morgan,Snowflake,1/5/2024 0:00,0,0,0,0,0,0,0,0,0,,,,,,,,,
Kinder Morgan,Snowflake,1/6/2024 0:00,0,0,0,0,0,0,0,0,0,,,,,,,,,
Kinder Morgan,Snowflake,1/7/2024 0:00,0,0,0,0,0,0,0,0,0,,,,,,,,,
Kinder Morgan,Snowflake,1/8/2024 0:00,0,0,0,0,0,0,0,0,0,,,,,,,,,
Kinder Morgan,Snowflake,1/9/2024 0:00,0,0,0,0,0,0,0,0,0,,,,,,,,,
Kinder Morgan,Snowflake,1/10/2024 0:00,0,0,0,0,0,0,0,0,0,,,,,,,,,
Kinder Morgan,Snowflake,1/11/2024 0:00,0,0,0,0,0,0,0,0,0,,,,,,,,,
Kinder Morgan,Snowflake,1/12/2024 0:00,0,0,0,0,0,0,0,0,0,,,,,,,,,
Kinder Morgan,Snowflake,1/13/2024 0:00,0,0,0,0,0,0,0,0,0,,,,,,,,,
Kinder Morgan,Snowflake,1/14/2024 0:00,0,0,0,0,0,0,0,0,0,,,,,,,,,
Kinder Morgan,Snowflake,1/15/2024 0:00,0,0,0,0,0,0,0,0,0,,,,,,,,,
Kinder Morgan,Snowflake,1/16/2024 0:00,0,0,0,0,0,0,0,0,0,,,,,,,,,
Kinder Morgan,Snowflake,1/17/2024 0:00,0,0,0,0,0,0,0,0,0,,,,,,,,,
Kinder Morgan,Snowflake,1/18/2024 0:00,0,0,0,0,0,0,0,0,0,,,,,,,,,
Kinder Morgan,Snowflake,1/19/2024 0:00,0,0,0,0,0,0,0,0,0,,,,,,,,,
Kinder Morgan,Snowflake,1/20/2024 0:00,0,0,0,0,0,0,0,0,0,,,,,,,,,
Kinder Morgan,Snowflake,1/21/2024 0:00,0,0,0,0,0,0,0,0,0,,,,,,,,,
Kinder Morgan,Snowflake,1/22/2024 0:00,0,0,0,0,0,0,0,0,0,,,,,,,,,
Kinder Morgan,Snowflake,1/23/2024 0:00,0,0,0,0,0,0,0,0,0,,,,,,,,,
Kinder Morgan,Snowflake,1/24/2024 0:00,0,0,0,0,0,0,0,0,0,,,,,,,,,
Kinder Morgan,Snowflake,1/25/2024 0:00,0,0,0,0,0,0,0,0,0,,,,,,,,,
Kinder Morgan,Snowflake,1/26/2024 0:00,0,0,0,0,0,0,0,0,0,,,,,,,,,
Kinder Morgan,Snowflake,1/27/2024 0:00,0,0,0,0,0,0,0,0,0,,,,,,,,,
Kinder Morgan,Snowflake,1/28/2024 0:00,0,0,0,0,0,0,0,0,0,,,,,,,,,
Kinder Morgan,Snowflake,1/29/2024 0:00,0,0,0,0,0,0,0,0,0,,,,,,,,,
Kinder Morgan,Snowflake,1/30/2024 0:00,0,0,0,0,0,0,0,0,0,,,,,,,,,
Kinder Morgan,Snowflake,1/31/2024 0:00,0,0,0,0,0,0,0,0,0,,,,,,,,,
Kinder Morgan,Snowflake,2/1/2024 0:00,0,0,0,0,0,0,0,0,0,,,,,,,,,
Kinder Morgan,Snowflake,2/2/2024 0:00,0,0,0,0,0,0,0,0,0,,,,,,,,,
Kinder Morgan,Snowflake,2/3/2024 0:00,0,0,0,0,0,0,0,0,0,,,,,,,,,
Kinder Morgan,Snowflake,2/4/2024 0:00,0,0,0,0,0,0,0,0,0,,,,,,,,,
Kinder Morgan,Snowflake,2/5/2024 0:00,0,0,0,0,0,0,0,0,0,,,,,,,,,
Kinder Morgan,Snowflake,2/6/2024 0:00,0,0,0,0,0,0,0,0,0,,,,,,,,,
Kinder Morgan,Snowflake,2/7/2024 0:00,0,0,0,0,0,0,0,0,0,,,,,,,,,
Kinder Morgan,Snowflake,2/8/2024 0:00,0,0,0,0,0,0,0,0,0,,,,,,,,,
Kinder Morgan,Snowflake,2/9/2024 0:00,0,0,0,0,0,0,0,0,0,,,,,,,,,
Kinder Morgan,Snowflake,2/10/2024 0:00,0,0,0,0,0,0,0,0,0,,,,,,,,,
Kinder Morgan,Snowflake,2/11/2024 0:00,0,0,0,0,0,0,0,0,0,,,,,,,,,
Kinder Morgan,Snowflake,2/12/2024 0:00,0,0,0,0,0,0,0,0,0,,,,,,,,,
Kinder Morgan,Snowflake,2/13/2024 0:00,0,0,0,0,0,0,0,0,0,,,,,,,,,
Kinder Morgan,Snowflake,2/14/2024 0:00,0,0,0,0,0,0,0,0,0,,,,,,,,,
Kinder Morgan,Snowflake,2/15/2024 0:00,0,0,0,0,0,0,0,0,0,,,,,,,,,
Kinder Morgan,Snowflake,2/16/2024 0:00,0,0,0,0,0,0,0,0,0,,,,,,,,,
Kinder Morgan,Snowflake,2/17/2024 0:00,0,0,0,0,0,0,0,0,0,,,,,,,,,
Kinder Morgan,Snowflake,2/18/2024 0:00,0,0,0,0,0,0,0,0,0,,,,,,,,,
Kinder Morgan,Snowflake,2/19/2024 0:00,0,0,0,0,0,0,0,0,0,,,,,,,,,
Kinder Morgan,Snowflake,2/20/2024 0:00,0,0,0,0,0,0,0,0,0,,,,,,,,,
Kinder Morgan,Snowflake,2/21/2024 0:00,0,0,0,0,0,0,0,0,0,,,,,,,,,
Kinder Morgan,Snowflake,2/22/2024 0:00,0,0,0,0,0,0,0,0,0,,,,,,,,,
Kinder Morgan,Snowflake,2/23/2024 0:00,0,0,0,0,0,0,0,0,0,,,,,,,,,
Kinder Morgan,Snowflake,2/24/2024 0:00,0,0,0,0,0,0,0,0,0,,,,,,,,,
Kinder Morgan,Snowflake,2/25/2024 0:00,0,0,0,0,0,0,0,0,0,,,,,,,,,
Kinder Morgan,Snowflake,2/26/2024 0:00,0,0,0,0,0,0,0,0,0,,,,,,,,,
Kinder Morgan,Snowflake,2/27/2024 0:00,0,0,0,0,0,0,0,0,0,,,,,,,,,
Kinder Morgan,Snowflake,2/28/2024 0:00,0,0,0,0,0,0,0,0,0,,,,,,,,,
Kinder Morgan,Snowflake,2/29/2024 0:00,0,0,0,0,0,0,0,0,0,,,,,,,,,
Kinder Morgan,Snowflake,3/1/2024 0:00,0,0,0,0,0,0,0,0,0,,,,,,,,,
Kinder Morgan,Snowflake,3/2/2024 0:00,0,0,0,0,0,0,0,0,0,,,,,,,,,
Kinder Morgan,Snowflake,3/3/2024 0:00,0,0,0,0,0,0,0,0,0,,,,,,,,,
Kinder Morgan,Snowflake,3/4/2024 0:00,0,0,0,0,0,0,0,0,0,,,,,,,,,
Kinder Morgan,Snowflake,3/5/2024 0:00,0,0,0,0,0,0,0,0,0,,,,,,,,,
Kinder Morgan,Snowflake,3/6/2024 0:00,0,0,0,0,0,0,0,0,0,,,,,,,,,
Kinder Morgan,Snowflake,3/7/2024 0:00,0,0,0,0,0,0,0,0,0,,,,,,,,,
Kinder Morgan,Snowflake,3/8/2024 0:00,0,0,0,0,0,0,0,0,0,,,,,,,,,
Kinder Morgan,Snowflake,3/9/2024 0:00,0,0,0,0,0,0,0,0,0,,,,,,,,,
Kinder Morgan,Snowflake,3/10/2024 0:00,0,0,0,0,0,0,0,0,0,,,,,,,,,
Kinder Morgan,Snowflake,3/11/2024 0:00,0,0,0,0,0,0,0,0,0,,,,,,,,,
Kinder Morgan,Snowflake,3/12/2024 0:00,0,0,0,0,0,0,0,0,0,,,,,,,,,
Kinder Morgan,Snowflake,3/13/2024 0:00,0,0,0,0,0,0,0,0,0,,,,,,,,,
Kinder Morgan,Snowflake,3/14/2024 0:00,0,0,0,0,0,0,0,0,0,,,,,,,,,
Kinder Morgan,Snowflake,3/15/2024 0:00,0,0,0,0,0,0,0,0,0,,,,,,,,,
Kinder Morgan,Snowflake,3/16/2024 0:00,0,0,0,0,0,0,0,0,0,,,,,,,,,
Kinder Morgan,Snowflake,3/17/2024 0:00,0,0,0,0,0,0,0,0,0,,,,,,,,,
Kinder Morgan,Snowflake,3/18/2024 0:00,0,0,0,0,0,0,0,0,0,,,,,,,,,
Kinder Morgan,Snowflake,3/19/2024 0:00,0,0,0,0,0,0,0,0,0,,,,,,,,,
Kinder Morgan,Snowflake,3/20/2024 0:00,0,0,0,0,0,0,0,0,0,,,,,,,,,
Kinder Morgan,Snowflake,3/21/2024 0:00,0,0,0,0,0,0,0,0,0,,,,,,,,,
Kinder Morgan,Snowflake,3/22/2024 0:00,0,0,0,0,0,0,0,0,0,,,,,,,,,
Kinder Morgan,Snowflake,3/23/2024 0:00,0,0,0,0,0,0,0,0,0,,,,,,,,,
Kinder Morgan,Snowflake,3/24/2024 0:00,0,0,0,0,0,0,0,0,0,,,,,,,,,
Kinder Morgan,Snowflake,3/25/2024 0:00,0,0,0,0,0,0,0,0,0,,,,,,,,,
Kinder Morgan,Snowflake,3/26/2024 0:00,0,0,0,0,0,0,0,0,0,,,,,,,,,
Kinder Morgan,Snowflake,3/27/2024 0:00,0,0,0,0,0,0,0,0,0,,,,,,,,,
Kinder Morgan,Snowflake,3/28/2024 0:00,0,0,0,0,0,0,0,0,0,,,,,,,,,
Kinder Morgan,Snowflake,3/29/2024 0:00,0,0,0,0,0,0,0,0,0,,,,,,,,,
Kinder Morgan,Snowflake,3/30/2024 0:00,0,0,0,0,0,0,0,0,0,,,,,,,,,
Kinder Morgan,Snowflake,3/31/2024 0:00,0,0,0,0,0,0,0,0,0,,,,,,,,,
Kinder Morgan,Snowflake,4/1/2024 0:00,0,0,0,0,0,0,0,0,0,,,,,,,,,
Kinder Morgan,Snowflake,4/2/2024 0:00,0,0,0,0,0,0,0,0,0,,,,,,,,,
Kinder Morgan,Snowflake,4/3/2024 0:00,0,0,0,0,0,0,0,0,0,,,,,,,,,
Kinder Morgan,Snowflake,4/4/2024 0:00,0,0,0,0,0,0,0,0,0,,,,,,,,,
Kinder Morgan,Snowflake,4/5/2024 0:00,0,0,0,0,0,0,0,0,0,,,,,,,,,
Kinder Morgan,Snowflake,4/6/2024 0:00,0,0,0,0,0,0,0,0,0,,,,,,,,,
Kinder Morgan,Snowflake,4/7/2024 0:00,0,0,0,0,0,0,0,0,0,,,,,,,,,
Kinder Morgan,Snowflake,4/8/2024 0:00,0,0,0,0,0,0,0,0,0,,,,,,,,,
Kinder Morgan,Snowflake,4/9/2024 0:00,0,0,0,0,0,0,0,0,0,,,,,,,,,
Kinder Morgan,Snowflake,4/10/2024 0:00,0,0,0,0,0,0,0,0,0,,,,,,,,,
Kinder Morgan,Snowflake,4/11/2024 0:00,0,0,0,0,0,0,0,0,0,,,,,,,,,
Kinder Morgan,Snowflake,4/12/2024 0:00,0,0,0,0,0,0,0,0,0,,,,,,,,,
Kinder Morgan,Snowflake,4/13/2024 0:00,0,0,0,0,0,0,0,0,0,,,,,,,,,
Kinder Morgan,Snowflake,4/14/2024 0:00,0,0,0,0,0,0,0,0,0,,,,,,,,,
Kinder Morgan,Snowflake,4/15/2024 0:00,0,0,0,0,0,0,0,0,0,,,,,,,,,
Kinder Morgan,Snowflake,4/16/2024 0:00,0,0,0,0,0,0,0,0,0,,,,,,,,,
Kinder Morgan,Snowflake,4/17/2024 0:00,0,0,0,0,0,0,0,0,0,,,,,,,,,
Kinder Morgan,Snowflake,4/18/2024 0:00,0,0,0,0,0,0,0,0,0,,,,,,,,,
Kinder Morgan,Snowflake,4/19/2024 0:00,0,0,0,0,0,0,0,0,0,,,,,,,,,
Kinder Morgan,Snowflake,4/20/2024 0:00,0,0,0,0,0,0,0,0,0,,,,,,,,,
Kinder Morgan,Snowflake,4/21/2024 0:00,0,0,0,0,0,0,0,0,0,,,,,,,,,
Kinder Morgan,Snowflake,4/22/2024 0:00,0,0,0,0,0,0,0,0,0,,,,,,,,,
Kinder Morgan,Snowflake,4/23/2024 0:00,0,0,0,0,0,0,0,0,0,,,,,,,,,
Kinder Morgan,Snowflake,4/24/2024 0:00,0,0,0,0,0,0,0,0,0,,,,,,,,,
Kinder Morgan,Snowflake,4/25/2024 0:00,0,0,0,0,0,0,0,0,0,,,,,,,,,
Kinder Morgan,Snowflake,4/26/2024 0:00,0,0,0,0,0,0,0,0,0,,,,,,,,,
Kinder Morgan,Snowflake,4/27/2024 0:00,0,0,0,0,0,0,0,0,0,,,,,,,,,
Kinder Morgan,Snowflake,4/28/2024 0:00,0,0,0,0,0,0,0,0,0,,,,,,,,,
Kinder Morgan,Snowflake,4/29/2024 0:00,0,0,0,0,0,0,0,0,0,,,,,,,,,
Kinder Morgan,Snowflake,4/30/2024 0:00,0,0,0,0,0,0,0,0,0,,,,,,,,,
Kinder Morgan,Snowflake,5/1/2024 0:00,0,0,0,0,0,0,0,0,0,,,,,,,,,
Kinder Morgan,Snowflake,5/2/2024 0:00,0,0,0,0,0,0,0,0,0,,,,,,,,,
Kinder Morgan,Snowflake,5/3/2024 0:00,0,0,0,0,0,0,0,0,0,,,,,,,,,
Kinder Morgan,Snowflake,5/4/2024 0:00,0,0,0,0,0,0,0,0,0,,,,,,,,,
Kinder Morgan,Snowflake,5/5/2024 0:00,0,0,0,0,0,0,0,0,0,,,,,,,,,
Kinder Morgan,Snowflake,5/6/2024 0:00,0,0,0,0,0,0,0,0,0,,,,,,,,,
Kinder Morgan,Snowflake,5/7/2024 0:00,310.838775,1.006,312.693433,747.9,88.16,0.5604,0.0664,0.9358,98.9978,,,,,,,,,
Kinder Morgan,Snowflake,5/8/2024 0:00,319.612131,1.0049,321.165722,740.48,89.68,0.5603,0.0543,1.0127,98.933,,,,,,,,,
Kinder Morgan,Snowflake,5/9/2024 0:00,0,0,0,0,0,0,0,0,0,,,,,,,,,
Kinder Morgan,Snowflake,5/10/2024 0:00,0,0,0,0,0,0,0,0,0,,,,,,,,,
Kinder Morgan,Snowflake,5/11/2024 0:00,0,0,0,0,0,0,0,0,0,,,,,,,,,
Kinder Morgan,Snowflake,5/12/2024 0:00,0,0,0,0,0,0,0,0,0,,,,,,,,,
Kinder Morgan,Snowflake,5/13/2024 0:00,0,0,0,0,0,0,0,0,0,,,,,,,,,
Kinder Morgan,Snowflake,5/14/2024 0:00,586.539584,1.0049,589.38566,747.88,91.3,0.5595,0.0505,0.937,99.0125,,,,,,,,,
Kinder Morgan,Snowflake,5/15/2024 0:00,0,0,0,0,0,0,0,0,0,,,,,,,,,
Kinder Morgan,Snowflake,5/16/2024 0:00,288.231881,1.0088,290.755274,735.41,88.41,0.5593,0.07,0.6569,99.2731,,,,,,,,,
Kinder Morgan,Snowflake,5/17/2024 0:00,262.290873,1.0018,262.764687,770.37,94.78,0.562,0.0641,1.3319,98.604,,,,,,,,,
Kinder Morgan,Snowflake,5/18/2024 0:00,0,0,0,0,0,0,0,0,0,,,,,,,,,
Kinder Morgan,Snowflake,5/19/2024 0:00,0,0,0,0,0,0,0,0,0,,,,,,,,,
Kinder Morgan,Snowflake,5/20/2024 0:00,0,0,0,0,0,0,0,0,0,,,,,,,,,
Kinder Morgan,Snowflake,5/21/2024 0:00,330.684239,1.0055,332.493026,768.87,89.81,0.5597,0.0533,0.9129,99.0338,,,,,,,,,
Kinder Morgan,Snowflake,5/22/2024 0:00,309.827671,1.0097,312.837188,710.02,90.9,0.5581,0.0458,0.521,99.4332,,,,,,,,,
Kinder Morgan,Snowflake,5/23/2024 0:00,0,0,0,0,0,0,0,0,0,,,,,,,,,
Kinder Morgan,Snowflake,5/24/2024 0:00,308.647107,1.0033,309.67943,750.96,90.95,0.5611,0.0885,1.1178,98.7937,,,,,,,,,
Kinder Morgan,Snowflake,5/25/2024 0:00,0,0,0,0,0,0,0,0,0,,,,,,,,,
Kinder Morgan,Snowflake,5/26/2024 0:00,0,0,0,0,0,0,0,0,0,,,,,,,,,
Kinder Morgan,Snowflake,5/27/2024 0:00,0,0,0,0,0,0,0,0,0,,,,,,,,,
Kinder Morgan,Snowflake,5/28/2024 0:00,605.823788,1.0071,610.119139,741.31,95.59,0.5585,0.0446,0.7205,99.2349,,,,,,,,,
Kinder Morgan,Snowflake,5/29/2024 0:00,595.976678,1.0102,602.059588,751.3,96.48,0.5572,0.0452,0.4087,99.5461,,,,,,,,,
Kinder Morgan,Snowflake,5/30/2024 0:00,895.785127,1.0127,907.121481,739.66,96.81,0.5668,0.3665,0.6729,98.9606,,,,,,,,,
Kinder Morgan,Snowflake,5/31/2024 0:00,557.734199,1.0113,564.039382,739.23,96.48,0.5568,0.0524,0.2906,99.657,,,,,,,,,
Kinder Morgan,Snowflake,6/1/2024 0:00,0,0,0,0,0,0,0,0,0,,,,,,,,,
Kinder Morgan,Snowflake,6/2/2024 0:00,0,0,0,0,0,0,0,0,0,,,,,,,,,
Kinder Morgan,Snowflake,6/3/2024 0:00,857.435268,1.0159,871.083035,745.18,94.6,0.5722,0.6273,0.592,98.7807,,,,,,,,,
Kinder Morgan,Snowflake,6/4/2024 0:00,594.188433,1.0117,601.145953,747.09,96.48,0.5572,0.0981,0.2406,99.6613,,,,,,,,,
Kinder Morgan,Snowflake,6/5/2024 0:00,903.227129,1.0116,913.663812,743.88,98.16,0.5567,0.0789,0.2238,99.6973,,,,,,,,,
Kinder Morgan,Snowflake,6/6/2024 0:00,588.315706,1.0115,595.054524,744.57,98.73,0.5569,0.0879,0.2347,99.6774,,,,,,,,,
Kinder Morgan,Snowflake,6/7/2024 0:00,594.370321,1.0116,601.240841,740.55,98.84,0.5568,0.0702,0.243,99.6868,,,,,,,,,
Kinder Morgan,Snowflake,6/8/2024 0:00,559.429997,1.0118,566.007382,744.71,97,0.5568,0.0701,0.2401,99.6898,,,,,,,,,
Kinder Morgan,Snowflake,6/9/2024 0:00,0,0,0,0,0,0,0,0,0,,,,,,,,,
Kinder Morgan,Snowflake,6/10/2024 0:00,873.957868,1.0119,884.395809,764.25,96.05,0.5568,0.0667,0.23,99.7033,,,,,,,,,
Kinder Morgan,Snowflake,6/11/2024 0:00,602.852112,1.0114,609.75242,776.61,97.71,0.5566,0.0392,0.29,99.6708,,,,,,,,,
Kinder Morgan,Snowflake,6/12/2024 0:00,289.463033,1.0121,292.962323,726.43,95.41,0.5564,0.0421,0.222,99.7359,,,,,,,,,
Kinder Morgan,Snowflake,6/13/2024 0:00,596.402472,1.012,603.533087,729.06,96.51,0.5569,0.0617,0.2444,99.6939,,,,,,,,,
Kinder Morgan,Snowflake,6/14/2024 0:00,595.631675,1.012,602.772149,731.88,96.76,0.5568,0.0676,0.2253,99.7071,,,,,,,,,
Kinder Morgan,Snowflake,6/15/2024 0:00,578.095798,1.0119,584.992665,745.31,95.83,0.5568,0.0602,0.2384,99.7014,,,,,,,,,
Kinder Morgan,Snowflake,6/16/2024 0:00,0,0,0,0,0,0,0,0,0,,,,,,,,,
Kinder Morgan,Snowflake,6/17/2024 0:00,0,0,0,0,0,0,0,0,0,,,,,,,,,
Kinder Morgan,Snowflake,6/18/2024 0:00,600.911176,1.0122,608.221063,729.74,93.03,0.5567,0.0652,0.2136,99.7212,,,,,,,,,
Kinder Morgan,Snowflake,6/19/2024 0:00,598.316882,1.0121,605.583416,742.5,95.72,0.557,0.0806,0.2174,99.702,,,,,,,,,
Kinder Morgan,Snowflake,6/20/2024 0:00,292.113793,1.0121,295.640558,729.16,94.17,0.5569,0.0688,0.2266,99.7046,,,,,,,,,
Kinder Morgan,Snowflake,6/21/2024 0:00,593.271537,1.0128,600.878958,724.65,96.28,0.5581,0.0979,0.2556,99.6465,,,,,,,,,
Kinder Morgan,Snowflake,6/22/2024 0:00,604.243537,1.0117,611.339646,699.62,95.82,0.5561,0.0627,0.1891,99.7482,,,,,,,,,
Kinder Morgan,Snowflake,6/23/2024 0:00,0,0,0,0,0,0,0,0,0,,,,,,,,,
Kinder Morgan,Snowflake,6/24/2024 0:00,595.692701,1.0124,603.080595,740.86,96.38,0.5568,0.0713,0.2029,99.7258,,,,,,,,,
Kinder Morgan,Snowflake,6/25/2024 0:00,588.886525,1.0124,596.205919,745.36,97.12,0.5567,0.0741,0.1797,99.7462,,,,,,,,,
Kinder Morgan,Snowflake,6/26/2024 0:00,584.095655,1.0124,591.356085,741.53,95.69,0.5564,0.0612,0.1725,99.7663,,,,,,,,,
Kinder Morgan,Snowflake,6/27/2024 0:00,596.196497,1.0125,603.636034,715.82,92.11,0.5565,0.0642,0.1785,99.7573,,,,,,,,,
Kinder Morgan,Snowflake,6/28/2024 0:00,605.153949,1.0125,612.747088,722.65,96.25,0.5566,0.069,0.1735,99.7575,,,,,,,,,
Kinder Morgan,Snowflake,6/29/2024 0:00,595.692701,1.0124,603.080595,722.42,82.59,0.5559,0.0504,0.1514,99.7982,,,,,,,,,
Kinder Morgan,Snowflake,6/30/2024 0:00,588.886525,1.0124,596.205919,724.85,83.23,0.5569,0.0725,0.1932,99.7343,,,,,,,,,
Kinder Morgan,Snowflake,7/1/2024 0:00,0,0,0,0,0,0,0,0,0,,,,,,,,,
Kinder Morgan,Snowflake,7/2/2024 0:00,298,1.0134,302,685.94,76.98,0.5635,0.2111,0.4651,99.3238,,,,,,,,,
Kinder Morgan,Snowflake,7/3/2024 0:00,419,1.031,432,684.73,85.53,0.5668,0.2904,0.4166,99.293,,,,,,,,,
Kinder Morgan,Snowflake,7/4/2024 0:00,601.969962,1.013,609.808921,725.62,97.99,0.5566,0.0615,0.1541,99.7844,,,,,,,,,
Kinder Morgan,Snowflake,7/5/2024 0:00,570.816728,1.0098,576.387836,704.24,95.95,0.5578,0.0627,0.4623,99.475,,,,,,,,,
Kinder Morgan,Snowflake,7/6/2024 0:00,577.2747,1.011,583.624262,700.43,96.3,0.5574,0.0654,0.3481,99.5865,,,,,,,,,
Kinder Morgan,Snowflake,7/7/2024 0:00,591.40236,1.0128,598.954393,743.82,98.86,0.5563,0.0484,0.1651,99.7865,,,,,,,,,
Kinder Morgan,Snowflake,7/8/2024 0:00,576.798067,1.0112,583.280397,672.03,97.08,0.5562,0.038,0.2635,99.6985,,,,,,,,,
Kinder Morgan,Snowflake,7/9/2024 0:00,872.024879,1.0128,883.172228,680.64,97.87,0.5561,0.0447,0.1452,99.8101,,,,,,,,,
Kinder Morgan,Snowflake,7/10/2024 0:00,529.892553,1.0123,536.418618,686.13,97.36,0.556,0.0398,0.1731,99.7871,,,,,,,,,
Kinder Morgan,Snowflake,7/11/2024 0:00,543.430749,1.0127,550.320947,711.51,97.04,0.5574,0.1319,0.1477,99.7204,,,,,,,,,
Kinder Morgan,Snowflake,7/12/2024 0:00,1038.621835,1.0045,1043.279139,704.54,98.67,0.5636,0.7753,0.2382,98.9865,,,,,,,,,
Kinder Morgan,Snowflake,7/13/2024 0:00,771.080968,1.0039,774.090093,687.25,98.21,0.5617,0.4803,0.5505,98.9692,,,,,,,,,
Kinder Morgan,Snowflake,7/14/2024 0:00,544.879383,1.007,548.68594,692.77,97.64,0.5608,0.4568,0.3123,99.2309,,,,,,,,,
Kinder Morgan,Snowflake,7/15/2024 0:00,834.058216,1.0098,842.266586,709.75,98.05,0.5586,0.2611,0.2332,99.5057,,,,,,,,,
Kinder Morgan,Snowflake,7/16/2024 0:00,277.413481,1.0099,280.168009,751.39,95.35,0.5594,0.282,0.2698,99.4482,,,,,,,,,
Kinder Morgan,Snowflake,7/17/2024 0:00,848.829478,1.011,858.160007,740.92,98.76,0.5581,0.2221,0.1754,99.6025,,,,,,,,,
Kinder Morgan,Snowflake,7/18/2024 0:00,525.719154,1.0113,531.644623,707.81,97.58,0.5568,0.1414,0.1571,99.7015,,,,,,,,,
Kinder Morgan,Snowflake,7/19/2024 0:00,1267.093709,1.0072,1276.154455,712.48,97.99,0.5597,0.3053,0.4319,99.2628,,,,,,,,,
Kinder Morgan,Snowflake,7/20/2024 0:00,1035.149425,1.005,1040.304353,697.49,97.96,0.5608,0.397,0.5215,99.0815,,,,,,,,,
Kinder Morgan,Snowflake,7/21/2024 0:00,1039.523577,1.0053,1045.030793,662.01,95.58,0.5608,0.4174,0.4699,99.1127,,,,,,,,,
Kinder Morgan,Snowflake,7/22/2024 0:00,1016.321044,1.0062,1022.616696,659.35,95.8,0.5604,0.4134,0.3857,99.2009,,,,,,,,,
Kinder Morgan,Snowflake,7/23/2024 0:00,1063.891044,1.0084,1072.872177,724.04,97.87,0.5593,0.3107,0.3058,99.3835,,,,,,,,,
Kinder Morgan,Snowflake,7/24/2024 0:00,816.787045,1.0092,824.336453,747.6,99.31,0.5585,0.2294,0.3045,99.4661,,,,,,,,,
Kinder Morgan,Snowflake,7/25/2024 0:00,829.284909,1.0101,837.628736,760,98.44,0.558,0.2184,0.226,99.5556,,,,,,,,,
Kinder Morgan,Snowflake,7/26/2024 0:00,273.917434,1.0119,277.166919,708.12,92.92,0.5562,0.0817,0.1583,99.76,,,,,,,,,
Kinder Morgan,Snowflake,7/27/2024 0:00,561.68822,1.0123,568.601953,703.25,96.08,0.5569,0.0906,0.1842,99.7252,,,,,,,,,
Kinder Morgan,Snowflake,7/28/2024 0:00,616.059549,1.0127,623.912463,701.38,95.17,0.5577,0.1289,0.1747,99.6964,,,,,,,,,
Kinder Morgan,Snowflake,7/29/2024 0:00,991.608693,1.0093,1000.829528,734.38,98.18,0.5585,0.2995,0.1937,99.5068,,,,,,,,,
Kinder Morgan,Snowflake,7/30/2024 0:00,1029.523769,1.0069,1036.653126,728.24,98.08,0.5597,0.3531,0.3739,99.273,,,,,,,,,
Kinder Morgan,Snowflake,7/31/2024 0:00,1049.339257,1.0064,1056.05697,721.66,98.11,0.5605,0.451,0.3279,99.2211,,,,,,,,,
Kinder Morgan,Snowflake,8/1/2024 0:00,0,0,0,0,0,0,0,0,0,,,,,,,,,
Kinder Morgan,Snowflake,8/2/2024 0:00,1051.225751,1.0068,1058.394742,723.62,96.01,0.5608,0.4401,0.3453,99.2146,,,,,,,,,
Kinder Morgan,Snowflake,8/3/2024 0:00,812.590374,1.0065,817.889547,735.85,97.53,0.5602,0.3836,0.3904,99.226,,,,,,,,,
Kinder Morgan,Snowflake,8/4/2024 0:00,820.146743,1.0044,823.71931,742.77,96.9,0.5624,0.5313,0.5082,98.9605,,,,,,,,,
Kinder Morgan,Snowflake,8/5/2024 0:00,1050.786133,1.0065,1057.639359,728.26,98.81,0.5601,0.3984,0.3686,99.233,,,,,,,,,
Kinder Morgan,Snowflake,8/6/2024 0:00,793.94684,1.0061,798.781287,700.23,98.08,0.5602,0.3673,0.442,99.1907,,,,,,,,,
Kinder Morgan,Snowflake,8/7/2024 0:00,0,0,0,0,0,0,0,0,0,,,,,,,,,
Kinder Morgan,Snowflake,8/8/2024 0:00,254.109696,1.0103,256.737055,720.13,91.81,0.5593,0.2178,0.3366,99.4456,,,,,,,,,
Kinder Morgan,Snowflake,8/9/2024 0:00,785.641904,1.0092,792.897315,691.38,95.68,0.559,0.2442,0.3303,99.4255,,,,,,,,,
Kinder Morgan,Snowflake,8/10/2024 0:00,1033.318394,1.0097,1043.297275,700.04,97,0.5583,0.2125,0.286,99.5015,,,,,,,,,
Kinder Morgan,Snowflake,8/11/2024 0:00,791.470506,1.0083,798.049846,731.44,96.58,0.5596,0.3106,0.3418,99.3476,,,,,,,,,
Kinder Morgan,Snowflake,8/12/2024 0:00,262.223239,1.0103,264.928897,736.72,92.31,0.5588,0.2103,0.3015,99.4882,,,,,,,,,
Kinder Morgan,Snowflake,8/13/2024 0:00,815.556307,1.0103,823.977203,706.35,94.25,0.5583,0.2171,0.2435,99.5394,,,,,,,,,
Kinder Morgan,Snowflake,8/14/2024 0:00,793.519642,1.009,800.643926,687.95,96.66,0.5585,0.2171,0.3367,99.4462,,,,,,,,,
Kinder Morgan,Snowflake,8/15/2024 0:00,791.082586,1.0091,798.296079,699.48,97.25,0.5585,0.1836,0.3836,99.4328,,,,,,,,,
Kinder Morgan,Snowflake,8/16/2024 0:00,795.393379,1.0084,802.097012,719.41,97.71,0.5589,0.1735,0.478,99.3485,,,,,,,,,
Kinder Morgan,Snowflake,8/17/2024 0:00,554.692639,1.0107,560.61726,709.78,94.71,0.5572,0.0944,0.3059,99.5997,,,,,,,,,
Kinder Morgan,Snowflake,8/18/2024 0:00,547.200165,1.0113,553.406492,733.95,94.7,0.5571,0.0817,0.2728,99.6455,,,,,,,,,
Kinder Morgan,Snowflake,8/19/2024 0:00,558.737054,1.0092,563.865857,736.96,95.99,0.5577,0.0829,0.4581,99.459,,,,,,,,,
Kinder Morgan,Snowflake,8/20/2024 0:00,551.600015,1.011,557.688126,683.35,98.2,0.5566,0.0558,0.2912,99.653,,,,,,,,,
Kinder Morgan,Snowflake,8/21/2024 0:00,0,0,0,0,0,0,0,0,0,,,,,,,,,
Kinder Morgan,Snowflake,8/22/2024 0:00,0,0,0,0,0,0,0,0,0,,,,,,,,,
Kinder Morgan,Snowflake,8/23/2024 0:00,1151.770733,1.0108,1164.16637,700.08,92.65,0.5575,0.1326,0.2665,99.6009,,,,,,,,,
Kinder Morgan,Snowflake,8/24/2024 0:00,810.193411,1.0073,816.104127,727.01,95.18,0.5592,0.2877,0.405,99.3073,,,,,,,,,
Kinder Morgan,Snowflake,8/25/2024 0:00,802.79872,1.0083,809.42614,752.16,95.18,0.5593,0.2904,0.3534,99.3562,,,,,,,,,
Kinder Morgan,Snowflake,8/26/2024 0:00,786.576023,1.0087,793.387316,723.13,95.43,0.5583,0.2012,0.3668,99.432,,,,,,,,,
Kinder Morgan,Snowflake,8/27/2024 0:00,809.392947,1.0092,816.804072,727.41,96.06,0.5589,0.188,0.4122,99.3998,,,,,,,,,
Kinder Morgan,Snowflake,8/28/2024 0:00,569.843824,1.0109,576.047024,745.22,95.04,0.5578,0.0974,0.3446,99.558,,,,,,,,,
Kinder Morgan,Snowflake,8/29/2024 0:00,289.004452,1.0086,291.496466,741.94,96.51,0.5593,0.1028,0.6184,99.2788,,,,,,,,,
Kinder Morgan,Snowflake,8/30/2024 0:00,581.129185,1.0094,586.620076,717.74,97.31,0.5583,0.0801,0.4993,99.4206,,,,,,,,,
Kinder Morgan,Snowflake,8/31/2024 0:00,0,0,0,0,0,0,0,0,0,,,,,,,,,
Kinder Morgan,Snowflake,9/1/2024 0:00,0,0,0,0,0,0,0,0,0,,,,,,,,,
Kinder Morgan,Snowflake,9/2/2024 0:00,0,0,0,0,0,0,0,0,0,,,,,,,,,
Kinder Morgan,Snowflake,9/3/2024 0:00,0,0,0,0,0,0,0,0,0,,,,,,,,,
Kinder Morgan,Snowflake,9/4/2024 0:00,1084.208623,1.004,1088.594236,720.45,95.99,0.5622,0.484,0.5812,98.9348,,,,,,,,,
Kinder Morgan,Snowflake,9/5/2024 0:00,534.208129,1.0035,536.068301,704.6,94.89,0.5614,0.2932,0.8344,98.8724,,,,,,,,,
Kinder Morgan,Snowflake,9/6/2024 0:00,702.878078,1.0023,704.496811,741.44,96.18,0.5618,0.3107,0.9125,98.7768,,,,,,,,,
Kinder Morgan,Snowflake,9/7/2024 0:00,0,0,0,0,0,0,0,0,0,,,,,,,,,
Kinder Morgan,Snowflake,9/8/2024 0:00,0,0,0,0,0,0,0,0,0,,,,,,,,,
Kinder Morgan,Snowflake,9/9/2024 0:00,0,0,0,0,0,0,0,0,0,,,,,,,,,
Kinder Morgan,Snowflake,9/10/2024 0:00,823.006779,1.0009,823.741285,717.48,95.62,0.5645,0.623,0.7759,98.6011,,,,,,,,,
Kinder Morgan,Snowflake,9/11/2024 0:00,743.087114,1.0024,744.842688,808.96,96.37,0.5625,0.3979,0.8413,98.7608,,,,,,,,,
Kinder Morgan,Snowflake,9/12/2024 0:00,787.975578,1.0037,790.876069,789.69,94.79,0.5613,0.3127,0.7809,98.9064,,,,,,,,,
Kinder Morgan,Snowflake,9/13/2024 0:00,0,0,0,0,0,0,0,0,0,,,,,,,,,
Kinder Morgan,Snowflake,9/14/2024 0:00,0,0,0,0,0,0,0,0,0,,,,,,,,,
Kinder Morgan,Snowflake,9/15/2024 0:00,0,0,0,0,0,0,0,0,0,,,,,,,,,
Kinder Morgan,Snowflake,9/16/2024 0:00,0,0,0,0,0,0,0,0,0,,,,,,,,,
Kinder Morgan,Snowflake,9/17/2024 0:00,784.552511,1.0062,789.449531,742.87,90.9,0.5606,0.3603,0.4832,99.1565,,,,,,,,,
Kinder Morgan,Snowflake,9/18/2024 0:00,1058.585529,1.0052,1064.043547,758.97,93.54,0.5615,0.4469,0.5036,99.0495,,,,,,,,,
Kinder Morgan,Snowflake,9/19/2024 0:00,800.399715,1.0049,804.308866,713.95,94.1,0.5612,0.4427,0.4946,99.0627,,,,,,,,,
Kinder Morgan,Snowflake,9/20/2024 0:00,277.780742,1.0049,279.137423,684.96,90.51,0.5612,0.4427,0.4946,99.0627,,,,,,,,,
Kinder Morgan,Snowflake,9/21/2024 0:00,0,0,0,0,0,0,0,0,0,,,,,,,,,
Kinder Morgan,Snowflake,9/22/2024 0:00,0,0,0,0,0,0,0,0,0,,,,,,,,,
Kinder Morgan,Snowflake,9/23/2024 0:00,0,0,0,0,0,0,0,0,0,,,,,,,,,
Kinder Morgan,Snowflake,9/24/2024 0:00,813.076173,1.0062,818.089849,713.49,92.97,0.5613,0.4684,0.3922,99.1394,,,,,,,,,
Kinder Morgan,Snowflake,9/25/2024 0:00,774.149992,1.006,778.828259,754.9,94.74,0.5615,0.464,0.4262,99.1098,,,,,,,,,
Kinder Morgan,Snowflake,9/26/2024 0:00,1044.268762,1.0057,1050.249877,762.83,96.6,0.5609,0.3958,0.492,99.1122,,,,,,,,,
Kinder Morgan,Snowflake,9/27/2024 0:00,239.072988,1.0057,240.431241,790.36,92.04,0.5624,0.3931,0.6405,98.9664,,,,,,,,,
Kinder Morgan,Snowflake,9/28/2024 0:00,0,0,0,0,0,0,0,0,0,,,,,,,,,
Kinder Morgan,Snowflake,9/29/2024 0:00,0,0,0,0,0,0,0,0,0,,,,,,,,,
Kinder Morgan,Snowflake,9/30/2024 0:00,0,0,0,0,0,0,0,0,0,,,,,,,,,
Kinder Morgan,Snowflake,10/1/2024 0:00,0,0,0,0,0,0,0,0,0,,,,,,,,,
Kinder Morgan,Snowflake,10/2/2024 0:00,269.582562,1.0083,271.82638,752.13,92.51,0.561,0.2889,0.5108,99.2003,,,,,,,,,
Kinder Morgan,Snowflake,10/3/2024 0:00,564.970825,1.0076,569.272867,700.04,95.16,0.5598,0.2324,0.5224,99.2452,,,,,,,,,
Kinder Morgan,Snowflake,10/4/2024 0:00,265.375079,1.0084,267.609792,728.11,91.96,0.5613,0.2802,0.5443,99.1755,,,,,,,,,
Kinder Morgan,Snowflake,10/5/2024 0:00,542.442385,1.0083,546.937839,765.08,95.16,0.5592,0.2147,0.4513,99.334,,,,,,,,,
Kinder Morgan,Snowflake,10/6/2024 0:00,577.096558,1.0078,581.577316,729.34,95.87,0.5597,0.2778,0.4354,99.2868,,,,,,,,,
Kinder Morgan,Snowflake,10/7/2024 0:00,574.284584,1.0073,578.499558,726.2,95.72,0.5597,0.222,0.5461,99.2319,,,,,,,,,
Kinder Morgan,Snowflake,10/8/2024 0:00,562.585351,1.0058,565.859906,688.86,94.76,0.5602,0.2136,0.6977,99.0887,,,,,,,,,
Kinder Morgan,Snowflake,10/9/2024 0:00,277.596326,1.0071,279.566704,693.32,92.07,0.5612,0.2025,0.7287,99.0688,,,,,,,,,
Kinder Morgan,Snowflake,10/10/2024 0:00,559.612098,1.0075,563.800649,723.42,95.44,0.5594,0.1555,0.6123,99.2322,,,,,,,,,
Kinder Morgan,Snowflake,10/11/2024 0:00,0,0,0,0,0,0,0,0,0,,,,,,,,,
Kinder Morgan,Snowflake,10/12/2024 0:00,0,0,0,0,0,0,0,0,0,,,,,,,,,
Kinder Morgan,Snowflake,10/13/2024 0:00,0,0,0,0,0,0,0,0,0,,,,,,,,,
Kinder Morgan,Snowflake,10/14/2024 0:00,0,0,0,0,0,0,0,0,0,,,,,,,,,
Kinder Morgan,Snowflake,10/15/2024 0:00,578.022085,1.0068,581.947438,681.46,92.57,0.5603,0.2384,0.6081,99.1535,,,,,,,,,
Kinder Morgan,Snowflake,10/16/2024 0:00,576.917635,1.0042,579.367378,664.02,91.33,0.561,0.2761,0.7713,98.9526,,,,,,,,,
Kinder Morgan,Snowflake,10/17/2024 0:00,553.760476,1.024,567.045189,667.13,89.39,0.5855,0.6867,1.2794,98.0339,,,,,,,,,
Kinder Morgan,Snowflake,10/18/2024 0:00,0.001796,1.0245,0.00184,703.99,34.27,0.5853,0.7976,1.0496,98.1528,,,,,,,,,
Kinder Morgan,Snowflake,10/19/2024 0:00,0,0,0,0,0,0,0,0,0,,,,,,,,,
Kinder Morgan,Snowflake,10/20/2024 0:00,0,0,0,0,0,0,0,0,0,,,,,,,,,
Kinder Morgan,Snowflake,10/21/2024 0:00,0,0,0,0,0,0,0,0,0,,,,,,,,,
Kinder Morgan,Snowflake,10/22/2024 0:00,0,0,0,0,0,0,0,0,0,,,,,,,,,
Kinder Morgan,Snowflake,10/23/2024 0:00,570.776368,1.0073,574.93193,721.01,90.74,0.5602,0.3018,0.4761,99.2221,,,,,,,,,
Kinder Morgan,Snowflake,10/24/2024 0:00,568.569734,1.0064,572.22189,690.7,92.25,0.5605,0.3238,0.5169,99.1593,,,,,,,,,
Kinder Morgan,Snowflake,10/25/2024 0:00,587.410182,1.0063,591.108286,612.5,91.97,0.5606,0.3206,0.5399,99.1395,,,,,,,,,
Kinder Morgan,Snowflake,10/26/2024 0:00,561.162506,1.0065,564.787994,690.68,92.6,0.5607,0.3177,0.5462,99.1361,,,,,,,,,
Kinder Morgan,Snowflake,10/27/2024 0:00,536.822951,1.0061,540.081415,773.29,91.54,0.5608,0.3199,0.5752,99.1049,,,,,,,,,
Kinder Morgan,Snowflake,10/28/2024 0:00,549.936259,1.0062,553.363974,757.85,89.99,0.5606,0.29,0.5899,99.1201,,,,,,,,,
Kinder Morgan,Snowflake,10/29/2024 0:00,277.551645,1.0054,279.054656,729.73,84.25,0.5607,0.1879,0.8095,99.0026,,,,,,,,,
Kinder Morgan,Snowflake,10/30/2024 0:00,580.344291,1.0058,583.693535,722.6,83.62,0.5606,0.2359,0.7043,99.0598,,,,,,,,,
Kinder Morgan,Snowflake,10/31/2024 0:00,287.642435,1.0074,289.769337,707.85,87.78,0.5611,0.3361,0.5062,99.1577,,,,,,,,,
Kinder Morgan,Snowflake,11/1/2024 0:00,0,0,0,0,0,0,0,0,0,,,,,,,,,
Kinder Morgan,Snowflake,11/2/2024 0:00,0,0,0,0,0,0,0,0,0,,,,,,,,,
Kinder Morgan,Snowflake,11/3/2024 0:00,0,0,0,0,0,0,0,0,0,,,,,,,,,
Kinder Morgan,Snowflake,11/4/2024 0:00,0,0,0,0,0,0,0,0,0,,,,,,,,,
Kinder Morgan,Snowflake,11/5/2024 0:00,0,0,0,0,0,0,0,0,0,,,,,,,,,
Kinder Morgan,Snowflake,11/6/2024 0:00,0,0,0,0,0,0,0,0,0,,,,,,,,,
Kinder Morgan,Snowflake,11/7/2024 0:00,0,0,0,0,0,0,0,0,0,,,,,,,,,
Kinder Morgan,Snowflake,11/8/2024 0:00,0,0,0,0,0,0,0,0,0,,,,,,,,,
Kinder Morgan,Snowflake,11/9/2024 0:00,0,0,0,0,0,0,0,0,0,,,,,,,,,
Kinder Morgan,Snowflake,11/10/2024 0:00,0,0,0,0,0,0,0,0,0,,,,,,,,,
Kinder Morgan,Snowflake,11/11/2024 0:00,0,0,0,0,0,0,0,0,0,,,,,,,,,
Kinder Morgan,Snowflake,11/12/2024 0:00,0,0,0,0,0,0,0,0,0,,,,,,,,,
Kinder Morgan,Snowflake,11/13/2024 0:00,571.018152,1.0045,573.593389,709.69,83.58,0.5618,0.3917,0.6536,98.9547,,,,,,,,,
Kinder Morgan,Snowflake,11/14/2024 0:00,555.855446,1.0042,558.162693,735.56,86.12,0.562,0.3696,0.7281,98.9023,,,,,,,,,
Kinder Morgan,Snowflake,11/15/2024 0:00,553.889331,1.003,555.557564,752.05,83.63,0.5626,0.4028,0.8059,98.7913,,,,,,,,,
Kinder Morgan,Snowflake,11/16/2024 0:00,0,0,0,0,0,0,0,0,0,,,,,,,,,
Kinder Morgan,Snowflake,11/17/2024 0:00,0,0,0,0,0,0,0,0,0,,,,,,,,,
Kinder Morgan,Snowflake,11/18/2024 0:00,0,0,0,0,0,0,0,0,0,,,,,,,,,
Kinder Morgan,Snowflake,11/19/2024 0:00,583.146411,1.0025,584.575249,688.99,79.2,0.5628,0.4294,0.8167,98.7539,,,,,,,,,
Kinder Morgan,Snowflake,11/20/2024 0:00,565.28578,1.0027,566.790714,713.27,83.11,0.5629,0.4499,0.783,98.7671,,,,,,,,,
Kinder Morgan,Snowflake,11/21/2024 0:00,558.431478,1.0027,559.951282,723.57,84.55,0.5624,0.3864,0.8219,98.7917,,,,,,,,,
Kinder Morgan,Snowflake,11/22/2024 0:00,561.552366,1.0035,563.533218,734.73,85.83,0.562,0.3602,0.7811,98.8587,,,,,,,,,
Kinder Morgan,Snowflake,11/23/2024 0:00,0,0,0,0,0,0,0,0,0,,,,,,,,,
Kinder Morgan,Snowflake,11/24/2024 0:00,0,0,0,0,0,0,0,0,0,,,,,,,,,
Kinder Morgan,Snowflake,11/25/2024 0:00,0,0,0,0,0,0,0,0,0,,,,,,,,,
Kinder Morgan,Snowflake,11/26/2024 0:00,0,0,0,0,0,0,0,0,0,,,,,,,,,
Kinder Morgan,Snowflake,11/27/2024 0:00,0,0,0,0,0,0,0,0,0,,,,,,,,,
Kinder Morgan,Snowflake,11/28/2024 0:00,0,0,0,0,0,0,0,0,0,,,,,,,,,
Kinder Morgan,Snowflake,11/29/2024 0:00,0,0,0,0,0,0,0,0,0,,,,,,,,,
Kinder Morgan,Snowflake,11/30/2024 0:00,0,0,0,0,0,0,0,0,0,,,,,,,,,
Kinder Morgan,Snowflake,12/1/2024 0:00,0,0,0,0,0,0,0,0,0,,,,,,,,,
Kinder Morgan,Snowflake,12/2/2024 0:00,0,0,0,0,0,0,0,0,0,,,,,,,,,
Kinder Morgan,Snowflake,12/3/2024 0:00,0,0,0,0,0,0,0,0,0,,,,,,,,,
Kinder Morgan,Snowflake,12/4/2024 0:00,0,0,0,0,0,0,0,0,0,,,,,,,,,
Kinder Morgan,Snowflake,12/5/2024 0:00,0,0,0,0,0,0,0,0,0,,,,,,,,,
Kinder Morgan,Snowflake,12/6/2024 0:00,0,0,0,0,0,0,0,0,0,,,,,,,,,
Kinder Morgan,Snowflake,12/7/2024 0:00,0,0,0,0,0,0,0,0,0,,,,,,,,,
Kinder Morgan,Snowflake,12/8/2024 0:00,0,0,0,0,0,0,0,0,0,,,,,,,,,
Kinder Morgan,Snowflake,12/9/2024 0:00,0,0,0,0,0,0,0,0,0,,,,,,,,,
Kinder Morgan,Snowflake,12/10/2024 0:00,437.382742,1.0034,438.881609,728.26,76.7,0.5628,0.4103,0.7913,98.7984,,,,,,,,,
Kinder Morgan,Snowflake,12/11/2024 0:00,0,0,0,0,0,0,0,0,0,,,,,,,,,
Kinder Morgan,Snowflake,12/12/2024 0:00,485.267498,0.9951,482.88898,711.2,78.07,0.5658,0.4432,1.5226,98.0342,,,,,,,,,
Kinder Morgan,Snowflake,12/13/2024 0:00,790.235074,0.9946,785.980768,687.3,82.62,0.5652,0.3496,1.6388,98.0116,,,,,,,,,
Kinder Morgan,Snowflake,12/14/2024 0:00,232.549061,0.9948,231.350923,677.88,81.86,0.5674,0.382,1.7782,97.8398,,,,,,,,,
Kinder Morgan,Snowflake,12/15/2024 0:00,0,0,0,0,0,0,0,0,0,,,,,,,,,
Kinder Morgan,Snowflake,12/16/2024 0:00,0,0,0,0,0,0,0,0,0,,,,,,,,,
Kinder Morgan,Snowflake,12/17/2024 0:00,0,0,0,0,0,0,0,0,0,,,,,,,,,
Kinder Morgan,Snowflake,12/18/2024 0:00,0,0,0,0,0,0,0,0,0,,,,,,,,,
Kinder Morgan,Snowflake,12/19/2024 0:00,0,0,0,0,0,0,0,0,0,,,,,,,,,
Kinder Morgan,Snowflake,12/20/2024 0:00,0,0,0,0,0,0,0,0,0,,,,,,,,,
Kinder Morgan,Snowflake,12/21/2024 0:00,0,0,0,0,0,0,0,0,0,,,,,,,,,
Kinder Morgan,Snowflake,12/22/2024 0:00,0,0,0,0,0,0,0,0,0,,,,,,,,,
Kinder Morgan,Snowflake,12/23/2024 0:00,0,0,0,0,0,0,0,0,0,,,,,,,,,
Kinder Morgan,Snowflake,12/24/2024 0:00,0,0,0,0,0,0,0,0,0,,,,,,,,,
Kinder Morgan,Snowflake,12/25/2024 0:00,0,0,0,0,0,0,0,0,0,,,,,,,,,
Kinder Morgan,Snowflake,12/26/2024 0:00,0,0,0,0,0,0,0,0,0,,,,,,,,,
Kinder Morgan,Snowflake,12/27/2024 0:00,0,0,0,0,0,0,0,0,0,,,,,,,,,
Kinder Morgan,Snowflake,12/28/2024 0:00,0,0,0,0,0,0,0,0,0,,,,,,,,,
Kinder Morgan,Snowflake,12/29/2024 0:00,0,0,0,0,0,0,0,0,0,,,,,,,,,
Kinder Morgan,Snowflake,12/30/2024 0:00,0,0,0,0,0,0,0,0,0,,,,,,,,,
Kinder Morgan,Snowflake,12/31/2024 0:00,0,0,0,0,0,0,0,0,0,,,,,,,,,
Kinder Morgan,Snowflake,1/1/2025 0:00,0,0,0,0,0,0,0,0,0,,,,,,,,,
Kinder Morgan,Snowflake,1/2/2025 0:00,0,0,0,0,0,0,0,0,0,,,,,,,,,
Kinder Morgan,Snowflake,1/3/2025 0:00,0,0,0,0,0,0,0,0,0,,,,,,,,,
Kinder Morgan,Snowflake,1/4/2025 0:00,0,0,0,0,0,0,0,0,0,,,,,,,,,
Kinder Morgan,Snowflake,1/5/2025 0:00,0,0,0,0,0,0,0,0,0,,,,,,,,,
Kinder Morgan,Snowflake,1/6/2025 0:00,0,0,0,0,0,0,0,0,0,,,,,,,,,
Kinder Morgan,Snowflake,1/7/2025 0:00,0,0,0,0,0,0,0,0,0,,,,,,,,,
Kinder Morgan,Snowflake,1/8/2025 0:00,0,0,0,0,0,0,0,0,0,,,,,,,,,
Kinder Morgan,Snowflake,1/9/2025 0:00,0,0,0,0,0,0,0,0,0,,,,,,,,,
Kinder Morgan,Snowflake,1/10/2025 0:00,0,0,0,0,0,0,0,0,0,,,,,,,,,
Kinder Morgan,Snowflake,1/11/2025 0:00,0,0,0,0,0,0,0,0,0,,,,,,,,,
Kinder Morgan,Snowflake,1/12/2025 0:00,0,0,0,0,0,0,0,0,0,,,,,,,,,
Kinder Morgan,Snowflake,1/13/2025 0:00,0,0,0,0,0,0,0,0,0,,,,,,,,,
Kinder Morgan,Snowflake,1/14/2025 0:00,0,0,0,0,0,0,0,0,0,,,,,,,,,
Kinder Morgan,Snowflake,1/15/2025 0:00,0,0,0,0,0,0,0,0,0,,,,,,,,,
Kinder Morgan,Snowflake,1/16/2025 0:00,0,0,0,0,0,0,0,0,0,,,,,,,,,
Kinder Morgan,Snowflake,1/17/2025 0:00,0,0,0,0,0,0,0,0,0,,,,,,,,,
Kinder Morgan,Snowflake,1/18/2025 0:00,0,0,0,0,0,0,0,0,0,,,,,,,,,
Kinder Morgan,Snowflake,1/19/2025 0:00,0,0,0,0,0,0,0,0,0,,,,,,,,,
Kinder Morgan,Snowflake,1/20/2025 0:00,0,0,0,0,0,0,0,0,0,,,,,,,,,
Kinder Morgan,Snowflake,1/21/2025 0:00,0,0,0,0,0,0,0,0,0,,,,,,,,,
Kinder Morgan,Snowflake,1/22/2025 0:00,0,0,0,0,0,0,0,0,0,,,,,,,,,
Kinder Morgan,Snowflake,1/23/2025 0:00,0,0,0,0,0,0,0,0,0,,,,,,,,,
Kinder Morgan,Snowflake,1/24/2025 0:00,0,0,0,0,0,0,0,0,0,,,,,,,,,
Kinder Morgan,Snowflake,1/25/2025 0:00,0,0,0,0,0,0,0,0,0,,,,,,,,,
Kinder Morgan,Snowflake,1/26/2025 0:00,0,0,0,0,0,0,0,0,0,,,,,,,,,
Kinder Morgan,Snowflake,1/27/2025 0:00,0,0,0,0,0,0,0,0,0,,,,,,,,,
Kinder Morgan,Snowflake,1/28/2025 0:00,0,0,0,0,0,0,0,0,0,,,,,,,,,
Kinder Morgan,Snowflake,1/29/2025 0:00,0,0,0,0,0,0,0,0,0,,,,,,,,,
Kinder Morgan,Snowflake,1/30/2025 0:00,0,0,0,0,0,0,0,0,0,,,,,,,,,
Kinder Morgan,Snowflake,1/31/2025 0:00,0,0,0,0,0,0,0,0,0,,,,,,,,,
Kinder Morgan,Snowflake,2/1/2025 0:00,0,0,0,0,0,0,0,0,0,,,,,,,,,
Kinder Morgan,Snowflake,2/2/2025 0:00,0,0,0,0,0,0,0,0,0,,,,,,,,,
Kinder Morgan,Snowflake,2/3/2025 0:00,0,0,0,0,0,0,0,0,0,,,,,,,,,
Kinder Morgan,Snowflake,2/4/2025 0:00,0,0,0,0,0,0,0,0,0,,,,,,,,,
Kinder Morgan,Snowflake,2/5/2025 0:00,0,0,0,0,0,0,0,0,0,,,,,,,,,
Kinder Morgan,Snowflake,2/6/2025 0:00,0,0,0,0,0,0,0,0,0,,,,,,,,,
Kinder Morgan,Snowflake,2/7/2025 0:00,0,0,0,0,0,0,0,0,0,,,,,,,,,
Kinder Morgan,Snowflake,2/8/2025 0:00,0,0,0,0,0,0,0,0,0,,,,,,,,,
Kinder Morgan,Snowflake,2/9/2025 0:00,0,0,0,0,0,0,0,0,0,,,,,,,,,
Kinder Morgan,Snowflake,2/10/2025 0:00,0,0,0,0,0,0,0,0,0,,,,,,,,,
Kinder Morgan,Snowflake,2/11/2025 0:00,0,0,0,0,0,0,0,0,0,,,,,,,,,
Kinder Morgan,Snowflake,2/12/2025 0:00,0,0,0,0,0,0,0,0,0,,,,,,,,,
Kinder Morgan,Snowflake,2/13/2025 0:00,0,0,0,0,0,0,0,0,0,,,,,,,,,
Kinder Morgan,Snowflake,2/14/2025 0:00,0,0,0,0,0,0,0,0,0,,,,,,,,,
Kinder Morgan,Snowflake,2/15/2025 0:00,0,0,0,0,0,0,0,0,0,,,,,,,,,
Kinder Morgan,Snowflake,2/16/2025 0:00,0,0,0,0,0,0,0,0,0,,,,,,,,,
Kinder Morgan,Snowflake,2/17/2025 0:00,0,0,0,0,0,0,0,0,0,,,,,,,,,
Kinder Morgan,Snowflake,2/18/2025 0:00,0,0,0,0,0,0,0,0,0,,,,,,,,,
Kinder Morgan,Snowflake,2/19/2025 0:00,0,0,0,0,0,0,0,0,0,,,,,,,,,
Kinder Morgan,Snowflake,2/20/2025 0:00,0,0,0,0,0,0,0,0,0,,,,,,,,,
Kinder Morgan,Snowflake,2/21/2025 0:00,0,0,0,0,0,0,0,0,0,,,,,,,,,
Kinder Morgan,Snowflake,2/22/2025 0:00,0,0,0,0,0,0,0,0,0,,,,,,,,,
Kinder Morgan,Snowflake,2/23/2025 0:00,0,0,0,0,0,0,0,0,0,,,,,,,,,
Kinder Morgan,Snowflake,2/24/2025 0:00,0,0,0,0,0,0,0,0,0,,,,,,,,,
Kinder Morgan,Snowflake,2/25/2025 0:00,0,0,0,0,0,0,0,0,0,,,,,,,,,
Kinder Morgan,Snowflake,2/26/2025 0:00,0,0,0,0,0,0,0,0,0,,,,,,,,,
Kinder Morgan,Snowflake,2/27/2025 0:00,0,0,0,0,0,0,0,0,0,,,,,,,,,
Kinder Morgan,Snowflake,2/28/2025 0:00,0,0,0,0,0,0,0,0,0,,,,,,,,,
Kinder Morgan,Snowflake,3/1/2025 0:00,0,0,0,0,0,0,0,0,0,,,,,,,,,
Kinder Morgan,Snowflake,3/2/2025 0:00,0,0,0,0,0,0,0,0,0,,,,,,,,,
Kinder Morgan,Snowflake,3/3/2025 0:00,0,0,0,0,0,0,0,0,0,,,,,,,,,
Kinder Morgan,Snowflake,3/4/2025 0:00,0,0,0,0,0,0,0,0,0,,,,,,,,,
Kinder Morgan,Snowflake,3/5/2025 0:00,0,0,0,0,0,0,0,0,0,,,,,,,,,
Kinder Morgan,Snowflake,3/6/2025 0:00,0,0,0,0,0,0,0,0,0,,,,,,,,,
Kinder Morgan,Snowflake,3/7/2025 0:00,0,0,0,0,0,0,0,0,0,,,,,,,,,
Kinder Morgan,Snowflake,3/8/2025 0:00,0,0,0,0,0,0,0,0,0,,,,,,,,,
Kinder Morgan,Snowflake,3/9/2025 0:00,0,0,0,0,0,0,0,0,0,,,,,,,,,
Kinder Morgan,Snowflake,3/10/2025 0:00,0,0,0,0,0,0,0,0,0,,,,,,,,,
Kinder Morgan,Snowflake,3/11/2025 0:00,0,0,0,0,0,0,0,0,0,,,,,,,,,
Kinder Morgan,Snowflake,3/12/2025 0:00,0,0,0,0,0,0,0,0,0,,,,,,,,,
Kinder Morgan,Snowflake,3/13/2025 0:00,0,0,0,0,0,0,0,0,0,,,,,,,,,
Kinder Morgan,Snowflake,3/14/2025 0:00,0,0,0,0,0,0,0,0,0,,,,,,,,,
Kinder Morgan,Snowflake,3/15/2025 0:00,0,0,0,0,0,0,0,0,0,,,,,,,,,
Kinder Morgan,Snowflake,3/16/2025 0:00,0,0,0,0,0,0,0,0,0,,,,,,,,,
Kinder Morgan,Snowflake,3/17/2025 0:00,0,0,0,0,0,0,0,0,0,,,,,,,,,
Kinder Morgan,Snowflake,3/18/2025 0:00,0,0,0,0,0,0,0,0,0,,,,,,,,,
Kinder Morgan,Snowflake,3/19/2025 0:00,0,0,0,0,0,0,0,0,0,,,,,,,,,
Kinder Morgan,Snowflake,3/20/2025 0:00,0,0,0,0,0,0,0,0,0,,,,,,,,,
Kinder Morgan,Snowflake,3/21/2025 0:00,0,0,0,0,0,0,0,0,0,,,,,,,,,
Kinder Morgan,Snowflake,3/22/2025 0:00,0,0,0,0,0,0,0,0,0,,,,,,,,,
Kinder Morgan,Snowflake,3/23/2025 0:00,0,0,0,0,0,0,0,0,0,,,,,,,,,
Kinder Morgan,Snowflake,3/24/2025 0:00,0,0,0,0,0,0,0,0,0,,,,,,,,,
Kinder Morgan,Snowflake,3/25/2025 0:00,0,0,0,0,0,0,0,0,0,,,,,,,,,
Kinder Morgan,Snowflake,3/26/2025 0:00,0,0,0,0,0,0,0,0,0,,,,,,,,,
Kinder Morgan,Snowflake,3/27/2025 0:00,0,0,0,0,0,0,0,0,0,,,,,,,,,
Kinder Morgan,Snowflake,3/28/2025 0:00,0,0,0,0,0,0,0,0,0,,,,,,,,,
Kinder Morgan,Snowflake,3/29/2025 0:00,0,0,0,0,0,0,0,0,0,,,,,,,,,
Kinder Morgan,Snowflake,3/30/2025 0:00,0,0,0,0,0,0,0,0,0,,,,,,,,,
Kinder Morgan,Snowflake,3/31/2025 0:00,0,0,0,0,0,0,0,0,0,,,,,,,,,
Kinder Morgan,Snowflake,4/1/2025 0:00,0,0,0,0,0,0,0,0,0,,,,,,,,,
Kinder Morgan,Snowflake,4/2/2025 0:00,0,0,0,0,0,0,0,0,0,,,,,,,,,
Kinder Morgan,Snowflake,4/3/2025 0:00,0,0,0,0,0,0,0,0,0,,,,,,,,,
Kinder Morgan,Snowflake,4/4/2025 0:00,0,0,0,0,0,0,0,0,0,,,,,,,,,
Kinder Morgan,Snowflake,4/5/2025 0:00,0,0,0,0,0,0,0,0,0,,,,,,,,,
Kinder Morgan,Snowflake,4/6/2025 0:00,0,0,0,0,0,0,0,0,0,,,,,,,,,
Kinder Morgan,Snowflake,4/7/2025 0:00,0,0,0,0,0,0,0,0,0,,,,,,,,,
Kinder Morgan,Snowflake,4/8/2025 0:00,0,0,0,0,0,0,0,0,0,,,,,,,,,
Kinder Morgan,Snowflake,4/9/2025 0:00,0,0,0,0,0,0,0,0,0,,,,,,,,,
Kinder Morgan,Snowflake,4/10/2025 0:00,0,0,0,0,0,0,0,0,0,,,,,,,,,
Kinder Morgan,Snowflake,4/11/2025 0:00,0,0,0,0,0,0,0,0,0,,,,,,,,,
Kinder Morgan,Snowflake,4/12/2025 0:00,0,0,0,0,0,0,0,0,0,,,,,,,,,
Kinder Morgan,Snowflake,4/13/2025 0:00,0,0,0,0,0,0,0,0,0,,,,,,,,,
Kinder Morgan,Snowflake,4/14/2025 0:00,0,0,0,0,0,0,0,0,0,,,,,,,,,
Kinder Morgan,Snowflake,4/15/2025 0:00,571.599897,1.0037,573.688945,710.33,90.81,0.5621,0.0847,1.1954,98.7199,,,,,,,,,
Kinder Morgan,Snowflake,4/16/2025 0:00,580.082232,1.0077,584.552007,726.41,91.13,0.5624,0.0712,1.0081,98.9207,,,,,,,,,
Kinder Morgan,Snowflake,4/17/2025 0:00,297.75092,1.0061,299.579175,721.02,85.18,0.5602,0.0778,0.886,99.0362,,,,,,,,,
Kinder Morgan,Snowflake,4/18/2025 0:00,0,0,0,0,0,0,0,0,0,,,,,,,,,
Kinder Morgan,Snowflake,4/19/2025 0:00,0,0,0,0,0,0,0,0,0,,,,,,,,,
Kinder Morgan,Snowflake,4/20/2025 0:00,0,0,0,0,0,0,0,0,0,,,,,,,,,
Kinder Morgan,Snowflake,4/21/2025 0:00,299.454621,1.0062,301.311472,707.11,88.09,0.5603,0.1218,0.826,99.0522,,,,,,,,,
Kinder Morgan,Snowflake,4/22/2025 0:00,268.837533,1.005,270.190632,718.41,88.91,0.5616,0.2227,0.859,98.9183,,,,,,,,,
Kinder Morgan,Snowflake,4/23/2025 0:00,269.60293,1.0043,270.763664,742.43,88.68,0.5622,0.3144,0.8278,98.8578,,,,,,,,,
Kinder Morgan,Snowflake,4/24/2025 0:00,271.936731,1.0073,273.923815,740.71,88.91,0.5613,0.1625,0.7881,99.0494,,,,,,,,,
Kinder Morgan,Snowflake,4/25/2025 0:00,0,0,0,0,0,0,0,0,0,,,,,,,,,
Kinder Morgan,Snowflake,4/26/2025 0:00,0,0,0,0,0,0,0,0,0,,,,,,,,,
Kinder Morgan,Snowflake,4/27/2025 0:00,0,0,0,0,0,0,0,0,0,,,,,,,,,
Kinder Morgan,Snowflake,4/28/2025 0:00,0,0,0,0,0,0,0,0,0,,,,,,,,,
Kinder Morgan,Snowflake,4/29/2025 0:00,1084.649419,1.0038,1088.811342,737.09,86.7,0.5612,0.307,0.772,98.921,,,,,,,,,
Kinder Morgan,Snowflake,4/30/2025 0:00,493.722645,1.0063,496.826054,734.85,89.8,0.5615,0.2256,0.7734,99.001,,,,,,,,,
Kinder Morgan,Snowflake,5/1/2025 0:00,0,0,0,0,0,0,0,0,0,,,,,,,,,
Kinder Morgan,Snowflake,5/2/2025 0:00,0,0,0,0,0,0,0,0,0,,,,,,,,,
Kinder Morgan,Snowflake,5/3/2025 0:00,0,0,0,0,0,0,0,0,0,,,,,,,,,
Kinder Morgan,Snowflake,5/4/2025 0:00,0,0,0,0,0,0,0,0,0,,,,,,,,,
Kinder Morgan,Snowflake,5/5/2025 0:00,0,0,0,0,0,0,0,0,0,,,,,,,,,
Kinder Morgan,Snowflake,5/6/2025 0:00,292.712169,1.0071,294.801398,728.06,83.63,0.5603,0.253,0.568,99.179,,,,,,,,,
Kinder Morgan,Snowflake,5/7/2025 0:00,599.459722,1.0059,603.01837,669.59,86.73,0.5602,0.2238,0.6762,99.1,,,,,,,,,
Kinder Morgan,Snowflake,5/8/2025 0:00,585.63643,1.007,589.743851,680.74,90.21,0.5596,0.1865,0.6076,99.2059,,,,,,,,,
Kinder Morgan,Snowflake,5/9/2025 0:00,275.652584,1.0072,277.629551,717.26,89.6,0.5601,0.284,0.5007,99.2153,,,,,,,,,
Kinder Morgan,Snowflake,5/10/2025 0:00,0,0,0,0,0,0,0,0,0,,,,,,,,,
Kinder Morgan,Snowflake,5/11/2025 0:00,0,0,0,0,0,0,0,0,0,,,,,,,,,
Kinder Morgan,Snowflake,5/12/2025 0:00,291.07438,1.0083,293.483386,718.29,88,0.5602,0.2222,0.5351,99.2427,,,,,,,,,
Kinder Morgan,Snowflake,5/13/2025 0:00,555.549787,1.0073,559.597344,731.32,87.66,0.5604,0.3036,0.4871,99.2093,,,,,,,,,
Kinder Morgan,Snowflake,5/14/2025 0:00,279.281593,1.0081,281.530277,721.81,86.92,0.5604,0.2627,0.5079,99.2294,,,,,,,,,
Kinder Morgan,Snowflake,5/15/2025 0:00,594.925978,1.0061,598.552304,675.6,90.42,0.5599,0.2214,0.6422,99.1364,,,,,,,,,
Kinder Morgan,Snowflake,5/16/2025 0:00,572.549501,1.0057,575.829697,682.82,92.74,0.5594,0.2101,0.6368,99.1531,,,,,,,,,
Kinder Morgan,Snowflake,5/17/2025 0:00,0,0,0,0,0,0,0,0,0,,,,,,,,,
Kinder Morgan,Snowflake,5/18/2025 0:00,0,0,0,0,0,0,0,0,0,,,,,,,,,
Kinder Morgan,Snowflake,5/19/2025 0:00,0,0,0,0,0,0,0,0,0,,,,,,,,,
Kinder Morgan,Snowflake,5/20/2025 0:00,567.068837,1.0064,570.678264,723.49,89.89,0.56,0.2295,0.6196,99.1509,,,,,,,,,
Kinder Morgan,Snowflake,5/21/2025 0:00,783.743729,1.0063,788.706507,748.11,93.97,0.5595,0.1927,0.6292,99.1781,,,,,,,,,
Kinder Morgan,Snowflake,5/22/2025 0:00,874.978567,1.0067,880.825228,742.02,94.94,0.5591,0.1591,0.6255,99.2154,,,,,,,,,
Kinder Morgan,Snowflake,5/23/2025 0:00,816.202165,1.0072,822.07033,716.19,94.65,0.559,0.1792,0.5518,99.269,,,,,,,,,
Kinder Morgan,Snowflake,5/24/2025 0:00,0,0,0,0,0,0,0,0,0,,,,,,,,,
Kinder Morgan,Snowflake,5/25/2025 0:00,0,0,0,0,0,0,0,0,0,,,,,,,,,
Kinder Morgan,Snowflake,5/26/2025 0:00,0,0,0,0,0,0,0,0,0,,,,,,,,,
Kinder Morgan,Snowflake,5/27/2025 0:00,0,0,0,0,0,0,0,0,0,,,,,,,,,
Kinder Morgan,Snowflake,5/28/2025 0:00,1041.65797,1.0069,1048.828851,688.13,92.93,0.5593,0.1615,0.6272,99.2113,,,,,,,,,
Kinder Morgan,Snowflake,5/29/2025 0:00,885.055372,1.0075,891.700413,727.35,95.56,0.5585,0.1781,0.4912,99.3307,,,,,,,,,
Kinder Morgan,Snowflake,5/30/2025 0:00,802.635955,1.007,808.247399,731.99,97.21,0.5594,0.23,0.5236,99.2464,,,,,,,,,
Kinder Morgan,Snowflake,5/31/2025 0:00,0,0,0,0,0,0,0,0,0,,,,,,,,,
Kinder Morgan,Snowflake,6/1/2025 0:00,0,0,0,0,0,0,0,0,0,,,,,,,,,
Kinder Morgan,Snowflake,6/2/2025 0:00,0,0,0,0,0,0,0,0,0,,,,,,,,,
Kinder Morgan,Snowflake,6/3/2025 0:00,836.846218,1.0072,842.844725,736.02,92.27,0.5598,0.2842,0.4765,99.2393,,,,,,,,,
Kinder Morgan,Snowflake,6/4/2025 0:00,0,0,0,0,0,0,0,0,0,,,,,,,,,
Kinder Morgan,Snowflake,6/5/2025 0:00,764.855253,1.0071,770.264421,729.83,93.77,0.5601,0.3008,0.4804,99.2188,,,,,,,,,
Kinder Morgan,Snowflake,6/6/2025 0:00,631.172289,1.0061,634.999253,774.9,95.85,0.5611,0.3794,0.5178,99.1028,,,,,,,,,
Kinder Morgan,Snowflake,6/7/2025 0:00,982.355922,1.0073,989.486703,766.93,96.89,0.5594,0.2465,0.489,99.2645,,,,,,,,,
Kinder Morgan,Snowflake,6/8/2025 0:00,1005.361256,1.0074,1012.780545,773.16,97.43,0.5594,0.2668,0.4486,99.2846,,,,,,,,,
Kinder Morgan,Snowflake,6/9/2025 0:00,1003.366845,1.0073,1010.732275,768.23,97.48,0.5596,0.2982,0.4195,99.2823,,,,,,,,,
Kinder Morgan,Snowflake,6/10/2025 0:00,1030.588578,1.0074,1038.228638,743.51,97.79,0.5592,0.2836,0.3973,99.3191,,,,,,,,,
Kinder Morgan,Snowflake,6/11/2025 0:00,794.624867,1.0069,800.102977,730.07,97.64,0.5597,0.3192,0.4211,99.2597,,,,,,,,,
Kinder Morgan,Snowflake,6/12/2025 0:00,1040.946189,1.0068,1048.00966,754.07,97.46,0.5604,0.3726,0.4148,99.2126,,,,,,,,,
Kinder Morgan,Snowflake,6/13/2025 0:00,0,0,0,0,0,0,0,0,0,,,,,,,,,
Kinder Morgan,Snowflake,6/14/2025 0:00,0,0,0,0,0,0,0,0,0,,,,,,,,,
Kinder Morgan,Snowflake,6/15/2025 0:00,0,0,0,0,0,0,0,0,0,,,,,,,,,
Kinder Morgan,Snowflake,6/16/2025 0:00,0,0,0,0,0,0,0,0,0,,,,,,,,,
Kinder Morgan,Snowflake,6/17/2025 0:00,1034.874276,1.0073,1042.438329,749.41,97.45,0.5595,0.2439,0.4956,99.2605,,,,,,,,,
Kinder Morgan,Snowflake,6/18/2025 0:00,998.381492,1.008,1006.345364,803.6,97.72,0.5595,0.2915,0.3807,99.3278,,,,,,,,,
Kinder Morgan,Snowflake,6/19/2025 0:00,1007.082535,1.0079,1015.031833,763.48,98.57,0.5588,0.2482,0.3835,99.3683,,,,,,,,,
Kinder Morgan,Snowflake,6/20/2025 0:00,1039.687516,1.0077,1047.666699,751.47,97.77,0.5589,0.2478,0.4139,99.3383,,,,,,,,,
Kinder Morgan,Snowflake,6/21/2025 0:00,555.573339,1.008,559.996938,712.6,94.64,0.5591,0.3053,0.3217,99.373,,,,,,,,,
Kinder Morgan,Snowflake,6/22/2025 0:00,532.428351,1.0083,536.856432,760.19,94.93,0.5601,0.33,0.3564,99.3136,,,,,,,,,
Kinder Morgan,Snowflake,6/23/2025 0:00,534.240284,1.008,538.499892,753.62,95.71,0.5595,0.2796,0.401,99.3194,,,,,,,,,
Kinder Morgan,Snowflake,6/24/2025 0:00,549.379682,1.0071,553.284793,719.42,95.51,0.5595,0.2603,0.4847,99.255,,,,,,,,,
Kinder Morgan,Snowflake,6/25/2025 0:00,549.859244,1.0079,554.201146,714.15,96.19,0.5597,0.2571,0.4614,99.2815,,,,,,,,,
Kinder Morgan,Snowflake,6/26/2025 0:00,830.213318,1.0075,836.407368,736.22,97.03,0.5598,0.3372,0.3722,99.2906,,,,,,,,,
Kinder Morgan,Snowflake,6/27/2025 0:00,544.719939,1.007,548.526517,722.7,97.76,0.5597,0.3555,0.3674,99.2771,,,,,,,,,
Kinder Morgan,Snowflake,6/28/2025 0:00,553.52463,1.0071,557.431364,724.79,97.18,0.5604,0.3455,0.4364,99.2181,,,,,,,,,
Kinder Morgan,Snowflake,6/29/2025 0:00,560.09381,1.0073,564.186476,713.75,97.88,0.5605,0.3602,0.4149,99.2249,,,,,,,,,
Kinder Morgan,Snowflake,6/30/2025 0:00,565.32515,1.007,569.295863,682.62,97.78,0.5598,0.3421,0.388,99.2699,,,,,,,,,
Kinder Morgan,Snowflake,7/1/2025 0:00,0,0,0,0,0,0,0,0,0,,,,,,,,,
Kinder Morgan,Snowflake,7/2/2025 0:00,783.768942,1.0063,788.690934,737.47,95.04,0.5605,0.3235,0.526,99.1505,,,,,,,,,
Kinder Morgan,Snowflake,7/3/2025 0:00,1046.083095,1.0071,1053.538454,737.23,94.37,0.5595,0.2383,0.517,99.2447,,,,,,,,,
Kinder Morgan,Snowflake,7/4/2025 0:00,0,0,0,0,0,0,0,0,0,,,,,,,,,
Kinder Morgan,Snowflake,7/5/2025 0:00,0,0,0,0,0,0,0,0,0,,,,,,,,,
Kinder Morgan,Snowflake,7/6/2025 0:00,0,0,0,0,0,0,0,0,0,,,,,,,,,
Kinder Morgan,Snowflake,7/7/2025 0:00,0,0,0,0,0,0,0,0,0,,,,,,,,,
Kinder Morgan,Snowflake,7/8/2025 0:00,1012.177354,1.0075,1019.752376,786.95,98.66,0.5592,0.2242,0.4864,99.2894,,,,,,,,,
Kinder Morgan,Snowflake,7/9/2025 0:00,1002.949133,1.007,1010.011734,806.94,99.95,0.5587,0.175,0.5459,99.2791,,,,,,,,,
Kinder Morgan,Snowflake,7/10/2025 0:00,750.832365,1.0061,755.394642,803.4,99.52,0.5588,0.1292,0.6821,99.1887,,,,,,,,,
Kinder Morgan,Snowflake,7/11/2025 0:00,0,0,0,0,0,0,0,0,0,,,,,,,,,
Kinder Morgan,Snowflake,7/12/2025 0:00,0,0,0,0,0,0,0,0,0,,,,,,,,,
Kinder Morgan,Snowflake,7/13/2025 0:00,0,0,0,0,0,0,0,0,0,,,,,,,,,
Kinder Morgan,Snowflake,7/14/2025 0:00,98.921025,1.0096,99.866611,782.42,75.73,0.563,0.2466,0.688,99.0654,,,,,,,,,
Kinder Morgan,Snowflake,7/15/2025 0:00,1160.444124,1.0072,1168.782757,799.42,98.77,0.5585,0.1535,0.547,99.2995,,,,,,,,,
Kinder Morgan,Snowflake,7/16/2025 0:00,1009.59408,1.0074,1017.029424,801.36,97.01,0.5587,0.2054,0.4786,99.316,,,,,,,,,
Kinder Morgan,Snowflake,7/17/2025 0:00,1023.290171,1.0048,1028.220171,774.26,96.36,0.56,0.2511,0.6835,99.0654,,,,,,,,,
Kinder Morgan,Snowflake,7/18/2025 0:00,767.256006,1.0046,770.823314,771.57,97.67,0.5597,0.1778,0.7784,99.0438,,,,,,,,,
Kinder Morgan,Snowflake,7/19/2025 0:00,0,0,0,0,0,0,0,0,0,,,,,,,,,
Kinder Morgan,Snowflake,7/20/2025 0:00,0,0,0,0,0,0,0,0,0,,,,,,,,,
Kinder Morgan,Snowflake,7/21/2025 0:00,0,0,0,0,0,0,0,0,0,,,,,,,,,
Kinder Morgan,Snowflake,7/22/2025 0:00,1027.05245,1.0071,1034.348636,750.74,93.87,0.5597,0.293,0.4579,99.2491,,,,,,,,,
Kinder Morgan,Snowflake,7/23/2025 0:00,764.337897,1.0072,769.836754,767.25,95.18,0.559,0.1487,0.5986,99.2527,,,,,,,,,
Kinder Morgan,Snowflake,7/24/2025 0:00,265.365699,1.0044,266.544966,743.05,97.21,0.5604,0.1768,0.8552,98.968,,,,,,,,,
Kinder Morgan,Snowflake,7/25/2025 0:00,0,0,0,0,0,0,0,0,0,,,,,,,,,
Kinder Morgan,Snowflake,7/26/2025 0:00,0,0,0,0,0,0,0,0,0,,,,,,,,,
Kinder Morgan,Snowflake,7/27/2025 0:00,0,0,0,0,0,0,0,0,0,,,,,,,,,
Kinder Morgan,Snowflake,7/28/2025 0:00,1028.497102,1.0059,1034.555642,763.23,97.4,0.5595,0.165,0.704,99.131,,,,,,,,,
Kinder Morgan,Snowflake,7/29/2025 0:00,1043.507288,1.0058,1049.53185,735.73,98.7,0.5589,0.1143,0.7254,99.1603,,,,,,,,,
Kinder Morgan,Snowflake,7/30/2025 0:00,779.423056,1.0057,783.862304,747.99,98.43,0.5588,0.0729,0.7866,99.1405,,,,,,,,,
Kinder Morgan,Snowflake,7/31/2025 0:00,0,0,0,0,0,0,0,0,0,,,,,,,,,
Kinder Morgan,Snowflake,8/1/2025 0:00,0,0,0,0,0,0,0,0,0,,,,,,,,,
Kinder Morgan,Snowflake,8/2/2025 0:00,0,0,0,0,0,0,0,0,0,,,,,,,,,
Kinder Morgan,Snowflake,8/3/2025 0:00,0,0,0,0,0,0,0,0,0,,,,,,,,,
Kinder Morgan,Snowflake,8/4/2025 0:00,0,0,0,0,0,0,0,0,0,,,,,,,,,
Kinder Morgan,Snowflake,8/5/2025 0:00,1035.426351,1.0076,1043.342507,753.38,98.24,0.5589,0.1565,0.5491,99.2944,,,,,,,,,
Kinder Morgan,Snowflake,8/6/2025 0:00,1040.14328,1.0077,1048.144942,741.48,98.82,0.5581,0.1262,0.525,99.3488,,,,,,,,,
Kinder Morgan,Snowflake,8/7/2025 0:00,1024.882,1.0079,1032.951965,763.54,99.05,0.5586,0.1839,0.466,99.3501,,,,,,,,,
Kinder Morgan,Snowflake,8/8/2025 0:00,0,0,0,0,0,0,0,0,0,,,,,,,,,
Kinder Morgan,Snowflake,8/9/2025 0:00,0,0,0,0,0,0,0,0,0,,,,,,,,,
Kinder Morgan,Snowflake,8/10/2025 0:00,0,0,0,0,0,0,0,0,0,,,,,,,,,
Kinder Morgan,Snowflake,8/11/2025 0:00,0,0,0,0,0,0,0,0,0,,,,,,,,,
Kinder Morgan,Snowflake,8/12/2025 0:00,1024.20219,1.0081,1032.511749,767.42,97.53,0.5592,0.2402,0.4257,99.3341,,,,,,,,,
Kinder Morgan,Snowflake,8/13/2025 0:00,1009.734003,1.0079,1017.709413,789.68,98.26,0.5585,0.1971,0.4357,99.3672,,,,,,,,,
Kinder Morgan,Snowflake,8/14/2025 0:00,1017.862874,1.0072,1025.240215,775.92,96.52,0.5588,0.2046,0.49,99.3054,,,,,,,,,
Kinder Morgan,Snowflake,8/15/2025 0:00,0,0,0,0,0,0,0,0,0,,,,,,,,,
Kinder Morgan,Snowflake,8/16/2025 0:00,0,0,0,0,0,0,0,0,0,,,,,,,,,
Kinder Morgan,Snowflake,8/17/2025 0:00,0,0,0,0,0,0,0,0,0,,,,,,,,,
Kinder Morgan,Snowflake,8/18/2025 0:00,0,0,0,0,0,0,0,0,0,,,,,,,,,
Kinder Morgan,Snowflake,8/19/2025 0:00,1016.014569,1.0065,1022.639308,777.76,98,0.5596,0.2099,0.6024,99.1877,,,,,,,,,
Kinder Morgan,Snowflake,8/20/2025 0:00,1035.85402,1.0062,1042.262139,754.24,98.52,0.559,0.1684,0.6304,99.2012,,,,,,,,,
Kinder Morgan,Snowflake,8/21/2025 0:00,1039.541857,1.0072,1046.991493,746.19,99.03,0.5588,0.2068,0.4966,99.2966,,,,,,,,,
Kinder Morgan,Snowflake,8/22/2025 0:00,0,0,0,0,0,0,0,0,0,,,,,,,,,
Kinder Morgan,Snowflake,8/23/2025 0:00,0,0,0,0,0,0,0,0,0,,,,,,,,,
Kinder Morgan,Snowflake,8/24/2025 0:00,0,0,0,0,0,0,0,0,0,,,,,,,,,
Kinder Morgan,Snowflake,8/25/2025 0:00,0,0,0,0,0,0,0,0,0,,,,,,,,,
Kinder Morgan,Snowflake,8/26/2025 0:00,1015.729024,1.0073,1023.093671,771.22,93.88,0.5594,0.2359,0.5006,99.2635,,,,,,,,,
Kinder Morgan,Snowflake,8/27/2025 0:00,1029.404975,1.0069,1036.475438,770.88,96.11,0.5593,0.2471,0.4995,99.2534,,,,,,,,,
Kinder Morgan,Snowflake,8/28/2025 0:00,1014.049303,1.0066,1020.791468,790.13,97.14,0.5596,0.2387,0.5529,99.2084,,,,,,,,,
Kinder Morgan,Snowflake,8/29/2025 0:00,0,0,0,0,0,0,0,0,0,,,,,,,,,
Kinder Morgan,Snowflake,8/30/2025 0:00,0,0,0,0,0,0,0,0,0,,,,,,,,,
Kinder Morgan,Snowflake,8/31/2025 0:00,0,0,0,0,0,0,0,0,0,,,,,,,,,
Kinder Morgan,Snowflake,9/1/2025 0:00,0,0,0,0,0,0,0,0,0,,,,,,,,,
Kinder Morgan,Snowflake,9/2/2025 0:00,0,0,0,0,0,0,0,0,0,,,,,,,,,
Kinder Morgan,Snowflake,9/3/2025 0:00,1042.71214,1.0073,1050.308362,729.65,93.03,0.5597,0.3141,0.4151,99.2708,,,,,,,,,
Kinder Morgan,Snowflake,9/4/2025 0:00,1037.907081,1.0044,1042.42794,734.8,95.09,0.5607,0.3306,0.6575,99.0119,,,,,,,,,
Kinder Morgan,Snowflake,9/5/2025 0:00,0,0,0,0,0,0,0,0,0,,,,,,,,,
Kinder Morgan,Snowflake,9/6/2025 0:00,0,0,0,0,0,0,0,0,0,,,,,,,,,
Kinder Morgan,Snowflake,9/7/2025 0:00,0,0,0,0,0,0,0,0,0,,,,,,,,,
Kinder Morgan,Snowflake,9/8/2025 0:00,0,0,0,0,0,0,0,0,0,,,,,,,,,
Kinder Morgan,Snowflake,9/9/2025 0:00,1072.137505,1.005,1077.490345,739.92,95.69,0.5605,0.2752,0.6833,99.0415,,,,,,,,,
Kinder Morgan,Snowflake,9/10/2025 0:00,1068.412466,1.0043,1072.966781,753.28,95.79,0.5604,0.2659,0.7268,99.0073,,,,,,,,,
Kinder Morgan,Snowflake,9/11/2025 0:00,733.533783,1.0019,734.899849,756.42,95.74,0.5611,0.2175,1.0141,98.7684,,,,,,,,,
Kinder Morgan,Snowflake,9/12/2025 0:00,0,0,0,0,0,0,0,0,0,,,,,,,,,
Kinder Morgan,Snowflake,9/13/2025 0:00,0,0,0,0,0,0,0,0,0,,,,,,,,,
Kinder Morgan,Snowflake,9/14/2025 0:00,0,0,0,0,0,0,0,0,0,,,,,,,,,
Kinder Morgan,Snowflake,9/15/2025 0:00,0,0,0,0,0,0,0,0,0,,,,,,,,,
Kinder Morgan,Snowflake,9/16/2025 0:00,1075.955007,1.0067,1083.178094,730.91,95.02,0.56,0.2717,0.5321,99.1962,,,,,,,,,
Kinder Morgan,Snowflake,9/17/2025 0:00,264.597526,1.0032,265.441664,716.18,91.7,0.5605,0.2121,0.8886,98.8993,,,,,,,,,
Kinder Morgan,Snowflake,9/18/2025 0:00,1064.025812,1.0046,1068.87714,712.27,94.93,0.5608,0.2921,0.7128,98.9951,,,,,,,,,
Kinder Morgan,Snowflake,9/19/2025 0:00,0,0,0,0,0,0,0,0,0,,,,,,,,,
Kinder Morgan,Snowflake,9/20/2025 0:00,0,0,0,0,0,0,0,0,0,,,,,,,,,
Kinder Morgan,Snowflake,9/21/2025 0:00,0,0,0,0,0,0,0,0,0,,,,,,,,,
Kinder Morgan,Snowflake,9/22/2025 0:00,0,0,0,0,0,0,0,0,0,,,,,,,,,
Kinder Morgan,Snowflake,9/23/2025 0:00,1062.81052,1.0029,1065.863046,774.08,93.32,0.5617,0.3294,0.838,98.8326,,,,,,,,,
Kinder Morgan,Snowflake,9/24/2025 0:00,809.079964,1.0039,812.202688,732.63,93.91,0.5604,0.2597,0.7689,98.9714,,,,,,,,,
Kinder Morgan,Snowflake,9/25/2025 0:00,549.970342,1.0071,553.852533,760.38,92.01,0.5599,0.2104,0.5936,99.196,,,,,,,,,
Kinder Morgan,Snowflake,9/26/2025 0:00,0,0,0,0,0,0,0,0,0,,,,,,,,,
Kinder Morgan,Snowflake,9/27/2025 0:00,0,0,0,0,0,0,0,0,0,,,,,,,,,
Kinder Morgan,Snowflake,9/28/2025 0:00,0,0,0,0,0,0,0,0,0,,,,,,,,,
Kinder Morgan,Snowflake,9/29/2025 0:00,0,0,0,0,0,0,0,0,0,,,,,,,,,
Kinder Morgan,Snowflake,9/30/2025 0:00,1069.248312,1.0052,1074.757392,748.81,92.66,0.5612,0.4196,0.5225,99.0579,,,,,,,,,
Kinder Morgan,Snowflake,10/1/2025 0:00,0,0,0,0,0,0,0,0,0,,,,,,,,,
Kinder Morgan,Snowflake,10/2/2025 0:00,0,0,0,0,0,0,0,0,0,,,,,,,,,
Kinder Morgan,Snowflake,10/3/2025 0:00,0,0,0,0,0,0,0,0,0,,,,,,,,,
Kinder Morgan,Snowflake,10/4/2025 0:00,0,0,0,0,0,0,0,0,0,,,,,,,,,
Kinder Morgan,Snowflake,10/5/2025 0:00,0,0,0,0,0,0,0,0,0,,,,,,,,,
Kinder Morgan,Snowflake,10/6/2025 0:00,0,0,0,0,0,0,0,0,0,,,,,,,,,
Kinder Morgan,Snowflake,10/7/2025 0:00,799.697675,1.0059,804.394318,727.93,92.61,0.56,0.2587,0.6083,99.133,,,,,,,,,
Kinder Morgan,Snowflake,10/8/2025 0:00,1086.096565,1.0067,1093.338632,734.41,92.46,0.5593,0.2122,0.5667,99.2211,,,,,,,,,
Kinder Morgan,Snowflake,10/9/2025 0:00,826.581316,1.0054,831.085417,775.12,91.67,0.5599,0.209,0.6978,99.0932,,,,,,,,,
Kinder Morgan,Snowflake,10/10/2025 0:00,0,0,0,0,0,0,0,0,0,,,,,,,,,
Kinder Morgan,Snowflake,10/11/2025 0:00,0,0,0,0,0,0,0,0,0,,,,,,,,,
Kinder Morgan,Snowflake,10/12/2025 0:00,0,0,0,0,0,0,0,0,0,,,,,,,,,
Kinder Morgan,Snowflake,10/13/2025 0:00,0,0,0,0,0,0,0,0,0,,,,,,,,,
Kinder Morgan,Snowflake,10/14/2025 0:00,1136.80793,1.0046,1142.002475,673.29,86.91,0.5602,0.2334,0.7466,99.02,,,,,,,,,
Kinder Morgan,Snowflake,10/15/2025 0:00,1117.010107,1.0034,1120.840291,690.19,89.05,0.5607,0.2262,0.872,98.9018,,,,,,,,,
Kinder Morgan,Snowflake,10/16/2025 0:00,0,0,0,0,0,0,0,0,0,,,,,,,,,
Kinder Morgan,Snowflake,10/17/2025 0:00,0,0,0,0,0,0,0,0,0,,,,,,,,,
Kinder Morgan,Snowflake,10/18/2025 0:00,0,0,0,0,0,0,0,0,0,,,,,,,,,
Kinder Morgan,Snowflake,10/19/2025 0:00,0,0,0,0,0,0,0,0,0,,,,,,,,,
Kinder Morgan,Snowflake,10/20/2025 0:00,0,0,0,0,0,0,0,0,0,,,,,,,,,
Kinder Morgan,Snowflake,10/21/2025 0:00,578.165477,1.0073,582.392186,710.55,90.64,0.5594,0.2128,0.531,99.2562,,,,,,,,,
Kinder Morgan,Snowflake,10/22/2025 0:00,576.569962,1.0066,580.359892,671.7,86.55,0.5594,0.208,0.5901,99.2019,,,,,,,,,
Kinder Morgan,Snowflake,10/23/2025 0:00,563.423569,1.0073,567.515276,722.11,89.35,0.5595,0.2407,0.4976,99.2617,,,,,,,,,
Kinder Morgan,Snowflake,10/24/2025 0:00,0,0,0,0,0,0,0,0,0,,,,,,,,,
Kinder Morgan,Snowflake,10/25/2025 0:00,0,0,0,0,0,0,0,0,0,,,,,,,,,
Kinder Morgan,Snowflake,10/26/2025 0:00,0,0,0,0,0,0,0,0,0,,,,,,,,,
Kinder Morgan,Snowflake,10/27/2025 0:00,0,0,0,0,0,0,0,0,0,,,,,,,,,
Kinder Morgan,Snowflake,10/28/2025 0:00,564.634401,1.0072,568.67722,690.73,87.17,0.5597,0.2596,0.5012,99.2392,,,,,,,,,
Kinder Morgan,Snowflake,10/29/2025 0:00,550.435998,1.0069,554.248168,682.44,90.59,0.5599,0.2692,0.52,99.2108,,,,,,,,,
Kinder Morgan,Snowflake,10/30/2025 0:00,573.903038,1.0074,578.149489,693.08,92.02,0.5597,0.2391,0.5119,99.249,,,,,,,,,
Kinder Morgan,Snowflake,10/31/2025 0:00,0,0,0,0,0,0,0,0,0,,,,,,,,,
Kinder Morgan,Snowflake,11/1/2025 0:00,0,0,0,0,0,0,0,0,0,,,,,,,,,
Kinder Morgan,Snowflake,11/2/2025 0:00,0,0,0,0,0,0,0,0,0,,,,,,,,,
Kinder Morgan,Snowflake,11/3/2025 0:00,0,0,0,0,0,0,0,0,0,,,,,,,,,
Kinder Morgan,Snowflake,11/4/2025 0:00,559.133244,1.0072,563.176544,725.6,90.25,0.5595,0.2329,0.5207,99.2464,,,,,,,,,
Kinder Morgan,Snowflake,11/5/2025 0:00,568.959499,1.0068,572.805942,722.1,90.14,0.5595,0.2152,0.5682,99.2166,,,,,,,,,
Kinder Morgan,Snowflake,11/6/2025 0:00,288.907882,1.0077,291.121882,712.65,89.13,0.5591,0.1512,0.5767,99.2721,,,,,,,,,
Kinder Morgan,Snowflake,11/7/2025 0:00,0,0,0,0,0,0,0,0,0,,,,,,,,,
Kinder Morgan,Snowflake,11/8/2025 0:00,0,0,0,0,0,0,0,0,0,,,,,,,,,
Kinder Morgan,Snowflake,11/9/2025 0:00,0,0,0,0,0,0,0,0,0,,,,,,,,,
Kinder Morgan,Snowflake,11/10/2025 0:00,0,0,0,0,0,0,0,0,0,,,,,,,,,
Kinder Morgan,Snowflake,11/11/2025 0:00,537.213576,1.0065,540.712092,657.86,87.52,0.5597,0.2182,0.5984,99.1834,,,,,,,,,
Kinder Morgan,Snowflake,11/12/2025 0:00,593.301661,1.0068,597.332903,715.87,90.38,0.5594,0.1876,0.6005,99.2119,,,,,,,,,
Kinder Morgan,Snowflake,11/13/2025 0:00,203.598391,1.0072,205.06575,730.16,70.24,0.5604,0.2223,0.6146,99.1631,,,,,,,,,
Kinder Morgan,Snowflake,11/14/2025 0:00,69.871272,1.0065,70.322399,726.14,77.85,0.5589,0.1683,0.6039,99.2278,,,,,,,,,
Kinder Morgan,Snowflake,11/15/2025 0:00,0,0,0,0,0,0,0,0,0,,,,,,,,,
Kinder Morgan,Snowflake,11/16/2025 0:00,0,0,0,0,0,0,0,0,0,,,,,,,,,
Kinder Morgan,Snowflake,11/17/2025 0:00,0,0,0,0,0,0,0,0,0,,,,,,,,,
Kinder Morgan,Snowflake,11/18/2025 0:00,586.666409,1.0063,590.390168,692.01,80.6,0.5601,0.2465,0.6052,99.1483,,,,,,,,,
Kinder Morgan,Snowflake,11/19/2025 0:00,295.11749,1.0065,297.043773,677.26,78.42,0.5606,0.2509,0.6301,99.119,,,,,,,,,
Kinder Morgan,Snowflake,11/20/2025 0:00,599.573459,1.0053,602.730802,661.75,79.58,0.5607,0.2745,0.6856,99.0399,,,,,,,,,
Kinder Morgan,Snowflake,11/21/2025 0:00,0,0,0,0,0,0,0,0,0,,,,,,,,,
Kinder Morgan,Snowflake,11/22/2025 0:00,0,0,0,0,0,0,0,0,0,,,,,,,,,
Kinder Morgan,Snowflake,11/23/2025 0:00,0,0,0,0,0,0,0,0,0,,,,,,,,,
Kinder Morgan,Snowflake,11/24/2025 0:00,0,0,0,0,0,0,0,0,0,,,,,,,,,
Kinder Morgan,Snowflake,11/25/2025 0:00,575.694632,1.0049,578.517497,712.95,86.03,0.5608,0.2581,0.7392,99.0027,,,,,,,,,
Kinder Morgan,Snowflake,11/26/2025 0:00,550.105076,1.0046,552.650724,734.16,85.45,0.5608,0.2548,0.7595,98.9857,,,,,,,,,
Kinder Morgan,Snowflake,11/27/2025 0:00,0,0,0,0,0,0,0,0,0,,,,,,,,,
Kinder Morgan,Snowflake,11/28/2025 0:00,0,0,0,0,0,0,0,0,0,,,,,,,,,
Kinder Morgan,Snowflake,11/29/2025 0:00,0,0,0,0,0,0,0,0,0,,,,,,,,,
Kinder Morgan,Snowflake,11/30/2025 0:00,0,0,0,0,0,0,0,0,0,,,,,,,,,
Kinder Morgan,Snowflake,12/1/2025 0:00,0,0,0,0,0,0,0,0,0,,,,,,,,,
Kinder Morgan,Snowflake,12/2/2025 0:00,0,0,0,0,0,0,0,0,0,,,,,,,,,
Kinder Morgan,Snowflake,12/3/2025 0:00,0,0,0,0,0,0,0,0,0,,,,,,,,,
Kinder Morgan,Snowflake,12/4/2025 0:00,0,0,0,0,0,0,0,0,0,,,,,,,,,
Kinder Morgan,Snowflake,12/5/2025 0:00,0,0,0,0,0,0,0,0,0,,,,,,,,,
Kinder Morgan,Snowflake,12/6/2025 0:00,0,0,0,0,0,0,0,0,0,,,,,,,,,
Kinder Morgan,Snowflake,12/7/2025 0:00,0,0,0,0,0,0,0,0,0,,,,,,,,,
Kinder Morgan,Snowflake,12/8/2025 0:00,0,0,0,0,0,0,0,0,0,,,,,,,,,
Kinder Morgan,Snowflake,12/9/2025 0:00,549.556619,1.0036,551.517607,813.03,85.51,0.5615,0.283,0.8548,98.8622,,,,,,,,,
Kinder Morgan,Snowflake,12/10/2025 0:00,263.445833,1.005,264.760095,784.18,83.57,0.562,0.2545,0.8537,98.8918,,,,,,,,,
Kinder Morgan,Snowflake,12/11/2025 0:00,0,0,0,0,0,0,0,0,0,,,,,,,,,
Kinder Morgan,Snowflake,12/12/2025 0:00,0,0,0,0,0,0,0,0,0,,,,,,,,,
Kinder Morgan,Snowflake,12/13/2025 0:00,0,0,0,0,0,0,0,0,0,,,,,,,,,
Kinder Morgan,Snowflake,12/14/2025 0:00,0,0,0,0,0,0,0,0,0,,,,,,,,,
Kinder Morgan,Snowflake,12/15/2025 0:00,0,0,0,0,0,0,0,0,0,,,,,,,,,
Kinder Morgan,Snowflake,12/16/2025 0:00,552.059745,1.0024,553.396038,801.9,83.47,0.5621,0.2877,0.9633,98.749,,,,,,,,,
Kinder Morgan,Snowflake,12/17/2025 0:00,574.432268,1.0035,576.422104,760.6,84.41,0.5624,0.2601,0.9761,98.7638,,,,,,,,,
Kinder Morgan,Snowflake,12/18/2025 0:00,0,0,0,0,0,0,0,0,0,,,,,,,,,
Kinder Morgan,Snowflake,12/19/2025 0:00,0,0,0,0,0,0,0,0,0,,,,,,,,,
Kinder Morgan,Snowflake,12/20/2025 0:00,0,0,0,0,0,0,0,0,0,,,,,,,,,
Kinder Morgan,Snowflake,12/21/2025 0:00,0,0,0,0,0,0,0,0,0,,,,,,,,,
Kinder Morgan,Snowflake,12/22/2025 0:00,0,0,0,0,0,0,0,0,0,,,,,,,,,
Kinder Morgan,Snowflake,12/23/2025 0:00,0,0,0,0,0,0,0,0,0,,,,,,,,,
Kinder Morgan,Snowflake,12/24/2025 0:00,0,0,0,0,0,0,0,0,0,,,,,,,,,
Kinder Morgan,Snowflake,12/25/2025 0:00,0,0,0,0,0,0,0,0,0,,,,,,,,,
Kinder Morgan,Snowflake,12/26/2025 0:00,0,0,0,0,0,0,0,0,0,,,,,,,,,
Kinder Morgan,Snowflake,12/27/2025 0:00,0,0,0,0,0,0,0,0,0,,,,,,,,,
Kinder Morgan,Snowflake,12/28/2025 0:00,0,0,0,0,0,0,0,0,0,,,,,,,,,
Kinder Morgan,Snowflake,12/29/2025 0:00,0,0,0,0,0,0,0,0,0,,,,,,,,,
Kinder Morgan,Snowflake,12/30/2025 0:00,0,0,0,0,0,0,0,0,0,,,,,,,,,
Kinder Morgan,Snowflake,12/31/2025 0:00,0,0,0,0,0,0,0,0,0,,,,,,,,,
Kinder Morgan,Snowflake,1/1/2026 0:00,0,0,0,0,0,0,0,0,0,,,,,,,,,
Kinder Morgan,Snowflake,1/2/2026 0:00,0,0,0,0,0,0,0,0,0,,,,,,,,,
Kinder Morgan,Snowflake,1/3/2026 0:00,0,0,0,0,0,0,0,0,0,,,,,,,,,
Kinder Morgan,Snowflake,1/4/2026 0:00,0,0,0,0,0,0,0,0,0,,,,,,,,,
Kinder Morgan,Snowflake,1/5/2026 0:00,0,0,0,0,0,0,0,0,0,,,,,,,,,
Kinder Morgan,Snowflake,1/6/2026 0:00,0,0,0,0,0,0,0,0,0,,,,,,,,,
Kinder Morgan,Snowflake,1/7/2026 0:00,0,0,0,0,0,0,0,0,0,,,,,,,,,
Kinder Morgan,Snowflake,1/8/2026 0:00,0,0,0,0,0,0,0,0,0,,,,,,,,,
Kinder Morgan,Snowflake,1/9/2026 0:00,0,0,0,0,0,0,0,0,0,,,,,,,,,
Kinder Morgan,Snowflake,1/10/2026 0:00,0,0,0,0,0,0,0,0,0,,,,,,,,,
Kinder Morgan,Snowflake,1/11/2026 0:00,0,0,0,0,0,0,0,0,0,,,,,,,,,
Kinder Morgan,Snowflake,1/12/2026 0:00,0,0,0,0,0,0,0,0,0,,,,,,,,,
Kinder Morgan,Snowflake,1/13/2026 0:00,0,0,0,0,0,0,0,0,0,,,,,,,,,
Kinder Morgan,Snowflake,1/14/2026 0:00,0,0,0,0,0,0,0,0,0,,,,,,,,,
Kinder Morgan,Snowflake,1/15/2026 0:00,0,0,0,0,0,0,0,0,0,,,,,,,,,
Kinder Morgan,Snowflake,1/16/2026 0:00,0,0,0,0,0,0,0,0,0,,,,,,,,,
Kinder Morgan,Snowflake,1/17/2026 0:00,0,0,0,0,0,0,0,0,0,,,,,,,,,
Kinder Morgan,Snowflake,1/18/2026 0:00,0,0,0,0,0,0,0,0,0,,,,,,,,,
Kinder Morgan,Snowflake,1/19/2026 0:00,0,0,0,0,0,0,0,0,0,,,,,,,,,
Kinder Morgan,Snowflake,1/20/2026 0:00,0,0,0,0,0,0,0,0,0,,,,,,,,,
Kinder Morgan,Snowflake,1/21/2026 0:00,0,0,0,0,0,0,0,0,0,,,,,,,,,
Kinder Morgan,Snowflake,1/22/2026 0:00,0,0,0,0,0,0,0,0,0,,,,,,,,,
Kinder Morgan,Snowflake,1/23/2026 0:00,0,0,0,0,0,0,0,0,0,,,,,,,,,
Kinder Morgan,Snowflake,1/24/2026 0:00,0,0,0,0,0,0,0,0,0,,,,,,,,,
Kinder Morgan,Snowflake,1/25/2026 0:00,0,0,0,0,0,0,0,0,0,,,,,,,,,
Kinder Morgan,Snowflake,1/26/2026 0:00,0,0,0,0,0,0,0,0,0,,,,,,,,,
Kinder Morgan,Snowflake,1/27/2026 0:00,0,0,0,0,0,0,0,0,0,,,,,,,,,
Kinder Morgan,Snowflake,1/28/2026 0:00,0,0,0,0,0,0,0,0,0,,,,,,,,,
Kinder Morgan,Snowflake,1/29/2026 0:00,0,0,0,0,0,0,0,0,0,,,,,,,,,
Kinder Morgan,Snowflake,1/30/2026 0:00,0,0,0,0,0,0,0,0,0,,,,,,,,,
Kinder Morgan,Snowflake,1/31/2026 0:00,0,0,0,0,0,0,0,0,0,,,,,,,,,
Kinder Morgan,Snowflake,2/1/2026 0:00,0,0,0,0,0,0,0,0,0,,,,,,,,,
Kinder Morgan,Snowflake,2/2/2026 0:00,0,0,0,0,0,0,0,0,0,,,,,,,,,
Kinder Morgan,Snowflake,2/3/2026 0:00,0,0,0,0,0,0,0,0,0,,,,,,,,,
Kinder Morgan,Snowflake,2/4/2026 0:00,0,0,0,0,0,0,0,0,0,,,,,,,,,
Kinder Morgan,Snowflake,2/5/2026 0:00,0,0,0,0,0,0,0,0,0,,,,,,,,,
Kinder Morgan,Snowflake,2/6/2026 0:00,0,0,0,0,0,0,0,0,0,,,,,,,,,
Kinder Morgan,Snowflake,2/7/2026 0:00,0,0,0,0,0,0,0,0,0,,,,,,,,,
Kinder Morgan,Snowflake,2/8/2026 0:00,0,0,0,0,0,0,0,0,0,,,,,,,,,
Kinder Morgan,Snowflake,2/9/2026 0:00,0,0,0,0,0,0,0,0,0,,,,,,,,,
Kinder Morgan,Snowflake,2/10/2026 0:00,0,0,0,0,0,0,0,0,0,,,,,,,,,
Kinder Morgan,Snowflake,2/11/2026 0:00,0,0,0,0,0,0,0,0,0,,,,,,,,,
Kinder Morgan,Snowflake,2/12/2026 0:00,0,0,0,0,0,0,0,0,0,,,,,,,,,
Kinder Morgan,Snowflake,2/13/2026 0:00,0,0,0,0,0,0,0,0,0,,,,,,,,,
Kinder Morgan,Snowflake,2/14/2026 0:00,0,0,0,0,0,0,0,0,0,,,,,,,,,
Kinder Morgan,Snowflake,2/15/2026 0:00,0,0,0,0,0,0,0,0,0,,,,,,,,,
Kinder Morgan,Snowflake,2/16/2026 0:00,0,0,0,0,0,0,0,0,0,,,,,,,,,
Kinder Morgan,Snowflake,2/17/2026 0:00,0,0,0,0,0,0,0,0,0,,,,,,,,,
Kinder Morgan,Snowflake,2/18/2026 0:00,0,0,0,0,0,0,0,0,0,,,,,,,,,
Kinder Morgan,Snowflake,2/19/2026 0:00,0,0,0,0,0,0,0,0,0,,,,,,,,,
Kinder Morgan,Snowflake,2/20/2026 0:00,0,0,0,0,0,0,0,0,0,,,,,,,,,
Kinder Morgan,Snowflake,2/21/2026 0:00,0,0,0,0,0,0,0,0,0,,,,,,,,,
Kinder Morgan,Snowflake,2/22/2026 0:00,0,0,0,0,0,0,0,0,0,,,,,,,,,
Kinder Morgan,Snowflake,2/23/2026 0:00,0,0,0,0,0,0,0,0,0,,,,,,,,,
Kinder Morgan,Snowflake,2/24/2026 0:00,0,0,0,0,0,0,0,0,0,,,,,,,,,
Kinder Morgan,Snowflake,2/25/2026 0:00,0,0,0,0,0,0,0,0,0,,,,,,,,,
Kinder Morgan,Snowflake,2/26/2026 0:00,0,0,0,0,0,0,0,0,0,,,,,,,,,
Kinder Morgan,Snowflake,2/27/2026 0:00,0,0,0,0,0,0,0,0,0,,,,,,,,,
Kinder Morgan,Snowflake,2/28/2026 0:00,0,0,0,0,0,0,0,0,0,,,,,,,,,
Kinder Morgan,Snowflake,3/1/2026 0:00,0,0,0,0,0,0,0,0,0,,,,,,,,,
Kinder Morgan,Snowflake,3/2/2026 0:00,0,0,0,0,0,0,0,0,0,,,,,,,,,
Kinder Morgan,Snowflake,3/3/2026 0:00,0,0,0,0,0,0,0,0,0,,,,,,,,,
Kinder Morgan,Snowflake,3/4/2026 0:00,0,0,0,0,0,0,0,0,0,,,,,,,,,
Kinder Morgan,Snowflake,3/5/2026 0:00,0,0,0,0,0,0,0,0,0,,,,,,,,,
Kinder Morgan,Snowflake,3/6/2026 0:00,0,0,0,0,0,0,0,0,0,,,,,,,,,
Kinder Morgan,Snowflake,3/7/2026 0:00,0,0,0,0,0,0,0,0,0,,,,,,,,,
Kinder Morgan,Snowflake,3/8/2026 0:00,0,0,0,0,0,0,0,0,0,,,,,,,,,
Kinder Morgan,Snowflake,3/9/2026 0:00,0,0,0,0,0,0,0,0,0,,,,,,,,,
Kinder Morgan,Snowflake,3/10/2026 0:00,0,0,0,0,0,0,0,0,0,,,,,,,,,
Kinder Morgan,Snowflake,3/11/2026 0:00,0,0,0,0,0,0,0,0,0,,,,,,,,,
Kinder Morgan,Snowflake,3/12/2026 0:00,0,0,0,0,0,0,0,0,0,,,,,,,,,
Kinder Morgan,Snowflake,3/13/2026 0:00,0,0,0,0,0,0,0,0,0,,,,,,,,,
Kinder Morgan,Snowflake,3/14/2026 0:00,0,0,0,0,0,0,0,0,0,,,,,,,,,
Kinder Morgan,Snowflake,3/15/2026 0:00,0,0,0,0,0,0,0,0,0,,,,,,,,,
Kinder Morgan,Snowflake,3/16/2026 0:00,0,0,0,0,0,0,0,0,0,,,,,,,,,
Kinder Morgan,Snowflake,3/17/2026 0:00,0,0,0,0,0,0,0,0,0,,,,,,,,,
Kinder Morgan,Snowflake,3/18/2026 0:00,0,0,0,0,0,0,0,0,0,,,,,,,,,
Kinder Morgan,Snowflake,3/19/2026 0:00,70.023563,1008.7,70.629492,788.14,63.86,0.5604,0.1008,0.714,99.1852,,,,,,,,,
Kinder Morgan,Snowflake,3/20/2026 0:00,444.922517,1009.5,449.146666,799.75,90.07,0.5602,0.0959,0.6559,99.2482,,,,,,,,,
Kinder Morgan,Snowflake,3/21/2026 0:00,513.38031,1008.2,517.577008,766.86,89.48,0.5598,0.1192,0.6654,99.2154,,,,,,,,,
Kinder Morgan,Snowflake,3/22/2026 0:00,0,0,0,0,0,0,0,0,0,,,,,,,,,
Kinder Morgan,Snowflake,3/23/2026 0:00,0,0,0,0,0,0,0,0,0,,,,,,,,,
Kinder Morgan,Snowflake,3/24/2026 0:00,492.47926,1006.7,495.766371,796.16,87.65,0.5606,0.2635,0.6073,99.1292,,,,,,,,,
Kinder Morgan,Snowflake,3/25/2026 0:00,748.019277,1003.6,750.730937,796.43,92.62,0.5637,0.6037,0.5662,98.8301,,,,,,,,,
Kinder Morgan,Snowflake,3/26/2026 0:00,512.086003,1006.1,515.191317,789.25,83.35,0.5623,0.4239,0.5584,99.0177,,,,,,,,,
Kinder Morgan,Snowflake,3/27/2026 0:00,524.022352,1006.2,527.265886,781.42,90.84,0.5616,0.4016,0.5241,99.0743,,,,,,,,,
Kinder Morgan,Snowflake,3/28/2026 0:00,0,0,0,0,0,0,0,0,0,,,,,,,,,
Kinder Morgan,Snowflake,3/29/2026 0:00,0,0,0,0,0,0,0,0,0,,,,,,,,,
Kinder Morgan,Snowflake,3/30/2026 0:00,0,0,0,0,0,0,0,0,0,,,,,,,,,
Kinder Morgan,Snowflake,3/31/2026 0:00,779.314306,1003.6,782.141884,706.31,70.99,0.5621,0.4273,0.6871,98.8856,,,,,,,,,
Kinder Morgan,Snowflake,4/1/2026 0:00,268.679321,1000.5,268.800421,730.15,55.12,0.5666,0.6548,0.9452,98.4,,,,,,,,,
Kinder Morgan,Snowflake,4/2/2026 0:00,811.794688,1000.8,812.412175,711.39,79.86,0.5644,0.5175,0.9335,98.549,,,,,,,,,
Kinder Morgan,Snowflake,4/3/2026 0:00,767.237555,998,765.687294,759.57,83.84,0.5665,0.7321,0.9695,98.2984,,,,,,,,,
Kinder Morgan,Snowflake,4/4/2026 0:00,0.443718,1016,0.450807,757.66,39.46,0.5792,0.627,1.2545,98.1185,,,,,,,,,
Kinder Morgan,Snowflake,4/5/2026 0:00,1.164406,1014.6,1.181392,763.3,53.7,0.5787,0.6255,1.288,98.0865,,,,,,,,,
Kinder Morgan,Snowflake,4/6/2026 0:00,0.18758,1013.2,0.190062,749.93,53.88,0.5776,0.6315,1.257,98.1115,,,,,,,,,
Kinder Morgan,Snowflake,4/7/2026 0:00,808.902278,1002.1,810.629678,761.22,82.35,0.5629,0.4017,0.8897,98.7086,,,,,,,,,
Kinder Morgan,Snowflake,4/8/2026 0:00,1063.59038,1003.5,1067.306158,805.44,91.47,0.5616,0.3299,0.7883,98.8818,,,,,,,,,
Kinder Morgan,Snowflake,4/9/2026 0:00,1051.046453,1004.9,1056.156566,787.5,91.02,0.5615,0.4552,0.5135,99.0313,,,,,,,,,
Kinder Morgan,Snowflake,4/10/2026 0:00,791.315108,1004.2,794.650009,725.34,74.09,0.5622,0.5517,0.4669,98.9814,,,,,,,,,
Kinder Morgan,Snowflake,4/11/2026 0:00,0.39958,1016.5,0.406183,631.68,53.67,0.5775,0.6314,1.0567,98.3119,,,,,,,,,
Kinder Morgan,Snowflake,4/12/2026 0:00,0.68725,1018.5,0.699957,507.91,49.05,0.5764,0.5859,0.9012,98.5129,,,,,,,,,
Kinder Morgan,Snowflake,4/13/2026 0:00,293.940458,1005.2,295.467645,682.23,76.58,0.5631,0.4854,0.5946,98.92,,,,,,,,,
Kinder Morgan,Snowflake,4/14/2026 0:00,830.448269,1005.1,834.676284,703.03,80.47,0.5613,0.4013,0.5617,99.037,,,,,,,,,
Kinder Morgan,Snowflake,4/15/2026 0:00,880.67141,1005,885.059244,700.21,87.78,0.5613,0.3684,0.6096,99.022,,,,,,,,,
Kinder Morgan,Snowflake,4/16/2026 0:00,869.628153,1006.1,874.970174,688.56,83.94,0.5608,0.3845,0.4733,99.1422,,,,,,,,,
Kinder Morgan,Snowflake,4/17/2026 0:00,808.417929,1003.9,811.546199,710.47,81.37,0.563,0.5993,0.4947,98.906,,,,,,,,,
Kinder Morgan,Snowflake,4/18/2026 0:00,0.173517,1014,0.175944,727.49,68,0.5773,0.7037,1.0759,98.2204,,,,,,,,,
Kinder Morgan,Snowflake,4/19/2026 0:00,0.188352,1021.7,0.192448,572.38,54.73,0.5822,0.6634,1.1347,98.2019,,,,,,,,,
Kinder Morgan,Snowflake,4/20/2026 0:00,272.603466,1006,274.244538,737.48,78.1,0.5624,0.4662,0.5078,99.026,,,,,,,,,
Kinder Morgan,Snowflake,4/21/2026 0:00,1050.12249,1004.8,1055.143757,711.48,89.4,0.5627,0.5657,0.4625,98.9718,,,,,,,,,
Kinder Morgan,Snowflake,4/22/2026 0:00,1056.821489,1004.7,1061.803608,707.57,88.4,0.5629,0.5782,0.4586,98.9632,,,,,,,,,
Kinder Morgan,Snowflake,4/23/2026 0:00,782.251636,1006.3,787.191841,760.35,86.98,0.5616,0.5027,0.3566,99.1407,,,,,,,,,
Kinder Morgan,Snowflake,4/24/2026 0:00,543.579604,1008.8,548.364425,789.51,85.46,0.5602,0.312,0.3708,99.3172,,,,,,,,,
Kinder Morgan,Snowflake,4/25/2026 0:00,0.354736,1013.6,0.359568,758.81,57.45,0.5771,0.8589,0.8447,98.2964,,,,,,,,,
Kinder Morgan,Snowflake,4/26/2026 0:00,0.62939,1012.8,0.637435,754.93,53.19,0.5765,0.7961,0.9309,98.273,,,,,,,,,
Kinder Morgan,Snowflake,4/27/2026 0:00,247.730382,1003.6,248.619989,756.05,73.39,0.5653,0.751,0.4966,98.7524,,,,,,,,,
Kinder Morgan,Snowflake,4/28/2026 0:00,1069.20108,1003,1072.45477,746.33,89.85,0.5638,0.711,0.4505,98.8385,,,,,,,,,
Kinder Morgan,Snowflake,4/29/2026 0:00,1091.339253,1004.4,1096.175015,749.32,88.77,0.5622,0.5349,0.4823,98.9828,,,,,,,,,
Kinder Morgan,Snowflake,4/30/2026 0:00,1070.904525,1002.8,1073.915821,768.99,86.34,0.5642,0.6927,0.5299,98.7774,,,,,,,,,
Kinder Morgan,Snowflake,5/1/2026 0:00,0.164412,1016.2,0.167069,769.74,61.62,0.577,0.6117,1.0565,98.3318,,,,,,,,,
Kinder Morgan,Snowflake,5/2/2026 0:00,0.664193,1016.4,0.67508,774.44,58.45,0.5771,0.5539,1.1353,98.3108,,,,,,,,,
Kinder Morgan,Snowflake,5/3/2026 0:00,0.835605,1014,0.847271,787.56,58.06,0.5761,0.6187,1.0885,98.2928,,,,,,,,,
Kinder Morgan,Snowflake,5/4/2026 0:00,267.001741,1006.7,268.781515,782.51,65.51,0.5621,0.3787,0.5761,99.0452,,,,,,,,,
Kinder Morgan,Snowflake,5/5/2026 0:00,1064.020725,1006,1070.35645,771.71,68.03,0.561,0.3722,0.5267,99.1011,,,,,,,,,
Kinder Morgan,Snowflake,5/6/2026 0:00,1086.914401,1006.4,1093.89482,764.97,85.9,0.5602,0.3088,0.5206,99.1706,,,,,,,,,
Kinder Morgan,Snowflake,5/7/2026 0:00,1046.192958,1007.4,1053.902862,772.27,86.06,0.5595,0.244,0.4873,99.2687,,,,,,,,,
Kinder Morgan,Snowflake,5/8/2026 0:00,256.554669,1008.3,258.695417,764.36,86.82,0.5609,0.2343,0.5831,99.1826,,,,,,,,,
Kinder Morgan,Snowflake,5/9/2026 0:00,0.052395,1011.9,0.05302,745.05,67.46,0.5743,0.594,1.0839,98.3221,,,,,,,,,
Kinder Morgan,Snowflake,5/10/2026 0:00,0.071062,1013.1,0.071991,741.04,63.21,0.5743,0.6492,0.9251,98.4257,,,,,,,,,
Kinder Morgan,Snowflake,5/11/2026 0:00,241.753246,1008.3,243.768663,772.6,89.63,0.5611,0.2467,0.5808,99.1725,,,,,,,,,
Kinder Morgan,Snowflake,5/12/2026 0:00,1031.576861,1007.3,1039.096292,799.27,94.03,0.5595,0.2202,0.5291,99.2507,,,,,,,,,
Kinder Morgan,Snowflake,5/13/2026 0:00,1036.514328,1007,1043.806986,788.17,95.97,0.5589,0.1829,0.5452,99.2719,,,,,,,,,
Kinder Morgan,Snowflake,5/14/2026 0:00,1056.897412,1007.2,1064.556503,766.8,93.68,0.5587,0.1667,0.5425,99.2908,,,,,,,,,
Kinder Morgan,Snowflake,5/15/2026 0:00,496.073683,1008.2,500.153519,780.91,92.74,0.5596,0.2089,0.5038,99.2873,,,,,,,,,
Kinder Morgan,Snowflake,5/16/2026 0:00,0.194633,1015,0.197545,782.04,61.83,0.5747,0.4014,1.2358,98.3628,,,,,,,,,
Kinder Morgan,Snowflake,5/17/2026 0:00,0.399824,1017.8,0.406955,777.96,61.78,0.5775,0.4527,1.2467,98.3006,,,,,,,,,
Kinder Morgan,Snowflake,5/18/2026 0:00,259.627875,1008,261.706085,774.31,81.85,0.5612,0.1999,0.6817,99.1184,,,,,,,,,
Kinder Morgan,Snowflake,5/19/2026 0:00,1017.281001,1007.3,1024.707556,766.82,92.77,0.5594,0.1979,0.5567,99.2454,,,,,,,,,
Kinder Morgan,Snowflake,5/20/2026 0:00,790.527301,1005.9,795.201989,721.18,89.28,0.5599,0.2656,0.5852,99.1492,,,,,,,,,
Kinder Morgan,Snowflake,5/21/2026 0:00,817.979765,1007.3,823.933238,750.41,91.94,0.5591,0.147,0.604,99.249,,,,,,,,,
Kinder Morgan,Snowflake,5/22/2026 0:00,0.205916,1011.9,0.208366,753.11,53.17,0.5746,0.4453,1.3423,98.2124,,,,,,,,,
Kinder Morgan,Snowflake,5/23/2026 0:00,0.285961,1010.3,0.288893,754.3,65.91,0.5733,0.4803,1.2621,98.2576,,,,,,,,,
Kinder Morgan,Snowflake,5/24/2026 0:00,0.242313,1010,0.244731,773.23,68.02,0.5746,0.6853,1.0911,98.2236,,,,,,,,,
Kinder Morgan,Snowflake,5/25/2026 0:00,3.631548,1017.8,3.69605,771.13,55.36,0.5784,0.712,0.9354,98.3526,,,,,,,,,
Kinder Morgan,Snowflake,5/26/2026 0:00,283.4511,1008.6,285.891256,761.22,69.4,0.5614,0.2362,0.6079,99.1559,,,,,,,,,
Kinder Morgan,Snowflake,5/27/2026 0:00,1035.744335,1006.4,1042.382892,781.65,91.83,0.5598,0.2249,0.6047,99.1704,,,,,,,,,
Kinder Morgan,Snowflake,5/28/2026 0:00,1050.405189,1006.9,1057.643715,759.84,86.45,0.5597,0.2257,0.5633,99.211,,,,,,,,,
Kinder Morgan,Snowflake,5/29/2026 0:00,1028.992644,1007.9,1037.12485,796.81,84.41,0.5592,0.2249,0.4611,99.314,,,,,,,,,
Kinder Morgan,Snowflake,5/30/2026 0:00,775.80048,1008,781.994834,781.92,89.49,0.5602,0.2789,0.4668,99.2543,,,,,,,,,
Kinder Morgan,Snowflake,5/31/2026 0:00,0.36485,1021.4,0.372667,772.8,63.54,0.5813,0.7346,0.9648,98.3006,,,,,,,,,
Kinder Morgan,Snowflake,6/1/2026 0:00,264.856863,1008.5,267.098435,786.72,83.74,0.5603,0.2106,0.5525,99.2369,,,,,,,,,
Kinder Morgan,Snowflake,6/2/2026 0:00,1019.51593,1007.6,1027.217422,777.56,94.41,0.5596,0.2214,0.5265,99.2521,,,,,,,,,
Kinder Morgan,Snowflake,6/3/2026 0:00,986.927247,1008,994.852766,796.29,95.53,0.5587,0.1743,0.4862,99.3395,,,,,,,,,
Kinder Morgan,Snowflake,6/4/2026 0:00,789.007377,1007.5,794.946856,759.78,92.28,0.559,0.1576,0.5675,99.2749,,,,,,,,,
Kinder Morgan,Snowflake,6/5/2026 0:00,0.187576,1017.1,0.190791,744.46,68.26,0.5774,0.5865,1.0715,98.342,,,,,,,,,
Kinder Morgan,Snowflake,6/6/2026 0:00,0.104484,1016.3,0.106182,764.27,74.43,0.5783,0.5787,1.2221,98.1992,,,,,,,,,
Kinder Morgan,Snowflake,6/7/2026 0:00,0.267235,1011.5,0.270304,805.02,76.1,0.5785,0.3946,1.8095,97.7959,,,,,,,,,
Kinder Morgan,Snowflake,6/8/2026 0:00,262.876215,1007.4,264.823338,818.75,87.21,0.5606,0.171,0.7063,99.1227,,,,,,,,,
Kinder Morgan,Snowflake,6/9/2026 0:00,1014.280989,1006.7,1021.104681,820.52,96.82,0.5594,0.1995,0.5871,99.2134,,,,,,,,,
Kinder Morgan,Snowflake,6/10/2026 0:00,1018.690403,1006.6,1025.371961,821.77,97.17,0.5592,0.2287,0.5365,99.2348,,,,,,,,,
Kinder Morgan,Snowflake,6/11/2026 0:00,1004.378712,1007.2,1011.56389,824.69,98.65,0.5591,0.197,0.5336,99.2694,,,,,,,,,
Kinder Morgan,Snowflake,6/12/2026 0:00,246.610229,1008.3,248.651734,804.55,91.43,0.5582,0.1649,0.4332,99.4019,,,,,,,,,
Kinder Morgan,Snowflake,6/13/2026 0:00,0.036143,1014.2,0.036655,672.4,66.87,0.5809,0.0549,2.3922,97.5529,,,,,,,,,
Kinder Morgan,Snowflake,6/14/2026 0:00,0.071983,1011.8,0.072834,630.06,70.2,0.5803,0.0373,2.5008,97.4619,,,,,,,,,
Kinder Morgan,Snowflake,6/15/2026 0:00,268.194718,1006.9,270.057979,758.42,89.83,0.5611,0.1954,0.7398,99.0648,,,,,,,,,
Kinder Morgan,Snowflake,6/16/2026 0:00,1004.61744,1006.3,1010.957911,793.12,96.03,0.5604,0.2826,0.5843,99.1331,,,,,,,,,
Kinder Morgan,Snowflake,6/17/2026 0:00,792.057275,1007.9,798.295577,746.09,96.12,0.559,0.2742,0.3638,99.362,,,,,,,,,
Kinder Morgan,Snowflake,6/18/2026 0:00,564.246178,1007.4,568.394176,727.71,97.34,0.5598,0.2992,0.442,99.2588,,,,,,,,,
Kinder Morgan,Snowflake,6/19/2026 0:00,532.930147,1008.2,537.279292,706.2,92.67,0.5595,0.239,0.4568,99.3042,,,,,,,,,
Kinder Morgan,Snowflake,6/20/2026 0:00,521.676352,1008.5,526.12097,701.31,91.26,0.5601,0.2366,0.494,99.2694,,,,,,,,,
Kinder Morgan,Snowflake,6/21/2026 0:00,522.478901,1008.9,527.144863,739.64,90.27,0.56,0.2828,0.3867,99.3305,,,,,,,,,
Kinder Morgan,Snowflake,6/22/2026 0:00,515.641447,1006.7,519.114849,754.09,91.85,0.5611,0.2419,0.6836,99.0745,,,,,,,,,
Kinder Morgan,Snowflake,6/23/2026 0:00,504.465295,1006.7,507.825646,759.8,94.55,0.5611,0.2649,0.6587,99.0764,,,,,,,,,
Kinder Morgan,Snowflake,6/24/2026 0:00,495.073099,1008.4,499.247702,755.83,94.21,0.5605,0.3531,0.3571,99.2898,,,,,,,,,
Kinder Morgan,Snowflake,6/25/2026 0:00,522.036561,1006.4,525.392515,724.37,94.8,0.5618,0.4731,0.4163,99.1106,,,,,,,,,
Kinder Morgan,Snowflake,6/26/2026 0:00,507.940519,1006.4,511.173495,768.52,94.15,0.5618,0.4733,0.4168,99.1099,,,,,,,,,
Kinder Morgan,Snowflake,6/27/2026 0:00,513.389589,1007.4,517.167856,831.73,94.78,0.5606,0.4152,0.3359,99.2489,,,,,,,,,
Kinder Morgan,Snowflake,6/28/2026 0:00,500.150552,1004.1,502.187098,826.45,93.05,0.5622,0.4486,0.6356,98.9158,,,,,,,,,
Kinder Morgan,Snowflake,6/29/2026 0:00,505.678194,1000.1,505.727671,799.03,91.82,0.5646,0.4103,1.1562,98.4335,,,,,,,,,
Kinder Morgan,Snowflake,6/30/2026 0:00,505.137212,1005.2,507.778989,815.87,91.86,0.5622,0.455,0.5549,98.9901,,,,,,,,,
Columbia Gas,Waverly,4/1/2024 0:00,0,0,0,0,0,0,0,0,0,,,,,,,,,
Columbia Gas,Waverly,4/2/2024 0:00,0,0,0,0,0,0,0,0,0,,,,,,,,,
Columbia Gas,Waverly,4/3/2024 0:00,0,0,0,0,0,0,0,0,0,,,,,,,,,
Columbia Gas,Waverly,4/4/2024 0:00,0,0,0,0,0,0,0,0,0,,,,,,,,,
Columbia Gas,Waverly,4/5/2024 0:00,0,0,0,0,0,0,0,0,0,,,,,,,,,
Columbia Gas,Waverly,4/6/2024 0:00,0,0,0,0,0,0,0,0,0,,,,,,,,,
Columbia Gas,Waverly,4/7/2024 0:00,0,0,0,0,0,0,0,0,0,,,,,,,,,
Columbia Gas,Waverly,4/8/2024 0:00,0,0,0,0,0,0,0,0,0,,,,,,,,,
Columbia Gas,Waverly,4/9/2024 0:00,0,0,0,0,0,0,0,0,0,,,,,,,,,
Columbia Gas,Waverly,4/10/2024 0:00,0,0,0,0,0,0,0,0,0,,,,,,,,,
Columbia Gas,Waverly,4/11/2024 0:00,0,0,0,0,0,0,0,0,0,,,,,,,,,
Columbia Gas,Waverly,4/12/2024 0:00,0,0,0,0,0,0,0,0,0,,,,,,,,,
Columbia Gas,Waverly,4/13/2024 0:00,0,0,0,0,0,0,0,0,0,,,,,,,,,
Columbia Gas,Waverly,4/14/2024 0:00,0,0,0,0,0,0,0,0,0,,,,,,,,,
Columbia Gas,Waverly,4/15/2024 0:00,101,1042,102,550.4,76.1,0.5861,0.136,1.024,98.84,,,,,,,,,
Columbia Gas,Waverly,4/16/2024 0:00,124,1020,123,540.9,65,0.5771,0.087,1.569,98.344,,,,,,,,,
Columbia Gas,Waverly,4/17/2024 0:00,135,1023,135,545,73.6,0.5775,0.092,1.457,98.451,,,,,,,,,
Columbia Gas,Waverly,4/18/2024 0:00,112,1014,112,547,68.9,0.5739,0.075,1.671,98.254,,,,,,,,,
Columbia Gas,Waverly,4/19/2024 0:00,134,1016,134,540.1,59.7,0.5753,0.083,1.626,98.291,,,,,,,,,
Columbia Gas,Waverly,4/20/2024 0:00,122,1026,121,547.6,63.3,0.5794,0.099,1.441,98.46,,,,,,,,,
Columbia Gas,Waverly,4/21/2024 0:00,46,1035,46,518.9,48.2,0.5835,0.12,1.229,98.651,,,,,,,,,
Columbia Gas,Waverly,4/22/2024 0:00,100,1007,99,721.9,52.5,0.5716,0.071,1.833,98.096,,,,,,,,,
Columbia Gas,Waverly,4/23/2024 0:00,56,989,55,651,63.2,0.5652,0.014,2.431,97.555,,,,,,,,,
Columbia Gas,Waverly,4/24/2024 0:00,249,1010,247,542.9,61.7,0.5734,0.078,1.824,98.098,,,,,,,,,
Columbia Gas,Waverly,4/25/2024 0:00,107,1020,106,556.2,57,0.5771,0.088,1.58,98.332,,,,,,,,,
Columbia Gas,Waverly,4/26/2024 0:00,0,0,0,0,0,0,0,0,0,,,,,,,,,
Columbia Gas,Waverly,4/27/2024 0:00,0,0,0,0,0,0,0,0,0,,,,,,,,,
Columbia Gas,Waverly,4/28/2024 0:00,0,0,0,0,0,0,0,0,0,,,,,,,,,
Columbia Gas,Waverly,4/29/2024 0:00,0,0,0,0,0,0,0,0,0,,,,,,,,,
Columbia Gas,Waverly,4/30/2024 0:00,10,1045,10,548,75.5,0.5871,0.146,0.904,98.95,,,,,,,,,
Columbia Gas,Waverly,5/1/2024 0:00,144,1024,143,535.9,73.8,0.5775,0.097,1.371,98.532,,,,,,,,,
Columbia Gas,Waverly,5/2/2024 0:00,147,1009,146,606.7,79.1,0.5716,0.065,1.722,98.213,,,,,,,,,
Columbia Gas,Waverly,5/3/2024 0:00,134,1008,133,536.6,68.5,0.5719,0.146,1.714,98.14,,,,,,,,,
Columbia Gas,Waverly,5/4/2024 0:00,0,0,0,0,0,0,0,0,0,,,,,,,,,
Columbia Gas,Waverly,5/5/2024 0:00,65,1052,66,568.3,72.6,0.5901,0.161,0.752,99.087,,,,,,,,,
Columbia Gas,Waverly,5/6/2024 0:00,508,993,505,609.6,74.5,0.5638,0.091,1.953,97.956,,,,,,,,,
Columbia Gas,Waverly,5/7/2024 0:00,498,994,496,729.3,76.1,0.5634,0.077,1.898,98.025,,,,,,,,,
Columbia Gas,Waverly,5/8/2024 0:00,475,994,472,624.1,79.3,0.5631,0.073,1.838,98.089,,,,,,,,,
Columbia Gas,Waverly,5/9/2024 0:00,51,1024,51,568.6,73.4,0.576,0.084,1.219,98.697,,,,,,,,,
Columbia Gas,Waverly,5/10/2024 0:00,104,1035,103,573,65.2,0.5811,0.125,1.025,98.85,,,,,,,,,
Columbia Gas,Waverly,5/11/2024 0:00,0,0,0,0,0,0,0,0,0,,,,,,,,,
Columbia Gas,Waverly,5/12/2024 0:00,11,1039,11,488,65.1,0.5833,0.143,0.911,98.946,,,,,,,,,
Columbia Gas,Waverly,5/13/2024 0:00,33,1029,33,523.4,70.8,0.5771,0.096,1.024,98.88,,,,,,,,,
Columbia Gas,Waverly,5/14/2024 0:00,30,1030,30,538.9,66.2,0.5773,0.095,1.008,98.897,,,,,,,,,
Columbia Gas,Waverly,5/15/2024 0:00,0,0,0,0,0,0,0,0,0,,,,,,,,,
Columbia Gas,Waverly,5/16/2024 0:00,0,0,0,0,0,0,0,0,0,,,,,,,,,
Columbia Gas,Waverly,5/17/2024 0:00,0,0,0,0,0,0,0,0,0,,,,,,,,,
Columbia Gas,Waverly,5/18/2024 0:00,0,0,0,0,0,0,0,0,0,,,,,,,,,
Columbia Gas,Waverly,5/19/2024 0:00,0,0,0,0,0,0,0,0,0,,,,,,,,,
Columbia Gas,Waverly,5/20/2024 0:00,13,1050,14,668.4,69.3,0.5888,0.142,0.786,99.072,,,,,,,,,
Columbia Gas,Waverly,5/21/2024 0:00,181,1015,181,600.4,74.6,0.5699,0.085,1.184,98.731,,,,,,,,,
Columbia Gas,Waverly,5/22/2024 0:00,465,999,465,585.7,78.1,0.5612,0.057,1.423,98.52,,,,,,,,,
Columbia Gas,Waverly,5/23/2024 0:00,472,999,471,612.9,78,0.5612,0.052,1.42,98.528,,,,,,,,,
Columbia Gas,Waverly,5/24/2024 0:00,140,1017,140,628.1,73,0.5705,0.068,1.132,98.8,,,,,,,,,
Columbia Gas,Waverly,5/25/2024 0:00,384,1000,384,601.1,77.4,0.5612,0.023,1.36,98.617,,,,,,,,,
Columbia Gas,Waverly,5/26/2024 0:00,370,1000,370,603.5,79.1,0.5605,0.018,1.337,98.645,,,,,,,,,
Columbia Gas,Waverly,5/27/2024 0:00,377,999,377,542.1,71.8,0.5605,0.024,1.334,98.642,,,,,,,,,
Columbia Gas,Waverly,5/28/2024 0:00,472,998,472,547.7,73.3,0.5614,0.084,1.411,98.505,,,,,,,,,
Columbia Gas,Waverly,5/29/2024 0:00,467,998,466,543.4,70.8,0.5615,0.086,1.417,98.497,,,,,,,,,
Columbia Gas,Waverly,5/30/2024 0:00,449,998,449,545.5,67.6,0.5614,0.081,1.42,98.499,,,,,,,,,
Columbia Gas,Waverly,5/31/2024 0:00,130,1031,130,552.5,65.4,0.5781,0.084,1,98.916,,,,,,,,,
Columbia Gas,Waverly,6/1/2024 0:00,0,0,0,0,0,0,0,0,0,,,,,,,,,
Columbia Gas,Waverly,6/2/2024 0:00,4.7,1057.45,4.97,559.1,78,0.605,0.164,0.566,99.27,,,,,,,,,
Columbia Gas,Waverly,6/3/2024 0:00,266.81,992.09,264.7,553.1,76,0.564,0.011,2.264,97.725,,,,,,,,,
Columbia Gas,Waverly,6/4/2024 0:00,354.09,993.84,351.91,560.9,78,0.563,0.027,1.946,98.027,,,,,,,,,
Columbia Gas,Waverly,6/5/2024 0:00,89.2,998.32,89.05,651.8,79,0.584,0.094,1.19,98.716,,,,,,,,,
Columbia Gas,Waverly,6/6/2024 0:00,98.32,995.42,97.87,682.9,79,0.585,0.107,1.098,98.795,,,,,,,,,
Columbia Gas,Waverly,6/7/2024 0:00,39.15,1001.02,39.19,593.8,79,0.578,0.071,0.893,99.036,,,,,,,,,
Columbia Gas,Waverly,6/8/2024 0:00,0,0,0,0,0,0,0,0,0,,,,,,,,,
Columbia Gas,Waverly,6/9/2024 0:00,0,0,0,0,0,0,0,0,0,,,,,,,,,
Columbia Gas,Waverly,6/10/2024 0:00,420.64,998.88,420.17,579.7,74,0.562,0.052,1.493,98.455,,,,,,,,,
Columbia Gas,Waverly,6/11/2024 0:00,403.84,998.04,403.05,622.5,72,0.562,0.048,1.558,98.394,,,,,,,,,
Columbia Gas,Waverly,6/12/2024 0:00,75.27,998.67,75.17,536.8,75,0.577,0.089,1.029,98.882,,,,,,,,,
Columbia Gas,Waverly,6/13/2024 0:00,395.16,997.98,394.36,542.7,76,0.562,0.026,1.595,98.379,,,,,,,,,
Columbia Gas,Waverly,6/14/2024 0:00,391.41,997.65,390.49,625.6,79,0.562,0.018,1.628,98.354,,,,,,,,,
Columbia Gas,Waverly,6/15/2024 0:00,394.26,997.46,393.26,545.4,75,0.562,0.021,1.636,98.343,,,,,,,,,
Columbia Gas,Waverly,6/16/2024 0:00,59.01,998.64,58.93,522,79,0.575,0.081,1.117,98.802,,,,,,,,,
Columbia Gas,Waverly,6/17/2024 0:00,284.57,999.19,284.34,681.6,79,0.565,0.036,1.526,98.438,,,,,,,,,
Columbia Gas,Waverly,6/18/2024 0:00,113.58,999.03,113.47,699.9,79,0.562,0.013,1.498,98.489,,,,,,,,,
Columbia Gas,Waverly,6/19/2024 0:00,289.58,997.76,288.93,615.9,78,0.562,0.024,1.621,98.355,,,,,,,,,
Columbia Gas,Waverly,6/20/2024 0:00,229.89,997.65,229.35,639.6,78,0.562,0.035,1.595,98.37,,,,,,,,,
Columbia Gas,Waverly,6/21/2024 0:00,74.75,998.26,74.62,665.6,84,0.568,0.05,1.335,98.615,,,,,,,,,
Columbia Gas,Waverly,6/22/2024 0:00,0,0,0,0,0,0,0,0,0,,,,,,,,,
Columbia Gas,Waverly,6/23/2024 0:00,37.47,1002.94,37.58,622.9,85,0.583,0.123,0.875,99.002,,,,,,,,,
Columbia Gas,Waverly,6/24/2024 0:00,100.74,1001.89,100.93,566.7,80,0.577,0.097,0.994,98.909,,,,,,,,,
Columbia Gas,Waverly,6/25/2024 0:00,89.02,1001.8,89.18,563.2,83,0.579,0.106,0.929,98.965,,,,,,,,,
Columbia Gas,Waverly,6/26/2024 0:00,177.38,1000.17,177.41,675.3,86,0.561,0.032,1.33,98.638,,,,,,,,,
Columbia Gas,Waverly,6/27/2024 0:00,294.94,1000.78,295.17,578.2,76,0.561,0.057,1.281,98.662,,,,,,,,,
Columbia Gas,Waverly,6/28/2024 0:00,84.85,1001.18,84.95,571.4,79,0.581,0.122,0.841,99.037,,,,,,,,,
Columbia Gas,Waverly,6/29/2024 0:00,0,0,0,0,0,0,0,0,0,,,,,,,,,
Columbia Gas,Waverly,6/30/2024 0:00,38.01,1008.16,38.32,565.9,81,0.593,0.181,0.576,99.243,,,,,,,,,
Columbia Gas,Waverly,7/1/2024 0:00,112,1004.38,112.49,565.8,71,0.572,0.108,0.876,99.016,,,,,,,,,
Columbia Gas,Waverly,7/2/2024 0:00,49.17,1003.25,49.33,551.3,76,0.578,0.116,0.762,99.122,,,,,,,,,
Columbia Gas,Waverly,7/3/2024 0:00,64.24,1006.69,64.67,565.6,81,0.58,0.125,0.766,99.109,,,,,,,,,
Columbia Gas,Waverly,7/4/2024 0:00,39.42,1012.68,39.92,561.5,85,0.589,0.146,0.635,99.219,,,,,,,,,
Columbia Gas,Waverly,7/5/2024 0:00,435.64,1002.78,436.85,665.1,85,0.56,0.118,1.012,98.87,,,,,,,,,
Columbia Gas,Waverly,7/6/2024 0:00,378.12,1003.44,379.42,662.4,86,0.56,0.102,0.95,98.948,,,,,,,,,
Columbia Gas,Waverly,7/7/2024 0:00,374.51,1004.65,376.25,640.4,79,0.559,0.042,0.914,99.044,,,,,,,,,
Columbia Gas,Waverly,7/8/2024 0:00,99.39,1005.43,99.93,628.5,82,0.567,0.089,0.798,99.113,,,,,,,,,
Columbia Gas,Waverly,7/9/2024 0:00,118.18,1006.94,119,563.3,87,0.577,0.092,0.721,99.187,,,,,,,,,
Columbia Gas,Waverly,7/10/2024 0:00,79.52,1004.78,79.9,607.9,87,0.568,0.059,0.821,99.12,,,,,,,,,
Columbia Gas,Waverly,7/11/2024 0:00,406.2,1021.57,414.96,557,78,0.568,0.059,0.821,99.12,,,,,,,,,
Columbia Gas,Waverly,7/12/2024 0:00,366.54,1035.71,379.63,568.1,74,0.577,0.093,0.713,99.194,,,,,,,,,
Columbia Gas,Waverly,7/13/2024 0:00,324.21,1020.82,330.96,561.5,79,0.568,0.059,0.821,99.12,,,,,,,,,
Columbia Gas,Waverly,7/14/2024 0:00,126.24,1002.77,126.59,562.6,84,0.572,0.108,0.876,99.016,,,,,,,,,
Columbia Gas,Waverly,7/15/2024 0:00,170.36,1015.97,173.08,674,87,0.578,0.116,0.762,99.122,,,,,,,,,
Columbia Gas,Waverly,7/16/2024 0:00,94.25,1002.44,94.48,656.7,88,0.573,0.075,0.991,98.934,,,,,,,,,
Columbia Gas,Waverly,7/17/2024 0:00,119.67,1000.25,119.7,618.7,82,0.571,0.065,1.144,98.791,,,,,,,,,
Columbia Gas,Waverly,7/18/2024 0:00,64.05,1005.15,64.38,558.2,78,0.583,0.104,0.866,99.03,,,,,,,,,
Columbia Gas,Waverly,7/19/2024 0:00,65.41,1000.15,65.42,574.2,80,0.583,0.101,0.868,99.031,,,,,,,,,
Columbia Gas,Waverly,7/20/2024 0:00,0,0,0,0,0,0,0,0,0,,,,,,,,,
Columbia Gas,Waverly,7/21/2024 0:00,28.69,1006.62,28.88,561,81,0.581,0.093,0.898,99.009,,,,,,,,,
Columbia Gas,Waverly,7/22/2024 0:00,92.96,1000.86,93.04,577.5,78,0.575,0.076,1.016,98.908,,,,,,,,,
Columbia Gas,Waverly,7/23/2024 0:00,318.55,1000.31,318.65,599.4,78,0.561,0.016,1.364,98.62,,,,,,,,,
Columbia Gas,Waverly,7/24/2024 0:00,287.64,1000.59,287.81,562.7,80,0.56,0.009,1.348,98.643,,,,,,,,,
Columbia Gas,Waverly,7/25/2024 0:00,289.61,1000.73,289.82,567.9,76,0.56,0.01,1.324,98.666,,,,,,,,,
Columbia Gas,Waverly,7/26/2024 0:00,38.63,1001.04,38.67,171.5,77,0.594,0.146,0.584,99.27,,,,,,,,,
Columbia Gas,Waverly,7/27/2024 0:00,0,0,0,0,0,0,0,0,0,,,,,,,,,
Columbia Gas,Waverly,7/28/2024 0:00,0,0,0,0,0,0,0,0,0,,,,,,,,,
Columbia Gas,Waverly,7/29/2024 0:00,0,0,0,0,0,0,0,0,0,,,,,,,,,
Columbia Gas,Waverly,7/30/2024 0:00,11.1,1033.33,11.47,420.2,80,0.596,0.151,0.651,99.198,,,,,,,,,
Columbia Gas,Waverly,7/31/2024 0:00,361.68,1002.02,362.41,559.4,83,0.561,0.032,1.27,98.698,,,,,,,,,
Columbia Gas,Waverly,8/1/2024 0:00,349.96,1000.94,350.29,583,86,0.56,0.029,1.292,98.679,,,,,,,,,
Columbia Gas,Waverly,8/2/2024 0:00,167.81,1001.07,167.99,550.6,83,0.56,0.031,1.285,98.684,,,,,,,,,
Columbia Gas,Waverly,8/3/2024 0:00,161.86,1000.12,161.88,572.7,78,0.561,0.034,1.334,98.632,,,,,,,,,
Columbia Gas,Waverly,8/4/2024 0:00,345.78,1000.23,345.86,573.4,80,0.561,0.049,1.35,98.601,,,,,,,,,
Columbia Gas,Waverly,8/5/2024 0:00,359.78,1000.19,359.85,577.9,80,0.561,0.02,1.381,98.599,,,,,,,,,
Columbia Gas,Waverly,8/6/2024 0:00,372.33,1000.24,372.42,567.5,77,0.561,0.025,1.366,98.609,,,,,,,,,
Columbia Gas,Waverly,8/7/2024 0:00,351.5,1001.14,351.9,572.1,77,0.56,0.03,1.279,98.691,,,,,,,,,
Columbia Gas,Waverly,8/8/2024 0:00,78.52,1000.89,78.59,571.2,79,0.561,0.025,1.279,98.696,,,,,,,,,
Columbia Gas,Waverly,8/9/2024 0:00,105.66,1002.46,105.92,551.8,80,0.56,0.019,1.156,98.825,,,,,,,,,
Columbia Gas,Waverly,8/10/2024 0:00,0,0,0,0,0,0,0,0,0,,,,,,,,,
Columbia Gas,Waverly,8/11/2024 0:00,12.13,999.18,12.12,558.2,80,0.56,0.024,1.172,98.804,,,,,,,,,
Columbia Gas,Waverly,8/12/2024 0:00,353.35,1003,354.41,550.1,75,0.56,0.017,1.119,98.864,,,,,,,,,
Columbia Gas,Waverly,8/13/2024 0:00,353.71,1002.54,354.61,548.2,75,0.56,0.017,1.145,98.838,,,,,,,,,
Columbia Gas,Waverly,8/14/2024 0:00,354.38,1000.82,354.67,698.1,76,0.561,0.086,1.242,98.672,,,,,,,,,
Columbia Gas,Waverly,8/15/2024 0:00,301.93,999.7,301.84,706.8,77,0.561,0.046,1.406,98.548,,,,,,,,,
Columbia Gas,Waverly,8/16/2024 0:00,328.21,998.48,327.71,750.5,79,0.562,0.059,1.499,98.442,,,,,,,,,
Columbia Gas,Waverly,8/17/2024 0:00,52.55,998.67,52.48,745,81,0.56,0.032,1.197,98.771,,,,,,,,,
Columbia Gas,Waverly,8/18/2024 0:00,54.8,994.34,54.49,751.5,78,0.561,0.017,1.494,98.489,,,,,,,,,
Columbia Gas,Waverly,8/19/2024 0:00,57.02,995.62,56.77,751.5,73,0.561,0.016,1.368,98.616,,,,,,,,,
Columbia Gas,Waverly,8/20/2024 0:00,48.52,998.56,48.45,752.2,69,0.561,0.017,1.303,98.68,,,,,,,,,
Columbia Gas,Waverly,8/21/2024 0:00,35.16,998.58,35.11,751.7,68,0.56,0.02,1.181,98.799,,,,,,,,,
Columbia Gas,Waverly,8/22/2024 0:00,106.22,998.87,106.1,754.5,70,0.561,0.034,1.482,98.484,,,,,,,,,
Columbia Gas,Waverly,8/23/2024 0:00,90.22,999.56,90.18,612.1,69,0.561,0.042,1.418,98.54,,,,,,,,,
Columbia Gas,Waverly,8/24/2024 0:00,0,0,0,0,0,0,0,0,0,,,,,,,,,
Columbia Gas,Waverly,8/25/2024 0:00,34.83,1002.01,34.9,548.7,76,0.561,0.045,1.403,98.552,,,,,,,,,
Columbia Gas,Waverly,8/26/2024 0:00,327.19,1002.48,328,539.7,80,0.56,0.048,1.122,98.83,,,,,,,,,
Columbia Gas,Waverly,8/27/2024 0:00,343.29,1002.85,344.27,529.5,81,0.56,0.044,1.083,98.873,,,,,,,,,
Columbia Gas,Waverly,8/28/2024 0:00,341.5,1003.28,342.62,538.6,85,0.56,0.041,1.053,98.906,,,,,,,,,
Columbia Gas,Waverly,8/29/2024 0:00,312.62,1003.39,313.68,539.2,84,0.56,0.033,1.066,98.901,,,,,,,,,
Columbia Gas,Waverly,8/30/2024 0:00,0,0,0,0,0,0,0,0,0,,,,,,,,,
Columbia Gas,Waverly,8/31/2024 0:00,0,0,0,0,0,0,0,0,0,,,,,,,,,
Columbia Gas,Waverly,9/1/2024 0:00,0,0,0,0,0,0,0,0,0,,,,,,,,,
Columbia Gas,Waverly,9/2/2024 0:00,0,0,0,0,0,0,0,0,0,,,,,,,,,
Columbia Gas,Waverly,9/3/2024 0:00,83.99,1002.86,84.23,563.6,69,0.56,0.02,1.131,98.849,,,,,,,,,
Columbia Gas,Waverly,9/4/2024 0:00,142.53,1000.21,142.56,558.2,72,0.563,0.042,1.305,98.653,,,,,,,,,
Columbia Gas,Waverly,9/5/2024 0:00,295.75,1000.07,295.77,563.4,72,0.561,0.017,1.376,98.607,,,,,,,,,
Columbia Gas,Waverly,9/6/2024 0:00,40.8,1000.49,40.82,565.8,74,0.561,0.015,1.344,98.641,,,,,,,,,
Columbia Gas,Waverly,9/7/2024 0:00,0,0,0,0,0,0,0,0,0,,,,,,,,,
Columbia Gas,Waverly,9/8/2024 0:00,0,0,0,0,0,0,0,0,0,,,,,,,,,
Columbia Gas,Waverly,9/9/2024 0:00,282,1000.28,282.08,566.5,70,0.561,0.034,1.354,98.612,,,,,,,,,
Columbia Gas,Waverly,9/10/2024 0:00,270.13,1001.63,270.57,574.2,73,0.56,0.037,1.216,98.747,,,,,,,,,
Columbia Gas,Waverly,9/11/2024 0:00,68.38,1001.9,68.51,563.3,72,0.56,0.036,1.211,98.753,,,,,,,,,
Columbia Gas,Waverly,9/12/2024 0:00,0,0,0,0,0,0,0,0,0,,,,,,,,,
Columbia Gas,Waverly,9/13/2024 0:00,0,0,0,0,0,0,0,0,0,,,,,,,,,
Columbia Gas,Waverly,9/14/2024 0:00,0,0,0,0,0,0,0,0,0,,,,,,,,,
Columbia Gas,Waverly,9/15/2024 0:00,10.18,1001.96,10.2,580.5,73,0.56,0.031,1.211,98.758,,,,,,,,,
Columbia Gas,Waverly,9/16/2024 0:00,196.43,1000,196.43,577.4,73,0.561,0.074,1.304,98.622,,,,,,,,,
Columbia Gas,Waverly,9/17/2024 0:00,323.71,1001.67,324.25,572.1,73,0.56,0.024,1.228,98.748,,,,,,,,,
Columbia Gas,Waverly,9/18/2024 0:00,215.99,1001.67,216.35,570.8,73,0.56,0.038,1.201,98.761,,,,,,,,,
Columbia Gas,Waverly,9/19/2024 0:00,299.75,1000.73,299.97,557.3,72,0.561,0.028,1.314,98.658,,,,,,,,,
Columbia Gas,Waverly,9/20/2024 0:00,49.45,1000,49.45,553.3,73,0.56,0.023,1.321,98.656,,,,,,,,,
Columbia Gas,Waverly,9/21/2024 0:00,0,0,0,0,0,0,0,0,0,,,,,,,,,
Columbia Gas,Waverly,9/22/2024 0:00,5.12,1003.91,5.14,558,68,0.56,0.025,1.303,98.672,,,,,,,,,
Columbia Gas,Waverly,9/23/2024 0:00,167.16,1000.9,167.31,555.4,73,0.561,0.015,1.344,98.641,,,,,,,,,
Columbia Gas,Waverly,9/24/2024 0:00,30.49,1000.66,30.51,555.7,69,0.56,0.015,1.256,98.729,,,,,,,,,
Columbia Gas,Waverly,9/25/2024 0:00,378.84,991.34,375.56,543.3,73,0.564,0.065,2.182,97.753,,,,,,,,,
Columbia Gas,Waverly,9/26/2024 0:00,362.56,989.49,358.75,556.7,75,0.565,0.079,2.365,97.556,,,,,,,,,
Columbia Gas,Waverly,9/27/2024 0:00,6.13,988.58,6.06,553.6,76,0.567,0.063,2.672,97.265,,,,,,,,,
Columbia Gas,Waverly,9/28/2024 0:00,0.01,1000,0.01,640.6,77,0.567,0.064,2.693,97.243,,,,,,,,,
Columbia Gas,Waverly,9/29/2024 0:00,14.6,986.3,14.4,579.7,79,0.567,0.064,2.692,97.244,,,,,,,,,
Columbia Gas,Waverly,9/30/2024 0:00,375.23,992.75,372.51,571.7,72,0.564,0.066,2.051,97.883,,,,,,,,,
Columbia Gas,Waverly,10/1/2024 0:00,400.29,991.01,396.69,566.8,69,0.565,0.091,2.206,97.703,,,,,,,,,
Columbia Gas,Waverly,10/2/2024 0:00,334.57,989.42,331.03,576.3,70,0.565,0.064,2.426,97.51,,,,,,,,,
Columbia Gas,Waverly,10/3/2024 0:00,0,0,0,0,0,0,0,0,0,,,,,,,,,
Columbia Gas,Waverly,10/4/2024 0:00,0,0,0,0,0,0,0,0,0,,,,,,,,,
Columbia Gas,Waverly,10/5/2024 0:00,0,0,0,0,0,0,0,0,0,,,,,,,,,
Columbia Gas,Waverly,10/6/2024 0:00,16.07,985.69,15.84,573.7,71,0.595,0.154,1.009,98.837,,,,,,,,,
Columbia Gas,Waverly,10/7/2024 0:00,342.69,994.63,340.85,634.7,70,0.563,0.06,1.89,98.05,,,,,,,,,
Columbia Gas,Waverly,10/8/2024 0:00,240.99,992.12,239.09,577.2,62,0.564,0.086,2.076,97.838,,,,,,,,,
Columbia Gas,Waverly,10/9/2024 0:00,273.91,990.73,271.37,579,65,0.565,0.093,2.228,97.679,,,,,,,,,
Columbia Gas,Waverly,10/10/2024 0:00,0,0,0,0,0,0,0,0,0,,,,,,,,,
Columbia Gas,Waverly,10/11/2024 0:00,0,0,0,0,0,0,0,0,0,,,,,,,,,
Columbia Gas,Waverly,10/12/2024 0:00,0,0,0,0,0,0,0,0,0,,,,,,,,,
Columbia Gas,Waverly,10/13/2024 0:00,5.79,991.36,5.74,579.1,71,0.602,0.159,0.703,99.138,,,,,,,,,
Columbia Gas,Waverly,10/14/2024 0:00,228.05,991.36,226.08,576,61,0.565,0.054,2.241,97.705,,,,,,,,,
Columbia Gas,Waverly,10/15/2024 0:00,77.47,987.61,76.51,562.9,56,0.568,0.13,2.718,97.152,,,,,,,,,
Columbia Gas,Waverly,10/16/2024 0:00,9.9,988.89,9.79,540.9,51,0.578,0.115,1.26,98.625,,,,,,,,,
Columbia Gas,Waverly,10/17/2024 0:00,0,0,0,0,0,0,0,0,0,,,,,,,,,
Columbia Gas,Waverly,10/18/2024 0:00,0,0,0,0,0,0,0,0,0,,,,,,,,,
Columbia Gas,Waverly,10/19/2024 0:00,0,0,0,0,0,0,0,0,0,,,,,,,,,
Columbia Gas,Waverly,10/20/2024 0:00,19.68,995.93,19.6,556.1,60,0.593,0.176,0.653,99.171,,,,,,,,,
Columbia Gas,Waverly,10/21/2024 0:00,445.63,994.97,443.39,571.7,61,0.564,0.196,1.714,98.09,,,,,,,,,
Columbia Gas,Waverly,10/22/2024 0:00,400.8,994.56,398.62,574.7,64,0.564,0.177,1.775,98.048,,,,,,,,,
Columbia Gas,Waverly,10/23/2024 0:00,448.86,994.12,446.22,569,65,0.564,0.18,1.806,98.014,,,,,,,,,
Columbia Gas,Waverly,10/24/2024 0:00,457.63,993.27,454.55,572.3,59,0.565,0.225,1.853,97.922,,,,,,,,,
Columbia Gas,Waverly,10/25/2024 0:00,5.25,992.38,5.21,571,63,0.585,0.201,1.032,98.767,,,,,,,,,
Columbia Gas,Waverly,10/26/2024 0:00,0,0,0,0,0,0,0,0,0,,,,,,,,,
Columbia Gas,Waverly,10/27/2024 0:00,18.12,992.83,17.99,562.9,53,0.589,0.183,0.827,98.99,,,,,,,,,
Columbia Gas,Waverly,10/28/2024 0:00,123.65,992.56,122.73,669.4,54,0.564,0.105,2.014,97.881,,,,,,,,,
Columbia Gas,Waverly,10/29/2024 0:00,99.16,994.76,98.64,620.6,61,0.57,0.096,1.562,98.342,,,,,,,,,
Columbia Gas,Waverly,10/30/2024 0:00,125.97,994.28,125.25,553.2,67,0.564,0.066,1.948,97.986,,,,,,,,,
Columbia Gas,Waverly,10/31/2024 0:00,89.63,992.08,88.92,531.8,70,0.564,0.067,2.024,97.909,,,,,,,,,
Columbia Gas,Waverly,11/1/2024 0:00,0,0,0,0,0,0,0,0,0,,,,,,,,,
Columbia Gas,Waverly,11/2/2024 0:00,0,0,0,0,0,0,0,0,0,,,,,,,,,
Columbia Gas,Waverly,11/3/2024 0:00,0,0,0,0,0,0,0,0,0,,,,,,,,,
Columbia Gas,Waverly,11/4/2024 0:00,21.38,993.45,21.24,689.5,60,0.563,0.051,1.875,98.074,,,,,,,,,
Columbia Gas,Waverly,11/5/2024 0:00,117.22,987.97,115.81,569.7,64,0.566,0.058,2.636,97.306,,,,,,,,,
Columbia Gas,Waverly,11/6/2024 0:00,118.77,989.31,117.5,544.1,70,0.567,0.217,2.365,97.418,,,,,,,,,
Columbia Gas,Waverly,11/7/2024 0:00,307.46,989.36,304.19,548,70,0.566,0.112,2.349,97.539,,,,,,,,,
Columbia Gas,Waverly,11/8/2024 0:00,99.37,988.73,98.25,561,64,0.565,0.101,2.324,97.575,,,,,,,,,
Columbia Gas,Waverly,11/9/2024 0:00,0,0,0,0,0,0,0,0,0,,,,,,,,,
Columbia Gas,Waverly,11/10/2024 0:00,31.17,995.83,31.04,550.5,64,0.565,0.094,2.288,97.618,,,,,,,,,
Columbia Gas,Waverly,11/11/2024 0:00,132.55,991.85,131.47,539.9,62,0.564,0.049,2.107,97.844,,,,,,,,,
Columbia Gas,Waverly,11/12/2024 0:00,98.16,991.85,97.36,545.5,52,0.564,0.065,2.121,97.814,,,,,,,,,
Columbia Gas,Waverly,11/13/2024 0:00,125.32,993.14,124.46,571.6,50,0.564,0.064,2.024,97.912,,,,,,,,,
Columbia Gas,Waverly,11/14/2024 0:00,66.48,990.52,65.85,554,53,0.564,0.062,2.08,97.858,,,,,,,,,
Columbia Gas,Waverly,11/15/2024 0:00,0,0,0,0,0,0,0,0,0,,,,,,,,,
Columbia Gas,Waverly,11/16/2024 0:00,0,0,0,0,0,0,0,0,0,,,,,,,,,
Columbia Gas,Waverly,11/17/2024 0:00,30.85,993.52,30.65,538.3,52,0.564,0.063,2.075,97.862,,,,,,,,,
Columbia Gas,Waverly,11/18/2024 0:00,117.62,995.15,117.05,546.5,57,0.563,0.062,1.927,98.011,,,,,,,,,
Columbia Gas,Waverly,11/19/2024 0:00,446.54,994.45,444.06,547.5,63,0.563,0.111,1.838,98.051,,,,,,,,,
Columbia Gas,Waverly,11/20/2024 0:00,381.43,995.15,379.58,593.9,59,0.563,0.067,1.817,98.116,,,,,,,,,
Columbia Gas,Waverly,11/21/2024 0:00,484.23,993.04,480.86,632.9,47,0.565,0.235,1.836,97.929,,,,,,,,,
Columbia Gas,Waverly,11/22/2024 0:00,75.8,992.61,75.24,744,46,0.565,0.221,1.841,97.938,,,,,,,,,
Columbia Gas,Waverly,11/23/2024 0:00,0,0,0,0,0,0,0,0,0,,,,,,,,,
Columbia Gas,Waverly,11/24/2024 0:00,14.63,993.85,14.54,528,50,0.565,0.22,1.836,97.944,,,,,,,,,
Columbia Gas,Waverly,11/25/2024 0:00,531.86,989.28,526.16,547,56,0.566,0.239,2.21,97.551,,,,,,,,,
Columbia Gas,Waverly,11/26/2024 0:00,107.16,989.08,105.99,552.3,50,0.566,0.192,2.294,97.514,,,,,,,,,
Columbia Gas,Waverly,11/27/2024 0:00,0,0,0,0,0,0,0,0,0,,,,,,,,,
Columbia Gas,Waverly,11/28/2024 0:00,0,0,0,0,0,0,0,0,0,,,,,,,,,
Columbia Gas,Waverly,11/29/2024 0:00,0,0,0,0,0,0,0,0,0,,,,,,,,,
Columbia Gas,Waverly,11/30/2024 0:00,0,0,0,0,0,0,0,0,0,,,,,,,,,
Columbia Gas,Waverly,12/1/2024 0:00,0,0,0,0,0,0,0,0,0,,,,,,,,,
Columbia Gas,Waverly,12/2/2024 0:00,72.78,989.15,71.99,739.9,33,0.568,0.285,2.48,97.235,,,,,,,,,
Columbia Gas,Waverly,12/3/2024 0:00,123.1,988.63,121.7,719.9,33,0.567,0.289,2.23,97.481,,,,,,,,,
Columbia Gas,Waverly,12/4/2024 0:00,132.04,988.03,130.46,739,44,0.568,0.254,2.413,97.333,,,,,,,,,
Columbia Gas,Waverly,12/5/2024 0:00,440.09,988.5,435.03,703,39,0.566,0.176,2.361,97.463,,,,,,,,,
Columbia Gas,Waverly,12/6/2024 0:00,74.44,988.58,73.59,647,30,0.567,0.151,2.279,97.57,,,,,,,,,
Columbia Gas,Waverly,12/7/2024 0:00,0,0,0,0,0,0,0,0,0,,,,,,,,,
Columbia Gas,Waverly,12/8/2024 0:00,16.25,987.69,16.05,644.5,54,0.566,0.169,2.338,97.493,,,,,,,,,
Columbia Gas,Waverly,12/9/2024 0:00,471.85,989.47,466.88,649.7,53,0.565,0.095,2.345,97.56,,,,,,,,,
Columbia Gas,Waverly,12/10/2024 0:00,127.85,988.82,126.42,658.7,62,0.566,0.06,2.445,97.495,,,,,,,,,
Columbia Gas,Waverly,12/11/2024 0:00,43.19,995.14,42.98,668.3,46,0.562,0.028,1.776,98.196,,,,,,,,,
Columbia Gas,Waverly,12/12/2024 0:00,0,0,0,0,0,0,0,0,0,,,,,,,,,
Columbia Gas,Waverly,12/13/2024 0:00,0,0,0,0,0,0,0,0,0,,,,,,,,,
Columbia Gas,Waverly,12/14/2024 0:00,0,0,0,0,0,0,0,0,0,,,,,,,,,
Columbia Gas,Waverly,12/15/2024 0:00,0,0,0,0,0,0,0,0,0,,,,,,,,,
Columbia Gas,Waverly,12/16/2024 0:00,0,0,0,0,0,0,0,0,0,,,,,,,,,
Columbia Gas,Waverly,12/17/2024 0:00,0,0,0,0,0,0,0,0,0,,,,,,,,,
Columbia Gas,Waverly,12/18/2024 0:00,11.39,996.49,11.35,572.8,57,0.562,0.027,1.751,98.222,,,,,,,,,
Columbia Gas,Waverly,12/19/2024 0:00,554.3,985.28,546.14,654.3,48,0.568,0.294,2.561,97.145,,,,,,,,,
Columbia Gas,Waverly,12/20/2024 0:00,570.4,985.71,562.25,762.4,43,0.568,0.317,2.504,97.179,,,,,,,,,
Columbia Gas,Waverly,12/21/2024 0:00,289.61,986.33,285.65,721.1,35,0.567,0.244,2.406,97.35,,,,,,,,,
Columbia Gas,Waverly,12/22/2024 0:00,30.13,992.03,29.89,705.9,30,0.568,0.227,2.363,97.41,,,,,,,,,
Columbia Gas,Waverly,12/23/2024 0:00,0,0,0,0,0,0,0,0,0,,,,,,,,,
Columbia Gas,Waverly,12/24/2024 0:00,0,0,0,0,0,0,0,0,0,,,,,,,,,
Columbia Gas,Waverly,12/25/2024 0:00,0,0,0,0,0,0,0,0,0,,,,,,,,,
Columbia Gas,Waverly,12/26/2024 0:00,0,0,0,0,0,0,0,0,0,,,,,,,,,
Columbia Gas,Waverly,12/27/2024 0:00,0,0,0,0,0,0,0,0,0,,,,,,,,,
Columbia Gas,Waverly,12/28/2024 0:00,0,0,0,0,0,0,0,0,0,,,,,,,,,
Columbia Gas,Waverly,12/29/2024 0:00,0,0,0,0,0,0,0,0,0,,,,,,,,,
Columbia Gas,Waverly,12/30/2024 0:00,0,0,0,0,0,0,0,0,0,,,,,,,,,
Columbia Gas,Waverly,12/31/2024 0:00,0,0,0,0,0,0,0,0,0,,,,,,,,,
Columbia Gas,Waverly,1/1/2025 0:00,0,0,0,0,0,0,0,0,0,,,,,,,,,
Columbia Gas,Waverly,1/2/2025 0:00,523.82,986.79,516.9,716.9,43,0.568,0.341,2.385,97.274,,,,,,,,,
Columbia Gas,Waverly,1/3/2025 0:00,535.29,987.86,528.79,731.5,41,0.567,0.244,2.358,97.398,,,,,,,,,
Columbia Gas,Waverly,1/4/2025 0:00,477.76,987.99,472.02,690.2,38,0.567,0.249,2.31,97.441,,,,,,,,,
Columbia Gas,Waverly,1/5/2025 0:00,0,0,0,0,0,0,0,0,0,,,,,,,,,
Columbia Gas,Waverly,1/6/2025 0:00,0,0,0,0,0,0,0,0,0,,,,,,,,,
Columbia Gas,Waverly,1/7/2025 0:00,0,0,0,0,0,0,0,0,0,,,,,,,,,
Columbia Gas,Waverly,1/8/2025 0:00,337.87,985.73,333.05,687.7,37,0.567,0.188,2.55,97.262,,,,,,,,,
Columbia Gas,Waverly,1/9/2025 0:00,138.59,986.94,136.78,710.9,31,0.567,0.145,2.564,97.291,,,,,,,,,
Columbia Gas,Waverly,1/10/2025 0:00,0,0,0,0,0,0,0,0,0,,,,,,,,,
Columbia Gas,Waverly,1/11/2025 0:00,0,0,0,0,0,0,0,0,0,,,,,,,,,
Columbia Gas,Waverly,1/12/2025 0:00,0,0,0,0,0,0,0,0,0,,,,,,,,,
Columbia Gas,Waverly,1/13/2025 0:00,0,0,0,0,0,0,0,0,0,,,,,,,,,
Columbia Gas,Waverly,1/14/2025 0:00,0,0,0,0,0,0,0,0,0,,,,,,,,,
Columbia Gas,Waverly,1/15/2025 0:00,0,0,0,0,0,0,0,0,0,,,,,,,,,
Columbia Gas,Waverly,1/16/2025 0:00,2.43,987.65,2.4,677.6,36,0.567,0.143,2.576,97.281,,,,,,,,,
Columbia Gas,Waverly,1/17/2025 0:00,197.13,987.83,194.73,734.7,39,0.568,0.136,2.619,97.245,,,,,,,,,
Columbia Gas,Waverly,1/18/2025 0:00,0,0,0,0,0,0,0,0,0,,,,,,,,,
Columbia Gas,Waverly,1/19/2025 0:00,15.46,985.77,15.24,765.8,35,0.568,0.136,2.619,97.245,,,,,,,,,
Columbia Gas,Waverly,1/20/2025 0:00,17.01,992.36,16.88,718.3,28,0.568,0.133,2.622,97.245,,,,,,,,,
Columbia Gas,Waverly,1/21/2025 0:00,0,0,0,0,0,0,0,0,0,,,,,,,,,
Columbia Gas,Waverly,1/22/2025 0:00,0,0,0,0,0,0,0,0,0,,,,,,,,,
Columbia Gas,Waverly,1/23/2025 0:00,0,0,0,0,0,0,0,0,0,,,,,,,,,
Columbia Gas,Waverly,1/24/2025 0:00,0,0,0,0,0,0,0,0,0,,,,,,,,,
Columbia Gas,Waverly,1/25/2025 0:00,0,0,0,0,0,0,0,0,0,,,,,,,,,
Columbia Gas,Waverly,1/26/2025 0:00,0,0,0,0,0,0,0,0,0,,,,,,,,,
Columbia Gas,Waverly,1/27/2025 0:00,3.88,987.11,3.83,687.2,46,0.569,0.082,2.376,97.542,,,,,,,,,
Columbia Gas,Waverly,1/28/2025 0:00,0,0,0,0,0,0,0,0,0,,,,,,,,,
Columbia Gas,Waverly,1/29/2025 0:00,0,0,0,0,0,0,0,0,0,,,,,,,,,
Columbia Gas,Waverly,1/30/2025 0:00,0,0,0,0,0,0,0,0,0,,,,,,,,,
Columbia Gas,Waverly,1/31/2025 0:00,0,0,0,0,0,0,0,0,0,,,,,,,,,
Columbia Gas,Waverly,2/1/2025 0:00,0,0,0,0,0,0,0,0,0,,,,,,,,,
Columbia Gas,Waverly,2/2/2025 0:00,0,0,0,0,0,0,0,0,0,,,,,,,,,
Columbia Gas,Waverly,2/3/2025 0:00,28.22,986.18,27.83,649.7,57,0.567,0.029,2.803,97.168,,,,,,,,,
Columbia Gas,Waverly,2/4/2025 0:00,0,0,0,0,0,0,0,0,0,,,,,,,,,
Columbia Gas,Waverly,2/5/2025 0:00,0,0,0,0,0,0,0,0,0,,,,,,,,,
Columbia Gas,Waverly,2/6/2025 0:00,356.25,982.68,350.08,680.5,49,0.568,0.12,2.938,96.942,,,,,,,,,
Columbia Gas,Waverly,2/7/2025 0:00,126.95,981.49,124.6,624.3,49,0.569,0.14,3.012,96.848,,,,,,,,,
Columbia Gas,Waverly,2/8/2025 0:00,129.8,982.28,127.5,744.6,43,0.569,0.179,2.995,96.826,,,,,,,,,
Columbia Gas,Waverly,2/9/2025 0:00,92.02,982.83,90.44,712.2,47,0.569,0.146,3.024,96.83,,,,,,,,,
Columbia Gas,Waverly,2/10/2025 0:00,21.83,981.68,21.43,704.1,37,0.569,0.146,2.989,96.865,,,,,,,,,
Columbia Gas,Waverly,2/11/2025 0:00,0,0,0,0,0,0,0,0,0,,,,,,,,,
Columbia Gas,Waverly,2/12/2025 0:00,18.12,987.31,17.89,692.7,39,0.57,0.141,2.996,96.863,,,,,,,,,
Columbia Gas,Waverly,2/13/2025 0:00,532.59,983.66,523.89,718.4,45,0.568,0.114,2.901,96.985,,,,,,,,,
Columbia Gas,Waverly,2/14/2025 0:00,111.87,983.64,110.04,671.3,40,0.568,0.095,2.904,97.001,,,,,,,,,
Columbia Gas,Waverly,2/15/2025 0:00,0,0,0,0,0,0,0,0,0,,,,,,,,,
Columbia Gas,Waverly,2/16/2025 0:00,0,0,0,0,0,0,0,0,0,,,,,,,,,
Columbia Gas,Waverly,2/17/2025 0:00,458.8,983.24,451.11,708.2,40,0.568,0.112,2.935,96.953,,,,,,,,,
Columbia Gas,Waverly,2/18/2025 0:00,113.34,983.32,111.45,706.9,37,0.568,0.093,2.948,96.959,,,,,,,,,
Columbia Gas,Waverly,2/19/2025 0:00,0,0,0,0,0,0,0,0,0,,,,,,,,,
Columbia Gas,Waverly,2/20/2025 0:00,0,0,0,0,0,0,0,0,0,,,,,,,,,
Columbia Gas,Waverly,2/21/2025 0:00,0,0,0,0,0,0,0,0,0,,,,,,,,,
Columbia Gas,Waverly,2/22/2025 0:00,0,0,0,0,0,0,0,0,0,,,,,,,,,
Columbia Gas,Waverly,2/23/2025 0:00,0,0,0,0,0,0,0,0,0,,,,,,,,,
Columbia Gas,Waverly,2/24/2025 0:00,0,0,0,0,0,0,0,0,0,,,,,,,,,
Columbia Gas,Waverly,2/25/2025 0:00,0,0,0,0,0,0,0,0,0,,,,,,,,,
Columbia Gas,Waverly,2/26/2025 0:00,0,0,0,0,0,0,0,0,0,,,,,,,,,
Columbia Gas,Waverly,2/27/2025 0:00,0,0,0,0,0,0,0,0,0,,,,,,,,,
Columbia Gas,Waverly,2/28/2025 0:00,0,0,0,0,0,0,0,0,0,,,,,,,,,
Columbia Gas,Waverly,3/1/2025 0:00,0,0,0,0,0,0,0,0,0,,,,,,,,,
Columbia Gas,Waverly,3/2/2025 0:00,0,0,0,0,0,0,0,0,0,,,,,,,,,
Columbia Gas,Waverly,3/3/2025 0:00,0,0,0,0,0,0,0,0,0,,,,,,,,,
Columbia Gas,Waverly,3/4/2025 0:00,0,0,0,0,0,0,0,0,0,,,,,,,,,
Columbia Gas,Waverly,3/5/2025 0:00,0,0,0,0,0,0,0,0,0,,,,,,,,,
Columbia Gas,Waverly,3/6/2025 0:00,0,0,0,0,0,0,0,0,0,,,,,,,,,
Columbia Gas,Waverly,3/7/2025 0:00,0,0,0,0,0,0,0,0,0,,,,,,,,,
Columbia Gas,Waverly,3/8/2025 0:00,0,0,0,0,0,0,0,0,0,,,,,,,,,
Columbia Gas,Waverly,3/9/2025 0:00,0,0,0,0,0,0,0,0,0,,,,,,,,,
Columbia Gas,Waverly,3/10/2025 0:00,470.24,985.18,463.27,655.4,52,0.568,0.172,2.731,97.097,,,,,,,,,
Columbia Gas,Waverly,3/11/2025 0:00,550.2,985.19,542.05,547.3,58,0.567,0.144,2.727,97.129,,,,,,,,,
Columbia Gas,Waverly,3/12/2025 0:00,498.76,984.88,491.22,554.8,56,0.568,0.19,2.706,97.104,,,,,,,,,
Columbia Gas,Waverly,3/13/2025 0:00,271.9,985.69,268.01,542,50,0.568,0.201,2.613,97.186,,,,,,,,,
Columbia Gas,Waverly,3/14/2025 0:00,507.9,986.95,501.27,614.5,49,0.567,0.225,2.48,97.295,,,,,,,,,
Columbia Gas,Waverly,3/15/2025 0:00,548.15,988.87,542.05,591.6,62,0.566,0.11,2.392,97.498,,,,,,,,,
Columbia Gas,Waverly,3/16/2025 0:00,502.04,991.75,497.9,573.9,63,0.564,0.091,2.123,97.786,,,,,,,,,
Columbia Gas,Waverly,3/17/2025 0:00,480.84,992.97,477.46,558.5,50,0.565,0.191,1.903,97.906,,,,,,,,,
Columbia Gas,Waverly,3/18/2025 0:00,4.36,993.12,4.33,595.1,53,0.565,0.196,1.898,97.906,,,,,,,,,
Columbia Gas,Waverly,3/19/2025 0:00,0,0,0,0,0,0,0,0,0,,,,,,,,,
Columbia Gas,Waverly,3/20/2025 0:00,0,0,0,0,0,0,0,0,0,,,,,,,,,
Columbia Gas,Waverly,3/21/2025 0:00,0,0,0,0,0,0,0,0,0,,,,,,,,,
Columbia Gas,Waverly,3/22/2025 0:00,0,0,0,0,0,0,0,0,0,,,,,,,,,
Columbia Gas,Waverly,3/23/2025 0:00,0,0,0,0,0,0,0,0,0,,,,,,,,,
Columbia Gas,Waverly,3/24/2025 0:00,496.32,986.12,489.43,568,57,0.567,0.141,2.624,97.235,,,,,,,,,
Columbia Gas,Waverly,3/25/2025 0:00,395.83,987.7,390.96,566,57,0.566,0.087,2.528,97.385,,,,,,,,,
Columbia Gas,Waverly,3/26/2025 0:00,539.37,987.1,532.41,562,51,0.567,0.215,2.466,97.319,,,,,,,,,
Columbia Gas,Waverly,3/27/2025 0:00,115.96,991.12,114.93,578.8,54,0.565,0.089,2.129,97.782,,,,,,,,,
Columbia Gas,Waverly,3/28/2025 0:00,424.4,990.67,420.44,571.9,67,0.565,0.039,2.283,97.678,,,,,,,,,
Columbia Gas,Waverly,3/29/2025 0:00,0,0,0,0,0,0,0,0,0,,,,,,,,,
Columbia Gas,Waverly,3/30/2025 0:00,0.27,962.96,0.26,574.8,73,0.565,0.041,2.376,97.583,,,,,,,,,
Columbia Gas,Waverly,3/31/2025 0:00,147,989.05,145.39,569.4,69,0.565,0.055,2.354,97.591,,,,,,,,,
Columbia Gas,Waverly,4/1/2025 0:00,527.26,987.86,520.86,563.2,57,0.567,0.175,2.432,97.393,,,,,,,,,
Columbia Gas,Waverly,4/2/2025 0:00,519.59,988.76,513.75,549.1,65,0.566,0.109,2.41,97.481,,,,,,,,,
Columbia Gas,Waverly,4/3/2025 0:00,519.89,988.07,513.69,565,71,0.567,0.211,2.368,97.421,,,,,,,,,
Columbia Gas,Waverly,4/4/2025 0:00,514.25,987.85,508,559.5,71,0.567,0.215,2.386,97.399,,,,,,,,,
Columbia Gas,Waverly,4/5/2025 0:00,508.35,989.87,503.2,566.7,74,0.566,0.195,2.214,97.591,,,,,,,,,
Columbia Gas,Waverly,4/6/2025 0:00,504.91,990.67,500.2,562.3,71,0.566,0.205,2.124,97.671,,,,,,,,,
Columbia Gas,Waverly,4/7/2025 0:00,513.58,986.84,506.82,535.7,56,0.567,0.253,2.447,97.3,,,,,,,,,
Columbia Gas,Waverly,4/8/2025 0:00,458.02,989.59,453.25,526.9,48,0.567,0.213,2.32,97.467,,,,,,,,,
Columbia Gas,Waverly,4/9/2025 0:00,414.07,992.01,410.76,555.2,52,0.565,0.151,2.022,97.827,,,,,,,,,
Columbia Gas,Waverly,4/10/2025 0:00,0,0,0,0,0,0,0,0,0,,,,,,,,,
Columbia Gas,Waverly,4/11/2025 0:00,0,0,0,0,0,0,0,0,0,,,,,,,,,
Columbia Gas,Waverly,4/12/2025 0:00,0,0,0,0,0,0,0,0,0,,,,,,,,,
Columbia Gas,Waverly,4/13/2025 0:00,0,0,0,0,0,0,0,0,0,,,,,,,,,
Columbia Gas,Waverly,4/14/2025 0:00,32.84,995.43,32.69,579.5,70,0.565,0.108,1.936,97.956,,,,,,,,,
Columbia Gas,Waverly,4/15/2025 0:00,85.31,982.07,83.78,576.4,58,0.569,0.161,2.805,97.034,,,,,,,,,
Columbia Gas,Waverly,4/16/2025 0:00,237.32,984.96,233.75,587.4,56,0.568,0.242,2.627,97.131,,,,,,,,,
Columbia Gas,Waverly,4/17/2025 0:00,93.52,987.38,92.34,555.7,59,0.566,0.056,2.529,97.415,,,,,,,,,
Columbia Gas,Waverly,4/18/2025 0:00,0,0,0,0,0,0,0,0,0,,,,,,,,,
Columbia Gas,Waverly,4/19/2025 0:00,0,0,0,0,0,0,0,0,0,,,,,,,,,
Columbia Gas,Waverly,4/20/2025 0:00,0,0,0,0,0,0,0,0,0,,,,,,,,,
Columbia Gas,Waverly,4/21/2025 0:00,448.1,990.05,443.64,555,73,0.565,0.101,2.3,97.599,,,,,,,,,
Columbia Gas,Waverly,4/22/2025 0:00,408.9,990.66,405.08,542.8,72,0.565,0.112,2.215,97.673,,,,,,,,,
Columbia Gas,Waverly,4/23/2025 0:00,426.61,991.05,422.79,548.4,65,0.565,0.108,2.185,97.707,,,,,,,,,
Columbia Gas,Waverly,4/24/2025 0:00,289.54,990.71,286.85,541.7,67,0.565,0.078,2.262,97.66,,,,,,,,,
Columbia Gas,Waverly,4/25/2025 0:00,463.51,990.53,459.12,550.2,72,0.565,0.089,2.262,97.649,,,,,,,,,
Columbia Gas,Waverly,4/26/2025 0:00,455.92,990.52,451.6,569.8,69,0.565,0.089,2.262,97.649,,,,,,,,,
Columbia Gas,Waverly,4/27/2025 0:00,454.37,990.43,450.02,556.7,62,0.565,0.089,2.262,97.649,,,,,,,,,
Columbia Gas,Waverly,4/28/2025 0:00,54.89,990.34,54.36,551.5,65,0.565,0.089,2.262,97.649,,,,,,,,,
Columbia Gas,Waverly,4/29/2025 0:00,0,0,0,0,0,0,0,0,0,,,,,,,,,
Columbia Gas,Waverly,4/30/2025 0:00,0,0,0,0,0,0,0,0,0,,,,,,,,,
Columbia Gas,Waverly,5/1/2025 0:00,0,0,0,0,0,0,0,0,0,,,,,,,,,
Columbia Gas,Waverly,5/2/2025 0:00,0,0,0,0,0,0,0,0,0,,,,,,,,,
Columbia Gas,Waverly,5/3/2025 0:00,0,0,0,0,0,0,0,0,0,,,,,,,,,
Columbia Gas,Waverly,5/4/2025 0:00,0,0,0,0,0,0,0,0,0,,,,,,,,,
Columbia Gas,Waverly,5/5/2025 0:00,484.98,990.25,480.25,564.2,70,0.567,0.191,2.278,97.531,,,,,,,,,
Columbia Gas,Waverly,5/6/2025 0:00,524.51,988.54,518.5,566.9,68,0.567,0.216,2.324,97.46,,,,,,,,,
Columbia Gas,Waverly,5/7/2025 0:00,443.37,991.07,439.41,557.4,72,0.565,0.163,2.118,97.719,,,,,,,,,
Columbia Gas,Waverly,5/8/2025 0:00,459.98,991.8,456.21,546.9,73,0.565,0.173,2.023,97.804,,,,,,,,,
Columbia Gas,Waverly,5/9/2025 0:00,482.96,989.11,477.7,566.4,64,0.566,0.207,2.296,97.497,,,,,,,,,
Columbia Gas,Waverly,5/10/2025 0:00,474.42,988.22,468.83,579.9,65,0.567,0.215,2.388,97.397,,,,,,,,,
Columbia Gas,Waverly,5/11/2025 0:00,231.85,988.87,229.27,570.8,68,0.566,0.135,2.434,97.431,,,,,,,,,
Columbia Gas,Waverly,5/12/2025 0:00,3.33,987.99,3.29,551.5,70,0.566,0.113,2.451,97.436,,,,,,,,,
Columbia Gas,Waverly,5/13/2025 0:00,0,0,0,0,0,0,0,0,0,,,,,,,,,
Columbia Gas,Waverly,5/14/2025 0:00,0,0,0,0,0,0,0,0,0,,,,,,,,,
Columbia Gas,Waverly,5/15/2025 0:00,0,0,0,0,0,0,0,0,0,,,,,,,,,
Columbia Gas,Waverly,5/16/2025 0:00,0,0,0,0,0,0,0,0,0,,,,,,,,,
Columbia Gas,Waverly,5/17/2025 0:00,0,0,0,0,0,0,0,0,0,,,,,,,,,
Columbia Gas,Waverly,5/18/2025 0:00,0.57,982.46,0.56,557,72,0.566,0.135,2.425,97.44,,,,,,,,,
Columbia Gas,Waverly,5/19/2025 0:00,505.84,992.09,501.84,556.5,71,0.565,0.164,2.046,97.79,,,,,,,,,
Columbia Gas,Waverly,5/20/2025 0:00,449.46,994.7,447.08,545.7,69,0.564,0.14,1.79,98.07,,,,,,,,,
Columbia Gas,Waverly,5/21/2025 0:00,518.58,992.81,514.85,557.6,64,0.565,0.203,1.927,97.87,,,,,,,,,
Columbia Gas,Waverly,5/22/2025 0:00,479.04,993.93,476.13,570.7,67,0.564,0.138,1.873,97.989,,,,,,,,,
Columbia Gas,Waverly,5/23/2025 0:00,491.72,994.14,488.84,577.6,64,0.564,0.16,1.825,98.015,,,,,,,,,
Columbia Gas,Waverly,5/24/2025 0:00,471.14,994.33,468.47,578.7,66,0.564,0.142,1.828,98.03,,,,,,,,,
Columbia Gas,Waverly,5/25/2025 0:00,430.53,993.66,427.8,577.6,69,0.564,0.104,1.936,97.96,,,,,,,,,
Columbia Gas,Waverly,5/26/2025 0:00,314.36,994.27,312.56,577.7,62,0.564,0.134,1.8,98.066,,,,,,,,,
Columbia Gas,Waverly,5/27/2025 0:00,0,0,0,0,0,0,0,0,0,,,,,,,,,
Columbia Gas,Waverly,5/28/2025 0:00,0,0,0,0,0,0,0,0,0,,,,,,,,,
Columbia Gas,Waverly,5/29/2025 0:00,0,0,0,0,0,0,0,0,0,,,,,,,,,
Columbia Gas,Waverly,5/30/2025 0:00,0,0,0,0,0,0,0,0,0,,,,,,,,,
Columbia Gas,Waverly,5/31/2025 0:00,0,0,0,0,0,0,0,0,0,,,,,,,,,
Columbia Gas,Waverly,6/1/2025 0:00,27.94,993.56,27.76,558,68,0.565,0.149,2.048,97.803,,,,,,,,,
Columbia Gas,Waverly,6/2/2025 0:00,492.3,997.18,490.91,546.5,67,0.563,0.136,1.56,98.304,,,,,,,,,
Columbia Gas,Waverly,6/3/2025 0:00,428.52,996.97,427.22,534.9,72,0.562,0.089,1.638,98.273,,,,,,,,,
Columbia Gas,Waverly,6/4/2025 0:00,411.89,997.33,410.79,545.3,74,0.562,0.084,1.583,98.333,,,,,,,,,
Columbia Gas,Waverly,6/5/2025 0:00,440.81,998.05,439.95,545.4,74,0.562,0.103,1.513,98.384,,,,,,,,,
Columbia Gas,Waverly,6/6/2025 0:00,59.35,998.48,59.26,557.5,78,0.562,0.105,1.498,98.397,,,,,,,,,
Columbia Gas,Waverly,6/7/2025 0:00,0,0,0,0,0,0,0,0,0,,,,,,,,,
Columbia Gas,Waverly,6/8/2025 0:00,41.2,998.3,41.13,555.8,79,0.562,0.098,1.51,98.392,,,,,,,,,
Columbia Gas,Waverly,6/9/2025 0:00,500.89,999.26,500.52,551.4,76,0.562,0.149,1.342,98.509,,,,,,,,,
Columbia Gas,Waverly,6/10/2025 0:00,347.89,999.34,347.66,552,77,0.562,0.126,1.358,98.516,,,,,,,,,
Columbia Gas,Waverly,6/11/2025 0:00,308.15,999.51,308,552.4,75,0.562,0.11,1.357,98.533,,,,,,,,,
Columbia Gas,Waverly,6/12/2025 0:00,477.69,999.12,477.27,537.8,78,0.562,0.129,1.373,98.498,,,,,,,,,
Columbia Gas,Waverly,6/13/2025 0:00,97.5,999.49,97.45,543.3,77,0.562,0.11,1.362,98.528,,,,,,,,,
Columbia Gas,Waverly,6/14/2025 0:00,0,0,0,0,0,0,0,0,0,,,,,,,,,
Columbia Gas,Waverly,6/15/2025 0:00,37.54,999.47,37.52,565.6,76,0.562,0.113,1.363,98.524,,,,,,,,,
Columbia Gas,Waverly,6/16/2025 0:00,456.92,999.28,456.59,568.3,74,0.562,0.126,1.365,98.509,,,,,,,,,
Columbia Gas,Waverly,6/17/2025 0:00,137.96,999.49,137.89,562.2,82,0.562,0.124,1.35,98.526,,,,,,,,,
Columbia Gas,Waverly,6/18/2025 0:00,449.68,999.44,449.43,531.3,81,0.562,0.111,1.362,98.527,,,,,,,,,
Columbia Gas,Waverly,6/19/2025 0:00,124.1,999.11,123.99,555.6,80,0.562,0.124,1.361,98.515,,,,,,,,,
Columbia Gas,Waverly,6/20/2025 0:00,0,0,0,0,0,0,0,0,0,,,,,,,,,
Columbia Gas,Waverly,6/21/2025 0:00,0,0,0,0,0,0,0,0,0,,,,,,,,,
Columbia Gas,Waverly,6/22/2025 0:00,36.98,999.46,36.96,278.6,87,0.562,0.117,1.359,98.524,,,,,,,,,
Columbia Gas,Waverly,6/23/2025 0:00,133.58,999.03,133.45,672,89,0.562,0.124,1.359,98.517,,,,,,,,,
Columbia Gas,Waverly,6/24/2025 0:00,83.2,999.28,83.14,614.2,91,0.562,0.12,1.367,98.513,,,,,,,,,
Columbia Gas,Waverly,6/25/2025 0:00,432.86,999.26,432.54,638.4,90,0.562,0.122,1.364,98.514,,,,,,,,,
Columbia Gas,Waverly,6/26/2025 0:00,229.73,999.3,229.57,612.2,86,0.562,0.119,1.361,98.52,,,,,,,,,
Columbia Gas,Waverly,6/27/2025 0:00,90.92,999.34,90.86,561.4,83,0.562,0.12,1.363,98.517,,,,,,,,,
Columbia Gas,Waverly,6/28/2025 0:00,0,0,0,0,0,0,0,0,0,,,,,,,,,
Columbia Gas,Waverly,6/29/2025 0:00,0,0,0,0,0,0,0,0,0,,,,,,,,,
Columbia Gas,Waverly,6/30/2025 0:00,479.09,999.46,478.83,599.8,87,0.562,0.123,1.361,98.516,,,,,,,,,
Columbia Gas,Waverly,7/1/2025 0:00,453.65,999.25,453.31,583.5,85,0.562,0.123,1.361,98.516,,,,,,,,,
Columbia Gas,Waverly,7/2/2025 0:00,461.69,999.29,461.36,563.1,76,0.562,0.122,1.367,98.511,,,,,,,,,
Columbia Gas,Waverly,7/3/2025 0:00,77.67,999.61,77.64,567,84,0.562,0.122,1.364,98.514,,,,,,,,,
Columbia Gas,Waverly,7/4/2025 0:00,0,0,0,0,0,0,0,0,0,,,,,,,,,
Columbia Gas,Waverly,7/5/2025 0:00,0,0,0,0,0,0,0,0,0,,,,,,,,,
Columbia Gas,Waverly,7/6/2025 0:00,32.22,999.38,32.2,586.1,82,0.562,0.121,1.362,98.517,,,,,,,,,
Columbia Gas,Waverly,7/7/2025 0:00,443.17,999.35,442.88,641.1,83,0.562,0.121,1.363,98.516,,,,,,,,,
Columbia Gas,Waverly,7/8/2025 0:00,453.22,999.21,452.86,618.4,83,0.562,0.122,1.369,98.509,,,,,,,,,
Columbia Gas,Waverly,7/9/2025 0:00,400.4,999.45,400.18,609.9,81,0.562,0.124,1.348,98.528,,,,,,,,,
Columbia Gas,Waverly,7/10/2025 0:00,188.82,999.36,188.7,583,79,0.562,0.124,1.355,98.521,,,,,,,,,
Columbia Gas,Waverly,7/11/2025 0:00,458,999.37,457.71,585.4,83,0.562,0.124,1.351,98.525,,,,,,,,,
Columbia Gas,Waverly,7/12/2025 0:00,452.41,999.45,452.16,641.8,80,0.562,0.124,1.352,98.524,,,,,,,,,
Columbia Gas,Waverly,7/13/2025 0:00,118.59,999.41,118.52,542,79,0.562,0.124,1.355,98.521,,,,,,,,,
Columbia Gas,Waverly,7/14/2025 0:00,307.78,999.74,307.7,572.5,84,0.562,0.122,1.349,98.529,,,,,,,,,
Columbia Gas,Waverly,7/15/2025 0:00,447.22,999.49,446.99,567,78,0.562,0.121,1.349,98.53,,,,,,,,,
Columbia Gas,Waverly,7/16/2025 0:00,447.65,999.2,447.29,628.4,84,0.562,0.126,1.372,98.502,,,,,,,,,
Columbia Gas,Waverly,7/17/2025 0:00,203.25,999.7,203.19,630,86,0.562,0.126,1.372,98.502,,,,,,,,,
Columbia Gas,Waverly,7/18/2025 0:00,93.87,999.15,93.79,610,84,0.562,0.126,1.372,98.502,,,,,,,,,
Columbia Gas,Waverly,7/19/2025 0:00,0,0,0,0,0,0,0,0,0,,,,,,,,,
Columbia Gas,Waverly,7/20/2025 0:00,28.32,998.94,28.29,642.1,85,0.562,0.127,1.374,98.499,,,,,,,,,
Columbia Gas,Waverly,7/21/2025 0:00,108.34,999.08,108.24,650.7,83,0.562,0.128,1.373,98.499,,,,,,,,,
Columbia Gas,Waverly,7/22/2025 0:00,121.3,999.01,121.18,593.2,82,0.562,0.13,1.369,98.501,,,,,,,,,
Columbia Gas,Waverly,7/23/2025 0:00,450.78,999.25,450.44,650.3,81,0.562,0.13,1.366,98.504,,,,,,,,,
Columbia Gas,Waverly,7/24/2025 0:00,202.4,999.8,202.36,642.9,84,0.562,0.125,1.366,98.509,,,,,,,,,
Columbia Gas,Waverly,7/25/2025 0:00,76.1,999.47,76.06,675.7,88,0.562,0.125,1.366,98.509,,,,,,,,,
Columbia Gas,Waverly,7/26/2025 0:00,0,0,0,0,0,0,0,0,0,,,,,,,,,
Columbia Gas,Waverly,7/27/2025 0:00,0,0,0,0,0,0,0,0,0,,,,,,,,,
Columbia Gas,Waverly,7/28/2025 0:00,97.91,999.08,97.82,626.3,87,0.562,0.13,1.368,98.502,,,,,,,,,
Columbia Gas,Waverly,7/29/2025 0:00,167.98,999.29,167.86,637.1,86,0.562,0.128,1.367,98.505,,,,,,,,,
Columbia Gas,Waverly,7/30/2025 0:00,441.07,999.12,440.68,637.1,87,0.562,0.13,1.368,98.502,,,,,,,,,
Columbia Gas,Waverly,7/31/2025 0:00,227.08,999.65,227,664.5,85,0.561,0.11,1.34,98.55,,,,,,,,,
Columbia Gas,Waverly,8/1/2025 0:00,74.49,999.6,74.46,555.6,74,0.562,0.127,1.364,98.509,,,,,,,,,
Columbia Gas,Waverly,8/2/2025 0:00,0,0,0,0,0,0,0,0,0,,,,,,,,,
Columbia Gas,Waverly,8/3/2025 0:00,38.64,999.22,38.61,552.7,73,0.562,0.131,1.372,98.497,,,,,,,,,
Columbia Gas,Waverly,8/4/2025 0:00,422.71,999.24,422.39,601.1,76,0.562,0.128,1.368,98.504,,,,,,,,,
Columbia Gas,Waverly,8/5/2025 0:00,474.78,999.22,474.41,530.4,73,0.562,0.126,1.371,98.503,,,,,,,,,
Columbia Gas,Waverly,8/6/2025 0:00,518.81,999.19,518.39,534.5,70,0.562,0.124,1.371,98.505,,,,,,,,,
Columbia Gas,Waverly,8/7/2025 0:00,491.34,999.06,490.88,514.3,74,0.562,0.128,1.374,98.498,,,,,,,,,
Columbia Gas,Waverly,8/8/2025 0:00,98.61,999.19,98.53,539.5,74,0.562,0.126,1.372,98.502,,,,,,,,,
Columbia Gas,Waverly,8/9/2025 0:00,0,0,0,0,0,0,0,0,0,,,,,,,,,
Columbia Gas,Waverly,8/10/2025 0:00,33.84,999.11,33.81,531.8,79,0.562,0.127,1.377,98.496,,,,,,,,,
Columbia Gas,Waverly,8/11/2025 0:00,512.77,999.14,512.33,503.9,77,0.562,0.126,1.38,98.494,,,,,,,,,
Columbia Gas,Waverly,8/12/2025 0:00,118.06,999.07,117.95,612.1,81,0.562,0.128,1.38,98.492,,,,,,,,,
Columbia Gas,Waverly,8/13/2025 0:00,64.29,999.07,64.23,649.4,81,0.562,0.129,1.379,98.492,,,,,,,,,
Columbia Gas,Waverly,8/14/2025 0:00,82.55,999.03,82.47,591.4,79,0.562,0.128,1.375,98.497,,,,,,,,,
Columbia Gas,Waverly,8/15/2025 0:00,86.02,999.3,85.96,653.2,82,0.562,0.127,1.379,98.494,,,,,,,,,
Columbia Gas,Waverly,8/16/2025 0:00,0,0,0,0,0,0,0,0,0,,,,,,,,,
Columbia Gas,Waverly,8/17/2025 0:00,15.87,998.74,15.85,602.4,84,0.562,0.126,1.377,98.497,,,,,,,,,
Columbia Gas,Waverly,8/18/2025 0:00,95.47,999.37,95.41,624.1,77,0.562,0.127,1.373,98.5,,,,,,,,,
Columbia Gas,Waverly,8/19/2025 0:00,96.19,999.27,96.12,533.7,75,0.562,0.128,1.37,98.502,,,,,,,,,
Columbia Gas,Waverly,8/20/2025 0:00,115.65,999.31,115.57,551.3,79,0.562,0.126,1.37,98.504,,,,,,,,,
Columbia Gas,Waverly,8/21/2025 0:00,132.62,999.25,132.52,551.4,72,0.562,0.128,1.377,98.495,,,,,,,,,
Columbia Gas,Waverly,8/22/2025 0:00,96,999.58,95.96,559.9,74,0.562,0.127,1.374,98.499,,,,,,,,,
Columbia Gas,Waverly,8/23/2025 0:00,0,0,0,0,0,0,0,0,0,,,,,,,,,
Columbia Gas,Waverly,8/24/2025 0:00,25.18,998.81,25.15,546.1,77,0.562,0.125,1.373,98.502,,,,,,,,,
Columbia Gas,Waverly,8/25/2025 0:00,124.2,999.76,124.17,523.7,78,0.562,0.125,1.37,98.505,,,,,,,,,
Columbia Gas,Waverly,8/26/2025 0:00,92.79,999.14,92.71,533.4,73,0.562,0.125,1.373,98.502,,,,,,,,,
Columbia Gas,Waverly,8/27/2025 0:00,119.93,999.17,119.83,523.3,70,0.562,0.124,1.375,98.501,,,,,,,,,
Columbia Gas,Waverly,8/28/2025 0:00,136.23,999.49,136.16,529.5,72,0.562,0.123,1.367,98.51,,,,,,,,,
Columbia Gas,Waverly,8/29/2025 0:00,31.92,999.69,31.91,552.4,74,0.562,0.123,1.365,98.512,,,,,,,,,
Columbia Gas,Waverly,8/30/2025 0:00,0,0,0,0,0,0,0,0,0,,,,,,,,,
Columbia Gas,Waverly,8/31/2025 0:00,0,0,0,0,0,0,0,0,0,,,,,,,,,
Columbia Gas,Waverly,9/1/2025 0:00,44.94,999.33,44.91,558.9,71,0.562,0.124,1.364,98.512,,,,,,,,,
Columbia Gas,Waverly,9/2/2025 0:00,359.54,999.25,359.27,555.5,70,0.562,0.124,1.364,98.512,,,,,,,,,
Columbia Gas,Waverly,9/3/2025 0:00,366.54,999.24,366.26,554.4,72,0.562,0.124,1.368,98.508,,,,,,,,,
Columbia Gas,Waverly,9/4/2025 0:00,309.49,999.16,309.23,535.5,75,0.562,0.124,1.367,98.509,,,,,,,,,
Columbia Gas,Waverly,9/5/2025 0:00,76.37,999.35,76.32,596.5,80,0.562,0.124,1.367,98.509,,,,,,,,,
Columbia Gas,Waverly,9/6/2025 0:00,0,0,0,0,0,0,0,0,0,,,,,,,,,
Columbia Gas,Waverly,9/7/2025 0:00,19.6,998.47,19.57,562,64,0.562,0.124,1.369,98.507,,,,,,,,,
Columbia Gas,Waverly,9/8/2025 0:00,64.67,999.23,64.62,562.6,68,0.562,0.123,1.365,98.512,,,,,,,,,
Columbia Gas,Waverly,9/9/2025 0:00,271.46,999.15,271.23,556.3,70,0.562,0.124,1.368,98.508,,,,,,,,,
Columbia Gas,Waverly,9/10/2025 0:00,344.62,999.04,344.29,560.9,68,0.562,0.131,1.382,98.487,,,,,,,,,
Columbia Gas,Waverly,9/11/2025 0:00,338.29,998.97,337.94,564,67,0.562,0.13,1.385,98.485,,,,,,,,,
Columbia Gas,Waverly,9/12/2025 0:00,75.19,999.07,75.12,557.6,68,0.562,0.13,1.382,98.488,,,,,,,,,
Columbia Gas,Waverly,9/13/2025 0:00,0,0,0,0,0,0,0,0,0,,,,,,,,,
Columbia Gas,Waverly,9/14/2025 0:00,42.63,999.3,42.6,576.6,70,0.562,0.129,1.386,98.485,,,,,,,,,
Columbia Gas,Waverly,9/15/2025 0:00,93.64,998.83,93.53,555,68,0.562,0.133,1.378,98.489,,,,,,,,,
Columbia Gas,Waverly,9/16/2025 0:00,92.19,998.92,92.09,562,62,0.562,0.131,1.382,98.487,,,,,,,,,
Columbia Gas,Waverly,9/17/2025 0:00,300.52,999.04,300.23,561.1,66,0.562,0.131,1.382,98.487,,,,,,,,,
Columbia Gas,Waverly,9/18/2025 0:00,90.78,999.23,90.71,669.1,69,0.562,0.132,1.381,98.487,,,,,,,,,
Columbia Gas,Waverly,9/19/2025 0:00,93.15,999.14,93.07,653.7,75,0.562,0.133,1.376,98.491,,,,,,,,,
Columbia Gas,Waverly,9/20/2025 0:00,0,0,0,0,0,0,0,0,0,,,,,,,,,
Columbia Gas,Waverly,9/21/2025 0:00,19.83,998.99,19.81,577,70,0.562,0.132,1.381,98.487,,,,,,,,,
Columbia Gas,Waverly,9/22/2025 0:00,329.42,999.03,329.1,577.1,72,0.562,0.132,1.379,98.489,,,,,,,,,
Columbia Gas,Waverly,9/23/2025 0:00,125.88,999.13,125.77,687.6,76,0.562,0.133,1.379,98.488,,,,,,,,,
Columbia Gas,Waverly,9/24/2025 0:00,118.72,999.07,118.61,620.3,80,0.562,0.132,1.38,98.488,,,,,,,,,
Columbia Gas,Waverly,9/25/2025 0:00,97.62,998.87,97.51,637.9,80,0.562,0.132,1.38,98.488,,,,,,,,,
Columbia Gas,Waverly,9/26/2025 0:00,85.66,999.18,85.59,675.1,77,0.562,0.133,1.379,98.488,,,,,,,,,
Columbia Gas,Waverly,9/27/2025 0:00,0,0,0,0,0,0,0,0,0,,,,,,,,,
Columbia Gas,Waverly,9/28/2025 0:00,33.62,998.81,33.58,674,70,0.562,0.131,1.384,98.485,,,,,,,,,
Columbia Gas,Waverly,9/29/2025 0:00,111.78,998.93,111.66,606.3,71,0.562,0.133,1.379,98.488,,,,,,,,,
Columbia Gas,Waverly,9/30/2025 0:00,123.4,999.11,123.29,645.5,69,0.562,0.132,1.38,98.488,,,,,,,,,
Columbia Gas,Waverly,10/1/2025 0:00,410.02,998.98,409.6,667.6,65,0.562,0.131,1.384,98.485,,,,,,,,,
Columbia Gas,Waverly,10/2/2025 0:00,411,999.03,410.6,660,63,0.562,0.132,1.38,98.488,,,,,,,,,
Columbia Gas,Waverly,10/3/2025 0:00,30.69,999.35,30.67,605.9,64,0.562,0.131,1.384,98.485,,,,,,,,,
Columbia Gas,Waverly,10/4/2025 0:00,0,0,0,0,0,0,0,0,0,,,,,,,,,
Columbia Gas,Waverly,10/5/2025 0:00,0,0,0,0,0,0,0,0,0,,,,,,,,,
Columbia Gas,Waverly,10/6/2025 0:00,17.55,999.43,17.54,694.5,72,0.562,0.131,1.384,98.485,,,,,,,,,
Columbia Gas,Waverly,10/7/2025 0:00,404.63,999.04,404.24,693.3,76,0.562,0.129,1.388,98.483,,,,,,,,,
Columbia Gas,Waverly,10/8/2025 0:00,360.25,998.95,359.87,663.1,68,0.562,0.129,1.388,98.483,,,,,,,,,
Columbia Gas,Waverly,10/9/2025 0:00,355.37,998.99,355.01,608.4,64,0.562,0.129,1.388,98.483,,,,,,,,,
Columbia Gas,Waverly,10/10/2025 0:00,14.58,999.31,14.57,642.2,63,0.562,0.129,1.389,98.482,,,,,,,,,
Columbia Gas,Waverly,10/11/2025 0:00,0,0,0,0,0,0,0,0,0,,,,,,,,,
Columbia Gas,Waverly,10/12/2025 0:00,2.52,996.03,2.51,577.6,62,0.562,0.131,1.384,98.485,,,,,,,,,
Columbia Gas,Waverly,10/13/2025 0:00,144.93,998.83,144.76,585.6,61,0.562,0.129,1.389,98.482,,,,,,,,,
Columbia Gas,Waverly,10/14/2025 0:00,146.99,998.91,146.83,573.6,61,0.562,0.129,1.389,98.482,,,,,,,,,
Columbia Gas,Waverly,10/15/2025 0:00,140.6,999.72,140.56,580.1,62,0.562,0.13,1.388,98.482,,,,,,,,,
Columbia Gas,Waverly,10/16/2025 0:00,131.04,999.08,130.92,572.2,55,0.562,0.13,1.388,98.482,,,,,,,,,
Columbia Gas,Waverly,10/17/2025 0:00,87.72,998.97,87.63,578.1,54,0.562,0.13,1.387,98.483,,,,,,,,,
Columbia Gas,Waverly,10/18/2025 0:00,0,0,0,0,0,0,0,0,0,,,,,,,,,
Columbia Gas,Waverly,10/19/2025 0:00,41.37,999.03,41.33,571.4,68,0.562,0.13,1.387,98.483,,,,,,,,,
Columbia Gas,Waverly,10/20/2025 0:00,132.93,998.87,132.78,566.5,56,0.562,0.129,1.389,98.482,,,,,,,,,
Columbia Gas,Waverly,10/21/2025 0:00,138.91,998.78,138.74,565,65,0.562,0.129,1.389,98.482,,,,,,,,,
Columbia Gas,Waverly,10/22/2025 0:00,412.37,998.91,411.92,569.3,60,0.562,0.127,1.393,98.48,,,,,,,,,
Columbia Gas,Waverly,10/23/2025 0:00,111.28,998.83,111.15,632.6,55,0.562,0.128,1.392,98.48,,,,,,,,,
Columbia Gas,Waverly,10/24/2025 0:00,59.93,999,59.87,550.6,52,0.562,0.128,1.392,98.48,,,,,,,,,
Columbia Gas,Waverly,10/25/2025 0:00,0,0,0,0,0,0,0,0,0,,,,,,,,,
Columbia Gas,Waverly,10/26/2025 0:00,29.07,998.97,29.04,564.4,55,0.562,0.128,1.392,98.48,,,,,,,,,
Columbia Gas,Waverly,10/27/2025 0:00,147.56,998.92,147.4,708.3,56,0.562,0.128,1.392,98.48,,,,,,,,,
Columbia Gas,Waverly,10/28/2025 0:00,138.53,998.99,138.39,620,53,0.562,0.127,1.393,98.48,,,,,,,,,
Columbia Gas,Waverly,10/29/2025 0:00,94.82,1000.11,94.83,553.7,60,0.562,0.128,1.392,98.48,,,,,,,,,
Columbia Gas,Waverly,10/30/2025 0:00,0,0,0,0,0,0,0,0,0,,,,,,,,,
Columbia Gas,Waverly,10/31/2025 0:00,0,0,0,0,0,0,0,0,0,,,,,,,,,
Columbia Gas,Waverly,11/1/2025 0:00,0,0,0,0,0,0,0,0,0,,,,,,,,,
Columbia Gas,Waverly,11/2/2025 0:00,53.52,999.07,53.47,557.9,60,0.562,0.131,1.385,98.484,,,,,,,,,
Columbia Gas,Waverly,11/3/2025 0:00,147.89,998.92,147.73,601.8,52,0.562,0.131,1.385,98.484,,,,,,,,,
Columbia Gas,Waverly,11/4/2025 0:00,126.86,998.98,126.73,574.5,52,0.562,0.13,1.389,98.481,,,,,,,,,
Columbia Gas,Waverly,11/5/2025 0:00,416.82,999.02,416.41,602.3,62,0.562,0.13,1.389,98.481,,,,,,,,,
Columbia Gas,Waverly,11/6/2025 0:00,381.38,998.95,380.98,562.3,51,0.562,0.13,1.388,98.482,,,,,,,,,
Columbia Gas,Waverly,11/7/2025 0:00,0,0,0,0,0,0,0,0,0,,,,,,,,,
Columbia Gas,Waverly,11/8/2025 0:00,0,0,0,0,0,0,0,0,0,,,,,,,,,
Columbia Gas,Waverly,11/9/2025 0:00,40.25,998.76,40.2,562.3,63,0.562,0.132,1.383,98.485,,,,,,,,,
Columbia Gas,Waverly,11/10/2025 0:00,120.25,998.92,120.12,604.2,46,0.562,0.13,1.389,98.481,,,,,,,,,
Columbia Gas,Waverly,11/11/2025 0:00,130.24,999.08,130.12,647.7,42,0.562,0.13,1.388,98.482,,,,,,,,,
Columbia Gas,Waverly,11/12/2025 0:00,140.18,985.23,138.11,623.5,51,0.567,0.032,2.825,97.143,,,,,,,,,
Columbia Gas,Waverly,11/13/2025 0:00,111.26,985.62,109.66,591.3,47,0.568,0.088,2.923,96.989,,,,,,,,,
Columbia Gas,Waverly,11/14/2025 0:00,81.28,984.74,80.04,613.9,55,0.566,0.045,2.652,97.303,,,,,,,,,
Columbia Gas,Waverly,11/15/2025 0:00,0,0,0,0,0,0,0,0,0,,,,,,,,,
Columbia Gas,Waverly,11/16/2025 0:00,17.49,985.71,17.24,582.8,54,0.567,0.05,2.659,97.291,,,,,,,,,
Columbia Gas,Waverly,11/17/2025 0:00,74.95,982.79,73.66,622.5,45,0.569,0.154,2.951,96.895,,,,,,,,,
Columbia Gas,Waverly,11/18/2025 0:00,37.82,983.61,37.2,634.4,54,0.569,0.149,2.956,96.895,,,,,,,,,
Columbia Gas,Waverly,11/19/2025 0:00,124.9,986.23,123.18,543.9,52,0.567,0.045,2.682,97.273,,,,,,,,,
Columbia Gas,Waverly,11/20/2025 0:00,225.77,986.8,222.79,541.4,52,0.567,0.034,2.719,97.247,,,,,,,,,
Columbia Gas,Waverly,11/21/2025 0:00,44.04,995.46,43.84,588.5,60,0.566,0.034,2.496,97.47,,,,,,,,,
Columbia Gas,Waverly,11/22/2025 0:00,0,0,0,0,0,0,0,0,0,,,,,,,,,
Columbia Gas,Waverly,11/23/2025 0:00,18.15,987.88,17.93,588.8,51,0.566,0.037,2.512,97.451,,,,,,,,,
Columbia Gas,Waverly,11/24/2025 0:00,68.62,992.57,68.11,541.2,48,0.564,0.034,2.169,97.797,,,,,,,,,
Columbia Gas,Waverly,11/25/2025 0:00,38,997.11,37.89,594,65,0.563,0.018,2.022,97.96,,,,,,,,,
Columbia Gas,Waverly,11/26/2025 0:00,0,0,0,0,0,0,0,0,0,,,,,,,,,
Columbia Gas,Waverly,11/27/2025 0:00,0,0,0,0,0,0,0,0,0,,,,,,,,,
Columbia Gas,Waverly,11/28/2025 0:00,0,0,0,0,0,0,0,0,0,,,,,,,,,
Columbia Gas,Waverly,11/29/2025 0:00,0,0,0,0,0,0,0,0,0,,,,,,,,,
Columbia Gas,Waverly,11/30/2025 0:00,0,0,0,0,0,0,0,0,0,,,,,,,,,
Columbia Gas,Waverly,12/1/2025 0:00,75.63,989.82,74.86,702.5,41,0.563,0.022,2.005,97.973,,,,,,,,,
Columbia Gas,Waverly,12/2/2025 0:00,39.44,989.86,39.04,553.9,39,0.566,0.044,2.428,97.528,,,,,,,,,
Columbia Gas,Waverly,12/3/2025 0:00,457.38,985.11,450.57,633.5,40,0.567,0.111,2.766,97.123,,,,,,,,,
Columbia Gas,Waverly,12/4/2025 0:00,454.05,985.42,447.43,682.8,42,0.567,0.098,2.752,97.15,,,,,,,,,
Columbia Gas,Waverly,12/5/2025 0:00,94.98,985.15,93.57,698.2,35,0.567,0.112,2.778,97.11,,,,,,,,,
Columbia Gas,Waverly,12/6/2025 0:00,0,0,0,0,0,0,0,0,0,,,,,,,,,
Columbia Gas,Waverly,12/7/2025 0:00,0,0,0,0,0,0,0,0,0,,,,,,,,,
Columbia Gas,Waverly,12/8/2025 0:00,0,0,0,0,0,0,0,0,0,,,,,,,,,
Columbia Gas,Waverly,12/9/2025 0:00,0,0,0,0,0,0,0,0,0,,,,,,,,,
Columbia Gas,Waverly,12/10/2025 0:00,0,0,0,0,0,0,0,0,0,,,,,,,,,
Columbia Gas,Waverly,12/11/2025 0:00,4.62,984.85,4.55,725.9,36,0.569,0.149,2.713,97.138,,,,,,,,,
Columbia Gas,Waverly,12/12/2025 0:00,0,0,0,0,0,0,0,0,0,,,,,,,,,
Columbia Gas,Waverly,12/13/2025 0:00,0,0,0,0,0,0,0,0,0,,,,,,,,,
Columbia Gas,Waverly,12/14/2025 0:00,0,0,0,0,0,0,0,0,0,,,,,,,,,
Columbia Gas,Waverly,12/15/2025 0:00,12.22,989.36,12.09,618.3,30,0.568,0.084,2.86,97.056,,,,,,,,,
Columbia Gas,Waverly,12/16/2025 0:00,109.23,992.86,108.45,687,37,0.565,0.051,2.223,97.726,,,,,,,,,
Columbia Gas,Waverly,12/17/2025 0:00,353.91,987.4,349.45,768.2,46,0.566,0.044,2.575,97.381,,,,,,,,,
Columbia Gas,Waverly,12/18/2025 0:00,210,984.52,206.75,693.8,58,0.567,0.025,2.766,97.209,,,,,,,,,
Columbia Gas,Waverly,12/19/2025 0:00,0,0,0,0,0,0,0,0,0,,,,,,,,,
Columbia Gas,Waverly,12/20/2025 0:00,0,0,0,0,0,0,0,0,0,,,,,,,,,
Columbia Gas,Waverly,12/21/2025 0:00,0,0,0,0,0,0,0,0,0,,,,,,,,,
Columbia Gas,Waverly,12/22/2025 0:00,0,0,0,0,0,0,0,0,0,,,,,,,,,
Columbia Gas,Waverly,12/23/2025 0:00,0,0,0,0,0,0,0,0,0,,,,,,,,,
Columbia Gas,Waverly,12/24/2025 0:00,0,0,0,0,0,0,0,0,0,,,,,,,,,
Columbia Gas,Waverly,12/25/2025 0:00,0,0,0,0,0,0,0,0,0,,,,,,,,,
Columbia Gas,Waverly,12/26/2025 0:00,0,0,0,0,0,0,0,0,0,,,,,,,,,
Columbia Gas,Waverly,12/27/2025 0:00,0,0,0,0,0,0,0,0,0,,,,,,,,,
Columbia Gas,Waverly,12/28/2025 0:00,0,0,0,0,0,0,0,0,0,,,,,,,,,
Columbia Gas,Waverly,12/29/2025 0:00,0,0,0,0,0,0,0,0,0,,,,,,,,,
Columbia Gas,Waverly,12/30/2025 0:00,16.69,986.82,16.47,656.5,34,0.567,0.033,2.826,97.141,,,,,,,,,
Columbia Gas,Waverly,12/31/2025 0:00,0,0,0,0,0,0,0,0,0,,,,,,,,,
Columbia Gas,Waverly,1/1/2026 0:00,0,0,0,0,0,0,0,0,0,,,,,,,,,
Columbia Gas,Waverly,1/2/2026 0:00,0,0,0,0,0,0,0,0,0,,,,,,,,,
Columbia Gas,Waverly,1/3/2026 0:00,0,0,0,0,0,0,0,0,0,,,,,,,,,
Columbia Gas,Waverly,1/4/2026 0:00,0,0,0,0,0,0,0,0,0,,,,,,,,,
Columbia Gas,Waverly,1/5/2026 0:00,0,0,0,0,0,0,0,0,0,,,,,,,,,
Columbia Gas,Waverly,1/6/2026 0:00,0,0,0,0,0,0,0,0,0,,,,,,,,,
Columbia Gas,Waverly,1/7/2026 0:00,0,0,0,0,0,0,0,0,0,,,,,,,,,
Columbia Gas,Waverly,1/8/2026 0:00,0,0,0,0,0,0,0,0,0,,,,,,,,,
Columbia Gas,Waverly,1/9/2026 0:00,0,0,0,0,0,0,0,0,0,,,,,,,,,
Columbia Gas,Waverly,1/10/2026 0:00,0,0,0,0,0,0,0,0,0,,,,,,,,,
Columbia Gas,Waverly,1/11/2026 0:00,0,0,0,0,0,0,0,0,0,,,,,,,,,
Columbia Gas,Waverly,1/12/2026 0:00,0,0,0,0,0,0,0,0,0,,,,,,,,,
Columbia Gas,Waverly,1/13/2026 0:00,0,0,0,0,0,0,0,0,0,,,,,,,,,
Columbia Gas,Waverly,1/14/2026 0:00,0,0,0,0,0,0,0,0,0,,,,,,,,,
Columbia Gas,Waverly,1/15/2026 0:00,0,0,0,0,0,0,0,0,0,,,,,,,,,
Columbia Gas,Waverly,1/16/2026 0:00,0,0,0,0,0,0,0,0,0,,,,,,,,,
Columbia Gas,Waverly,1/17/2026 0:00,0,0,0,0,0,0,0,0,0,,,,,,,,,
Columbia Gas,Waverly,1/18/2026 0:00,0,0,0,0,0,0,0,0,0,,,,,,,,,
Columbia Gas,Waverly,1/19/2026 0:00,0,0,0,0,0,0,0,0,0,,,,,,,,,
Columbia Gas,Waverly,1/20/2026 0:00,0,0,0,0,0,0,0,0,0,,,,,,,,,
Columbia Gas,Waverly,1/21/2026 0:00,0,0,0,0,0,0,0,0,0,,,,,,,,,
Columbia Gas,Waverly,1/22/2026 0:00,0,0,0,0,0,0,0,0,0,,,,,,,,,
Columbia Gas,Waverly,1/23/2026 0:00,0,0,0,0,0,0,0,0,0,,,,,,,,,
Columbia Gas,Waverly,1/24/2026 0:00,0,0,0,0,0,0,0,0,0,,,,,,,,,
Columbia Gas,Waverly,1/25/2026 0:00,0,0,0,0,0,0,0,0,0,,,,,,,,,
Columbia Gas,Waverly,1/26/2026 0:00,0,0,0,0,0,0,0,0,0,,,,,,,,,
Columbia Gas,Waverly,1/27/2026 0:00,0,0,0,0,0,0,0,0,0,,,,,,,,,
Columbia Gas,Waverly,1/28/2026 0:00,0,0,0,0,0,0,0,0,0,,,,,,,,,
Columbia Gas,Waverly,1/29/2026 0:00,0,0,0,0,0,0,0,0,0,,,,,,,,,
Columbia Gas,Waverly,1/30/2026 0:00,0,0,0,0,0,0,0,0,0,,,,,,,,,
Columbia Gas,Waverly,1/31/2026 0:00,0,0,0,0,0,0,0,0,0,,,,,,,,,
Columbia Gas,Waverly,2/1/2026 0:00,0,0,0,0,0,0,0,0,0,,,,,,,,,
Columbia Gas,Waverly,2/2/2026 0:00,0,0,0,0,0,0,0,0,0,,,,,,,,,
Columbia Gas,Waverly,2/3/2026 0:00,0,0,0,0,0,0,0,0,0,,,,,,,,,
Columbia Gas,Waverly,2/4/2026 0:00,0,0,0,0,0,0,0,0,0,,,,,,,,,
Columbia Gas,Waverly,2/5/2026 0:00,0,0,0,0,0,0,0,0,0,,,,,,,,,
Columbia Gas,Waverly,2/6/2026 0:00,0,0,0,0,0,0,0,0,0,,,,,,,,,
Columbia Gas,Waverly,2/7/2026 0:00,0,0,0,0,0,0,0,0,0,,,,,,,,,
Columbia Gas,Waverly,2/8/2026 0:00,0,0,0,0,0,0,0,0,0,,,,,,,,,
Columbia Gas,Waverly,2/9/2026 0:00,397.75,990.04,393.79,641.7,54,0.573,0.096,1.927,97.977,,,,,,,,,
Columbia Gas,Waverly,2/10/2026 0:00,494.13,989.78,489.08,614.6,46,0.566,0.135,2.287,97.578,,,,,,,,,
Columbia Gas,Waverly,2/11/2026 0:00,51.01,988.63,50.43,713.9,37,0.566,0.108,2.337,97.555,,,,,,,,,
Columbia Gas,Waverly,2/12/2026 0:00,47.79,989.75,47.3,712.5,46,0.566,0.126,2.305,97.569,,,,,,,,,
Columbia Gas,Waverly,2/13/2026 0:00,499.31,989.67,494.15,693.9,43,0.566,0.129,2.305,97.566,,,,,,,,,
Columbia Gas,Waverly,2/14/2026 0:00,377.25,989.53,373.3,732.1,51,0.566,0.133,2.304,97.563,,,,,,,,,
Columbia Gas,Waverly,2/15/2026 0:00,327.21,988.72,323.52,665.8,59,0.566,0.078,2.449,97.473,,,,,,,,,
Columbia Gas,Waverly,2/16/2026 0:00,350.19,988.35,346.11,554,49,0.566,0.049,2.498,97.453,,,,,,,,,
Columbia Gas,Waverly,2/17/2026 0:00,73.75,988.2,72.88,603.7,52,0.566,0.049,2.498,97.453,,,,,,,,,
Columbia Gas,Waverly,2/18/2026 0:00,0,0,0,0,0,0,0,0,0,,,,,,,,,
Columbia Gas,Waverly,2/19/2026 0:00,0,0,0,0,0,0,0,0,0,,,,,,,,,
Columbia Gas,Waverly,2/20/2026 0:00,0,0,0,0,0,0,0,0,0,,,,,,,,,
Columbia Gas,Waverly,2/21/2026 0:00,0,0,0,0,0,0,0,0,0,,,,,,,,,
Columbia Gas,Waverly,2/22/2026 0:00,0,0,0,0,0,0,0,0,0,,,,,,,,,
Columbia Gas,Waverly,2/23/2026 0:00,0,0,0,0,0,0,0,0,0,,,,,,,,,
Columbia Gas,Waverly,2/24/2026 0:00,0,0,0,0,0,0,0,0,0,,,,,,,,,
Columbia Gas,Waverly,2/25/2026 0:00,0,0,0,0,0,0,0,0,0,,,,,,,,,
Columbia Gas,Waverly,2/26/2026 0:00,0,0,0,0,0,0,0,0,0,,,,,,,,,
Columbia Gas,Waverly,2/27/2026 0:00,0,0,0,0,0,0,0,0,0,,,,,,,,,
Columbia Gas,Waverly,2/28/2026 0:00,0,0,0,0,0,0,0,0,0,,,,,,,,,
Columbia Gas,Waverly,3/1/2026 0:00,18.72,988.78,18.51,611.4,50,0.591,0.149,1.075,98.776,,,,,,,,,
Columbia Gas,Waverly,3/2/2026 0:00,499.55,987.77,493.44,526.9,42,0.567,0.262,2.362,97.376,,,,,,,,,
Columbia Gas,Waverly,3/3/2026 0:00,397.41,988.48,392.83,609.9,47,0.566,0.153,2.389,97.458,,,,,,,,,
Columbia Gas,Waverly,3/4/2026 0:00,428.27,989.8,423.9,558.1,60,0.566,0.135,2.29,97.575,,,,,,,,,
Columbia Gas,Waverly,3/5/2026 0:00,98.08,991.44,97.24,564.9,69,0.565,0.134,2.104,97.762,,,,,,,,,
Columbia Gas,Waverly,3/6/2026 0:00,0,0,0,0,0,0,0,0,0,,,,,,,,,
Columbia Gas,Waverly,3/7/2026 0:00,0,0,0,0,0,0,0,0,0,,,,,,,,,
Columbia Gas,Waverly,3/8/2026 0:00,0,0,0,0,0,0,0,0,0,,,,,,,,,
Columbia Gas,Waverly,3/9/2026 0:00,334.27,991,331.26,601.3,63,0.565,0.065,2.206,97.729,,,,,,,,,
Columbia Gas,Waverly,3/10/2026 0:00,0.86,988.37,0.85,556.8,71,0.569,0.53,2.175,97.295,,,,,,,,,
Columbia Gas,Waverly,3/11/2026 0:00,14.71,995.24,14.64,595.6,79,0.568,0.352,2.163,97.485,,,,,,,,,
Columbia Gas,Waverly,3/12/2026 0:00,377.33,985.03,371.68,566.7,43,0.567,0.118,2.764,97.118,,,,,,,,,
Columbia Gas,Waverly,3/13/2026 0:00,80.34,986.68,79.27,603.1,53,0.568,0.074,2.617,97.309,,,,,,,,,
Columbia Gas,Waverly,3/14/2026 0:00,0,0,0,0,0,0,0,0,0,,,,,,,,,
Columbia Gas,Waverly,3/15/2026 0:00,33.86,987.6,33.44,611.2,66,0.567,0.121,2.749,97.13,,,,,,,,,
Columbia Gas,Waverly,3/16/2026 0:00,273.31,992.1,271.15,638.9,54,0.564,0.084,2.084,97.832,,,,,,,,,
Columbia Gas,Waverly,3/17/2026 0:00,203.09,993.75,201.82,673.9,42,0.564,0.192,1.82,97.988,,,,,,,,,
Columbia Gas,Waverly,3/18/2026 0:00,127.24,992.93,126.34,691.2,43,0.564,0.126,2.026,97.848,,,,,,,,,
Columbia Gas,Waverly,3/19/2026 0:00,454.23,997.14,452.93,618.7,50,0.564,0.293,1.424,98.283,,,,,,,,,
Columbia Gas,Waverly,3/20/2026 0:00,108.57,985.17,106.96,616.9,63,0.567,0.362,1.938,97.7,,,,,,,,,
Columbia Gas,Waverly,3/21/2026 0:00,0,0,0,0,0,0,0,0,0,,,,,,,,,
Columbia Gas,Waverly,3/22/2026 0:00,0,0,0,0,0,0,0,0,0,,,,,,,,,
Columbia Gas,Waverly,3/23/2026 0:00,457.49,986.12,451.14,595.1,58,0.57,0.459,2.463,97.078,,,,,,,,,
Columbia Gas,Waverly,3/24/2026 0:00,513.73,986.32,506.7,621.4,47,0.569,0.429,2.314,97.257,,,,,,,,,
Columbia Gas,Waverly,3/25/2026 0:00,499.35,986.18,492.45,605.3,60,0.57,0.453,2.404,97.143,,,,,,,,,
Columbia Gas,Waverly,3/26/2026 0:00,137.06,983.29,134.77,618.8,71,0.57,0.452,2.472,97.076,,,,,,,,,
Columbia Gas,Waverly,3/27/2026 0:00,535.95,984.44,527.61,606,59,0.57,0.478,2.485,97.037,,,,,,,,,
Columbia Gas,Waverly,3/28/2026 0:00,641.51,986.34,632.75,576.8,46,0.57,0.45,2.386,97.164,,,,,,,,,
Columbia Gas,Waverly,3/29/2026 0:00,636.48,984.89,626.86,639.8,58,0.57,0.461,2.477,97.062,,,,,,,,,
Columbia Gas,Waverly,3/30/2026 0:00,594.54,986.81,586.7,617.5,66,0.568,0.42,2.299,97.281,,,,,,,,,
Columbia Gas,Waverly,3/31/2026 0:00,0,0,0,0,0,0,0,0,0,,,,,,,,,
Columbia Gas,Waverly,4/1/2026 0:00,95.97,985.1,94.54,566.3,75,0.569,0.427,2.384,97.189,,,,,,,,,
Columbia Gas,Waverly,4/2/2026 0:00,0,0,0,0,0,0,0,0,0,,,,,,,,,
Columbia Gas,Waverly,4/3/2026 0:00,0,0,0,0,0,0,0,0,0,,,,,,,,,
Columbia Gas,Waverly,4/4/2026 0:00,0,0,0,0,0,0,0,0,0,,,,,,,,,
Columbia Gas,Waverly,4/5/2026 0:00,10.33,995.16,10.28,584.9,63,0.569,0.429,2.307,97.264,,,,,,,,,
Columbia Gas,Waverly,4/6/2026 0:00,619.33,985.76,610.51,579.5,59,0.569,0.447,2.403,97.15,,,,,,,,,
Columbia Gas,Waverly,4/7/2026 0:00,667.6,984.42,657.2,540.9,56,0.57,0.474,2.57,96.956,,,,,,,,,
Columbia Gas,Waverly,4/8/2026 0:00,679.02,986.78,670.04,532.1,49,0.569,0.436,2.351,97.213,,,,,,,,,
Columbia Gas,Waverly,4/9/2026 0:00,617.86,986.74,609.67,499.8,55,0.569,0.441,2.313,97.246,,,,,,,,,
Columbia Gas,Waverly,4/10/2026 0:00,591.5,993.76,587.81,553.4,65,0.565,0.312,1.72,97.968,,,,,,,,,
Columbia Gas,Waverly,4/11/2026 0:00,587.5,994.43,584.23,586.2,66,0.565,0.301,1.665,98.034,,,,,,,,,
Columbia Gas,Waverly,4/12/2026 0:00,272.62,995.08,271.28,584.2,69,0.563,0.045,1.814,98.141,,,,,,,,,
Columbia Gas,Waverly,4/13/2026 0:00,619.76,993.09,615.48,548.5,76,0.565,0.313,1.768,97.919,,,,,,,,,
Columbia Gas,Waverly,4/14/2026 0:00,585.7,995.48,583.05,560.9,78,0.564,0.236,1.625,98.139,,,,,,,,,
Columbia Gas,Waverly,4/15/2026 0:00,596.92,993.97,593.32,606.7,81,0.565,0.291,1.71,97.999,,,,,,,,,
Columbia Gas,Waverly,4/16/2026 0:00,449.2,995.01,446.96,635.9,80,0.564,0.261,1.66,98.079,,,,,,,,,
Columbia Gas,Waverly,4/17/2026 0:00,579.38,995.08,576.53,573.5,74,0.564,0.296,1.596,98.108,,,,,,,,,
Columbia Gas,Waverly,4/18/2026 0:00,449.27,995.77,447.37,631.5,81,0.563,0.203,1.621,98.176,,,,,,,,,
Columbia Gas,Waverly,4/19/2026 0:00,405.87,998.87,405.41,645,56,0.562,0.129,1.408,98.463,,,,,,,,,
Columbia Gas,Waverly,4/20/2026 0:00,640.52,990.09,634.17,576.6,55,0.568,0.703,1.671,97.626,,,,,,,,,
Columbia Gas,Waverly,4/21/2026 0:00,196.83,991.06,195.07,627.3,58,0.568,0.618,1.695,97.687,,,,,,,,,
Columbia Gas,Waverly,4/22/2026 0:00,450.96,993.86,448.19,591.5,67,0.566,0.364,1.697,97.939,,,,,,,,,
Columbia Gas,Waverly,4/23/2026 0:00,166.16,994.16,165.19,575.9,72,0.564,0.098,1.895,98.007,,,,,,,,,
Columbia Gas,Waverly,4/24/2026 0:00,530.16,990.34,525.04,635.3,72,0.567,0.389,1.986,97.625,,,,,,,,,
Columbia Gas,Waverly,4/25/2026 0:00,403.96,996.06,402.37,687,66,0.563,0.17,1.551,98.279,,,,,,,,,
Columbia Gas,Waverly,4/26/2026 0:00,16.39,1004.27,16.46,636,53,0.562,0.053,1.605,98.342,,,,,,,,,
Columbia Gas,Waverly,4/27/2026 0:00,619.24,989.79,612.92,590.8,58,0.568,0.534,1.849,97.617,,,,,,,,,
Columbia Gas,Waverly,4/28/2026 0:00,496.8,989.27,491.47,641.2,61,0.566,0.237,2.218,97.545,,,,,,,,,
Columbia Gas,Waverly,4/29/2026 0:00,540.31,987.49,533.55,692.8,66,0.567,0.304,2.331,97.365,,,,,,,,,
Columbia Gas,Waverly,4/30/2026 0:00,540.24,991.95,535.89,687.8,61,0.565,0.289,1.878,97.833,,,,,,,,,
Columbia Gas,Waverly,5/1/2026 0:00,509.76,997.65,508.56,574.8,62,0.563,0.198,1.446,98.356,,,,,,,,,
Columbia Gas,Waverly,5/2/2026 0:00,522.91,985.7,515.43,593.5,56,0.568,0.205,2.614,97.181,,,,,,,,,
Columbia Gas,Waverly,5/3/2026 0:00,308.78,985.62,304.34,590.8,60,0.567,0.174,2.488,97.338,,,,,,,,,
Columbia Gas,Waverly,5/4/2026 0:00,0,0,0,0,0,0,0,0,0,,,,,,,,,
Columbia Gas,Waverly,5/5/2026 0:00,17.06,988.28,16.86,585,73,0.567,0.201,2.478,97.321,,,,,,,,,
Columbia Gas,Waverly,5/6/2026 0:00,0,0,0,0,0,0,0,0,0,,,,,,,,,
Columbia Gas,Waverly,5/7/2026 0:00,413.69,987.94,408.7,552.4,55,0.567,0.203,2.443,97.354,,,,,,,,,
Columbia Gas,Waverly,5/8/2026 0:00,89.21,986.55,88.01,577.6,63,0.567,0.204,2.445,97.351,,,,,,,,,
Columbia Gas,Waverly,5/9/2026 0:00,0,0,0,0,0,0,0,0,0,,,,,,,,,
Columbia Gas,Waverly,5/10/2026 0:00,19.32,985.51,19.04,569.4,75,0.567,0.203,2.443,97.354,,,,,,,,,
Columbia Gas,Waverly,5/11/2026 0:00,364.74,987.5,360.18,559.1,52,0.567,0.203,2.443,97.354,,,,,,,,,
Columbia Gas,Waverly,5/12/2026 0:00,343.04,987.64,338.8,547.2,65,0.567,0.203,2.443,97.354,,,,,,,,,
Columbia Gas,Waverly,5/13/2026 0:00,353.3,987.52,348.89,601.7,69,0.567,0.204,2.438,97.358,,,,,,,,,
Columbia Gas,Waverly,5/14/2026 0:00,353.08,987.85,348.79,561.6,61,0.567,0.204,2.413,97.383,,,,,,,,,
Columbia Gas,Waverly,5/15/2026 0:00,76.71,986.57,75.68,560.9,65,0.567,0.205,2.414,97.381,,,,,,,,,
Columbia Gas,Waverly,5/16/2026 0:00,0,0,0,0,0,0,0,0,0,,,,,,,,,
Columbia Gas,Waverly,5/17/2026 0:00,7.02,998.58,7.01,537.5,83,0.566,0.205,2.302,97.493,,,,,,,,,
Columbia Gas,Waverly,5/18/2026 0:00,307.14,988.8,303.7,557.4,81,0.566,0.206,2.339,97.455,,,,,,,,,
Columbia Gas,Waverly,5/19/2026 0:00,188.84,989.3,186.82,562.5,82,0.566,0.207,2.326,97.467,,,,,,,,,
Columbia Gas,Waverly,5/20/2026 0:00,221.34,989.16,218.94,583.6,83,0.566,0.216,2.179,97.605,,,,,,,,,
Columbia Gas,Waverly,5/21/2026 0:00,442.74,995.73,440.85,604.5,72,0.563,0.157,1.668,98.175,,,,,,,,,
Columbia Gas,Waverly,5/22/2026 0:00,42.47,988.46,41.98,588.6,61,0.57,0.638,1.894,97.468,,,,,,,,,
Columbia Gas,Waverly,5/23/2026 0:00,0,0,0,0,0,0,0,0,0,,,,,,,,,
Columbia Gas,Waverly,5/24/2026 0:00,0,0,0,0,0,0,0,0,0,,,,,,,,,
Columbia Gas,Waverly,5/25/2026 0:00,43.02,990.24,42.6,583.7,76,0.57,0.64,1.887,97.473,,,,,,,,,
Columbia Gas,Waverly,5/26/2026 0:00,625.54,991.82,620.42,606.1,73,0.567,0.623,1.598,97.779,,,,,,,,,
Columbia Gas,Waverly,5/27/2026 0:00,630.07,991.16,624.5,585.3,72,0.568,0.649,1.626,97.725,,,,,,,,,
Columbia Gas,Waverly,5/28/2026 0:00,633.3,991,627.6,605.7,71,0.568,0.678,1.623,97.699,,,,,,,,,
Columbia Gas,Waverly,5/29/2026 0:00,632.7,990.83,626.9,606.2,71,0.568,0.699,1.611,97.69,,,,,,,,,
Columbia Gas,Waverly,5/30/2026 0:00,589.98,992.03,585.28,584.6,69,0.567,0.538,1.649,97.813,,,,,,,,,
Columbia Gas,Waverly,5/31/2026 0:00,526.47,993.54,523.07,572.5,71,0.565,0.325,1.721,97.954,,,,,,,,,
Columbia Gas,Waverly,6/1/2026 0:00,48.49,1027.22,49.81,565.9,74,0.568,0.316,0.06,99.624,,,,,,,,,
Columbia Gas,Waverly,6/2/2026 0:00,48.18,1042.13,50.21,572.9,70,0.58,0.451,0.134,99.415,,,,,,,,,
Columbia Gas,Waverly,6/3/2026 0:00,47.08,1043.76,49.14,564.9,74,0.58,0.456,0.129,99.415,,,,,,,,,
Columbia Gas,Waverly,6/4/2026 0:00,44.23,1046.57,46.29,552.8,79,0.581,0.423,0.134,99.443,,,,,,,,,
Columbia Gas,Waverly,6/5/2026 0:00,40.14,1052.57,42.25,576.2,82,0.586,0.423,0.157,99.42,,,,,,,,,
Columbia Gas,Waverly,6/6/2026 0:00,39.07,1056.57,41.28,568.4,83,0.589,0.435,0.174,99.391,,,,,,,,,
Columbia Gas,Waverly,6/7/2026 0:00,19.71,1051.75,20.73,563.7,83,0.583,0.417,0.15,99.433,,,,,,,,,
Columbia Gas,Waverly,6/8/2026 0:00,45.29,1051.67,47.63,494.2,73,0.587,0.481,0.184,99.335,,,,,,,,,
Columbia Gas,Waverly,6/9/2026 0:00,43.46,1062.36,46.17,498.3,79,0.593,0.446,0.182,99.372,,,,,,,,,
Columbia Gas,Waverly,6/10/2026 0:00,41.89,1053,44.11,535.3,78,0.587,0.443,0.189,99.368,,,,,,,,,
Columbia Gas,Waverly,6/11/2026 0:00,13.93,1050.25,14.63,517.7,88,0.586,0.433,0.186,99.381,,,,,,,,,
Columbia Gas,Waverly,6/12/2026 0:00,0,0,0,0,0,0,0,0,0,,,,,,,,,
Columbia Gas,Waverly,6/13/2026 0:00,0,0,0,0,0,0,0,0,0,,,,,,,,,
Columbia Gas,Waverly,6/14/2026 0:00,3.53,1065.16,3.76,682.3,83,0.59,0.422,0.178,99.4,,,,,,,,,
Columbia Gas,Waverly,6/15/2026 0:00,44.78,1052.03,47.11,664.2,78,0.586,0.448,0.163,99.389,,,,,,,,,
Columbia Gas,Waverly,6/16/2026 0:00,45.84,1051.48,48.2,619.1,78,0.586,0.444,0.168,99.388,,,,,,,,,
Columbia Gas,Waverly,6/17/2026 0:00,43.13,1058.43,45.65,524.2,83,0.59,0.421,0.159,99.42,,,,,,,,,
Columbia Gas,Waverly,6/18/2026 0:00,44.06,1065.37,46.94,486.3,82,0.594,0.451,0.192,99.357,,,,,,,,,
Columbia Gas,Waverly,6/19/2026 0:00,45.53,1063.69,48.43,520.6,77,0.593,0.425,0.173,99.402,,,,,,,,,
Columbia Gas,Waverly,6/20/2026 0:00,45.2,1057.74,47.81,523.1,81,0.59,0.431,0.162,99.407,,,,,,,,,
Columbia Gas,Waverly,6/21/2026 0:00,40.38,1054.73,42.59,526.4,84,0.587,0.424,0.146,99.43,,,,,,,,,
Columbia Gas,Waverly,6/22/2026 0:00,41.14,1056.15,43.45,499.2,84,0.589,0.438,0.156,99.406,,,,,,,,,
Columbia Gas,Waverly,6/23/2026 0:00,14.81,1051.99,15.58,500.5,70,0.585,0.41,0.132,99.458,,,,,,,,,
Columbia Gas,Waverly,6/24/2026 0:00,41.57,1051.72,43.72,590.9,79,0.586,0.437,0.173,99.39,,,,,,,,,
Columbia Gas,Waverly,6/25/2026 0:00,40.5,1046.67,42.39,606.4,82,0.584,0.614,0.174,99.212,,,,,,,,,
Columbia Gas,Waverly,6/26/2026 0:00,42.14,1046.75,44.11,558.5,84,0.587,0.704,0.266,99.03,,,,,,,,,
Columbia Gas,Waverly,6/27/2026 0:00,42.33,1059.3,44.84,564.4,79,0.591,0.43,0.166,99.404,,,,,,,,,
Columbia Gas,Waverly,6/28/2026 0:00,44.72,1057.69,47.3,562.5,78,0.59,0.433,0.184,99.383,,,,,,,,,
Columbia Gas,Waverly,6/29/2026 0:00,45.96,1058.31,48.64,557.3,80,0.59,0.415,0.171,99.414,,,,,,,,,
Columbia Gas,Waverly,6/30/2026 0:00,44.97,1061.37,47.73,571.3,83,0.593,0.445,0.177,99.378,,,,,,,,,
Spire,Nevada,10/1/2024 0:00,0,0,0,0,0,0,0,0,0,,,,,,,,,
Spire,Nevada,10/2/2024 0:00,0,0,0,0,0,0,0,0,0,,,,,,,,,
Spire,Nevada,10/3/2024 0:00,0,0,0,0,0,0,0,0,0,,,,,,,,,
Spire,Nevada,10/4/2024 0:00,0,0,0,0,0,0,0,0,0,,,,,,,,,
Spire,Nevada,10/5/2024 0:00,0,0,0,0,0,0,0,0,0,,,,,,,,,
Spire,Nevada,10/6/2024 0:00,0,0,0,0,0,0,0,0,0,,,,,,,,,
Spire,Nevada,10/7/2024 0:00,0,0,0,0,0,0,0,0,0,,,,,,,,,
Spire,Nevada,10/8/2024 0:00,0,0,0,0,0,0,0,0,0,,,,,,,,,
Spire,Nevada,10/9/2024 0:00,0,0,0,0,0,0,0,0,0,,,,,,,,,
Spire,Nevada,10/10/2024 0:00,40,1017.75,41,131.21,85,0.57,0.707,0.725,97.72,,,,,,,,,
Spire,Nevada,10/11/2024 0:00,32,1115.11,36,130.52,84,0.5582,0.707,0.725,97.72,,,,,,,,,
Spire,Nevada,10/12/2024 0:00,0,0,0,0,0,0,0,0,0,,,,,,,,,
Spire,Nevada,10/13/2024 0:00,0,0,0,0,0,0,0,0,0,,,,,,,,,
Spire,Nevada,10/14/2024 0:00,7,1009.9,7,130,78,0.557,0.707,0.725,97.72,,,,,,,,,
Spire,Nevada,10/15/2024 0:00,142,1011,143,131,82,0.565,0.707,0.725,97.72,,,,,,,,,
Spire,Nevada,10/16/2024 0:00,0,0,0,0,0,0,0,0,0,,,,,,,,,
Spire,Nevada,10/17/2024 0:00,0,0,0,0,0,0,0,0,0,,,,,,,,,
Spire,Nevada,10/18/2024 0:00,0,0,0,0,0,0,0,0,0,,,,,,,,,
Spire,Nevada,10/19/2024 0:00,0,0,0,0,0,0,0,0,0,,,,,,,,,
Spire,Nevada,10/20/2024 0:00,0,0,0,0,0,0,0,0,0,,,,,,,,,
Spire,Nevada,10/21/2024 0:00,0,0,0,0,0,0,0,0,0,,,,,,,,,
Spire,Nevada,10/22/2024 0:00,0,0,0,0,0,0,0,0,0,,,,,,,,,
Spire,Nevada,10/23/2024 0:00,0,0,0,0,0,0,0,0,0,,,,,,,,,
Spire,Nevada,10/24/2024 0:00,0,0,0,0,0,0,0,0,0,,,,,,,,,
Spire,Nevada,10/25/2024 0:00,0,0,0,0,0,0,0,0,0,,,,,,,,,
Spire,Nevada,10/26/2024 0:00,0,0,0,0,0,0,0,0,0,,,,,,,,,
Spire,Nevada,10/27/2024 0:00,0,0,0,0,0,0,0,0,0,,,,,,,,,
Spire,Nevada,10/28/2024 0:00,0,0,0,0,0,0,0,0,0,,,,,,,,,
Spire,Nevada,10/29/2024 0:00,0,0,0,0,0,0,0,0,0,,,,,,,,,
Spire,Nevada,10/30/2024 0:00,0,0,0,0,0,0,0,0,0,,,,,,,,,
Spire,Nevada,10/31/2024 0:00,0,0,0,0,0,0,0,0,0,,,,,,,,,
Spire,Nevada,11/1/2024 0:00,0,0,0,0,0,0,0,0,0,,,,,,,,,
Spire,Nevada,11/2/2024 0:00,0,0,0,0,0,0,0,0,0,,,,,,,,,
Spire,Nevada,11/3/2024 0:00,0,0,0,0,0,0,0,0,0,,,,,,,,,
Spire,Nevada,11/4/2024 0:00,0,0,0,0,0,0,0,0,0,,,,,,,,,
Spire,Nevada,11/5/2024 0:00,0,0,0,0,0,0,0,0,0,,,,,,,,,
Spire,Nevada,11/6/2024 0:00,0,0,0,0,0,0,0,0,0,,,,,,,,,
Spire,Nevada,11/7/2024 0:00,0,0,0,0,0,0,0,0,0,,,,,,,,,
Spire,Nevada,11/8/2024 0:00,0,0,0,0,0,0,0,0,0,,,,,,,,,
Spire,Nevada,11/9/2024 0:00,0,0,0,0,0,0,0,0,0,,,,,,,,,
Spire,Nevada,11/10/2024 0:00,0,0,0,0,0,0,0,0,0,,,,,,,,,
Spire,Nevada,11/11/2024 0:00,0,0,0,0,0,0,0,0,0,,,,,,,,,
Spire,Nevada,11/12/2024 0:00,0,0,0,0,0,0,0,0,0,,,,,,,,,
Spire,Nevada,11/13/2024 0:00,0,0,0,0,0,0,0,0,0,,,,,,,,,
Spire,Nevada,11/14/2024 0:00,0,0,0,0,0,0,0,0,0,,,,,,,,,
Spire,Nevada,11/15/2024 0:00,0,0,0,0,0,0,0,0,0,,,,,,,,,
Spire,Nevada,11/16/2024 0:00,0,0,0,0,0,0,0,0,0,,,,,,,,,
Spire,Nevada,11/17/2024 0:00,0,0,0,0,0,0,0,0,0,,,,,,,,,
Spire,Nevada,11/18/2024 0:00,0,0,0,0,0,0,0,0,0,,,,,,,,,
Spire,Nevada,11/19/2024 0:00,5,1002.64,5,114.63,64.55,0.5683,0.294,1.708,95.7,,,,,,,,,
Spire,Nevada,11/20/2024 0:00,128,1005.49,129,131.72,57.81,0.5686,0.294,1.708,95.7,,,,,,,,,
Spire,Nevada,11/21/2024 0:00,120,1004.68,121,125.42,55.49,0.5824,0.294,1.708,95.7,,,,,,,,,
Spire,Nevada,11/22/2024 0:00,42,1004.52,42,97.65,48.91,0.5824,0.294,1.708,95.7,,,,,,,,,
Spire,Nevada,11/23/2024 0:00,0,0,0,0,0,0,0,0,0,,,,,,,,,
Spire,Nevada,11/24/2024 0:00,0,0,0,0,0,0,0,0,0,,,,,,,,,
Spire,Nevada,11/25/2024 0:00,0,0,0,0,0,0,0,0,0,,,,,,,,,
Spire,Nevada,11/26/2024 0:00,0,0,0,0,0,0,0,0,0,,,,,,,,,
Spire,Nevada,11/27/2024 0:00,267,1004.83,269,126.31,34.32,0.6082,0.294,1.708,95.7,,,,,,,,,
Spire,Nevada,11/28/2024 0:00,38,1004.65,38,124.02,54.74,0.58,0.294,1.708,95.7,,,,,,,,,
Spire,Nevada,11/29/2024 0:00,0,0,0,0,0,0,0,0,0,,,,,,,,,
Spire,Nevada,11/30/2024 0:00,0,0,0,0,0,0,0,0,0,,,,,,,,,
Spire,Nevada,12/1/2024 0:00,0,0,0,0,0,0,0,0,0,,,,,,,,,
Spire,Nevada,12/2/2024 0:00,0,0,0,0,0,0,0,0,0,,,,,,,,,
Spire,Nevada,12/3/2024 0:00,3,1004.61,3,142,50.8,0.56,0.297,1.056,98.642,,,,,,,,,
Spire,Nevada,12/4/2024 0:00,117,999.17,117,149.2,66.94,0.56,0.297,1.056,98.642,,,,,,,,,
Spire,Nevada,12/5/2024 0:00,204,999.17,203,145.4,44.7,0.56,0.297,1.056,98.642,,,,,,,,,
Spire,Nevada,12/6/2024 0:00,91,998.78,91,148.6,58.25,0.56,0.297,1.056,98.642,,,,,,,,,
Spire,Nevada,12/7/2024 0:00,0,0,0,0,0,0,0,0,0,,,,,,,,,
Spire,Nevada,12/8/2024 0:00,0,0,0,0,0,0,0,0,0,,,,,,,,,
Spire,Nevada,12/9/2024 0:00,0,0,0,0,0,0,0,0,0,,,,,,,,,
Spire,Nevada,12/10/2024 0:00,0,0,0,0,0,0,0,0,0,,,,,,,,,
Spire,Nevada,12/11/2024 0:00,0,0,0,0,0,0,0,0,0,,,,,,,,,
Spire,Nevada,12/12/2024 0:00,0,0,0,0,0,0,0,0,0,,,,,,,,,
Spire,Nevada,12/13/2024 0:00,0,0,0,0,0,0,0,0,0,,,,,,,,,
Spire,Nevada,12/14/2024 0:00,0,0,0,0,0,0,0,0,0,,,,,,,,,
Spire,Nevada,12/15/2024 0:00,0,0,0,0,0,0,0,0,0,,,,,,,,,
Spire,Nevada,12/16/2024 0:00,0,0,0,0,0,0,0,0,0,,,,,,,,,
Spire,Nevada,12/17/2024 0:00,61,998.82,61,151.5,67,0.56,0.297,1.056,98.642,,,,,,,,,
Spire,Nevada,12/18/2024 0:00,24,998.81,24,142.2,47,0.56,0.297,1.056,98.642,,,,,,,,,
Spire,Nevada,12/19/2024 0:00,98,999.3,97,149.9,58.8,0.56,0.297,1.056,98.642,,,,,,,,,
Spire,Nevada,12/20/2024 0:00,36,1000.58,36,151.6,49,0.56,0.297,1.056,98.642,,,,,,,,,
Spire,Nevada,12/21/2024 0:00,0,0,0,0,0,0,0,0,0,,,,,,,,,
Spire,Nevada,12/22/2024 0:00,0,0,0,0,0,0,0,0,0,,,,,,,,,
Spire,Nevada,12/23/2024 0:00,0,0,0,0,0,0,0,0,0,,,,,,,,,
Spire,Nevada,12/24/2024 0:00,0,0,0,0,0,0,0,0,0,,,,,,,,,
Spire,Nevada,12/25/2024 0:00,0,0,0,0,0,0,0,0,0,,,,,,,,,
Spire,Nevada,12/26/2024 0:00,0,0,0,0,0,0,0,0,0,,,,,,,,,
Spire,Nevada,12/27/2024 0:00,0,0,0,0,0,0,0,0,0,,,,,,,,,
Spire,Nevada,12/28/2024 0:00,0,0,0,0,0,0,0,0,0,,,,,,,,,
Spire,Nevada,12/29/2024 0:00,0,0,0,0,0,0,0,0,0,,,,,,,,,
Spire,Nevada,12/30/2024 0:00,0,0,0,0,0,0,0,0,0,,,,,,,,,
Spire,Nevada,12/31/2024 0:00,0,0,0,0,0,0,0,0,0,,,,,,,,,
Spire,Nevada,1/1/2025 0:00,0,0,0,0,0,0,0,0,0,,,,,,,,,
Spire,Nevada,1/2/2025 0:00,0,0,0,0,0,0,0,0,0,,,,,,,,,
Spire,Nevada,1/3/2025 0:00,0,0,0,0,0,0,0,0,0,,,,,,,,,
Spire,Nevada,1/4/2025 0:00,0,0,0,0,0,0,0,0,0,,,,,,,,,
Spire,Nevada,1/5/2025 0:00,0,0,0,0,0,0,0,0,0,,,,,,,,,
Spire,Nevada,1/6/2025 0:00,0,0,0,0,0,0,0,0,0,,,,,,,,,
Spire,Nevada,1/7/2025 0:00,0,0,0,0,0,0,0,0,0,,,,,,,,,
Spire,Nevada,1/8/2025 0:00,0,0,0,0,0,0,0,0,0,,,,,,,,,
Spire,Nevada,1/9/2025 0:00,0,0,0,0,0,0,0,0,0,,,,,,,,,
Spire,Nevada,1/10/2025 0:00,0,0,0,0,0,0,0,0,0,,,,,,,,,
Spire,Nevada,1/11/2025 0:00,0,0,0,0,0,0,0,0,0,,,,,,,,,
Spire,Nevada,1/12/2025 0:00,0,0,0,0,0,0,0,0,0,,,,,,,,,
Spire,Nevada,1/13/2025 0:00,0,0,0,0,0,0,0,0,0,,,,,,,,,
Spire,Nevada,1/14/2025 0:00,27,1014.44,28,153.7,48.52,0.59,0.766,1.377,97.246,,,,,,,,,
Spire,Nevada,1/15/2025 0:00,143,1001.7,143,162,50.99,0.56,0.766,1.377,97.246,,,,,,,,,
Spire,Nevada,1/16/2025 0:00,143,1002.5,144,169.75,62.63,0.57,0.766,1.377,97.246,,,,,,,,,
Spire,Nevada,1/17/2025 0:00,0,0,0,0,0,0,0,0,0,,,,,,,,,
Spire,Nevada,1/18/2025 0:00,0,0,0,0,0,0,0,0,0,,,,,,,,,
Spire,Nevada,1/19/2025 0:00,0,0,0,0,0,0,0,0,0,,,,,,,,,
Spire,Nevada,1/20/2025 0:00,2,1027,2,155.23,34.66,0.58,0.766,1.377,97.246,,,,,,,,,
Spire,Nevada,1/21/2025 0:00,0,0,0,0,0,0,0,0,0,,,,,,,,,
Spire,Nevada,1/22/2025 0:00,153,995.98,152,159.88,52.51,0.58,0.766,1.377,97.246,,,,,,,,,
Spire,Nevada,1/23/2025 0:00,374,982.7,368,168.17,49.82,0.58,0.766,1.377,97.246,,,,,,,,,
Spire,Nevada,1/24/2025 0:00,0,0,0,0,0,0,0,0,0,,,,,,,,,
Spire,Nevada,1/25/2025 0:00,0,0,0,0,0,0,0,0,0,,,,,,,,,
Spire,Nevada,1/26/2025 0:00,0,0,0,0,0,0,0,0,0,,,,,,,,,
Spire,Nevada,1/27/2025 0:00,0,0,0,0,0,0,0,0,0,,,,,,,,,
Spire,Nevada,1/28/2025 0:00,0,0,0,0,0,0,0,0,0,,,,,,,,,
Spire,Nevada,1/29/2025 0:00,0,0,0,0,0,0,0,0,0,,,,,,,,,
Spire,Nevada,1/30/2025 0:00,0,0,0,0,0,0,0,0,0,,,,,,,,,
Spire,Nevada,1/31/2025 0:00,0,0,0,0,0,0,0,0,0,,,,,,,,,
Spire,Nevada,2/1/2025 0:00,0,0,0,0,0,0,0,0,0,,,,,,,,,
Spire,Nevada,2/2/2025 0:00,0,0,0,0,0,0,0,0,0,,,,,,,,,
Spire,Nevada,2/3/2025 0:00,0,0,0,0,0,0,0,0,0,,,,,,,,,
Spire,Nevada,2/4/2025 0:00,0,0,0,0,0,0,0,0,0,,,,,,,,,
Spire,Nevada,2/5/2025 0:00,0,0,0,0,0,0,0,0,0,,,,,,,,,
Spire,Nevada,2/6/2025 0:00,0,0,0,0,0,0,0,0,0,,,,,,,,,
Spire,Nevada,2/7/2025 0:00,0,0,0,0,0,0,0,0,0,,,,,,,,,
Spire,Nevada,2/8/2025 0:00,0,0,0,0,0,0,0,0,0,,,,,,,,,
Spire,Nevada,2/9/2025 0:00,0,0,0,0,0,0,0,0,0,,,,,,,,,
Spire,Nevada,2/10/2025 0:00,797,991.3,790,160.5,59.2,0.57,0.808,1.767,95.599,,,,,,,,,
Spire,Nevada,2/11/2025 0:00,1100,988.8,1088,160.66,48.5,0.57,0.808,1.767,95.599,,,,,,,,,
Spire,Nevada,2/12/2025 0:00,185,988.2,183,160.84,48.48,0.57,0.808,1.767,95.599,,,,,,,,,
Spire,Nevada,2/13/2025 0:00,0,0,0,0,0,0,0,0,0,,,,,,,,,
Spire,Nevada,2/14/2025 0:00,0,0,0,0,0,0,0,0,0,,,,,,,,,
Spire,Nevada,2/15/2025 0:00,0,0,0,0,0,0,0,0,0,,,,,,,,,
Spire,Nevada,2/16/2025 0:00,0,0,0,0,0,0,0,0,0,,,,,,,,,
Spire,Nevada,2/17/2025 0:00,674,985.3,664,159.5,42.87,0.57,0.808,1.767,95.599,,,,,,,,,
Spire,Nevada,2/18/2025 0:00,0,0,0,0,0,0,0,0,0,,,,,,,,,
Spire,Nevada,2/19/2025 0:00,0,0,0,0,0,0,0,0,0,,,,,,,,,
Spire,Nevada,2/20/2025 0:00,0,0,0,0,0,0,0,0,0,,,,,,,,,
Spire,Nevada,2/21/2025 0:00,0,0,0,0,0,0,0,0,0,,,,,,,,,
Spire,Nevada,2/22/2025 0:00,0,0,0,0,0,0,0,0,0,,,,,,,,,
Spire,Nevada,2/23/2025 0:00,0,0,0,0,0,0,0,0,0,,,,,,,,,
Spire,Nevada,2/24/2025 0:00,398,1027.1,409,160,67.5,0.59,0.808,1.767,95.599,,,,,,,,,
Spire,Nevada,2/25/2025 0:00,206,1027.1,211,174.1,79.2,0.59,0.808,1.767,95.599,,,,,,,,,
Spire,Nevada,2/26/2025 0:00,0,0,0,0,0,0,0,0,0,,,,,,,,,
Spire,Nevada,2/27/2025 0:00,857,1027.1,880,151.1,63.64,0.59,0.808,1.767,95.599,,,,,,,,,
Spire,Nevada,2/28/2025 0:00,506,1027.1,520,148.13,79.4,0.59,0.808,1.767,95.599,,,,,,,,,
Spire,Nevada,3/1/2025 0:00,0,0,0,0,0,0,0,0,0,,,,,,,,,
Spire,Nevada,3/2/2025 0:00,0,0,0,0,0,0,0,0,0,,,,,,,,,
Spire,Nevada,3/3/2025 0:00,0,0,0,0,0,0,0,0,0,,,,,,,,,
Spire,Nevada,3/4/2025 0:00,0,0,0,0,0,0,0,0,0,,,,,,,,,
Spire,Nevada,3/5/2025 0:00,105,993,104,129.6,54.2,0.565,1.022,1.624,96.73,,,,,,,,,
Spire,Nevada,3/6/2025 0:00,0,0,0,0,0,0,0,0,0,,,,,,,,,
Spire,Nevada,3/7/2025 0:00,30,993,29,141.5,70.6,0.565,1.022,1.624,96.73,,,,,,,,,
Spire,Nevada,3/8/2025 0:00,0,0,0,0,0,0,0,0,0,,,,,,,,,
Spire,Nevada,3/9/2025 0:00,0,0,0,0,0,0,0,0,0,,,,,,,,,
Spire,Nevada,3/10/2025 0:00,0,0,0,0,0,0,0,0,0,,,,,,,,,
Spire,Nevada,3/11/2025 0:00,29,993,29,133.4,57.55,0.565,1.022,1.624,96.73,,,,,,,,,
Spire,Nevada,3/12/2025 0:00,1041,993,1034,148.8,78.6,0.565,1.022,1.624,96.73,,,,,,,,,
Spire,Nevada,3/13/2025 0:00,663,993,658,144.44,78.92,0.565,1.022,1.624,96.73,,,,,,,,,
Spire,Nevada,3/14/2025 0:00,399,993,396,150.12,82.8,0.565,1.022,1.624,96.73,,,,,,,,,
Spire,Nevada,3/15/2025 0:00,0,0,0,0,0,0,0,0,0,,,,,,,,,
Spire,Nevada,3/16/2025 0:00,0,0,0,0,0,0,0,0,0,,,,,,,,,
Spire,Nevada,3/17/2025 0:00,16,993,16,152.41,68.48,0.565,1.022,1.624,96.73,,,,,,,,,
Spire,Nevada,3/18/2025 0:00,779,993,773,116.26,78.17,0.565,1.022,1.624,96.73,,,,,,,,,
Spire,Nevada,3/19/2025 0:00,0,0,0,0,0,0,0,0,0,,,,,,,,,
Spire,Nevada,3/20/2025 0:00,0,0,0,0,0,0,0,0,0,,,,,,,,,
Spire,Nevada,3/21/2025 0:00,597,993,593,141.7,70.77,0.565,1.022,1.624,96.73,,,,,,,,,
Spire,Nevada,3/22/2025 0:00,0,0,0,0,0,0,0,0,0,,,,,,,,,
Spire,Nevada,3/23/2025 0:00,0,0,0,0,0,0,0,0,0,,,,,,,,,
Spire,Nevada,3/24/2025 0:00,42,1027.09,43,125.97,60.39,0.59,1.022,1.624,96.73,,,,,,,,,
Spire,Nevada,3/25/2025 0:00,58,993,58,149.13,71.2,0.565,1.022,1.624,96.73,,,,,,,,,
Spire,Nevada,3/26/2025 0:00,732,988.1,723,140.79,76.01,0.57,1.022,1.624,96.73,,,,,,,,,
Spire,Nevada,3/27/2025 0:00,959,985,944,146.34,81.93,0.57,1.022,1.624,96.73,,,,,,,,,
Spire,Nevada,3/28/2025 0:00,886,987.5,875,144.56,78.59,0.57,1.022,1.624,96.73,,,,,,,,,
Spire,Nevada,3/29/2025 0:00,459,989.3,454,144.33,86.69,0.57,1.022,1.624,96.73,,,,,,,,,
Spire,Nevada,3/30/2025 0:00,0,0,0,0,0,0,0,0,0,,,,,,,,,
Spire,Nevada,3/31/2025 0:00,0,0,0,0,0,0,0,0,0,,,,,,,,,
Spire,Nevada,4/1/2025 0:00,809,990.13,801,146.87,79.97,0.57,1.297,0.822,97.855,,,,,,,,,
Spire,Nevada,4/2/2025 0:00,942,990.35,933,149.98,76.6,0.57,1.297,0.822,97.855,,,,,,,,,
Spire,Nevada,4/3/2025 0:00,113,989.19,111,144.08,65.5,0.57,1.297,0.822,97.855,,,,,,,,,
Spire,Nevada,4/4/2025 0:00,0,0,0,0,0,0,0,0,0,,,,,,,,,
Spire,Nevada,4/5/2025 0:00,0,0,0,0,0,0,0,0,0,,,,,,,,,
Spire,Nevada,4/6/2025 0:00,802,986.9,791,145.9,59.27,0.58,1.297,0.822,97.855,,,,,,,,,
Spire,Nevada,4/7/2025 0:00,594,985.67,586,145.48,72.85,0.58,1.297,0.822,97.855,,,,,,,,,
Spire,Nevada,4/8/2025 0:00,785,984.69,773,148.4,71.72,0.58,1.297,0.822,97.855,,,,,,,,,
Spire,Nevada,4/9/2025 0:00,467,992.95,463,137.33,71.59,0.57,1.297,0.822,97.855,,,,,,,,,
Spire,Nevada,4/10/2025 0:00,584,992.95,580,143,80.89,0.57,1.297,0.822,97.855,,,,,,,,,
Spire,Nevada,4/11/2025 0:00,186,982.67,183,144.05,72.94,0.58,1.297,0.822,97.855,,,,,,,,,
Spire,Nevada,4/12/2025 0:00,0,0,0,0,0,0,0,0,0,,,,,,,,,
Spire,Nevada,4/13/2025 0:00,56,993.93,56,140.91,70,0.58,1.297,0.822,97.855,,,,,,,,,
Spire,Nevada,4/14/2025 0:00,151,988.62,150,136.64,79.03,0.57,1.297,0.822,97.855,,,,,,,,,
Spire,Nevada,4/15/2025 0:00,897,988.33,886,147.74,70.23,0.58,1.297,0.822,97.855,,,,,,,,,
Spire,Nevada,4/16/2025 0:00,677,995.05,674,141.39,79.64,0.57,1.297,0.822,97.855,,,,,,,,,
Spire,Nevada,4/17/2025 0:00,0,0,0,0,0,0,0,0,0,,,,,,,,,
Spire,Nevada,4/18/2025 0:00,0,0,0,0,0,0,0,0,0,,,,,,,,,
Spire,Nevada,4/19/2025 0:00,638,1004.17,641,138.45,62.78,0.56,1.297,0.822,97.855,,,,,,,,,
Spire,Nevada,4/20/2025 0:00,147,1004.17,147,136.23,70.63,0.56,1.297,0.822,97.855,,,,,,,,,
Spire,Nevada,4/21/2025 0:00,0,0,0,0,0,0,0,0,0,,,,,,,,,
Spire,Nevada,4/22/2025 0:00,355,1003.55,356,135.47,77.95,0.56,1.297,0.822,97.855,,,,,,,,,
Spire,Nevada,4/23/2025 0:00,298,1002.84,299,134.12,83.36,0.56,1.297,0.822,97.855,,,,,,,,,
Spire,Nevada,4/24/2025 0:00,1068,993.42,1061,144.09,83.62,0.57,1.297,0.822,97.855,,,,,,,,,
Spire,Nevada,4/25/2025 0:00,277,1002.85,278,135.93,72.53,0.56,1.297,0.822,97.855,,,,,,,,,
Spire,Nevada,4/26/2025 0:00,623,1001.69,624,139.43,73.98,0.56,1.297,0.822,97.855,,,,,,,,,
Spire,Nevada,4/27/2025 0:00,477,998.16,476,140.87,80.15,0.57,1.297,0.822,97.855,,,,,,,,,
Spire,Nevada,4/28/2025 0:00,572,999.33,572,142.59,84.04,0.57,1.297,0.822,97.855,,,,,,,,,
Spire,Nevada,4/29/2025 0:00,888,996.06,884,143.63,74.64,0.57,1.297,0.822,97.855,,,,,,,,,
Spire,Nevada,4/30/2025 0:00,913,993.66,908,144.49,79.37,0.57,1.297,0.822,97.855,,,,,,,,,
Spire,Nevada,5/1/2025 0:00,926,994.52,921,145.14,80.73,0.57,1.724,0.471,97.487,,,,,,,,,
Spire,Nevada,5/2/2025 0:00,930,995.23,925,145.79,76.81,0.57,1.724,0.471,97.487,,,,,,,,,
Spire,Nevada,5/3/2025 0:00,448,994.2,446,125.42,62.79,0.57,1.724,0.471,97.487,,,,,,,,,
Spire,Nevada,5/4/2025 0:00,0,0,0,0,0,0,0,0,0,,,,,,,,,
Spire,Nevada,5/5/2025 0:00,602,998.73,601,103.5,72.78,0.57,1.724,0.471,97.487,,,,,,,,,
Spire,Nevada,5/6/2025 0:00,559,994,556,135.63,75.19,0.57,1.724,0.471,97.487,,,,,,,,,
Spire,Nevada,5/7/2025 0:00,900,992.32,893,138.3,72.99,0.57,1.724,0.471,97.487,,,,,,,,,
Spire,Nevada,5/8/2025 0:00,344,993.65,342,140.54,66.62,0.57,1.724,0.471,97.487,,,,,,,,,
Spire,Nevada,5/9/2025 0:00,1082,993.87,1075,151.87,77.95,0.57,1.724,0.471,97.487,,,,,,,,,
Spire,Nevada,5/10/2025 0:00,1100,993.15,1092,152.99,79.83,0.57,1.724,0.471,97.487,,,,,,,,,
Spire,Nevada,5/11/2025 0:00,102,993.14,101,151.23,88.34,0.57,1.724,0.471,97.487,,,,,,,,,
Spire,Nevada,5/12/2025 0:00,1028,998.17,1026,141.76,83.49,0.57,1.724,0.471,97.487,,,,,,,,,
Spire,Nevada,5/13/2025 0:00,198,1003.09,198,109.63,79.81,0.56,1.724,0.471,97.487,,,,,,,,,
Spire,Nevada,5/14/2025 0:00,11,992,11,48.19,79.72,0.57,1.724,0.471,97.487,,,,,,,,,
Spire,Nevada,5/15/2025 0:00,581,994.18,578,132.15,77.55,0.57,1.724,0.471,97.487,,,,,,,,,
Spire,Nevada,5/16/2025 0:00,1,996.8,1,106.95,71.99,0.57,1.724,0.471,97.487,,,,,,,,,
Spire,Nevada,5/17/2025 0:00,0,0,0,0,0,0,0,0,0,,,,,,,,,
Spire,Nevada,5/18/2025 0:00,0,0,0,0,0,0,0,0,0,,,,,,,,,
Spire,Nevada,5/19/2025 0:00,0,0,0,0,0,0,0,0,0,,,,,,,,,
Spire,Nevada,5/20/2025 0:00,0,0,0,0,0,0,0,0,0,,,,,,,,,
Spire,Nevada,5/21/2025 0:00,788,993.96,783,141.42,77.88,0.57,1.724,0.471,97.487,,,,,,,,,
Spire,Nevada,5/22/2025 0:00,970,989.97,960,148.68,78.79,0.58,1.724,0.471,97.487,,,,,,,,,
Spire,Nevada,5/23/2025 0:00,1021,991.17,1012,149.81,78.62,0.57,1.724,0.471,97.487,,,,,,,,,
Spire,Nevada,5/24/2025 0:00,1004,989.51,994,148.6,81.4,0.58,1.724,0.471,97.487,,,,,,,,,
Spire,Nevada,5/25/2025 0:00,1066,990.03,1056,150.06,76.63,0.58,1.724,0.471,97.487,,,,,,,,,
Spire,Nevada,5/26/2025 0:00,1037,989.87,1027,149.11,73.79,0.58,1.724,0.471,97.487,,,,,,,,,
Spire,Nevada,5/27/2025 0:00,924,990.44,915,143.67,76.27,0.57,1.724,0.471,97.487,,,,,,,,,
Spire,Nevada,5/28/2025 0:00,1049,990.6,1039,148.42,79.81,0.57,1.724,0.471,97.487,,,,,,,,,
Spire,Nevada,5/29/2025 0:00,1022,990.8,1012,147.37,74.3,0.57,1.724,0.471,97.487,,,,,,,,,
Spire,Nevada,5/30/2025 0:00,1030,991.66,1021,149.02,80.28,0.57,1.724,0.471,97.487,,,,,,,,,
Spire,Nevada,5/31/2025 0:00,969,991.87,961,148.7,85.53,0.57,1.724,0.471,97.487,,,,,,,,,
Spire,Nevada,6/1/2025 0:00,193,994.02,192,146.99,91.81,0.57,1.787,0.56,97.677,,,,,,,,,
Spire,Nevada,6/2/2025 0:00,417,994.52,415,146.53,96.42,0.57,1.787,0.56,97.677,,,,,,,,,
Spire,Nevada,6/3/2025 0:00,975,992.33,968,146.66,85.48,0.57,1.787,0.56,97.677,,,,,,,,,
Spire,Nevada,6/4/2025 0:00,1040,992.44,1032,148.55,81.25,0.57,1.787,0.56,97.677,,,,,,,,,
Spire,Nevada,6/5/2025 0:00,1028,990.67,1019,147.98,84.83,0.57,1.787,0.56,97.677,,,,,,,,,
Spire,Nevada,6/6/2025 0:00,997,991.85,989,147.9,84.68,0.57,1.787,0.56,97.677,,,,,,,,,
Spire,Nevada,6/7/2025 0:00,1006,992.05,998,148.51,86.26,0.57,1.787,0.56,97.677,,,,,,,,,
Spire,Nevada,6/8/2025 0:00,723,992.52,717,147.88,89.8,0.57,1.787,0.56,97.677,,,,,,,,,
Spire,Nevada,6/9/2025 0:00,933,991.74,926,145,83.56,0.57,1.787,0.56,97.677,,,,,,,,,
Spire,Nevada,6/10/2025 0:00,946,988.97,935,148.58,86.64,0.57,1.787,0.56,97.677,,,,,,,,,
Spire,Nevada,6/11/2025 0:00,1014,987.47,1001,147.67,90.98,0.58,1.787,0.56,97.677,,,,,,,,,
Spire,Nevada,6/12/2025 0:00,1009,988.28,997,147.74,88.17,0.58,1.787,0.56,97.677,,,,,,,,,
Spire,Nevada,6/13/2025 0:00,970,987.79,958,149.93,86.74,0.58,1.787,0.56,97.677,,,,,,,,,
Spire,Nevada,6/14/2025 0:00,925,988.89,915,149.3,95.01,0.58,1.787,0.56,97.677,,,,,,,,,
Spire,Nevada,6/15/2025 0:00,939,990.54,930,149.41,85.35,0.58,1.787,0.56,97.677,,,,,,,,,
Spire,Nevada,6/16/2025 0:00,992,992,984,147.83,90.9,0.57,1.787,0.56,97.677,,,,,,,,,
Spire,Nevada,6/17/2025 0:00,783,990.26,776,148.66,88.52,0.58,1.787,0.56,97.677,,,,,,,,,
Spire,Nevada,6/18/2025 0:00,817,989.7,808,147.99,97.55,0.57,1.787,0.56,97.677,,,,,,,,,
Spire,Nevada,6/19/2025 0:00,634,989.65,628,137.08,89.24,0.58,1.787,0.56,97.677,,,,,,,,,
Spire,Nevada,6/20/2025 0:00,982,990.79,973,148.86,99.53,0.57,1.787,0.56,97.677,,,,,,,,,
Spire,Nevada,6/21/2025 0:00,964,993.54,958,147.32,96.3,0.57,1.787,0.56,97.677,,,,,,,,,
Spire,Nevada,6/22/2025 0:00,593,992.54,588,146.5,100.25,0.57,1.787,0.56,97.677,,,,,,,,,
Spire,Nevada,6/23/2025 0:00,830,989.77,821,147.39,96.62,0.58,1.787,0.56,97.677,,,,,,,,,
Spire,Nevada,6/24/2025 0:00,972,990.59,962,148.31,98.04,0.58,1.787,0.56,97.677,,,,,,,,,
Spire,Nevada,6/25/2025 0:00,999,991.27,990,146.7,97.74,0.57,1.787,0.56,97.677,,,,,,,,,
Spire,Nevada,6/26/2025 0:00,863,989.67,854,145.72,99.72,0.58,1.787,0.56,97.677,,,,,,,,,
Spire,Nevada,6/27/2025 0:00,933,990.64,924,146.12,89.18,0.57,1.787,0.56,97.677,,,,,,,,,
Spire,Nevada,6/28/2025 0:00,948,989.57,938,146.94,91.03,0.58,1.787,0.56,97.677,,,,,,,,,
Spire,Nevada,6/29/2025 0:00,256,990.4,254,142.97,91.95,0.57,1.787,0.56,97.677,,,,,,,,,
Spire,Nevada,6/30/2025 0:00,906,991.97,898,144.5,89.14,0.57,1.787,0.56,97.677,,,,,,,,,
Spire,Nevada,7/1/2025 0:00,918,993.67,912,144.65,90.79,0.57,1.501,0.484,98.021,,,,,,,,,
Spire,Nevada,7/2/2025 0:00,928,993.38,922,145.31,92,0.57,1.501,0.484,98.021,,,,,,,,,
Spire,Nevada,7/3/2025 0:00,760,993.33,755,144.18,92.9,0.57,1.501,0.484,98.021,,,,,,,,,
Spire,Nevada,7/4/2025 0:00,965,992.28,958,148.91,96.46,0.57,1.501,0.484,98.021,,,,,,,,,
Spire,Nevada,7/5/2025 0:00,975,992.29,968,148.59,95.84,0.57,1.501,0.484,98.021,,,,,,,,,
Spire,Nevada,7/6/2025 0:00,936,992.77,930,148.01,91.22,0.57,1.501,0.484,98.021,,,,,,,,,
Spire,Nevada,7/7/2025 0:00,935,992.69,928,145.07,96.07,0.57,1.501,0.484,98.021,,,,,,,,,
Spire,Nevada,7/8/2025 0:00,840,991.51,833,145.99,85.36,0.57,1.501,0.484,98.021,,,,,,,,,
Spire,Nevada,7/9/2025 0:00,881,994.86,877,143.12,94.35,0.57,1.501,0.484,98.021,,,,,,,,,
Spire,Nevada,7/10/2025 0:00,354,1002.44,354,130.59,90.72,0.57,1.501,0.484,98.021,,,,,,,,,
Spire,Nevada,7/11/2025 0:00,313,999.15,313,130.4,87.93,0.57,1.501,0.484,98.021,,,,,,,,,
Spire,Nevada,7/12/2025 0:00,266,996.76,265,132.98,86.82,0.57,1.501,0.484,98.021,,,,,,,,,
Spire,Nevada,7/13/2025 0:00,308,996.59,307,132.25,85.9,0.57,1.501,0.484,98.021,,,,,,,,,
Spire,Nevada,7/14/2025 0:00,306,996.87,305,131.01,89.77,0.57,1.501,0.484,98.021,,,,,,,,,
Spire,Nevada,7/15/2025 0:00,383,994.22,381,131.59,91.2,0.57,1.501,0.484,98.021,,,,,,,,,
Spire,Nevada,7/16/2025 0:00,393,994.08,391,131.11,92.23,0.57,1.501,0.484,98.021,,,,,,,,,
Spire,Nevada,7/17/2025 0:00,397,994.25,395,132.4,85.66,0.57,1.501,0.484,98.021,,,,,,,,,
Spire,Nevada,7/18/2025 0:00,367,998.44,366,131.01,90.89,0.57,1.501,0.484,98.021,,,,,,,,,
Spire,Nevada,7/19/2025 0:00,364,994.93,362,132.56,91.53,0.57,1.501,0.484,98.021,,,,,,,,,
Spire,Nevada,7/20/2025 0:00,406,993.68,404,133.5,93.08,0.57,1.501,0.484,98.021,,,,,,,,,
Spire,Nevada,7/21/2025 0:00,367,996.12,365,131.85,92.48,0.57,1.501,0.484,98.021,,,,,,,,,
Spire,Nevada,7/22/2025 0:00,362,995.33,361,130.93,92.02,0.57,1.501,0.484,98.021,,,,,,,,,
Spire,Nevada,7/23/2025 0:00,338,996.52,337,129.5,91.78,0.57,1.501,0.484,98.021,,,,,,,,,
Spire,Nevada,7/24/2025 0:00,366,997.28,365,103.05,92.12,0.57,1.501,0.484,98.021,,,,,,,,,
Spire,Nevada,7/25/2025 0:00,355,997.39,354,132.37,94.3,0.57,1.501,0.484,98.021,,,,,,,,,
Spire,Nevada,7/26/2025 0:00,327,998.34,327,133.42,92.53,0.57,1.501,0.484,98.021,,,,,,,,,
Spire,Nevada,7/27/2025 0:00,0,0,0,0,0,0,0,0,0,,,,,,,,,
Spire,Nevada,7/28/2025 0:00,351,999.52,351,130.76,93.05,0.57,1.501,0.484,98.021,,,,,,,,,
Spire,Nevada,7/29/2025 0:00,332,1000.41,332,127.83,94.92,0.57,1.501,0.484,98.021,,,,,,,,,
Spire,Nevada,7/30/2025 0:00,581,998.48,581,143.84,87.33,0.57,1.501,0.484,98.021,,,,,,,,,
Spire,Nevada,7/31/2025 0:00,318,990.32,315,130.85,83.01,0.57,1.501,0.484,98.021,,,,,,,,,
Spire,Nevada,8/1/2025 0:00,240,991.93,238,131.94,88.67,0.57,1.683,0.828,97.56,,,,,,,,,
Spire,Nevada,8/2/2025 0:00,240,992.87,238,133.49,88.84,0.57,1.683,0.828,97.56,,,,,,,,,
Spire,Nevada,8/3/2025 0:00,2,991.26,2,93.59,75.16,0.57,1.683,0.828,97.56,,,,,,,,,
Spire,Nevada,8/4/2025 0:00,0,0,0,0,0,0,0,0,0,,,,,,,,,
Spire,Nevada,8/5/2025 0:00,0,0,0,0,0,0,0,0,0,,,,,,,,,
Spire,Nevada,8/6/2025 0:00,626,994.44,622,139.06,90.35,0.57,1.683,0.828,97.56,,,,,,,,,
Spire,Nevada,8/7/2025 0:00,355,997.32,354,130.88,91.74,0.57,1.683,0.828,97.56,,,,,,,,,
Spire,Nevada,8/8/2025 0:00,272,994.47,270,134.36,90.66,0.57,1.683,0.828,97.56,,,,,,,,,
Spire,Nevada,8/9/2025 0:00,393,993.67,390,134.7,93.8,0.57,1.683,0.828,97.56,,,,,,,,,
Spire,Nevada,8/10/2025 0:00,222,992.28,220,134.42,89.33,0.57,1.683,0.828,97.56,,,,,,,,,
Spire,Nevada,8/11/2025 0:00,0,0,0,0,0,0,0,0,0,,,,,,,,,
Spire,Nevada,8/12/2025 0:00,653,992.4,648,143.36,89.75,0.57,1.683,0.828,97.56,,,,,,,,,
Spire,Nevada,8/13/2025 0:00,623,993.15,619,144.2,89.45,0.57,1.683,0.828,97.56,,,,,,,,,
Spire,Nevada,8/14/2025 0:00,908,991.95,901,144.44,97.93,0.57,1.683,0.828,97.56,,,,,,,,,
Spire,Nevada,8/15/2025 0:00,929,993.51,923,146.3,100.04,0.57,1.683,0.828,97.56,,,,,,,,,
Spire,Nevada,8/16/2025 0:00,973,991.35,964,148.42,100.62,0.57,1.683,0.828,97.56,,,,,,,,,
Spire,Nevada,8/17/2025 0:00,901,992.96,895,146.62,100.43,0.57,1.683,0.828,97.56,,,,,,,,,
Spire,Nevada,8/18/2025 0:00,937,991.76,929,146.05,100.84,0.57,1.683,0.828,97.56,,,,,,,,,
Spire,Nevada,8/19/2025 0:00,843,993.54,838,146.65,95.09,0.57,1.683,0.828,97.56,,,,,,,,,
Spire,Nevada,8/20/2025 0:00,939,992.49,932,145.58,94.87,0.58,1.683,0.828,97.56,,,,,,,,,
Spire,Nevada,8/21/2025 0:00,949,988.08,937,146.34,93.53,0.58,1.683,0.828,97.56,,,,,,,,,
Spire,Nevada,8/22/2025 0:00,1001,985.85,987,150.22,93.98,0.58,1.683,0.828,97.56,,,,,,,,,
Spire,Nevada,8/23/2025 0:00,979,985.96,966,151.54,91.21,0.58,1.683,0.828,97.56,,,,,,,,,
Spire,Nevada,8/24/2025 0:00,982,988.04,971,148.77,87.87,0.58,1.683,0.828,97.56,,,,,,,,,
Spire,Nevada,8/25/2025 0:00,978,987.12,965,145.82,81.44,0.58,1.683,0.828,97.56,,,,,,,,,
Spire,Nevada,8/26/2025 0:00,981,986.01,968,146.37,84.55,0.58,1.683,0.828,97.56,,,,,,,,,
Spire,Nevada,8/27/2025 0:00,992,984.58,977,148.09,82.06,0.58,1.683,0.828,97.56,,,,,,,,,
Spire,Nevada,8/28/2025 0:00,1015,984.85,999,148.23,83.1,0.58,1.683,0.828,97.56,,,,,,,,,
Spire,Nevada,8/29/2025 0:00,981,987.89,969,148.72,86.47,0.58,1.683,0.828,97.56,,,,,,,,,
Spire,Nevada,8/30/2025 0:00,497,989.25,491,146.89,95.81,0.58,1.683,0.828,97.56,,,,,,,,,
Spire,Nevada,8/31/2025 0:00,0,0,0,0,0,0,0,0,0,,,,,,,,,
Spire,Nevada,9/1/2025 0:00,0,0,0,0,0,0,0,0,0,,,,,,,,,
Spire,Nevada,9/2/2025 0:00,959,969.84,930,145.38,87.29,0.6,1.287,1.236,97.505,,,,,,,,,
Spire,Nevada,9/3/2025 0:00,949,990.33,940,145.58,89.12,0.57,1.287,1.236,97.505,,,,,,,,,
Spire,Nevada,9/4/2025 0:00,957,990.76,948,145.12,86.89,0.57,1.287,1.236,97.505,,,,,,,,,
Spire,Nevada,9/5/2025 0:00,473,988.15,468,146.61,81.53,0.58,1.287,1.236,97.505,,,,,,,,,
Spire,Nevada,9/6/2025 0:00,0,0,0,0,0,0,0,0,0,,,,,,,,,
Spire,Nevada,9/7/2025 0:00,0,0,0,0,0,0,0,0,0,,,,,,,,,
Spire,Nevada,9/8/2025 0:00,0,0,0,0,0,0,0,0,0,,,,,,,,,
Spire,Nevada,9/9/2025 0:00,279,997.47,278,129.3,76.11,0.57,1.287,1.236,97.505,,,,,,,,,
Spire,Nevada,9/10/2025 0:00,299,999.92,299,130.25,80.84,0.57,1.287,1.236,97.505,,,,,,,,,
Spire,Nevada,9/11/2025 0:00,276,997.72,275,131.06,88.42,0.56,1.287,1.236,97.505,,,,,,,,,
Spire,Nevada,9/12/2025 0:00,354,997.08,353,131.6,87.19,0.57,1.287,1.236,97.505,,,,,,,,,
Spire,Nevada,9/13/2025 0:00,308,997.16,307,132.71,89.9,0.57,1.287,1.236,97.505,,,,,,,,,
Spire,Nevada,9/14/2025 0:00,0,0,0,0,0,0,0,0,0,,,,,,,,,
Spire,Nevada,9/15/2025 0:00,0,0,0,0,0,0,0,0,0,,,,,,,,,
Spire,Nevada,9/16/2025 0:00,252,993.95,250,130.75,83.58,0.57,1.287,1.236,97.505,,,,,,,,,
Spire,Nevada,9/17/2025 0:00,935,981.95,918,144.59,93.42,0.58,1.287,1.236,97.505,,,,,,,,,
Spire,Nevada,9/18/2025 0:00,864,989.43,855,142.37,86.91,0.57,1.287,1.236,97.505,,,,,,,,,
Spire,Nevada,9/19/2025 0:00,835,991.95,829,142.71,88.98,0.57,1.287,1.236,97.505,,,,,,,,,
Spire,Nevada,9/20/2025 0:00,832,991.34,825,143.23,88.47,0.57,1.287,1.236,97.505,,,,,,,,,
Spire,Nevada,9/21/2025 0:00,103,991.03,102,142.9,90.55,0.57,1.287,1.236,97.505,,,,,,,,,
Spire,Nevada,9/22/2025 0:00,0,0,0,0,0,0,0,0,0,,,,,,,,,
Spire,Nevada,9/23/2025 0:00,0,0,0,0,0,0,0,0,0,,,,,,,,,
Spire,Nevada,9/24/2025 0:00,827,985.7,815,143.39,80.81,0.57,1.287,1.236,97.505,,,,,,,,,
Spire,Nevada,9/25/2025 0:00,869,985.43,856,142.39,84.24,0.57,1.287,1.236,97.505,,,,,,,,,
Spire,Nevada,9/26/2025 0:00,887,989.12,878,143.88,85.28,0.57,1.287,1.236,97.505,,,,,,,,,
Spire,Nevada,9/27/2025 0:00,860,989.46,851,143.86,87.77,0.57,1.287,1.236,97.505,,,,,,,,,
Spire,Nevada,9/28/2025 0:00,39,990.14,39,143.75,88.21,0.57,1.287,1.236,97.505,,,,,,,,,
Spire,Nevada,9/29/2025 0:00,871,987.88,861,142.49,87.18,0.57,1.287,1.236,97.505,,,,,,,,,
Spire,Nevada,9/30/2025 0:00,894,983.35,879,141.76,87.33,0.57,1.287,1.236,97.505,,,,,,,,,
Spire,Nevada,10/1/2025 0:00,907,983.95,893,143.12,88.11,0.57,1.253,1.487,97.286,,,,,,,,,
Spire,Nevada,10/2/2025 0:00,866,985.61,854,142.33,89.39,0.57,1.253,1.487,97.286,,,,,,,,,
Spire,Nevada,10/3/2025 0:00,869,986.16,857,143.63,89.52,0.57,1.253,1.487,97.286,,,,,,,,,
Spire,Nevada,10/4/2025 0:00,815,987.46,805,142.39,86.96,0.57,1.253,1.487,97.286,,,,,,,,,
Spire,Nevada,10/5/2025 0:00,805,991.32,798,141.7,87.46,0.57,1.253,1.487,97.286,,,,,,,,,
Spire,Nevada,10/6/2025 0:00,827,991.55,820,141.07,88.16,0.57,1.253,1.487,97.286,,,,,,,,,
Spire,Nevada,10/7/2025 0:00,852,989.13,843,141.83,75.95,0.57,1.253,1.487,97.286,,,,,,,,,
Spire,Nevada,10/8/2025 0:00,858,990.12,849,141.17,80.61,0.57,1.253,1.487,97.286,,,,,,,,,
Spire,Nevada,10/9/2025 0:00,849,990.28,841,142.38,80.86,0.57,1.253,1.487,97.286,,,,,,,,,
Spire,Nevada,10/10/2025 0:00,802,986.94,792,141.53,99.98,0.57,1.253,1.487,97.286,,,,,,,,,
Spire,Nevada,10/11/2025 0:00,671,988.87,664,142.06,82.69,0.57,1.253,1.487,97.286,,,,,,,,,
Spire,Nevada,10/12/2025 0:00,0,0,0,0,0,0,0,0,0,,,,,,,,,
Spire,Nevada,10/13/2025 0:00,0,0,0,0,0,0,0,0,0,,,,,,,,,
Spire,Nevada,10/14/2025 0:00,0,0,0,0,0,0,0,0,0,,,,,,,,,
Spire,Nevada,10/15/2025 0:00,0,0,0,0,0,0,0,0,0,,,,,,,,,
Spire,Nevada,10/16/2025 0:00,0,0,0,0,0,0,0,0,0,,,,,,,,,
Spire,Nevada,10/17/2025 0:00,0,0,0,0,0,0,0,0,0,,,,,,,,,
Spire,Nevada,10/18/2025 0:00,0,0,0,0,0,0,0,0,0,,,,,,,,,
Spire,Nevada,10/19/2025 0:00,0,0,0,0,0,0,0,0,0,,,,,,,,,
Spire,Nevada,10/20/2025 0:00,221,989.42,219,131.64,77.58,0.57,1.253,1.487,97.286,,,,,,,,,
Spire,Nevada,10/21/2025 0:00,657,982.42,645,142.93,75.71,0.58,1.253,1.487,97.286,,,,,,,,,
Spire,Nevada,10/22/2025 0:00,900,983.69,885,142.45,72.58,0.58,1.253,1.487,97.286,,,,,,,,,
Spire,Nevada,10/23/2025 0:00,897,983.36,882,143.09,76.02,0.58,1.253,1.487,97.286,,,,,,,,,
Spire,Nevada,10/24/2025 0:00,626,978.97,613,142.1,77,0.58,1.253,1.487,97.286,,,,,,,,,
Spire,Nevada,10/25/2025 0:00,897,985.01,884,143.75,71.33,0.57,1.253,1.487,97.286,,,,,,,,,
Spire,Nevada,10/26/2025 0:00,592,985.33,583,143.39,70.85,0.57,1.253,1.487,97.286,,,,,,,,,
Spire,Nevada,10/27/2025 0:00,106,992.53,105,128.41,67.31,0.57,1.253,1.487,97.286,,,,,,,,,
Spire,Nevada,10/28/2025 0:00,347,1000.89,347,129.69,56.65,0.56,1.253,1.487,97.286,,,,,,,,,
Spire,Nevada,10/29/2025 0:00,5,1000.76,5,121.7,51.1,0.56,1.253,1.487,97.286,,,,,,,,,
Spire,Nevada,10/30/2025 0:00,0,0,0,0,0,0,0,0,0,,,,,,,,,
Spire,Nevada,10/31/2025 0:00,0,0,0,0,0,0,0,0,0,,,,,,,,,
Spire,Nevada,11/1/2025 0:00,0,0,0,0,0,0,0,0,0,,,,,,,,,
Spire,Nevada,11/2/2025 0:00,0,0,0,0,0,0,0,0,0,,,,,,,,,
Spire,Nevada,11/3/2025 0:00,0,0,0,0,0,0,0,0,0,,,,,,,,,
Spire,Nevada,11/4/2025 0:00,0,0,0,0,0,0,0,0,0,,,,,,,,,
Spire,Nevada,11/5/2025 0:00,0,0,0,0,0,0,0,0,0,,,,,,,,,
Spire,Nevada,11/6/2025 0:00,0,0,0,0,0,0,0,0,0,,,,,,,,,
Spire,Nevada,11/7/2025 0:00,0,0,0,0,0,0,0,0,0,,,,,,,,,
Spire,Nevada,11/8/2025 0:00,0,0,0,0,0,0,0,0,0,,,,,,,,,
Spire,Nevada,11/9/2025 0:00,0,0,0,0,0,0,0,0,0,,,,,,,,,
Spire,Nevada,11/10/2025 0:00,0,0,0,0,0,0,0,0,0,,,,,,,,,
Spire,Nevada,11/11/2025 0:00,839,984.97,827,143.2,65.56,0.57,1.543,1.637,96.878,,,,,,,,,
Spire,Nevada,11/12/2025 0:00,795,984.81,783,143.62,72.8,0.58,1.543,1.637,96.878,,,,,,,,,
Spire,Nevada,11/13/2025 0:00,956,979.23,936,145.39,77.26,0.58,1.543,1.637,96.878,,,,,,,,,
Spire,Nevada,11/14/2025 0:00,708,978.97,693,145.06,82.33,0.58,1.543,1.637,96.878,,,,,,,,,
Spire,Nevada,11/15/2025 0:00,0,0,0,0,0,0,0,0,0,,,,,,,,,
Spire,Nevada,11/16/2025 0:00,0,0,0,0,0,0,0,0,0,,,,,,,,,
Spire,Nevada,11/17/2025 0:00,0,0,0,0,0,0,0,0,0,,,,,,,,,
Spire,Nevada,11/18/2025 0:00,0,0,0,0,0,0,0,0,0,,,,,,,,,
Spire,Nevada,11/19/2025 0:00,0,0,0,0,0,0,0,0,0,,,,,,,,,
Spire,Nevada,11/20/2025 0:00,0,0,0,0,0,0,0,0,0,,,,,,,,,
Spire,Nevada,11/21/2025 0:00,0,0,0,0,0,0,0,0,0,,,,,,,,,
Spire,Nevada,11/22/2025 0:00,0,0,0,0,0,0,0,0,0,,,,,,,,,
Spire,Nevada,11/23/2025 0:00,0,0,0,0,0,0,0,0,0,,,,,,,,,
Spire,Nevada,11/24/2025 0:00,0,0,0,0,0,0,0,0,0,,,,,,,,,
Spire,Nevada,11/25/2025 0:00,0,0,0,0,0,0,0,0,0,,,,,,,,,
Spire,Nevada,11/26/2025 0:00,0,0,0,0,0,0,0,0,0,,,,,,,,,
Spire,Nevada,11/27/2025 0:00,0,0,0,0,0,0,0,0,0,,,,,,,,,
Spire,Nevada,11/28/2025 0:00,0,0,0,0,0,0,0,0,0,,,,,,,,,
Spire,Nevada,11/29/2025 0:00,0,0,0,0,0,0,0,0,0,,,,,,,,,
Spire,Nevada,11/30/2025 0:00,0,0,0,0,0,0,0,0,0,,,,,,,,,
Spire,Nevada,12/1/2025 0:00,342,994.72,340,146.28,43.82,0.57,1.194,1.473,97.413,,,,,,,,,
Spire,Nevada,12/2/2025 0:00,395,996.12,393,136.25,45.15,0.57,1.194,1.473,97.413,,,,,,,,,
Spire,Nevada,12/3/2025 0:00,880,985.57,868,153.49,51.51,0.58,1.194,1.473,97.413,,,,,,,,,
Spire,Nevada,12/4/2025 0:00,661,985.79,651,155.64,45.73,0.57,1.194,1.473,97.413,,,,,,,,,
Spire,Nevada,12/5/2025 0:00,886,984.35,873,152.07,54.3,0.58,1.194,1.473,97.413,,,,,,,,,
Spire,Nevada,12/6/2025 0:00,419,996.44,418,150.27,54.1,0.57,1.194,1.473,97.413,,,,,,,,,
Spire,Nevada,12/7/2025 0:00,342,1000.16,342,146.28,43.82,0.56,1.194,1.473,97.413,,,,,,,,,
Spire,Nevada,12/8/2025 0:00,333,997.28,332,144.07,46.59,0.56,1.194,1.473,97.413,,,,,,,,,
Spire,Nevada,12/9/2025 0:00,274,1000.29,274,149,56.52,0.56,1.194,1.473,97.413,,,,,,,,,
Spire,Nevada,12/10/2025 0:00,0,0,0,0,0,0,0,0,0,,,,,,,,,
Spire,Nevada,12/11/2025 0:00,673,981.73,660,160.53,59.24,0.58,1.194,1.473,97.413,,,,,,,,,
Spire,Nevada,12/12/2025 0:00,744,976.76,727,150.61,50.55,0.58,1.194,1.473,97.413,,,,,,,,,
Spire,Nevada,12/13/2025 0:00,0,0,0,0,0,0,0,0,0,,,,,,,,,
Spire,Nevada,12/14/2025 0:00,0,0,0,0,0,0,0,0,0,,,,,,,,,
Spire,Nevada,12/15/2025 0:00,36,976.93,35,141.68,47.45,0.58,1.194,1.473,97.413,,,,,,,,,
Spire,Nevada,12/16/2025 0:00,0,0,0,0,0,0,0,0,0,,,,,,,,,
Spire,Nevada,12/17/2025 0:00,0,0,0,0,0,0,0,0,0,,,,,,,,,
Spire,Nevada,12/18/2025 0:00,0,0,0,0,0,0,0,0,0,,,,,,,,,
Spire,Nevada,12/19/2025 0:00,0,0,0,0,0,0,0,0,0,,,,,,,,,
Spire,Nevada,12/20/2025 0:00,0,0,0,0,0,0,0,0,0,,,,,,,,,
Spire,Nevada,12/21/2025 0:00,0,0,0,0,0,0,0,0,0,,,,,,,,,
Spire,Nevada,12/22/2025 0:00,0,0,0,0,0,0,0,0,0,,,,,,,,,
Spire,Nevada,12/23/2025 0:00,0,0,0,0,0,0,0,0,0,,,,,,,,,
Spire,Nevada,12/24/2025 0:00,0,0,0,0,0,0,0,0,0,,,,,,,,,
Spire,Nevada,12/25/2025 0:00,0,0,0,0,0,0,0,0,0,,,,,,,,,
Spire,Nevada,12/26/2025 0:00,0,0,0,0,0,0,0,0,0,,,,,,,,,
Spire,Nevada,12/27/2025 0:00,0,0,0,0,0,0,0,0,0,,,,,,,,,
Spire,Nevada,12/28/2025 0:00,0,0,0,0,0,0,0,0,0,,,,,,,,,
Spire,Nevada,12/29/2025 0:00,0,0,0,0,0,0,0,0,0,,,,,,,,,
Spire,Nevada,12/30/2025 0:00,0,0,0,0,0,0,0,0,0,,,,,,,,,
Spire,Nevada,12/31/2025 0:00,0,0,0,0,0,0,0,0,0,,,,,,,,,
Spire,Nevada,1/1/2026 0:00,0,0,0,0,0,0,0,0,0,,,,,,,,,
Spire,Nevada,1/2/2026 0:00,0,0,0,0,0,0,0,0,0,,,,,,,,,
Spire,Nevada,1/3/2026 0:00,0,0,0,0,0,0,0,0,0,,,,,,,,,
Spire,Nevada,1/4/2026 0:00,0,0,0,0,0,0,0,0,0,,,,,,,,,
Spire,Nevada,1/5/2026 0:00,0,0,0,0,0,0,0,0,0,,,,,,,,,
Spire,Nevada,1/6/2026 0:00,0,0,0,0,0,0,0,0,0,,,,,,,,,
Spire,Nevada,1/7/2026 0:00,0,0,0,0,0,0,0,0,0,,,,,,,,,
Spire,Nevada,1/8/2026 0:00,0,0,0,0,0,0,0,0,0,,,,,,,,,
Spire,Nevada,1/9/2026 0:00,0,0,0,0,0,0,0,0,0,,,,,,,,,
Spire,Nevada,1/10/2026 0:00,0,0,0,0,0,0,0,0,0,,,,,,,,,
Spire,Nevada,1/11/2026 0:00,0,0,0,0,0,0,0,0,0,,,,,,,,,
Spire,Nevada,1/12/2026 0:00,0,0,0,0,0,0,0,0,0,,,,,,,,,
Spire,Nevada,1/13/2026 0:00,0,0,0,0,0,0,0,0,0,,,,,,,,,
Spire,Nevada,1/14/2026 0:00,0,0,0,0,0,0,0,0,0,,,,,,,,,
Spire,Nevada,1/15/2026 0:00,0,0,0,0,0,0,0,0,0,,,,,,,,,
Spire,Nevada,1/16/2026 0:00,0,0,0,0,0,0,0,0,0,,,,,,,,,
Spire,Nevada,1/17/2026 0:00,0,0,0,0,0,0,0,0,0,,,,,,,,,
Spire,Nevada,1/18/2026 0:00,0,0,0,0,0,0,0,0,0,,,,,,,,,
Spire,Nevada,1/19/2026 0:00,0,0,0,0,0,0,0,0,0,,,,,,,,,
Spire,Nevada,1/20/2026 0:00,769,986.08,758,159.56,55.05,0.58,1.786,2.031,96.203,,,,,,,,,
Spire,Nevada,1/21/2026 0:00,756,976.17,738,157.53,55.79,0.58,1.786,2.031,96.203,,,,,,,,,
Spire,Nevada,1/22/2026 0:00,140,976.82,137,161.03,67.93,0.58,1.786,2.031,96.203,,,,,,,,,
Spire,Nevada,1/23/2026 0:00,0,0,0,0,0,0,0,0,0,,,,,,,,,
Spire,Nevada,1/24/2026 0:00,0,0,0,0,0,0,0,0,0,,,,,,,,,
Spire,Nevada,1/25/2026 0:00,0,0,0,0,0,0,0,0,0,,,,,,,,,
Spire,Nevada,1/26/2026 0:00,0,0,0,0,0,0,0,0,0,,,,,,,,,
Spire,Nevada,1/27/2026 0:00,0,0,0,0,0,0,0,0,0,,,,,,,,,
Spire,Nevada,1/28/2026 0:00,0,0,0,0,0,0,0,0,0,,,,,,,,,
Spire,Nevada,1/29/2026 0:00,0,0,0,0,0,0,0,0,0,,,,,,,,,
Spire,Nevada,1/30/2026 0:00,0,0,0,0,0,0,0,0,0,,,,,,,,,
Spire,Nevada,1/31/2026 0:00,0,0,0,0,0,0,0,0,0,,,,,,,,,
Spire,Nevada,2/1/2026 0:00,0,0,0,0,0,0,0,0,0,,,,,,,,,
Spire,Nevada,2/2/2026 0:00,0,0,0,0,0,0,0,0,0,,,,,,,,,
Spire,Nevada,2/3/2026 0:00,0,0,0,0,0,0,0,0,0,,,,,,,,,
Spire,Nevada,2/4/2026 0:00,0,0,0,0,0,0,0,0,0,,,,,,,,,
Spire,Nevada,2/5/2026 0:00,0,0,0,0,0,0,0,0,0,,,,,,,,,
Spire,Nevada,2/6/2026 0:00,0,0,0,0,0,0,0,0,0,,,,,,,,,
Spire,Nevada,2/7/2026 0:00,0,0,0,0,0,0,0,0,0,,,,,,,,,
Spire,Nevada,2/8/2026 0:00,0,0,0,0,0,0,0,0,0,,,,,,,,,
Spire,Nevada,2/9/2026 0:00,445,989.44,440,155.11,67.95,0.57,0.725,1.63,97.696,,,,,,,,,
Spire,Nevada,2/10/2026 0:00,420,995.46,418,149.18,57.3,0.57,0.725,1.63,97.696,,,,,,,,,
Spire,Nevada,2/11/2026 0:00,441,992.12,437,147.88,54.1,0.57,0.725,1.63,97.696,,,,,,,,,
Spire,Nevada,2/12/2026 0:00,443,990.49,438,148.94,56.86,0.57,0.725,1.63,97.696,,,,,,,,,
Spire,Nevada,2/13/2026 0:00,295,987,291,151.32,65.17,0.57,0.725,1.63,97.696,,,,,,,,,
Spire,Nevada,2/14/2026 0:00,0,0,0,0,0,0,0,0,0,,,,,,,,,
Spire,Nevada,2/15/2026 0:00,0,0,0,0,0,0,0,0,0,,,,,,,,,
Spire,Nevada,2/16/2026 0:00,0,0,0,0,0,0,0,0,0,,,,,,,,,
Spire,Nevada,2/17/2026 0:00,0,0,0,0,0,0,0,0,0,,,,,,,,,
Spire,Nevada,2/18/2026 0:00,0,0,0,0,0,0,0,0,0,,,,,,,,,
Spire,Nevada,2/19/2026 0:00,0,0,0,0,0,0,0,0,0,,,,,,,,,
Spire,Nevada,2/20/2026 0:00,0,0,0,0,0,0,0,0,0,,,,,,,,,
Spire,Nevada,2/21/2026 0:00,0,0,0,0,0,0,0,0,0,,,,,,,,,
Spire,Nevada,2/22/2026 0:00,0,0,0,0,0,0,0,0,0,,,,,,,,,
Spire,Nevada,2/23/2026 0:00,0,0,0,0,0,0,0,0,0,,,,,,,,,
Spire,Nevada,2/24/2026 0:00,0,0,0,0,0,0,0,0,0,,,,,,,,,
Spire,Nevada,2/25/2026 0:00,0,0,0,0,0,0,0,0,0,,,,,,,,,
Spire,Nevada,2/26/2026 0:00,0,0,0,0,0,0,0,0,0,,,,,,,,,
Spire,Nevada,2/27/2026 0:00,0,0,0,0,0,0,0,0,0,,,,,,,,,
Spire,Nevada,2/28/2026 0:00,0,0,0,0,0,0,0,0,0,,,,,,,,,
Spire,Nevada,3/1/2026 0:00,0,0,0,0,0,0,0,0,0,,,,,,,,,
Spire,Nevada,3/2/2026 0:00,246,996.35,245,145.41,55.58,0.58,1.344,0.6791,97.245,,,,,,,,,
Spire,Nevada,3/3/2026 0:00,264,988.71,261,151.12,68.42,0.57,1.344,0.6791,97.245,,,,,,,,,
Spire,Nevada,3/4/2026 0:00,0,0,0,0,0,0,0,0,0,,,,,,,,,
Spire,Nevada,3/5/2026 0:00,0,0,0,0,0,0,0,0,0,,,,,,,,,
Spire,Nevada,3/6/2026 0:00,78,999.17,78,152.41,69.02,0.57,1.344,0.6791,97.245,,,,,,,,,
Spire,Nevada,3/7/2026 0:00,0,0,0,0,0,0,0,0,0,,,,,,,,,
Spire,Nevada,3/8/2026 0:00,0,0,0,0,0,0,0,0,0,,,,,,,,,
Spire,Nevada,3/9/2026 0:00,338,990.51,335,152.37,72.97,0.57,1.344,0.6791,97.245,,,,,,,,,
Spire,Nevada,3/10/2026 0:00,351,990.62,348,145.9,72.55,0.57,1.344,0.6791,97.245,,,,,,,,,
Spire,Nevada,3/11/2026 0:00,754,984.81,742,157.74,55.29,0.57,1.344,0.6791,97.245,,,,,,,,,
Spire,Nevada,3/12/2026 0:00,878,985.57,866,162.52,66.25,0.57,1.344,0.6791,97.245,,,,,,,,,
Spire,Nevada,3/13/2026 0:00,794,986.6,783,171.18,69.6,0.57,1.344,0.6791,97.245,,,,,,,,,
Spire,Nevada,3/14/2026 0:00,471,992.21,467,156.56,74.41,0.57,1.344,0.6791,97.245,,,,,,,,,
Spire,Nevada,3/15/2026 0:00,733,988.73,725,149.94,49.82,0.57,1.344,0.6791,97.245,,,,,,,,,
Spire,Nevada,3/16/2026 0:00,89,983.89,87,141.85,38.11,0.58,1.344,0.6791,97.245,,,,,,,,,
Spire,Nevada,3/17/2026 0:00,654,981.18,642,160.01,67,0.58,1.344,0.6791,97.245,,,,,,,,,
Spire,Nevada,3/18/2026 0:00,705,984.53,694,175.07,66,0.57,1.344,0.6791,97.245,,,,,,,,,
Spire,Nevada,3/19/2026 0:00,896,983.1,881,144.25,76.49,0.58,1.344,0.6791,97.245,,,,,,,,,
Spire,Nevada,3/20/2026 0:00,761,984.66,749,133.32,80.6,0.57,1.344,0.6791,97.245,,,,,,,,,
Spire,Nevada,3/21/2026 0:00,837,983.14,823,142.81,85.76,0.57,1.344,0.6791,97.245,,,,,,,,,
Spire,Nevada,3/22/2026 0:00,199,987.79,196,141.22,90.71,0.57,1.344,0.6791,97.245,,,,,,,,,
Spire,Nevada,3/23/2026 0:00,0,0,0,0,0,0,0,0,0,,,,,,,,,
Spire,Nevada,3/24/2026 0:00,0,0,0,0,0,0,0,0,0,,,,,,,,,
Spire,Nevada,3/25/2026 0:00,0,0,0,0,0,0,0,0,0,,,,,,,,,
Spire,Nevada,3/26/2026 0:00,749,988.09,740,141.69,79.22,0.58,1.344,0.6791,97.245,,,,,,,,,
Spire,Nevada,3/27/2026 0:00,970,985.53,956,143.9,61.89,0.58,1.344,0.6791,97.245,,,,,,,,,
Spire,Nevada,3/28/2026 0:00,956,987.59,944,144.85,67.47,0.57,1.344,0.6791,97.245,,,,,,,,,
Spire,Nevada,3/29/2026 0:00,918,990.75,910,144.58,78.08,0.57,1.344,0.6791,97.245,,,,,,,,,
Spire,Nevada,3/30/2026 0:00,77,987.72,76,141.63,82.65,0.57,1.344,0.6791,97.245,,,,,,,,,
Spire,Nevada,3/31/2026 0:00,549,985.9,541,144.26,86.92,0.57,1.344,0.6791,97.245,,,,,,,,,
Spire,Nevada,4/1/2026 0:00,709,985.71,699,143.52,78.5,0.58,1.654,0.887,97.478,,,,,,,,,
Spire,Nevada,4/2/2026 0:00,809,988.21,799,142.14,79.94,0.57,1.654,0.887,97.478,,,,,,,,,
Spire,Nevada,4/3/2026 0:00,878,987.33,867,143.42,76.08,0.57,1.654,0.887,97.478,,,,,,,,,
Spire,Nevada,4/4/2026 0:00,901,985.75,888,142.75,64.57,0.58,1.654,0.887,97.478,,,,,,,,,
Spire,Nevada,4/5/2026 0:00,71,985.26,70,141.74,66.2,0.58,1.654,0.887,97.478,,,,,,,,,
Spire,Nevada,4/6/2026 0:00,880,985.74,867,142.21,73.73,0.58,1.654,0.887,97.478,,,,,,,,,
Spire,Nevada,4/7/2026 0:00,900,988.06,890,142.69,75.1,0.57,1.654,0.887,97.478,,,,,,,,,
Spire,Nevada,4/8/2026 0:00,907,989.8,898,142.81,76.83,0.57,1.654,0.887,97.478,,,,,,,,,
Spire,Nevada,4/9/2026 0:00,715,990.98,708,144.31,76.56,0.57,1.654,0.887,97.478,,,,,,,,,
Spire,Nevada,4/10/2026 0:00,245,989.58,242,143.09,73.09,0.58,1.654,0.887,97.478,,,,,,,,,
Spire,Nevada,4/11/2026 0:00,748,991.09,741,144.45,82.83,0.57,1.654,0.887,97.478,,,,,,,,,
Spire,Nevada,4/12/2026 0:00,897,991.13,889,143.64,80.56,0.57,1.654,0.887,97.478,,,,,,,,,
Spire,Nevada,4/13/2026 0:00,873,991.28,865,142.73,84.86,0.57,1.654,0.887,97.478,,,,,,,,,
Spire,Nevada,4/14/2026 0:00,863,989.62,854,142.88,84.09,0.57,1.654,0.887,97.478,,,,,,,,,
Spire,Nevada,4/15/2026 0:00,760,989.04,751,142.84,81.25,0.57,1.654,0.887,97.478,,,,,,,,,
Spire,Nevada,4/16/2026 0:00,828,991.04,820,142.17,82.51,0.57,1.654,0.887,97.478,,,,,,,,,
Spire,Nevada,4/17/2026 0:00,856,984.48,843,141.49,76.45,0.58,1.654,0.887,97.478,,,,,,,,,
Spire,Nevada,4/18/2026 0:00,955,985.65,941,144.75,67.55,0.58,1.654,0.887,97.478,,,,,,,,,
Spire,Nevada,4/19/2026 0:00,114,987.41,113,143.92,75.8,0.58,1.654,0.887,97.478,,,,,,,,,
Spire,Nevada,4/20/2026 0:00,0,0,0,0,0,0,0,0,0,,,,,,,,,
Spire,Nevada,4/21/2026 0:00,0,0,0,0,0,0,0,0,0,,,,,,,,,
Spire,Nevada,4/22/2026 0:00,0,0,0,0,0,0,0,0,0,,,,,,,,,
Spire,Nevada,4/23/2026 0:00,489,986.68,483,147.52,76.41,0.58,1.654,0.887,97.478,,,,,,,,,
Spire,Nevada,4/24/2026 0:00,806,990.39,798,145.3,81.03,0.57,1.654,0.887,97.478,,,,,,,,,
Spire,Nevada,4/25/2026 0:00,920,988.9,910,147.28,85.03,0.58,1.654,0.887,97.478,,,,,,,,,
Spire,Nevada,4/26/2026 0:00,908,993.38,902,144.32,86.46,0.57,1.654,0.887,97.478,,,,,,,,,
Spire,Nevada,4/27/2026 0:00,544,990.48,539,138.6,88.01,0.57,1.654,0.887,97.478,,,,,,,,,
Spire,Nevada,4/28/2026 0:00,840,990.19,832,144.04,69.75,0.58,1.654,0.887,97.478,,,,,,,,,
Spire,Nevada,4/29/2026 0:00,0,0,0,0,0,0,0,0,0,,,,,,,,,
Spire,Nevada,4/30/2026 0:00,0,0,0,0,0,0,0,0,0,,,,,,,,,
Spire,Nevada,5/1/2026 0:00,908,991.84,900,145.77,72.92,0.57,1.633,0.814,97.503,,,,,,,,,
Spire,Nevada,5/2/2026 0:00,1037,989.91,1027,148.25,72.92,0.57,1.633,0.814,97.503,,,,,,,,,
Spire,Nevada,5/3/2026 0:00,1031,990.66,1021,147.87,84.31,0.57,1.633,0.814,97.503,,,,,,,,,
Spire,Nevada,5/4/2026 0:00,820,991.8,813,145.47,82.87,0.57,1.633,0.814,97.503,,,,,,,,,
Spire,Nevada,5/5/2026 0:00,1043,989.87,1032,146.1,67.52,0.57,1.633,0.814,97.503,,,,,,,,,
Spire,Nevada,5/6/2026 0:00,1016,991.19,1007,145.41,70.68,0.57,1.633,0.814,97.503,,,,,,,,,
Spire,Nevada,5/7/2026 0:00,1032,987.65,1019,146.46,78.42,0.57,1.633,0.814,97.503,,,,,,,,,
Spire,Nevada,5/8/2026 0:00,1029,987.71,1016,148.57,78.42,0.57,1.633,0.814,97.503,,,,,,,,,
Spire,Nevada,5/9/2026 0:00,1009,989.3,999,148.22,86.23,0.57,1.633,0.814,97.503,,,,,,,,,
Spire,Nevada,5/10/2026 0:00,1014,986.81,1001,146.7,75.49,0.58,1.633,0.814,97.503,,,,,,,,,
Spire,Nevada,5/11/2026 0:00,1018,988.89,1006,147.13,81.26,0.57,1.633,0.814,97.503,,,,,,,,,
Spire,Nevada,5/12/2026 0:00,1013,987.3,1000,146.74,86.16,0.58,1.633,0.814,97.503,,,,,,,,,
Spire,Nevada,5/13/2026 0:00,994,987.79,982,144.5,81.23,0.58,1.633,0.814,97.503,,,,,,,,,
Spire,Nevada,5/14/2026 0:00,1014,988.74,1003,147.43,86.4,0.57,1.633,0.814,97.503,,,,,,,,,
Spire,Nevada,5/15/2026 0:00,1003,989.61,992,147.9,90.12,0.57,1.633,0.814,97.503,,,,,,,,,
Spire,Nevada,5/16/2026 0:00,980,988.48,969,147.27,91.91,0.58,1.633,0.814,97.503,,,,,,,,,
Spire,Nevada,5/17/2026 0:00,972,990.23,963,146.29,91.31,0.57,1.633,0.814,97.503,,,,,,,,,
Spire,Nevada,5/18/2026 0:00,653,987.99,646,142.76,89.58,0.57,1.633,0.814,97.503,,,,,,,,,
Spire,Nevada,5/19/2026 0:00,612,988.55,605,144.83,75.15,0.57,1.633,0.814,97.503,,,,,,,,,
Spire,Nevada,5/20/2026 0:00,835,972.94,813,146.59,77.75,0.58,1.633,0.814,97.503,,,,,,,,,
Spire,Nevada,5/21/2026 0:00,978,987.08,965,145.65,82.49,0.57,1.633,0.814,97.503,,,,,,,,,
Spire,Nevada,5/22/2026 0:00,941,990.15,932,144.44,84.21,0.57,1.633,0.814,97.503,,,,,,,,,
Spire,Nevada,5/23/2026 0:00,994,990.33,984,147.36,82.64,0.57,1.633,0.814,97.503,,,,,,,,,
Spire,Nevada,5/24/2026 0:00,928,994.81,923,145.33,84.97,0.57,1.633,0.814,97.503,,,,,,,,,
Spire,Nevada,5/25/2026 0:00,893,995.33,889,143.41,87.53,0.57,1.633,0.814,97.503,,,,,,,,,
Spire,Nevada,5/26/2026 0:00,934,992.02,926,144.21,88.85,0.57,1.633,0.814,97.503,,,,,,,,,
Spire,Nevada,5/27/2026 0:00,937,990.81,928,144.97,92.92,0.57,1.633,0.814,97.503,,,,,,,,,
Spire,Nevada,5/28/2026 0:00,980,989.79,970,146.36,86.34,0.57,1.633,0.814,97.503,,,,,,,,,
Spire,Nevada,5/29/2026 0:00,960,987.74,948,145.69,91.64,0.58,1.633,0.814,97.503,,,,,,,,,
Spire,Nevada,5/30/2026 0:00,713,984.93,702,136.86,86.97,0.59,1.633,0.814,97.503,,,,,,,,,
Spire,Nevada,5/31/2026 0:00,80,995.93,80,145.88,90.72,0.57,1.633,0.814,97.503,,,,,,,,,
Spire,Nevada,6/1/2026 0:00,293,1002.46,293,130.54,85.51,0.56,1.492,1.027,97.513,,,,,,,,,
Spire,Nevada,6/2/2026 0:00,0,0,0,0,0,0,0,0,0,,,,,,,,,
Spire,Nevada,6/3/2026 0:00,578,985.13,569,125.39,85.69,0.58,1.492,1.027,97.513,,,,,,,,,
Spire,Nevada,6/4/2026 0:00,834,983.39,820,140.57,102.07,0.58,1.492,1.027,97.513,,,,,,,,,
Spire,Nevada,6/5/2026 0:00,932,983.36,916,146.09,93.4,0.57,1.492,1.027,97.513,,,,,,,,,
Spire,Nevada,6/6/2026 0:00,975,985.16,961,146.87,90.38,0.58,1.492,1.027,97.513,,,,,,,,,
Spire,Nevada,6/7/2026 0:00,779,988.07,770,145.37,91.39,0.57,1.492,1.027,97.513,,,,,,,,,
Spire,Nevada,6/8/2026 0:00,981,987.78,969,146.35,91.68,0.58,1.492,1.027,97.513,,,,,,,,,
Spire,Nevada,6/9/2026 0:00,987,988.85,976,146.51,95.49,0.58,1.492,1.027,97.513,,,,,,,,,
Spire,Nevada,6/10/2026 0:00,994,989.18,983,146.35,97.37,0.58,1.492,1.027,97.513,,,,,,,,,
Spire,Nevada,6/11/2026 0:00,997,987.56,985,147.01,95.18,0.58,1.492,1.027,97.513,,,,,,,,,
Spire,Nevada,6/12/2026 0:00,663,987.63,655,146.46,99.56,0.58,1.492,1.027,97.513,,,,,,,,,
Spire,Nevada,6/13/2026 0:00,0,0,0,0,0,0,0,0,0,,,,,,,,,
Spire,Nevada,6/14/2026 0:00,0,0,0,0,0,0,0,0,0,,,,,,,,,
Spire,Nevada,6/15/2026 0:00,677,988.97,669,145.24,85.52,0.57,1.492,1.027,97.513,,,,,,,,,
Spire,Nevada,6/16/2026 0:00,832,994.28,827,143.22,89.02,0.57,1.492,1.027,97.513,,,,,,,,,
Spire,Nevada,6/17/2026 0:00,234,1000.91,234,138.6,96.7,0.56,1.492,1.027,97.513,,,,,,,,,
Spire,Nevada,6/18/2026 0:00,646,999.66,646,141.66,81.7,0.56,1.492,1.027,97.513,,,,,,,,,
Spire,Nevada,6/19/2026 0:00,912,993.68,906,144.13,91.71,0.57,1.492,1.027,97.513,,,,,,,,,
Spire,Nevada,6/20/2026 0:00,281,993.84,280,143.15,99.15,0.57,1.492,1.027,97.513,,,,,,,,,
Spire,Nevada,6/21/2026 0:00,0,0,0,0,0,0,0,0,0,,,,,,,,,
Spire,Nevada,6/22/2026 0:00,970,984.22,955,147.13,85.44,0.58,1.492,1.027,97.513,,,,,,,,,
Spire,Nevada,6/23/2026 0:00,1036,982.47,1018,147.98,91.15,0.58,1.492,1.027,97.513,,,,,,,,,
Spire,Nevada,6/24/2026 0:00,1023,983.19,1006,147.32,92.57,0.58,1.492,1.027,97.513,,,,,,,,,
Spire,Nevada,6/25/2026 0:00,256,988.48,253,143.74,98.41,0.58,1.492,1.027,97.513,,,,,,,,,
Spire,Nevada,6/26/2026 0:00,856,991.92,849,145.29,93.17,0.57,1.492,1.027,97.513,,,,,,,,,
Spire,Nevada,6/27/2026 0:00,674,996.77,671,145.27,91.87,0.57,1.492,1.027,97.513,,,,,,,,,
Spire,Nevada,6/28/2026 0:00,895,996.7,892,143.96,97.54,0.57,1.492,1.027,97.513,,,,,,,,,
Spire,Nevada,6/29/2026 0:00,674,996.6,671,145.27,91.87,0.57,1.492,1.027,97.513,,,,,,,,,
Spire,Nevada,6/30/2026 0:00,0,0,943,0,0,0,0,0,0,,,,,,,,,
DCP,Ellis County,10/1/2023 0:00,0,0,0,0,0,0,0,0,0,,,,,,,,,
DCP,Ellis County,10/2/2023 0:00,0,0,0,0,0,0,0,0,0,,,,,,,,,
DCP,Ellis County,10/3/2023 0:00,0,0,0,0,0,0,0,0,0,,,,,,,,,
DCP,Ellis County,10/4/2023 0:00,0,0,0,0,0,0,0,0,0,,,,,,,,,
DCP,Ellis County,10/5/2023 0:00,0,0,0,0,0,0,0,0,0,,,,,,,,,
DCP,Ellis County,10/6/2023 0:00,0,0,0,0,0,0,0,0,0,,,,,,,,,
DCP,Ellis County,10/7/2023 0:00,0,0,0,0,0,0,0,0,0,,,,,,,,,
DCP,Ellis County,10/8/2023 0:00,0,0,0,0,0,0,0,0,0,,,,,,,,,
DCP,Ellis County,10/9/2023 0:00,0,0,0,0,0,0,0,0,0,,,,,,,,,
DCP,Ellis County,10/10/2023 0:00,0,0,0,0,0,0,0,0,0,,,,,,,,,
DCP,Ellis County,10/11/2023 0:00,36.64,912.86,33.45,95.15,77.13,0.5968,0.124,9.758,90.016,,,,,,,,,
DCP,Ellis County,10/12/2023 0:00,30.43,912.86,27.78,91.27,79.31,0.5968,0.124,9.758,90.016,,,,,,,,,
DCP,Ellis County,10/13/2023 0:00,63.27,912.86,57.76,92.23,67.4,0.5968,0.124,9.758,90.016,,,,,,,,,
DCP,Ellis County,10/14/2023 0:00,46.55,912.86,42.5,90.59,65.39,0.5968,0.124,9.758,90.016,,,,,,,,,
DCP,Ellis County,10/15/2023 0:00,0,0,0,0,0,0,0,0,0,,,,,,,,,
DCP,Ellis County,10/16/2023 0:00,29.26,912.86,26.71,94.28,71.5,0.5968,0.124,9.758,90.016,,,,,,,,,
DCP,Ellis County,10/17/2023 0:00,0,0,0,0,0,0,0,0,0,,,,,,,,,
DCP,Ellis County,10/18/2023 0:00,0,0,0,0,0,0,0,0,0,,,,,,,,,
DCP,Ellis County,10/19/2023 0:00,29.61,912.86,27.03,91.4,73.02,0.5968,0.124,9.758,90.016,,,,,,,,,
DCP,Ellis County,10/20/2023 0:00,0,0,0,0,0,0,0,0,0,,,,,,,,,
DCP,Ellis County,10/21/2023 0:00,0,0,0,0,0,0,0,0,0,,,,,,,,,
DCP,Ellis County,10/22/2023 0:00,0,0,0,0,0,0,0,0,0,,,,,,,,,
DCP,Ellis County,10/23/2023 0:00,0,0,0,0,0,0,0,0,0,,,,,,,,,
DCP,Ellis County,10/24/2023 0:00,54.85,912.86,50.07,76.67,69.89,0.5968,0.124,9.758,90.016,,,,,,,,,
DCP,Ellis County,10/25/2023 0:00,10.94,912.86,9.98,53.04,72.48,0.5968,0.124,9.758,90.016,,,,,,,,,
DCP,Ellis County,10/26/2023 0:00,5.96,912.86,5.44,57.98,70.98,0.5968,0.124,9.758,90.016,,,,,,,,,
DCP,Ellis County,10/27/2023 0:00,0.04,912.86,0.04,61.26,53.3,0.5968,0.124,9.758,90.016,,,,,,,,,
DCP,Ellis County,10/28/2023 0:00,0,0,0,0,0,0,0,0,0,,,,,,,,,
DCP,Ellis County,10/29/2023 0:00,0,0,0,0,0,0,0,0,0,,,,,,,,,
DCP,Ellis County,10/30/2023 0:00,0,0,0,0,0,0,0,0,0,,,,,,,,,
DCP,Ellis County,10/31/2023 0:00,0,0,0,0,0,0,0,0,0,,,,,,,,,
DCP,Ellis County,11/1/2023 0:00,0,0,0,0,0,0,0,0,0,,,,,,,,,
DCP,Ellis County,11/2/2023 0:00,0,0,0,0,0,0,0,0,0,,,,,,,,,
DCP,Ellis County,11/3/2023 0:00,0,0,0,0,0,0,0,0,0,,,,,,,,,
DCP,Ellis County,11/4/2023 0:00,0,0,0,0,0,0,0,0,0,,,,,,,,,
DCP,Ellis County,11/5/2023 0:00,0,0,0,0,0,0,0,0,0,,,,,,,,,
DCP,Ellis County,11/6/2023 0:00,0.31,912.86,0.29,77.38,74.27,0.5968,0.124,9.758,90.016,,,,,,,,,
DCP,Ellis County,11/7/2023 0:00,3.15,912.86,2.87,87.06,80.4,0.5968,0.124,9.758,90.016,,,,,,,,,
DCP,Ellis County,11/8/2023 0:00,48.54,912.86,44.31,89.92,61.59,0.5968,0.124,9.758,90.016,,,,,,,,,
DCP,Ellis County,11/9/2023 0:00,36.58,912.86,33.4,88.23,59.02,0.5968,0.124,9.758,90.016,,,,,,,,,
DCP,Ellis County,11/10/2023 0:00,0,0,0,0,0,0,0,0,0,,,,,,,,,
DCP,Ellis County,11/11/2023 0:00,0,0,0,0,0,0,0,0,0,,,,,,,,,
DCP,Ellis County,11/12/2023 0:00,0,0,0,0,0,0,0,0,0,,,,,,,,,
DCP,Ellis County,11/13/2023 0:00,0,0,0,0,0,0,0,0,0,,,,,,,,,
DCP,Ellis County,11/14/2023 0:00,0,0,0,0,0,0,0,0,0,,,,,,,,,
DCP,Ellis County,11/15/2023 0:00,0,0,0,0,0,0,0,0,0,,,,,,,,,
DCP,Ellis County,11/16/2023 0:00,44.03,912.86,40.19,80.23,63.23,0.5968,0.124,9.758,90.016,,,,,,,,,
DCP,Ellis County,11/17/2023 0:00,0,0,0,0,0,0,0,0,0,,,,,,,,,
DCP,Ellis County,11/18/2023 0:00,0,0,0,0,0,0,0,0,0,,,,,,,,,
DCP,Ellis County,11/19/2023 0:00,0,0,0,0,0,0,0,0,0,,,,,,,,,
DCP,Ellis County,11/20/2023 0:00,0,0,0,0,0,0,0,0,0,,,,,,,,,
DCP,Ellis County,11/21/2023 0:00,14.87,912.86,13.57,82.13,60.37,0.5968,0.124,9.758,90.016,,,,,,,,,
DCP,Ellis County,11/22/2023 0:00,29.25,912.86,26.7,79.31,62.91,0.5968,0.124,9.758,90.016,,,,,,,,,
DCP,Ellis County,11/23/2023 0:00,0,0,0,0,0,0,0,0,0,,,,,,,,,
DCP,Ellis County,11/24/2023 0:00,0,0,0,0,0,0,0,0,0,,,,,,,,,
DCP,Ellis County,11/25/2023 0:00,0,0,0,0,0,0,0,0,0,,,,,,,,,
DCP,Ellis County,11/26/2023 0:00,0,0,0,0,0,0,0,0,0,,,,,,,,,
DCP,Ellis County,11/27/2023 0:00,0,0,0,0,0,0,0,0,0,,,,,,,,,
DCP,Ellis County,11/28/2023 0:00,0,0,0,0,0,0,0,0,0,,,,,,,,,
DCP,Ellis County,11/29/2023 0:00,0,0,0,0,0,0,0,0,0,,,,,,,,,
DCP,Ellis County,11/30/2023 0:00,0,0,0,0,0,0,0,0,0,,,,,,,,,
DCP,Ellis County,12/1/2023 0:00,15.98,912.86,14.59,75.48,55.63,0.5968,0.124,9.758,90.016,,,,,,,,,
DCP,Ellis County,12/2/2023 0:00,0,0,0,0,0,0,0,0,0,,,,,,,,,
DCP,Ellis County,12/3/2023 0:00,0,0,0,0,0,0,0,0,0,,,,,,,,,
DCP,Ellis County,12/4/2023 0:00,0,0,0,0,0,0,0,0,0,,,,,,,,,
DCP,Ellis County,12/5/2023 0:00,31.26,912.86,28.54,78.79,58.49,0.5968,0.124,9.758,90.016,,,,,,,,,
DCP,Ellis County,12/6/2023 0:00,0,0,0,0,0,0,0,0,0,,,,,,,,,
DCP,Ellis County,12/7/2023 0:00,0,0,0,0,0,0,0,0,0,,,,,,,,,
DCP,Ellis County,12/8/2023 0:00,0,0,0,0,0,0,0,0,0,,,,,,,,,
DCP,Ellis County,12/9/2023 0:00,0,0,0,0,0,0,0,0,0,,,,,,,,,
DCP,Ellis County,12/10/2023 0:00,0,0,0,0,0,0,0,0,0,,,,,,,,,
DCP,Ellis County,12/11/2023 0:00,0,0,0,0,0,0,0,0,0,,,,,,,,,
DCP,Ellis County,12/12/2023 0:00,0,0,0,0,0,0,0,0,0,,,,,,,,,
DCP,Ellis County,12/13/2023 0:00,0,0,0,0,0,0,0,0,0,,,,,,,,,
DCP,Ellis County,12/14/2023 0:00,22.17,912.86,20.23,78.65,45.38,0.5968,0.124,9.758,90.016,,,,,,,,,
DCP,Ellis County,12/15/2023 0:00,0,0,0,0,0,0,0,0,0,,,,,,,,,
DCP,Ellis County,12/16/2023 0:00,0,0,0,0,0,0,0,0,0,,,,,,,,,
DCP,Ellis County,12/17/2023 0:00,0,0,0,0,0,0,0,0,0,,,,,,,,,
DCP,Ellis County,12/18/2023 0:00,0,0,0,0,0,0,0,0,0,,,,,,,,,
DCP,Ellis County,12/19/2023 0:00,0,0,0,0,0,0,0,0,0,,,,,,,,,
DCP,Ellis County,12/20/2023 0:00,0,0,0,0,0,0,0,0,0,,,,,,,,,
DCP,Ellis County,12/21/2023 0:00,0,0,0,0,0,0,0,0,0,,,,,,,,,
DCP,Ellis County,12/22/2023 0:00,0,0,0,0,0,0,0,0,0,,,,,,,,,
DCP,Ellis County,12/23/2023 0:00,0,0,0,0,0,0,0,0,0,,,,,,,,,
DCP,Ellis County,12/24/2023 0:00,0,0,0,0,0,0,0,0,0,,,,,,,,,
DCP,Ellis County,12/25/2023 0:00,0,0,0,0,0,0,0,0,0,,,,,,,,,
DCP,Ellis County,12/26/2023 0:00,0,0,0,0,0,0,0,0,0,,,,,,,,,
DCP,Ellis County,12/27/2023 0:00,0,0,0,0,0,0,0,0,0,,,,,,,,,
DCP,Ellis County,12/28/2023 0:00,0,0,0,0,0,0,0,0,0,,,,,,,,,
DCP,Ellis County,12/29/2023 0:00,0,0,0,0,0,0,0,0,0,,,,,,,,,
DCP,Ellis County,12/30/2023 0:00,0,0,0,0,0,0,0,0,0,,,,,,,,,
DCP,Ellis County,12/31/2023 0:00,0,0,0,0,0,0,0,0,0,,,,,,,,,
DCP,Ellis County,1/1/2024 0:00,0,0,0,0,0,0,0,0,0,,,,,,,,,
DCP,Ellis County,1/2/2024 0:00,0,0,0,0,0,0,0,0,0,,,,,,,,,
DCP,Ellis County,1/3/2024 0:00,0,0,0,0,0,0,0,0,0,,,,,,,,,
DCP,Ellis County,1/4/2024 0:00,0,0,0,0,0,0,0,0,0,,,,,,,,,
DCP,Ellis County,1/5/2024 0:00,0,0,0,0,0,0,0,0,0,,,,,,,,,
DCP,Ellis County,1/6/2024 0:00,0,0,0,0,0,0,0,0,0,,,,,,,,,
DCP,Ellis County,1/7/2024 0:00,0,0,0,0,0,0,0,0,0,,,,,,,,,
DCP,Ellis County,1/8/2024 0:00,0,0,0,0,0,0,0,0,0,,,,,,,,,
DCP,Ellis County,1/9/2024 0:00,0,0,0,0,0,0,0,0,0,,,,,,,,,
DCP,Ellis County,1/10/2024 0:00,0,0,0,0,0,0,0,0,0,,,,,,,,,
DCP,Ellis County,1/11/2024 0:00,0,0,0,0,0,0,0,0,0,,,,,,,,,
DCP,Ellis County,1/12/2024 0:00,0,0,0,0,0,0,0,0,0,,,,,,,,,
DCP,Ellis County,1/13/2024 0:00,0,0,0,0,0,0,0,0,0,,,,,,,,,
DCP,Ellis County,1/14/2024 0:00,0,0,0,0,0,0,0,0,0,,,,,,,,,
DCP,Ellis County,1/15/2024 0:00,0,0,0,0,0,0,0,0,0,,,,,,,,,
DCP,Ellis County,1/16/2024 0:00,0,0,0,0,0,0,0,0,0,,,,,,,,,
DCP,Ellis County,1/17/2024 0:00,0,0,0,0,0,0,0,0,0,,,,,,,,,
DCP,Ellis County,1/18/2024 0:00,0,0,0,0,0,0,0,0,0,,,,,,,,,
DCP,Ellis County,1/19/2024 0:00,0,0,0,0,0,0,0,0,0,,,,,,,,,
DCP,Ellis County,1/20/2024 0:00,0,0,0,0,0,0,0,0,0,,,,,,,,,
DCP,Ellis County,1/21/2024 0:00,0,0,0,0,0,0,0,0,0,,,,,,,,,
DCP,Ellis County,1/22/2024 0:00,0,0,0,0,0,0,0,0,0,,,,,,,,,
DCP,Ellis County,1/23/2024 0:00,0,0,0,0,0,0,0,0,0,,,,,,,,,
DCP,Ellis County,1/24/2024 0:00,0,0,0,0,0,0,0,0,0,,,,,,,,,
DCP,Ellis County,1/25/2024 0:00,0,0,0,0,0,0,0,0,0,,,,,,,,,
DCP,Ellis County,1/26/2024 0:00,0,0,0,0,0,0,0,0,0,,,,,,,,,
DCP,Ellis County,1/27/2024 0:00,0,0,0,0,0,0,0,0,0,,,,,,,,,
DCP,Ellis County,1/28/2024 0:00,0,0,0,0,0,0,0,0,0,,,,,,,,,
DCP,Ellis County,1/29/2024 0:00,0,0,0,0,0,0,0,0,0,,,,,,,,,
DCP,Ellis County,1/30/2024 0:00,0,0,0,0,0,0,0,0,0,,,,,,,,,
DCP,Ellis County,1/31/2024 0:00,0,0,0,0,0,0,0,0,0,,,,,,,,,
DCP,Ellis County,2/1/2024 0:00,0,0,0,0,0,0,0,0,0,,,,,,,,,
DCP,Ellis County,2/2/2024 0:00,0,0,0,0,0,0,0,0,0,,,,,,,,,
DCP,Ellis County,2/3/2024 0:00,0,0,0,0,0,0,0,0,0,,,,,,,,,
DCP,Ellis County,2/4/2024 0:00,0,0,0,0,0,0,0,0,0,,,,,,,,,
DCP,Ellis County,2/5/2024 0:00,0,0,0,0,0,0,0,0,0,,,,,,,,,
DCP,Ellis County,2/6/2024 0:00,0,0,0,0,0,0,0,0,0,,,,,,,,,
DCP,Ellis County,2/7/2024 0:00,0,0,0,0,0,0,0,0,0,,,,,,,,,
DCP,Ellis County,2/8/2024 0:00,0,0,0,0,0,0,0,0,0,,,,,,,,,
DCP,Ellis County,2/9/2024 0:00,0,0,0,0,0,0,0,0,0,,,,,,,,,
DCP,Ellis County,2/10/2024 0:00,0,0,0,0,0,0,0,0,0,,,,,,,,,
DCP,Ellis County,2/11/2024 0:00,0,0,0,0,0,0,0,0,0,,,,,,,,,
DCP,Ellis County,2/12/2024 0:00,0,0,0,0,0,0,0,0,0,,,,,,,,,
DCP,Ellis County,2/13/2024 0:00,0,0,0,0,0,0,0,0,0,,,,,,,,,
DCP,Ellis County,2/14/2024 0:00,0,0,0,0,0,0,0,0,0,,,,,,,,,
DCP,Ellis County,2/15/2024 0:00,0,0,0,0,0,0,0,0,0,,,,,,,,,
DCP,Ellis County,2/16/2024 0:00,0,0,0,0,0,0,0,0,0,,,,,,,,,
DCP,Ellis County,2/17/2024 0:00,0,0,0,0,0,0,0,0,0,,,,,,,,,
DCP,Ellis County,2/18/2024 0:00,0,0,0,0,0,0,0,0,0,,,,,,,,,
DCP,Ellis County,2/19/2024 0:00,0,0,0,0,0,0,0,0,0,,,,,,,,,
DCP,Ellis County,2/20/2024 0:00,0,0,0,0,0,0,0,0,0,,,,,,,,,
DCP,Ellis County,2/21/2024 0:00,0,0,0,0,0,0,0,0,0,,,,,,,,,
DCP,Ellis County,2/22/2024 0:00,0,0,0,0,0,0,0,0,0,,,,,,,,,
DCP,Ellis County,2/23/2024 0:00,0,0,0,0,0,0,0,0,0,,,,,,,,,
DCP,Ellis County,2/24/2024 0:00,0,0,0,0,0,0,0,0,0,,,,,,,,,
DCP,Ellis County,2/25/2024 0:00,0,0,0,0,0,0,0,0,0,,,,,,,,,
DCP,Ellis County,2/26/2024 0:00,0,0,0,0,0,0,0,0,0,,,,,,,,,
DCP,Ellis County,2/27/2024 0:00,0,0,0,0,0,0,0,0,0,,,,,,,,,
DCP,Ellis County,2/28/2024 0:00,0,0,0,0,0,0,0,0,0,,,,,,,,,
DCP,Ellis County,2/29/2024 0:00,0,0,0,0,0,0,0,0,0,,,,,,,,,
DCP,Ellis County,3/1/2024 0:00,0,0,0,0,0,0,0,0,0,,,,,,,,,
DCP,Ellis County,3/2/2024 0:00,0,0,0,0,0,0,0,0,0,,,,,,,,,
DCP,Ellis County,3/3/2024 0:00,0,0,0,0,0,0,0,0,0,,,,,,,,,
DCP,Ellis County,3/4/2024 0:00,0,0,0,0,0,0,0,0,0,,,,,,,,,
DCP,Ellis County,3/5/2024 0:00,0,0,0,0,0,0,0,0,0,,,,,,,,,
DCP,Ellis County,3/6/2024 0:00,0,0,0,0,0,0,0,0,0,,,,,,,,,
DCP,Ellis County,3/7/2024 0:00,0,0,0,0,0,0,0,0,0,,,,,,,,,
DCP,Ellis County,3/8/2024 0:00,0,0,0,0,0,0,0,0,0,,,,,,,,,
DCP,Ellis County,3/9/2024 0:00,0,0,0,0,0,0,0,0,0,,,,,,,,,
DCP,Ellis County,3/10/2024 0:00,0,0,0,0,0,0,0,0,0,,,,,,,,,
DCP,Ellis County,3/11/2024 0:00,0,0,0,0,0,0,0,0,0,,,,,,,,,
DCP,Ellis County,3/12/2024 0:00,0,0,0,0,0,0,0,0,0,,,,,,,,,
DCP,Ellis County,3/13/2024 0:00,0,0,0,0,0,0,0,0,0,,,,,,,,,
DCP,Ellis County,3/14/2024 0:00,0,0,0,0,0,0,0,0,0,,,,,,,,,
DCP,Ellis County,3/15/2024 0:00,0,0,0,0,0,0,0,0,0,,,,,,,,,
DCP,Ellis County,3/16/2024 0:00,0,0,0,0,0,0,0,0,0,,,,,,,,,
DCP,Ellis County,3/17/2024 0:00,0,0,0,0,0,0,0,0,0,,,,,,,,,
DCP,Ellis County,3/18/2024 0:00,0,0,0,0,0,0,0,0,0,,,,,,,,,
DCP,Ellis County,3/19/2024 0:00,0,0,0,0,0,0,0,0,0,,,,,,,,,
DCP,Ellis County,3/20/2024 0:00,0,0,0,0,0,0,0,0,0,,,,,,,,,
DCP,Ellis County,3/21/2024 0:00,0,0,0,0,0,0,0,0,0,,,,,,,,,
DCP,Ellis County,3/22/2024 0:00,0,0,0,0,0,0,0,0,0,,,,,,,,,
DCP,Ellis County,3/23/2024 0:00,0,0,0,0,0,0,0,0,0,,,,,,,,,
DCP,Ellis County,3/24/2024 0:00,0,0,0,0,0,0,0,0,0,,,,,,,,,
DCP,Ellis County,3/25/2024 0:00,0,0,0,0,0,0,0,0,0,,,,,,,,,
DCP,Ellis County,3/26/2024 0:00,0,0,0,0,0,0,0,0,0,,,,,,,,,
DCP,Ellis County,3/27/2024 0:00,0,0,0,0,0,0,0,0,0,,,,,,,,,
DCP,Ellis County,3/28/2024 0:00,0,0,0,0,0,0,0,0,0,,,,,,,,,
DCP,Ellis County,3/29/2024 0:00,0,0,0,0,0,0,0,0,0,,,,,,,,,
DCP,Ellis County,3/30/2024 0:00,0,0,0,0,0,0,0,0,0,,,,,,,,,
DCP,Ellis County,3/31/2024 0:00,0,0,0,0,0,0,0,0,0,,,,,,,,,
DCP,Ellis County,4/1/2024 0:00,0,0,0,0,0,0,0,0,0,,,,,,,,,
DCP,Ellis County,4/2/2024 0:00,0,0,0,0,0,0,0,0,0,,,,,,,,,
DCP,Ellis County,4/3/2024 0:00,0,0,0,0,0,0,0,0,0,,,,,,,,,
DCP,Ellis County,4/4/2024 0:00,0,0,0,0,0,0,0,0,0,,,,,,,,,
DCP,Ellis County,4/5/2024 0:00,0,0,0,0,0,0,0,0,0,,,,,,,,,
DCP,Ellis County,4/6/2024 0:00,0,0,0,0,0,0,0,0,0,,,,,,,,,
DCP,Ellis County,4/7/2024 0:00,0,0,0,0,0,0,0,0,0,,,,,,,,,
DCP,Ellis County,4/8/2024 0:00,23.07,912.86,21.06,103.25,60.44,0.5968,0.124,9.758,90.016,,,,,,,,,
DCP,Ellis County,4/9/2024 0:00,0,0,0,0,0,0,0,0,0,,,,,,,,,
DCP,Ellis County,4/10/2024 0:00,8.49,912.86,7.75,105.77,65.95,0.5968,0.124,9.758,90.016,,,,,,,,,
DCP,Ellis County,4/11/2024 0:00,42.86,912.86,39.13,108,60.34,0.5968,0.124,9.758,90.016,,,,,,,,,
DCP,Ellis County,4/12/2024 0:00,0,0,0,0,0,0,0,0,0,,,,,,,,,
DCP,Ellis County,4/13/2024 0:00,0,0,0,0,0,0,0,0,0,,,,,,,,,
DCP,Ellis County,4/14/2024 0:00,0,0,0,0,0,0,0,0,0,,,,,,,,,
DCP,Ellis County,4/15/2024 0:00,23,912.86,21,98.69,69.58,0.5968,0.124,9.758,90.016,,,,,,,,,
DCP,Ellis County,4/16/2024 0:00,26,912.86,23.74,101.61,68.11,0.5968,0.124,9.758,90.016,,,,,,,,,
DCP,Ellis County,4/17/2024 0:00,95.62,912.86,87.28,104.3,68.82,0.5968,0.124,9.758,90.016,,,,,,,,,
DCP,Ellis County,4/18/2024 0:00,28.94,912.86,26.42,103.58,60.89,0.5968,0.124,9.758,90.016,,,,,,,,,
DCP,Ellis County,4/19/2024 0:00,0,0,0,0,0,0,0,0,0,,,,,,,,,
DCP,Ellis County,4/20/2024 0:00,0,0,0,0,0,0,0,0,0,,,,,,,,,
DCP,Ellis County,4/21/2024 0:00,0,0,0,0,0,0,0,0,0,,,,,,,,,
DCP,Ellis County,4/22/2024 0:00,0,0,0,0,0,0,0,0,0,,,,,,,,,
DCP,Ellis County,4/23/2024 0:00,0,0,0,0,0,0,0,0,0,,,,,,,,,
DCP,Ellis County,4/24/2024 0:00,0,0,0,0,0,0,0,0,0,,,,,,,,,
DCP,Ellis County,4/25/2024 0:00,1.52,912.86,1.38,102.67,71.98,0.5968,0.124,9.758,90.016,,,,,,,,,
DCP,Ellis County,4/26/2024 0:00,26.04,912.86,23.77,102.82,70.53,0.5968,0.124,9.758,90.016,,,,,,,,,
DCP,Ellis County,4/27/2024 0:00,0,0,0,0,0,0,0,0,0,,,,,,,,,
DCP,Ellis County,4/28/2024 0:00,0,0,0,0,0,0,0,0,0,,,,,,,,,
DCP,Ellis County,4/29/2024 0:00,86.95,912.86,79.37,106.36,66.87,0.5968,0.124,9.758,90.016,,,,,,,,,
DCP,Ellis County,4/30/2024 0:00,35.11,912.86,32.06,105.93,77.2,0.5968,0.124,9.758,90.016,,,,,,,,,
DCP,Ellis County,5/1/2024 0:00,62.73,912.86,57.27,106.5,66.5,0.5968,0.124,9.758,90.016,,,,,,,,,
DCP,Ellis County,5/2/2024 0:00,86.67,912.86,79.12,104.5,64.29,0.5968,0.124,9.758,90.016,,,,,,,,,
DCP,Ellis County,5/3/2024 0:00,39.79,912.86,36.32,100.6,67.14,0.5968,0.124,9.758,90.016,,,,,,,,,
DCP,Ellis County,5/4/2024 0:00,0,0,0,0,0,0,0,0,0,,,,,,,,,
DCP,Ellis County,5/5/2024 0:00,0,0,0,0,0,0,0,0,0,,,,,,,,,
DCP,Ellis County,5/6/2024 0:00,0,0,0,0,0,0,0,0,0,,,,,,,,,
DCP,Ellis County,5/7/2024 0:00,25.97,912.86,23.71,105.42,69.7,0.5968,0.124,9.758,90.016,,,,,,,,,
DCP,Ellis County,5/8/2024 0:00,23.34,912.86,21.31,106.41,69.89,0.5968,0.124,9.758,90.016,,,,,,,,,
DCP,Ellis County,5/9/2024 0:00,78.48,912.86,71.65,105.33,68.14,0.5968,0.124,9.758,90.016,,,,,,,,,
DCP,Ellis County,5/10/2024 0:00,57.24,912.86,52.25,105.79,68.08,0.5968,0.124,9.758,90.016,,,,,,,,,
DCP,Ellis County,5/11/2024 0:00,0,0,0,0,0,0,0,0,0,,,,,,,,,
DCP,Ellis County,5/12/2024 0:00,0,0,0,0,0,0,0,0,0,,,,,,,,,
DCP,Ellis County,5/13/2024 0:00,9.25,912.86,8.45,107.97,68.07,0.5968,0.124,9.758,90.016,,,,,,,,,
DCP,Ellis County,5/14/2024 0:00,0,0,0,0,0,0,0,0,0,,,,,,,,,
DCP,Ellis County,5/15/2024 0:00,0,0,0,0,0,0,0,0,0,,,,,,,,,
DCP,Ellis County,5/16/2024 0:00,4.73,912.86,4.32,108.05,67.82,0.5968,0.124,9.758,90.016,,,,,,,,,
DCP,Ellis County,5/17/2024 0:00,39.31,912.86,35.89,108.75,71.46,0.5968,0.124,9.758,90.016,,,,,,,,,
DCP,Ellis County,5/18/2024 0:00,0,0,0,0,0,0,0,0,0,,,,,,,,,
DCP,Ellis County,5/19/2024 0:00,0,0,0,0,0,0,0,0,0,,,,,,,,,
DCP,Ellis County,5/20/2024 0:00,39.61,912.86,36.16,111.35,75.74,0.5968,0.124,9.758,90.016,,,,,,,,,
DCP,Ellis County,5/21/2024 0:00,73.41,912.86,67.02,112.26,71.28,0.5968,0.124,9.758,90.016,,,,,,,,,
DCP,Ellis County,5/22/2024 0:00,37.89,912.86,34.59,110.6,71.13,0.5968,0.124,9.758,90.016,,,,,,,,,
DCP,Ellis County,5/23/2024 0:00,68.51,912.86,62.54,113.12,72.3,0.5968,0.124,9.758,90.016,,,,,,,,,
DCP,Ellis County,5/24/2024 0:00,45.36,912.86,41.41,124.29,71.7,0.5968,0.124,9.758,90.016,,,,,,,,,
DCP,Ellis County,5/25/2024 0:00,0,0,0,0,0,0,0,0,0,,,,,,,,,
DCP,Ellis County,5/26/2024 0:00,0,0,0,0,0,0,0,0,0,,,,,,,,,
DCP,Ellis County,5/27/2024 0:00,0,0,0,0,0,0,0,0,0,,,,,,,,,
DCP,Ellis County,5/28/2024 0:00,23.36,912.86,21.33,112.06,70.33,0.5968,0.124,9.758,90.016,,,,,,,,,
DCP,Ellis County,5/29/2024 0:00,63.65,912.86,58.11,115.24,73.12,0.5968,0.124,9.758,90.016,,,,,,,,,
DCP,Ellis County,5/30/2024 0:00,48.44,912.86,44.22,114.28,73.88,0.5968,0.124,9.758,90.016,,,,,,,,,
DCP,Ellis County,5/31/2024 0:00,9.87,912.86,9.01,115.74,67.61,0.5968,0.124,9.758,90.016,,,,,,,,,
DCP,Ellis County,6/1/2024 0:00,0,0,0,0,0,0,0,0,0,,,,,,,,,
DCP,Ellis County,6/2/2024 0:00,0,0,0,0,0,0,0,0,0,,,,,,,,,
DCP,Ellis County,6/3/2024 0:00,91.81,912.86,83.81,119.99,71.28,0.5968,0.124,9.758,90.016,,,,,,,,,
DCP,Ellis County,6/4/2024 0:00,167.03,912.86,152.47,123.19,69.4,0.5968,0.124,9.758,90.016,,,,,,,,,
DCP,Ellis County,6/5/2024 0:00,118.02,912.86,107.74,127.16,72.66,0.5968,0.124,9.758,90.016,,,,,,,,,
DCP,Ellis County,6/6/2024 0:00,78.12,912.86,71.31,128.11,75.33,0.5968,0.124,9.758,90.016,,,,,,,,,
DCP,Ellis County,6/7/2024 0:00,59.1,912.86,53.95,124,74.32,0.5968,0.124,9.758,90.016,,,,,,,,,
DCP,Ellis County,6/8/2024 0:00,0,0,0,0,0,0,0,0,0,,,,,,,,,
DCP,Ellis County,6/9/2024 0:00,0,0,0,0,0,0,0,0,0,,,,,,,,,
DCP,Ellis County,6/10/2024 0:00,61.1,912.86,55.78,111.18,72.59,0.5968,0.124,9.758,90.016,,,,,,,,,
DCP,Ellis County,6/11/2024 0:00,48.58,912.86,44.35,114.4,73.6,0.5968,0.124,9.758,90.016,,,,,,,,,
DCP,Ellis County,6/12/2024 0:00,60.01,912.86,54.78,121.68,76.87,0.5968,0.124,9.758,90.016,,,,,,,,,
DCP,Ellis County,6/13/2024 0:00,45.7,912.86,41.72,116.38,78.82,0.5968,0.124,9.758,90.016,,,,,,,,,
DCP,Ellis County,6/14/2024 0:00,71.71,912.86,65.46,118.39,75.34,0.5968,0.124,9.758,90.016,,,,,,,,,
DCP,Ellis County,6/15/2024 0:00,0,0,0,0,0,0,0,0,0,,,,,,,,,
DCP,Ellis County,6/16/2024 0:00,0,0,0,0,0,0,0,0,0,,,,,,,,,
DCP,Ellis County,6/17/2024 0:00,42.5,912.86,38.8,121.3,81.67,0.5968,0.124,9.758,90.016,,,,,,,,,
DCP,Ellis County,6/18/2024 0:00,92.84,912.86,84.75,112.51,77.3,0.5968,0.124,9.758,90.016,,,,,,,,,
DCP,Ellis County,6/19/2024 0:00,156.5,912.86,142.86,114.91,70.21,0.5968,0.124,9.758,90.016,,,,,,,,,
DCP,Ellis County,6/20/2024 0:00,54.14,912.86,49.42,114.37,70.65,0.5968,0.124,9.758,90.016,,,,,,,,,
DCP,Ellis County,6/21/2024 0:00,121.67,912.86,111.07,117.29,74.53,0.5968,0.124,9.758,90.016,,,,,,,,,
DCP,Ellis County,6/22/2024 0:00,111.05,912.86,101.37,111.15,77.08,0.5968,0.124,9.758,90.016,,,,,,,,,
DCP,Ellis County,6/23/2024 0:00,46.96,912.86,42.87,109.58,70.34,0.5968,0.124,9.758,90.016,,,,,,,,,
DCP,Ellis County,6/24/2024 0:00,88.06,912.86,80.38,112.16,78.6,0.5968,0.124,9.758,90.016,,,,,,,,,
DCP,Ellis County,6/25/2024 0:00,124.04,912.86,113.23,119.32,79.74,0.5968,0.124,9.758,90.016,,,,,,,,,
DCP,Ellis County,6/26/2024 0:00,116.36,912.86,106.22,113.27,78.02,0.5968,0.124,9.758,90.016,,,,,,,,,
DCP,Ellis County,6/27/2024 0:00,114.67,912.86,104.68,111.28,78.9,0.5968,0.124,9.758,90.016,,,,,,,,,
DCP,Ellis County,6/28/2024 0:00,79.53,912.86,72.6,110.41,82.32,0.5968,0.124,9.758,90.016,,,,,,,,,
DCP,Ellis County,6/29/2024 0:00,55.45,912.86,50.62,110.08,72.82,0.5968,0.124,9.758,90.016,,,,,,,,,
DCP,Ellis County,6/30/2024 0:00,0,0,0,0,0,0,0,0,0,,,,,,,,,
DCP,Ellis County,7/1/2024 0:00,36.54,912.86,33.36,111.23,82.78,0.5968,0.124,9.758,90.016,,,,,,,,,
DCP,Ellis County,7/2/2024 0:00,152.66,912.86,139.36,114.7,79.5,0.5968,0.124,9.758,90.016,,,,,,,,,
DCP,Ellis County,7/3/2024 0:00,172.97,912.86,157.9,114.8,72.61,0.5968,0.124,9.758,90.016,,,,,,,,,
DCP,Ellis County,7/4/2024 0:00,0,0,0,0,0,0,0,0,0,,,,,,,,,
DCP,Ellis County,7/5/2024 0:00,108.28,912.86,98.85,112.64,74.82,0.5968,0.124,9.758,90.016,,,,,,,,,
DCP,Ellis County,7/6/2024 0:00,132.68,912.86,121.12,110.37,75.12,0.5968,0.124,9.758,90.016,,,,,,,,,
DCP,Ellis County,7/7/2024 0:00,28.4,912.86,25.93,109.21,67.99,0.5968,0.124,9.758,90.016,,,,,,,,,
DCP,Ellis County,7/8/2024 0:00,105.2,912.86,96.03,114.27,76.11,0.5968,0.124,9.758,90.016,,,,,,,,,
DCP,Ellis County,7/9/2024 0:00,206.56,912.86,188.56,113.99,74.58,0.5968,0.124,9.758,90.016,,,,,,,,,
DCP,Ellis County,7/10/2024 0:00,163.94,912.86,149.65,115.55,76.33,0.5968,0.124,9.758,90.016,,,,,,,,,
DCP,Ellis County,7/11/2024 0:00,146.81,912.86,134.02,127.64,77.83,0.5968,0.124,9.758,90.016,,,,,,,,,
DCP,Ellis County,7/12/2024 0:00,51.91,912.86,47.39,136.96,86.74,0.5968,0.124,9.758,90.016,,,,,,,,,
DCP,Ellis County,7/13/2024 0:00,82.7,912.86,75.49,137.22,81.53,0.5968,0.124,9.758,90.016,,,,,,,,,
DCP,Ellis County,7/14/2024 0:00,105.83,912.86,96.61,135.54,81.05,0.5968,0.124,9.758,90.016,,,,,,,,,
DCP,Ellis County,7/15/2024 0:00,129.77,912.86,118.46,132.65,81.82,0.5968,0.124,9.758,90.016,,,,,,,,,
DCP,Ellis County,7/16/2024 0:00,133.93,912.86,122.26,133.33,80.28,0.5968,0.124,9.758,90.016,,,,,,,,,
DCP,Ellis County,7/17/2024 0:00,94.2,912.86,85.99,149.85,77.74,0.5968,0.124,9.758,90.016,,,,,,,,,
DCP,Ellis County,7/18/2024 0:00,73.47,912.86,67.07,151.95,72.38,0.5968,0.124,9.758,90.016,,,,,,,,,
DCP,Ellis County,7/19/2024 0:00,0,0,0,0,0,0,0,0,0,,,,,,,,,
DCP,Ellis County,7/20/2024 0:00,0,0,0,0,0,0,0,0,0,,,,,,,,,
DCP,Ellis County,7/21/2024 0:00,0,0,0,0,0,0,0,0,0,,,,,,,,,
DCP,Ellis County,7/22/2024 0:00,96.64,912.86,88.22,115.79,74.75,0.5968,0.124,9.758,90.016,,,,,,,,,
DCP,Ellis County,7/23/2024 0:00,133.86,912.86,122.2,102,76.14,0.5968,0.124,9.758,90.016,,,,,,,,,
DCP,Ellis County,7/24/2024 0:00,140.72,912.86,128.46,96.93,75.35,0.5968,0.124,9.758,90.016,,,,,,,,,
DCP,Ellis County,7/25/2024 0:00,165.34,912.86,150.93,107.4,76.84,0.5968,0.124,9.758,90.016,,,,,,,,,
DCP,Ellis County,7/26/2024 0:00,185.31,912.86,169.16,112.04,76.38,0.5968,0.124,9.758,90.016,,,,,,,,,
DCP,Ellis County,7/27/2024 0:00,169.8,912.86,155,94.17,77.03,0.5968,0.124,9.758,90.016,,,,,,,,,
DCP,Ellis County,7/28/2024 0:00,91.13,912.86,83.19,87.37,81.42,0.5968,0.124,9.758,90.016,,,,,,,,,
DCP,Ellis County,7/29/2024 0:00,105.7,912.86,96.49,86.98,82.13,0.5968,0.124,9.758,90.016,,,,,,,,,
DCP,Ellis County,7/30/2024 0:00,134.75,912.86,123.01,97.1,81.73,0.5968,0.124,9.758,90.016,,,,,,,,,
DCP,Ellis County,7/31/2024 0:00,36.68,912.86,33.48,92.03,75.74,0.5968,0.124,9.758,90.016,,,,,,,,,
DCP,Ellis County,8/1/2024 0:00,85.85,912.86,78.37,88.43,85.04,0.5968,0.124,9.758,90.016,,,,,,,,,
DCP,Ellis County,8/2/2024 0:00,74.64,912.86,68.14,85.14,78.97,0.5968,0.124,9.758,90.016,,,,,,,,,
DCP,Ellis County,8/3/2024 0:00,0,0,0,0,0,0,0,0,0,,,,,,,,,
DCP,Ellis County,8/4/2024 0:00,0,0,0,0,0,0,0,0,0,,,,,,,,,
DCP,Ellis County,8/5/2024 0:00,76.28,912.86,69.63,95.94,84.43,0.5968,0.124,9.758,90.016,,,,,,,,,
DCP,Ellis County,8/6/2024 0:00,102.49,912.86,93.56,94.14,83.23,0.5968,0.124,9.758,90.016,,,,,,,,,
DCP,Ellis County,8/7/2024 0:00,107.74,912.86,98.35,94.31,77.92,0.5968,0.124,9.758,90.016,,,,,,,,,
DCP,Ellis County,8/8/2024 0:00,44,912.86,40.17,89.03,80.02,0.5968,0.124,9.758,90.016,,,,,,,,,
DCP,Ellis County,8/9/2024 0:00,41.69,912.86,38.05,89.12,70.27,0.5968,0.124,9.758,90.016,,,,,,,,,
DCP,Ellis County,8/10/2024 0:00,0,0,0,0,0,0,0,0,0,,,,,,,,,
DCP,Ellis County,8/11/2024 0:00,0,0,0,0,0,0,0,0,0,,,,,,,,,
DCP,Ellis County,8/12/2024 0:00,82.88,912.86,75.66,89.5,80.44,0.5968,0.124,9.758,90.016,,,,,,,,,
DCP,Ellis County,8/13/2024 0:00,151.97,912.86,138.73,95.92,79.85,0.5968,0.124,9.758,90.016,,,,,,,,,
DCP,Ellis County,8/14/2024 0:00,129.88,912.86,118.56,95.19,81.64,0.5968,0.124,9.758,90.016,,,,,,,,,
DCP,Ellis County,8/15/2024 0:00,85.11,912.86,77.69,94.79,83.48,0.5968,0.124,9.758,90.016,,,,,,,,,
DCP,Ellis County,8/16/2024 0:00,57.72,912.86,52.69,90.92,78.79,0.5968,0.124,9.758,90.016,,,,,,,,,
DCP,Ellis County,8/17/2024 0:00,0,0,0,0,0,0,0,0,0,,,,,,,,,
DCP,Ellis County,8/18/2024 0:00,0,0,0,0,0,0,0,0,0,,,,,,,,,
DCP,Ellis County,8/19/2024 0:00,0,0,0,0,0,0,0,0,0,,,,,,,,,
DCP,Ellis County,8/20/2024 0:00,0,0,0,0,0,0,0,0,0,,,,,,,,,
DCP,Ellis County,8/21/2024 0:00,19.39,912.86,17.7,89.9,76.35,0.5968,0.124,9.758,90.016,,,,,,,,,
DCP,Ellis County,8/22/2024 0:00,0,0,0,0,0,0,0,0,0,,,,,,,,,
DCP,Ellis County,8/23/2024 0:00,7.16,912.86,6.53,85.54,78.74,0.5968,0.124,9.758,90.016,,,,,,,,,
DCP,Ellis County,8/24/2024 0:00,0,0,0,0,0,0,0,0,0,,,,,,,,,
DCP,Ellis County,8/25/2024 0:00,0,0,0,0,0,0,0,0,0,,,,,,,,,
DCP,Ellis County,8/26/2024 0:00,6.77,912.86,6.18,97.39,87.61,0.5968,0.124,9.758,90.016,,,,,,,,,
DCP,Ellis County,8/27/2024 0:00,0,0,0,0,0,0,0,0,0,,,,,,,,,
DCP,Ellis County,8/28/2024 0:00,0,0,0,0,0,0,0,0,0,,,,,,,,,
DCP,Ellis County,8/29/2024 0:00,0,0,0,0,0,0,0,0,0,,,,,,,,,
DCP,Ellis County,8/30/2024 0:00,0,0,0,0,0,0,0,0,0,,,,,,,,,
DCP,Ellis County,8/31/2024 0:00,0,0,0,0,0,0,0,0,0,,,,,,,,,
DCP,Ellis County,9/1/2024 0:00,0,0,0,0,0,0,0,0,0,,,,,,,,,
DCP,Ellis County,9/2/2024 0:00,0,0,0,0,0,0,0,0,0,,,,,,,,,
DCP,Ellis County,9/3/2024 0:00,0.92,912.86,0.84,83.12,67.82,0.5968,0.124,9.758,90.016,,,,,,,,,
DCP,Ellis County,9/4/2024 0:00,0,0,0,0,0,0,0,0,0,,,,,,,,,
DCP,Ellis County,9/5/2024 0:00,0,0,0,0,0,0,0,0,0,,,,,,,,,
DCP,Ellis County,9/6/2024 0:00,59.66,912.86,54.46,86.54,78.35,0.5968,0.124,9.758,90.016,,,,,,,,,
DCP,Ellis County,9/7/2024 0:00,122.86,912.86,112.15,85.44,73.96,0.5968,0.124,9.758,90.016,,,,,,,,,
DCP,Ellis County,9/8/2024 0:00,121.31,912.86,110.74,84.04,74.76,0.5968,0.124,9.758,90.016,,,,,,,,,
DCP,Ellis County,9/9/2024 0:00,131.16,912.86,119.73,84.58,75.86,0.5968,0.124,9.758,90.016,,,,,,,,,
DCP,Ellis County,9/10/2024 0:00,130.14,912.86,118.8,90.86,74.87,0.5968,0.124,9.758,90.016,,,,,,,,,
DCP,Ellis County,9/11/2024 0:00,159.19,912.86,145.32,87.27,74.93,0.5968,0.124,9.758,90.016,,,,,,,,,
DCP,Ellis County,9/12/2024 0:00,132.04,912.86,120.54,94.08,75.19,0.5968,0.124,9.758,90.016,,,,,,,,,
DCP,Ellis County,9/13/2024 0:00,108.2,912.86,98.77,97.21,74.89,0.5968,0.124,9.758,90.016,,,,,,,,,
DCP,Ellis County,9/14/2024 0:00,0,0,0,0,0,0,0,0,0,,,,,,,,,
DCP,Ellis County,9/15/2024 0:00,0,0,0,0,0,0,0,0,0,,,,,,,,,
DCP,Ellis County,9/16/2024 0:00,54.4,912.86,49.66,94.38,80.63,0.5968,0.124,9.758,90.016,,,,,,,,,
DCP,Ellis County,9/17/2024 0:00,65.61,912.86,59.89,94.08,78.87,0.5968,0.124,9.758,90.016,,,,,,,,,
DCP,Ellis County,9/18/2024 0:00,45.75,912.86,41.77,72.16,81.65,0.5968,0.124,9.758,90.016,,,,,,,,,
DCP,Ellis County,9/19/2024 0:00,66.13,912.86,60.37,73.65,75.29,0.5968,0.124,9.758,90.016,,,,,,,,,
DCP,Ellis County,9/20/2024 0:00,0,0,0,0,0,0,0,0,0,,,,,,,,,
DCP,Ellis County,9/21/2024 0:00,177.61,912.86,162.13,98.02,72.25,0.5968,0.124,9.758,90.016,,,,,,,,,
DCP,Ellis County,9/22/2024 0:00,289.69,912.86,264.44,104.83,70.15,0.5968,0.124,9.758,90.016,,,,,,,,,
DCP,Ellis County,9/23/2024 0:00,0,0,0,0,0,0,0,0,0,,,,,,,,,
DCP,Ellis County,9/24/2024 0:00,189.63,912.86,173.11,81.69,72.77,0.5968,0.124,9.758,90.016,,,,,,,,,
DCP,Ellis County,9/25/2024 0:00,478.37,912.86,436.68,83.37,71.84,0.5968,0.124,9.758,90.016,,,,,,,,,
DCP,Ellis County,9/26/2024 0:00,461.53,912.86,421.31,83.4,71.64,0.5968,0.124,9.758,90.016,,,,,,,,,
DCP,Ellis County,9/27/2024 0:00,296.2,912.86,270.39,82.97,71.07,0.5968,0.124,9.758,90.016,,,,,,,,,
DCP,Ellis County,9/28/2024 0:00,0,0,0,0,0,0,0,0,0,,,,,,,,,
DCP,Ellis County,9/29/2024 0:00,0,0,0,0,0,0,0,0,0,,,,,,,,,
DCP,Ellis County,9/30/2024 0:00,0,0,0,0,0,0,0,0,0,,,,,,,,,
DCP,Ellis County,10/1/2024 0:00,0,0,0,0,0,0,0,0,0,,,,,,,,,
DCP,Ellis County,10/2/2024 0:00,102.25,1000.03,102.25,66.77,76.14,0.567,1.155,0.256,98.589,,,,,,,,,
DCP,Ellis County,10/3/2024 0:00,81.1,1000.03,81.1,65.1,76.18,0.567,1.155,0.256,98.589,,,,,,,,,
DCP,Ellis County,10/4/2024 0:00,0,0,0,0,0,0,0,0,0,,,,,,,,,
DCP,Ellis County,10/5/2024 0:00,0,0,0,0,0,0,0,0,0,,,,,,,,,
DCP,Ellis County,10/6/2024 0:00,0,0,0,0,0,0,0,0,0,,,,,,,,,
DCP,Ellis County,10/7/2024 0:00,0,0,0,0,0,0,0,0,0,,,,,,,,,
DCP,Ellis County,10/8/2024 0:00,140.26,1000.03,140.27,78.5,72.58,0.567,1.155,0.256,98.589,,,,,,,,,
DCP,Ellis County,10/9/2024 0:00,222.66,1000.03,222.66,86.65,72.1,0.567,1.155,0.256,98.589,,,,,,,,,
DCP,Ellis County,10/10/2024 0:00,0,0,0,0,0,0,0,0,0,,,,,,,,,
DCP,Ellis County,10/11/2024 0:00,0,0,0,0,0,0,0,0,0,,,,,,,,,
DCP,Ellis County,10/12/2024 0:00,0,0,0,0,0,0,0,0,0,,,,,,,,,
DCP,Ellis County,10/13/2024 0:00,0,0,0,0,0,0,0,0,0,,,,,,,,,
DCP,Ellis County,10/14/2024 0:00,0,0,0,0,0,0,0,0,0,,,,,,,,,
DCP,Ellis County,10/15/2024 0:00,206,1000.03,206.01,105.77,68.12,0.567,1.155,0.256,98.589,,,,,,,,,
DCP,Ellis County,10/16/2024 0:00,306.14,1000.03,306.15,105.66,65.95,0.567,1.155,0.256,98.589,,,,,,,,,
DCP,Ellis County,10/17/2024 0:00,141.64,1000.03,141.64,118.8,68.68,0.567,1.155,0.256,98.589,,,,,,,,,
DCP,Ellis County,10/18/2024 0:00,145.63,1000.03,145.63,113.15,68.82,0.567,1.155,0.256,98.589,,,,,,,,,
DCP,Ellis County,10/19/2024 0:00,0,0,0,0,0,0,0,0,0,,,,,,,,,
DCP,Ellis County,10/20/2024 0:00,0,0,0,0,0,0,0,0,0,,,,,,,,,
DCP,Ellis County,10/21/2024 0:00,118.23,1000.03,118.23,102.83,69.26,0.567,1.155,0.256,98.589,,,,,,,,,
DCP,Ellis County,10/22/2024 0:00,253.41,1000.03,253.42,99.82,70.14,0.567,1.155,0.256,98.589,,,,,,,,,
DCP,Ellis County,10/23/2024 0:00,486.64,1000.03,486.65,99.99,67.55,0.567,1.155,0.256,98.589,,,,,,,,,
DCP,Ellis County,10/24/2024 0:00,225.28,1000.03,225.29,95.66,66.49,0.567,1.155,0.256,98.589,,,,,,,,,
DCP,Ellis County,10/25/2024 0:00,0,0,0,0,0,0,0,0,0,,,,,,,,,
DCP,Ellis County,10/26/2024 0:00,0,0,0,0,0,0,0,0,0,,,,,,,,,
DCP,Ellis County,10/27/2024 0:00,0,0,0,0,0,0,0,0,0,,,,,,,,,
DCP,Ellis County,10/28/2024 0:00,0,0,0,0,0,0,0,0,0,,,,,,,,,
DCP,Ellis County,10/29/2024 0:00,22.65,1000.03,22.65,71.64,74.8,0.567,1.155,0.256,98.589,,,,,,,,,
DCP,Ellis County,10/30/2024 0:00,30.49,1000.03,30.49,80.2,73.74,0.567,1.155,0.256,98.589,,,,,,,,,
DCP,Ellis County,10/31/2024 0:00,126.99,1000.03,126.99,73.31,64.37,0.567,1.155,0.256,98.589,,,,,,,,,
DCP,Ellis County,11/1/2024 0:00,209.95,1000.03,209.96,73.64,64.38,0.567,1.155,0.256,98.589,,,,,,,,,
DCP,Ellis County,11/2/2024 0:00,0,0,0,0,0,0,0,0,0,,,,,,,,,
DCP,Ellis County,11/3/2024 0:00,0,0,0,0,0,0,0,0,0,,,,,,,,,
DCP,Ellis County,11/4/2024 0:00,96.16,1000.03,96.17,69.3,60.48,0.567,1.155,0.256,98.589,,,,,,,,,
DCP,Ellis County,11/5/2024 0:00,193.47,1000.03,193.48,76.59,61.11,0.567,1.155,0.256,98.589,,,,,,,,,
DCP,Ellis County,11/6/2024 0:00,157.72,1000.03,157.72,89.83,61.14,0.567,1.155,0.256,98.589,,,,,,,,,
DCP,Ellis County,11/7/2024 0:00,185.21,1000.03,185.21,88.79,59.03,0.567,1.155,0.256,98.589,,,,,,,,,
DCP,Ellis County,11/8/2024 0:00,17.73,1000.03,17.73,84.93,53.15,0.567,1.155,0.256,98.589,,,,,,,,,
DCP,Ellis County,11/9/2024 0:00,0,0,0,0,0,0,0,0,0,,,,,,,,,
DCP,Ellis County,11/10/2024 0:00,0,0,0,0,0,0,0,0,0,,,,,,,,,
DCP,Ellis County,11/11/2024 0:00,0,0,0,0,0,0,0,0,0,,,,,,,,,
DCP,Ellis County,11/12/2024 0:00,211.46,1000.03,211.47,100.46,61.54,0.567,1.155,0.256,98.589,,,,,,,,,
DCP,Ellis County,11/13/2024 0:00,431.87,1000.03,431.88,100.21,59.69,0.567,1.155,0.256,98.589,,,,,,,,,
DCP,Ellis County,11/14/2024 0:00,244.48,1000.03,244.49,94.41,58.56,0.567,1.155,0.256,98.589,,,,,,,,,
DCP,Ellis County,11/15/2024 0:00,308.71,1000.03,308.72,98.85,59.9,0.567,1.155,0.256,98.589,,,,,,,,,
DCP,Ellis County,11/16/2024 0:00,0,0,0,0,0,0,0,0,0,,,,,,,,,
DCP,Ellis County,11/17/2024 0:00,0,0,0,0,0,0,0,0,0,,,,,,,,,
DCP,Ellis County,11/18/2024 0:00,131.14,1000.03,131.14,91,57.26,0.567,1.155,0.256,98.589,,,,,,,,,
DCP,Ellis County,11/19/2024 0:00,300.8,1000.03,300.81,99.85,57.7,0.567,1.155,0.256,98.589,,,,,,,,,
DCP,Ellis County,11/20/2024 0:00,66.22,1000.03,66.22,79.42,55.86,0.567,1.155,0.256,98.589,,,,,,,,,
DCP,Ellis County,11/21/2024 0:00,78.5,1000.03,78.51,80.71,54.79,0.567,1.155,0.256,98.589,,,,,,,,,
DCP,Ellis County,11/22/2024 0:00,0,0,0,0,0,0,0,0,0,,,,,,,,,
DCP,Ellis County,11/23/2024 0:00,0,0,0,0,0,0,0,0,0,,,,,,,,,
DCP,Ellis County,11/24/2024 0:00,0,0,0,0,0,0,0,0,0,,,,,,,,,
DCP,Ellis County,11/25/2024 0:00,0,0,0,0,0,0,0,0,0,,,,,,,,,
DCP,Ellis County,11/26/2024 0:00,0,0,0,0,0,0,0,0,0,,,,,,,,,
DCP,Ellis County,11/27/2024 0:00,0,0,0,0,0,0,0,0,0,,,,,,,,,
DCP,Ellis County,11/28/2024 0:00,0,0,0,0,0,0,0,0,0,,,,,,,,,
DCP,Ellis County,11/29/2024 0:00,0,0,0,0,0,0,0,0,0,,,,,,,,,
DCP,Ellis County,11/30/2024 0:00,0,0,0,0,0,0,0,0,0,,,,,,,,,
DCP,Ellis County,12/1/2024 0:00,0,0,0,0,0,0,0,0,0,,,,,,,,,
DCP,Ellis County,12/2/2024 0:00,266.03,1000.03,266.04,100.67,53.9,0.567,1.155,0.256,98.589,,,,,,,,,
DCP,Ellis County,12/3/2024 0:00,250.43,1000.03,250.44,103.35,52.46,0.567,1.155,0.256,98.589,,,,,,,,,
DCP,Ellis County,12/4/2024 0:00,114.52,1000.03,114.53,93.69,57.11,0.567,1.155,0.256,98.589,,,,,,,,,
DCP,Ellis County,12/5/2024 0:00,0,0,0,0,0,0,0,0,0,,,,,,,,,
DCP,Ellis County,12/6/2024 0:00,0,0,0,0,0,0,0,0,0,,,,,,,,,
DCP,Ellis County,12/7/2024 0:00,0,0,0,0,0,0,0,0,0,,,,,,,,,
DCP,Ellis County,12/8/2024 0:00,0,0,0,0,0,0,0,0,0,,,,,,,,,
DCP,Ellis County,12/9/2024 0:00,78.4,1000.03,78.41,75.13,52.59,0.567,1.155,0.256,98.589,,,,,,,,,
DCP,Ellis County,12/10/2024 0:00,54.17,1000.03,54.18,74.58,47.78,0.567,1.155,0.256,98.589,,,,,,,,,
DCP,Ellis County,12/11/2024 0:00,12.07,1000.03,12.08,71.72,56.26,0.567,1.155,0.256,98.589,,,,,,,,,
DCP,Ellis County,12/12/2024 0:00,75.43,1000.03,75.43,76.43,53.31,0.567,1.155,0.256,98.589,,,,,,,,,
DCP,Ellis County,12/13/2024 0:00,120.25,1000.03,120.25,61182,51.13,0.567,1.155,0.256,98.589,,,,,,,,,
DCP,Ellis County,12/14/2024 0:00,0,0,0,0,0,0,0,0,0,,,,,,,,,
DCP,Ellis County,12/15/2024 0:00,0,0,0,0,0,0,0,0,0,,,,,,,,,
DCP,Ellis County,12/16/2024 0:00,36.66,1000.03,36.66,108.65,55.78,0.567,1.155,0.256,98.589,,,,,,,,,
DCP,Ellis County,12/17/2024 0:00,44.77,1000.03,44.77,103.69,55.25,0.567,1.155,0.256,98.589,,,,,,,,,
DCP,Ellis County,12/18/2024 0:00,36.29,1000.03,36.29,106.01,52.82,0.567,1.155,0.256,98.589,,,,,,,,,
DCP,Ellis County,12/19/2024 0:00,0,0,0,0,0,0,0,0,0,,,,,,,,,
DCP,Ellis County,12/20/2024 0:00,21.9,1000.03,21.9,100.29,49.78,0.567,1.155,0.256,98.589,,,,,,,,,
DCP,Ellis County,12/21/2024 0:00,0,0,0,0,0,0,0,0,0,,,,,,,,,
DCP,Ellis County,12/22/2024 0:00,0,0,0,0,0,0,0,0,0,,,,,,,,,
DCP,Ellis County,12/23/2024 0:00,0.01,1000.03,0.01,85.49,46.44,0.567,1.155,0.256,98.589,,,,,,,,,
DCP,Ellis County,12/24/2024 0:00,0,0,0,0,0,0,0,0,0,,,,,,,,,
DCP,Ellis County,12/25/2024 0:00,0,0,0,0,0,0,0,0,0,,,,,,,,,
DCP,Ellis County,12/26/2024 0:00,0,0,0,0,0,0,0,0,0,,,,,,,,,
DCP,Ellis County,12/27/2024 0:00,0,0,0,0,0,0,0,0,0,,,,,,,,,
DCP,Ellis County,12/28/2024 0:00,0,0,0,0,0,0,0,0,0,,,,,,,,,
DCP,Ellis County,12/29/2024 0:00,0,0,0,0,0,0,0,0,0,,,,,,,,,
DCP,Ellis County,12/30/2024 0:00,0,0,0,0,0,0,0,0,0,,,,,,,,,
DCP,Ellis County,12/31/2024 0:00,0,0,0,0,0,0,0,0,0,,,,,,,,,
DCP,Ellis County,1/1/2025 0:00,0,0,0,0,0,0,0,0,0,,,,,,,,,
DCP,Ellis County,1/2/2025 0:00,0.58,1000.03,0.58,68.57,40.18,0.567,1.155,0.256,98.589,,,,,,,,,
DCP,Ellis County,1/3/2025 0:00,0,0,0,0,0,0,0,0,0,,,,,,,,,
DCP,Ellis County,1/4/2025 0:00,0,0,0,0,0,0,0,0,0,,,,,,,,,
DCP,Ellis County,1/5/2025 0:00,0,0,0,0,0,0,0,0,0,,,,,,,,,
DCP,Ellis County,1/6/2025 0:00,0,0,0,0,0,0,0,0,0,,,,,,,,,
DCP,Ellis County,1/7/2025 0:00,82,1000.03,82.01,81.54,43.05,0.567,1.155,0.256,98.589,,,,,,,,,
DCP,Ellis County,1/8/2025 0:00,168.98,1000.03,168.99,86.03,43.84,0.567,1.155,0.256,98.589,,,,,,,,,
DCP,Ellis County,1/9/2025 0:00,228.05,1000.03,228.06,92.97,42.98,0.567,1.155,0.256,98.589,,,,,,,,,
DCP,Ellis County,1/10/2025 0:00,0,0,0,0,0,0,0,0,0,,,,,,,,,
DCP,Ellis County,1/11/2025 0:00,0,0,0,0,0,0,0,0,0,,,,,,,,,
DCP,Ellis County,1/12/2025 0:00,0,0,0,0,0,0,0,0,0,,,,,,,,,
DCP,Ellis County,1/13/2025 0:00,0,0,0,0,0,0,0,0,0,,,,,,,,,
DCP,Ellis County,1/14/2025 0:00,118.94,1000.03,118.95,99.95,46.07,0.567,1.155,0.256,98.589,,,,,,,,,
DCP,Ellis County,1/15/2025 0:00,118.59,1000.03,118.59,94.92,42.5,0.567,1.155,0.256,98.589,,,,,,,,,
DCP,Ellis County,1/16/2025 0:00,112.76,1000.03,112.76,92.83,49.8,0.567,1.155,0.256,98.589,,,,,,,,,
DCP,Ellis County,1/17/2025 0:00,0,0,0,0,0,0,0,0,0,,,,,,,,,
DCP,Ellis County,1/18/2025 0:00,0,0,0,0,0,0,0,0,0,,,,,,,,,
DCP,Ellis County,1/19/2025 0:00,0,0,0,0,0,0,0,0,0,,,,,,,,,
DCP,Ellis County,1/20/2025 0:00,0,0,0,0,0,0,0,0,0,,,,,,,,,
DCP,Ellis County,1/21/2025 0:00,0,0,0,0,0,0,0,0,0,,,,,,,,,
DCP,Ellis County,1/22/2025 0:00,0,0,0,0,0,0,0,0,0,,,,,,,,,
DCP,Ellis County,1/23/2025 0:00,0,0,0,0,0,0,0,0,0,,,,,,,,,
DCP,Ellis County,1/24/2025 0:00,0,0,0,0,0,0,0,0,0,,,,,,,,,
DCP,Ellis County,1/25/2025 0:00,0,0,0,0,0,0,0,0,0,,,,,,,,,
DCP,Ellis County,1/26/2025 0:00,0,0,0,0,0,0,0,0,0,,,,,,,,,
DCP,Ellis County,1/27/2025 0:00,0,0,0,0,0,0,0,0,0,,,,,,,,,
DCP,Ellis County,1/28/2025 0:00,0,0,0,0,0,0,0,0,0,,,,,,,,,
DCP,Ellis County,1/29/2025 0:00,0,0,0,0,0,0,0,0,0,,,,,,,,,
DCP,Ellis County,1/30/2025 0:00,88.8,1000.03,88.8,90.31,46.64,0.567,1.155,0.256,98.589,,,,,,,,,
DCP,Ellis County,1/31/2025 0:00,65.04,1000.03,65.04,90.12,41.41,0.567,1.155,0.256,98.589,,,,,,,,,
DCP,Ellis County,2/1/2025 0:00,0,0,0,0,0,0,0,0,0,,,,,,,,,
DCP,Ellis County,2/2/2025 0:00,0,0,0,0,0,0,0,0,0,,,,,,,,,
DCP,Ellis County,2/3/2025 0:00,0,0,0,0,0,0,0,0,0,,,,,,,,,
DCP,Ellis County,2/4/2025 0:00,0,0,0,0,0,0,0,0,0,,,,,,,,,
DCP,Ellis County,2/5/2025 0:00,0,0,0,0,0,0,0,0,0,,,,,,,,,
DCP,Ellis County,2/6/2025 0:00,0,0,0,0,0,0,0,0,0,,,,,,,,,
DCP,Ellis County,2/7/2025 0:00,0,0,0,0,0,0,0,0,0,,,,,,,,,
DCP,Ellis County,2/8/2025 0:00,0,0,0,0,0,0,0,0,0,,,,,,,,,
DCP,Ellis County,2/9/2025 0:00,0,0,0,0,0,0,0,0,0,,,,,,,,,
DCP,Ellis County,2/10/2025 0:00,0,0,0,0,0,0,0,0,0,,,,,,,,,
DCP,Ellis County,2/11/2025 0:00,0,0,0,0,0,0,0,0,0,,,,,,,,,
DCP,Ellis County,2/12/2025 0:00,0,0,0,0,0,0,0,0,0,,,,,,,,,
DCP,Ellis County,2/13/2025 0:00,0,0,0,0,0,0,0,0,0,,,,,,,,,
DCP,Ellis County,2/14/2025 0:00,0,0,0,0,0,0,0,0,0,,,,,,,,,
DCP,Ellis County,2/15/2025 0:00,0,0,0,0,0,0,0,0,0,,,,,,,,,
DCP,Ellis County,2/16/2025 0:00,0,0,0,0,0,0,0,0,0,,,,,,,,,
DCP,Ellis County,2/17/2025 0:00,0,0,0,0,0,0,0,0,0,,,,,,,,,
DCP,Ellis County,2/18/2025 0:00,0,0,0,0,0,0,0,0,0,,,,,,,,,
DCP,Ellis County,2/19/2025 0:00,0,0,0,0,0,0,0,0,0,,,,,,,,,
DCP,Ellis County,2/20/2025 0:00,0,0,0,0,0,0,0,0,0,,,,,,,,,
DCP,Ellis County,2/21/2025 0:00,0,0,0,0,0,0,0,0,0,,,,,,,,,
DCP,Ellis County,2/22/2025 0:00,0,0,0,0,0,0,0,0,0,,,,,,,,,
DCP,Ellis County,2/23/2025 0:00,0,0,0,0,0,0,0,0,0,,,,,,,,,
DCP,Ellis County,2/24/2025 0:00,0,0,0,0,0,0,0,0,0,,,,,,,,,
DCP,Ellis County,2/25/2025 0:00,0,0,0,0,0,0,0,0,0,,,,,,,,,
DCP,Ellis County,2/26/2025 0:00,0,0,0,0,0,0,0,0,0,,,,,,,,,
DCP,Ellis County,2/27/2025 0:00,51.1,1000.03,51.1,76.72,55.1,0.567,1.155,0.256,98.589,,,,,,,,,
DCP,Ellis County,2/28/2025 0:00,38.59,1000.03,38.59,85.12,59.27,0.567,1.155,0.256,98.589,,,,,,,,,
DCP,Ellis County,3/1/2025 0:00,0,0,0,0,0,0,0,0,0,,,,,,,,,
DCP,Ellis County,3/2/2025 0:00,0,0,0,0,0,0,0,0,0,,,,,,,,,
DCP,Ellis County,3/3/2025 0:00,0,0,0,0,0,0,0,0,0,,,,,,,,,
DCP,Ellis County,3/4/2025 0:00,0,0,0,0,0,0,0,0,0,,,,,,,,,
DCP,Ellis County,3/5/2025 0:00,0,0,0,0,0,0,0,0,0,,,,,,,,,
DCP,Ellis County,3/6/2025 0:00,0,0,0,0,0,0,0,0,0,,,,,,,,,
DCP,Ellis County,3/7/2025 0:00,0,0,0,0,0,0,0,0,0,,,,,,,,,
DCP,Ellis County,3/8/2025 0:00,0,0,0,0,0,0,0,0,0,,,,,,,,,
DCP,Ellis County,3/9/2025 0:00,0,0,0,0,0,0,0,0,0,,,,,,,,,
DCP,Ellis County,3/10/2025 0:00,0,0,0,0,0,0,0,0,0,,,,,,,,,
DCP,Ellis County,3/11/2025 0:00,0,0,0,0,0,0,0,0,0,,,,,,,,,
DCP,Ellis County,3/12/2025 0:00,0,0,0,0,0,0,0,0,0,,,,,,,,,
DCP,Ellis County,3/13/2025 0:00,0,0,0,0,0,0,0,0,0,,,,,,,,,
DCP,Ellis County,3/14/2025 0:00,0,0,0,0,0,0,0,0,0,,,,,,,,,
DCP,Ellis County,3/15/2025 0:00,0,0,0,0,0,0,0,0,0,,,,,,,,,
DCP,Ellis County,3/16/2025 0:00,0,0,0,0,0,0,0,0,0,,,,,,,,,
DCP,Ellis County,3/17/2025 0:00,0,0,0,0,0,0,0,0,0,,,,,,,,,
DCP,Ellis County,3/18/2025 0:00,0,0,0,0,0,0,0,0,0,,,,,,,,,
DCP,Ellis County,3/19/2025 0:00,0,0,0,0,0,0,0,0,0,,,,,,,,,
DCP,Ellis County,3/20/2025 0:00,0,0,0,0,0,0,0,0,0,,,,,,,,,
DCP,Ellis County,3/21/2025 0:00,0,0,0,0,0,0,0,0,0,,,,,,,,,
DCP,Ellis County,3/22/2025 0:00,0,0,0,0,0,0,0,0,0,,,,,,,,,
DCP,Ellis County,3/23/2025 0:00,0,0,0,0,0,0,0,0,0,,,,,,,,,
DCP,Ellis County,3/24/2025 0:00,0,0,0,0,0,0,0,0,0,,,,,,,,,
DCP,Ellis County,3/25/2025 0:00,0,0,0,0,0,0,0,0,0,,,,,,,,,
DCP,Ellis County,3/26/2025 0:00,0,0,0,0,0,0,0,0,0,,,,,,,,,
DCP,Ellis County,3/27/2025 0:00,0,0,0,0,0,0,0,0,0,,,,,,,,,
DCP,Ellis County,3/28/2025 0:00,0,0,0,0,0,0,0,0,0,,,,,,,,,
DCP,Ellis County,3/29/2025 0:00,0,0,0,0,0,0,0,0,0,,,,,,,,,
DCP,Ellis County,3/30/2025 0:00,0,0,0,0,0,0,0,0,0,,,,,,,,,
DCP,Ellis County,3/31/2025 0:00,0,0,0,0,0,0,0,0,0,,,,,,,,,
DCP,Ellis County,4/1/2025 0:00,0,0,0,0,0,0,0,0,0,,,,,,,,,
DCP,Ellis County,4/2/2025 0:00,0,0,0,0,0,0,0,0,0,,,,,,,,,
DCP,Ellis County,4/3/2025 0:00,0,0,0,0,0,0,0,0,0,,,,,,,,,
DCP,Ellis County,4/4/2025 0:00,0,0,0,0,0,0,0,0,0,,,,,,,,,
DCP,Ellis County,4/5/2025 0:00,0,0,0,0,0,0,0,0,0,,,,,,,,,
DCP,Ellis County,4/6/2025 0:00,0,0,0,0,0,0,0,0,0,,,,,,,,,
DCP,Ellis County,4/7/2025 0:00,0,0,0,0,0,0,0,0,0,,,,,,,,,
DCP,Ellis County,4/8/2025 0:00,0,0,0,0,0,0,0,0,0,,,,,,,,,
DCP,Ellis County,4/9/2025 0:00,0,0,0,0,0,0,0,0,0,,,,,,,,,
DCP,Ellis County,4/10/2025 0:00,47.65,1000.03,47.65,74.14,61.73,0.567,0,1.155,0.256,,,,,,,,,
DCP,Ellis County,4/11/2025 0:00,154.12,1000.03,154.12,69.13,58.2,0.567,0,1.155,0.256,,,,,,,,,
DCP,Ellis County,4/12/2025 0:00,156.1,1000.03,156.11,70.44,62.63,0.567,0,1.155,0.256,,,,,,,,,
DCP,Ellis County,4/13/2025 0:00,56.57,1000.03,56.57,68.51,60.51,0.567,0,1.155,0.256,,,,,,,,,
DCP,Ellis County,4/14/2025 0:00,39.53,1000.03,39.53,70.97,60,0.567,0,1.155,0.256,,,,,,,,,
DCP,Ellis County,4/15/2025 0:00,1.83,1000.03,1.83,67.3,73.95,0.567,0,1.155,0.256,,,,,,,,,
DCP,Ellis County,4/16/2025 0:00,172.99,1000.03,172.99,76.33,63.67,0.567,0,1.155,0.256,,,,,,,,,
DCP,Ellis County,4/17/2025 0:00,309.35,1000.03,309.36,86.11,64.63,0.567,0,1.155,0.256,,,,,,,,,
DCP,Ellis County,4/18/2025 0:00,162.93,1000.03,162.94,80.49,57.92,0.567,0,1.155,0.256,,,,,,,,,
DCP,Ellis County,4/19/2025 0:00,78.55,1000.03,78.55,74.68,51.94,0.567,0,1.155,0.256,,,,,,,,,
DCP,Ellis County,4/20/2025 0:00,0,0,0,0,0,0,0,0,0,,,,,,,,,
DCP,Ellis County,4/21/2025 0:00,79.9,1000.03,79.9,74.5,64.1,0.567,0,1.155,0.256,,,,,,,,,
DCP,Ellis County,4/22/2025 0:00,86.5,1000.03,86.51,82.01,67.96,0.567,0,1.155,0.256,,,,,,,,,
DCP,Ellis County,4/23/2025 0:00,70.48,1000.03,70.48,73.81,65.42,0.567,0,1.155,0.256,,,,,,,,,
DCP,Ellis County,4/24/2025 0:00,151.77,1000.03,151.78,73.43,62.78,0.567,0,1.155,0.256,,,,,,,,,
DCP,Ellis County,4/25/2025 0:00,111.93,1000.03,111.94,73.63,58.95,0.567,0,1.155,0.256,,,,,,,,,
DCP,Ellis County,4/26/2025 0:00,0,0,0,0,0,0,0,0,0,,,,,,,,,
DCP,Ellis County,4/27/2025 0:00,0,0,0,0,0,0,0,0,0,,,,,,,,,
DCP,Ellis County,4/28/2025 0:00,0,0,0,0,0,0,0,0,0,,,,,,,,,
DCP,Ellis County,4/29/2025 0:00,0,0,0,0,0,0,0,0,0,,,,,,,,,
DCP,Ellis County,4/30/2025 0:00,37.73,1000.03,37.74,75.6,65.37,0.567,0,1.155,0.256,,,,,,,,,
DCP,Ellis County,5/1/2025 0:00,184.78,1000.03,184.79,85.09,61.52,0.567,1.155,0.256,98.589,,,,,,,,,
DCP,Ellis County,5/2/2025 0:00,65.64,1000.03,65.64,85.58,60.91,0.567,1.155,0.256,98.589,,,,,,,,,
DCP,Ellis County,5/3/2025 0:00,0,0,0,0,0,0,0,0,0,,,,,,,,,
DCP,Ellis County,5/4/2025 0:00,0,0,0,0,0,0,0,0,0,,,,,,,,,
DCP,Ellis County,5/5/2025 0:00,0,0,0,0,0,0,0,0,0,,,,,,,,,
DCP,Ellis County,5/6/2025 0:00,0,0,0,0,0,0,0,0,0,,,,,,,,,
DCP,Ellis County,5/7/2025 0:00,0,0,0,0,0,0,0,0,0,,,,,,,,,
DCP,Ellis County,5/8/2025 0:00,0,0,0,0,0,0,0,0,0,,,,,,,,,
DCP,Ellis County,5/9/2025 0:00,0,0,0,0,0,0,0,0,0,,,,,,,,,
DCP,Ellis County,5/10/2025 0:00,0,0,0,0,0,0,0,0,0,,,,,,,,,
DCP,Ellis County,5/11/2025 0:00,0,0,0,0,0,0,0,0,0,,,,,,,,,
DCP,Ellis County,5/12/2025 0:00,115.85,1000.03,115.85,90.42,65.22,0.567,1.155,0.256,98.589,,,,,,,,,
DCP,Ellis County,5/13/2025 0:00,45.37,1000.03,45.38,83.75,73.17,0.567,1.155,0.256,98.589,,,,,,,,,
DCP,Ellis County,5/14/2025 0:00,168.46,1000.03,168.46,85.44,67.2,0.567,1.155,0.256,98.589,,,,,,,,,
DCP,Ellis County,5/15/2025 0:00,358.57,1000.03,358.58,85.4,62.05,0.567,1.155,0.256,98.589,,,,,,,,,
DCP,Ellis County,5/16/2025 0:00,452.53,1000.03,452.54,89.83,62.85,0.567,1.155,0.256,98.589,,,,,,,,,
DCP,Ellis County,5/17/2025 0:00,516.99,1000.03,517.01,93.66,62.3,0.567,1.155,0.256,98.589,,,,,,,,,
DCP,Ellis County,5/18/2025 0:00,425.6,1000.03,425.61,87.17,64.03,0.567,1.155,0.256,98.589,,,,,,,,,
DCP,Ellis County,5/19/2025 0:00,444.2,1000.03,444.21,87.09,64.86,0.567,1.155,0.256,98.589,,,,,,,,,
DCP,Ellis County,5/20/2025 0:00,329.84,1000.03,329.85,85.94,62.85,0.567,1.155,0.256,98.589,,,,,,,,,
DCP,Ellis County,5/21/2025 0:00,160.45,1000.03,160.45,73.31,67.32,0.567,1.155,0.256,98.589,,,,,,,,,
DCP,Ellis County,5/22/2025 0:00,215.86,1000.03,215.87,74.12,64.57,0.567,1.155,0.256,98.589,,,,,,,,,
DCP,Ellis County,5/23/2025 0:00,273.02,1000.03,273.02,79.17,65.02,0.567,1.155,0.256,98.589,,,,,,,,,
DCP,Ellis County,5/24/2025 0:00,419,1000.03,419.01,78.28,64.57,0.567,1.155,0.256,98.589,,,,,,,,,
DCP,Ellis County,5/25/2025 0:00,480.75,1000.03,480.77,82.99,64.31,0.567,1.155,0.256,98.589,,,,,,,,,
DCP,Ellis County,5/26/2025 0:00,429.87,1000.03,429.88,90.04,62.26,0.567,1.155,0.256,98.589,,,,,,,,,
DCP,Ellis County,5/27/2025 0:00,488.91,1000.03,488.92,82.36,62.68,0.567,1.155,0.256,98.589,,,,,,,,,
DCP,Ellis County,5/28/2025 0:00,365.52,1000.03,365.53,79.83,62.98,0.567,1.155,0.256,98.589,,,,,,,,,
DCP,Ellis County,5/29/2025 0:00,337.67,1000.03,337.68,108.8,61.86,0.567,1.155,0.256,98.589,,,,,,,,,
DCP,Ellis County,5/30/2025 0:00,358.07,1000.03,358.08,100.46,63.98,0.567,1.155,0.256,98.589,,,,,,,,,
DCP,Ellis County,5/31/2025 0:00,243.1,1000.03,243.1,102.17,65.82,0.567,1.155,0.256,98.589,,,,,,,,,
DCP,Ellis County,6/1/2025 0:00,0,0,0,0,0,0,0,0,0,,,,,,,,,
DCP,Ellis County,6/2/2025 0:00,163.64,1000.03,163.64,97.93,67.85,0.567,1.155,0.256,98.589,,,,,,,,,
DCP,Ellis County,6/3/2025 0:00,362.34,1000.03,362.35,88.29,63.44,0.567,1.155,0.256,98.589,,,,,,,,,
DCP,Ellis County,6/4/2025 0:00,382.15,1000.03,382.16,82.64,63.21,0.567,1.155,0.256,98.589,,,,,,,,,
DCP,Ellis County,6/5/2025 0:00,296.97,1000.03,296.98,83.12,63.35,0.567,1.155,0.256,98.589,,,,,,,,,
DCP,Ellis County,6/6/2025 0:00,0,0,0,0,0,0,0,0,0,,,,,,,,,
DCP,Ellis County,6/7/2025 0:00,0,0,0,0,0,0,0,0,0,,,,,,,,,
DCP,Ellis County,6/8/2025 0:00,0,0,0,0,0,0,0,0,0,,,,,,,,,
DCP,Ellis County,6/9/2025 0:00,0,0,0,0,0,0,0,0,0,,,,,,,,,
DCP,Ellis County,6/10/2025 0:00,150.7,1000.03,150.7,76.1,70.25,0.567,1.155,0.256,98.589,,,,,,,,,
DCP,Ellis County,6/11/2025 0:00,253.55,1000.03,253.56,66.83,67.31,0.567,1.155,0.256,98.589,,,,,,,,,
DCP,Ellis County,6/12/2025 0:00,250.44,1000.03,250.45,62.14,67.54,0.567,1.155,0.256,98.589,,,,,,,,,
DCP,Ellis County,6/13/2025 0:00,211.67,1000.03,211.67,88.55,69.74,0.567,1.155,0.256,98.589,,,,,,,,,
DCP,Ellis County,6/14/2025 0:00,162.77,1000.03,162.77,58.16,71.09,0.567,1.155,0.256,98.589,,,,,,,,,
DCP,Ellis County,6/15/2025 0:00,174.47,1000.03,174.47,67.29,69.28,0.567,1.155,0.256,98.589,,,,,,,,,
DCP,Ellis County,6/16/2025 0:00,146.78,1000.03,146.79,66.23,71.43,0.567,1.155,0.256,98.589,,,,,,,,,
DCP,Ellis County,6/17/2025 0:00,180.76,1000.03,180.76,71.34,71.12,0.567,1.155,0.256,98.589,,,,,,,,,
DCP,Ellis County,6/18/2025 0:00,262.43,1000.03,262.44,72.66,68.78,0.567,1.155,0.256,98.589,,,,,,,,,
DCP,Ellis County,6/19/2025 0:00,434.22,1000.03,434.24,80.34,70.1,0.567,1.155,0.256,98.589,,,,,,,,,
DCP,Ellis County,6/20/2025 0:00,295.81,1000.03,295.82,80.54,71.97,0.567,1.155,0.256,98.589,,,,,,,,,
DCP,Ellis County,6/21/2025 0:00,0,0,0,0,0,0,0,0,0,,,,,,,,,
DCP,Ellis County,6/22/2025 0:00,0,0,0,0,0,0,0,0,0,,,,,,,,,
DCP,Ellis County,6/23/2025 0:00,18.03,1000.03,18.03,69.94,80.43,0.567,1.155,0.256,98.589,,,,,,,,,
DCP,Ellis County,6/24/2025 0:00,105.75,1000.03,105.76,72.23,75.14,0.567,1.155,0.256,98.589,,,,,,,,,
DCP,Ellis County,6/25/2025 0:00,210.31,1000.03,210.32,72.1,73.22,0.567,1.155,0.256,98.589,,,,,,,,,
DCP,Ellis County,6/26/2025 0:00,210.37,1000.03,210.38,71.72,71.38,0.567,1.155,0.256,98.589,,,,,,,,,
DCP,Ellis County,6/27/2025 0:00,230.4,1000.03,230.41,73.34,71.77,0.567,1.155,0.256,98.589,,,,,,,,,
DCP,Ellis County,6/28/2025 0:00,300.58,1000.03,300.59,75.94,73.02,0.567,1.155,0.256,98.589,,,,,,,,,
DCP,Ellis County,6/29/2025 0:00,27.73,1000.03,27.73,75.57,69.53,0.567,1.155,0.256,98.589,,,,,,,,,
DCP,Ellis County,6/30/2025 0:00,181.9,1000.03,181.9,81.85,73.29,0.567,1.155,0.256,98.589,,,,,,,,,
DCP,Ellis County,7/1/2025 0:00,284.68,1000.03,284.69,100.07,70.95,0.567,1.155,0.256,98.589,,,,,,,,,
DCP,Ellis County,7/2/2025 0:00,228.86,1000.03,228.86,124.61,72.6,0.567,1.155,0.256,98.589,,,,,,,,,
DCP,Ellis County,7/3/2025 0:00,292.66,1000.03,292.67,107.91,71.84,0.567,1.155,0.256,98.589,,,,,,,,,
DCP,Ellis County,7/4/2025 0:00,292.89,1000.03,292.89,94.55,72.51,0.567,1.155,0.256,98.589,,,,,,,,,
DCP,Ellis County,7/5/2025 0:00,142.27,1000.03,142.27,92.39,70.22,0.567,1.155,0.256,98.589,,,,,,,,,
DCP,Ellis County,7/6/2025 0:00,0,0,0,0,0,0,0,0,0,,,,,,,,,
DCP,Ellis County,7/7/2025 0:00,145.6,1000.03,145.6,84.9,75.09,0.567,1.155,0.256,98.589,,,,,,,,,
DCP,Ellis County,7/8/2025 0:00,198.55,1000.03,198.56,116.52,74.63,0.567,1.155,0.256,98.589,,,,,,,,,
DCP,Ellis County,7/9/2025 0:00,228.93,1000.03,228.93,95.3,74.27,0.567,1.155,0.256,98.589,,,,,,,,,
DCP,Ellis County,7/10/2025 0:00,0,0,0,0,0,0,0,0,0,,,,,,,,,
DCP,Ellis County,7/11/2025 0:00,0,0,0,0,0,0,0,0,0,,,,,,,,,
DCP,Ellis County,7/12/2025 0:00,0,0,0,0,0,0,0,0,0,,,,,,,,,
DCP,Ellis County,7/13/2025 0:00,0,0,0,0,0,0,0,0,0,,,,,,,,,
DCP,Ellis County,7/14/2025 0:00,0,0,0,0,0,0,0,0,0,,,,,,,,,
DCP,Ellis County,7/15/2025 0:00,194.85,1000.03,194.86,83.83,76.06,0.567,1.155,0.256,98.589,,,,,,,,,
DCP,Ellis County,7/16/2025 0:00,290.83,1000.03,290.84,87.77,74.58,0.567,1.155,0.256,98.589,,,,,,,,,
DCP,Ellis County,7/17/2025 0:00,427.8,1000.03,427.81,93.04,71.72,0.567,1.155,0.256,98.589,,,,,,,,,
DCP,Ellis County,7/18/2025 0:00,423.34,1000.03,423.35,91.49,73.09,0.567,1.155,0.256,98.589,,,,,,,,,
DCP,Ellis County,7/19/2025 0:00,409.06,1000.03,409.07,95.1,75.14,0.567,1.155,0.256,98.589,,,,,,,,,
DCP,Ellis County,7/20/2025 0:00,271.51,1000.03,271.51,102.42,76.28,0.567,1.155,0.256,98.589,,,,,,,,,
DCP,Ellis County,7/21/2025 0:00,100.66,1000.03,100.66,98.2,79.95,0.567,1.155,0.256,98.589,,,,,,,,,
DCP,Ellis County,7/22/2025 0:00,217.3,1000.03,217.3,102.72,77.55,0.567,1.155,0.256,98.589,,,,,,,,,
DCP,Ellis County,7/23/2025 0:00,350.29,1000.03,350.3,97.88,74.15,0.567,1.155,0.256,98.589,,,,,,,,,
DCP,Ellis County,7/24/2025 0:00,288.28,1000.03,288.29,85.35,74.96,0.567,1.155,0.256,98.589,,,,,,,,,
DCP,Ellis County,7/25/2025 0:00,11.66,1000.03,11.66,85.17,71.63,0.567,1.155,0.256,98.589,,,,,,,,,
DCP,Ellis County,7/26/2025 0:00,0,0,0,0,0,0,0,0,0,,,,,,,,,
DCP,Ellis County,7/27/2025 0:00,0,0,0,0,0,0,0,0,0,,,,,,,,,
DCP,Ellis County,7/28/2025 0:00,0,0,0,0,0,0,0,0,0,,,,,,,,,
DCP,Ellis County,7/29/2025 0:00,222.51,1000.03,222.51,84.25,77.4,0.567,1.155,0.256,98.589,,,,,,,,,
DCP,Ellis County,7/30/2025 0:00,396.87,1000.03,396.88,89.94,74.66,0.567,1.155,0.256,98.589,,,,,,,,,
DCP,Ellis County,7/31/2025 0:00,335.6,1000.03,335.61,89.66,73.43,0.567,1.155,0.256,98.589,,,,,,,,,
DCP,Ellis County,8/1/2025 0:00,204.82,1000.03,204.83,89,72.92,0.567,1.155,0.256,98.589,,,,,,,,,
DCP,Ellis County,8/2/2025 0:00,0,0,0,0,0,0,0,0,0,,,,,,,,,
DCP,Ellis County,8/3/2025 0:00,0,0,0,0,0,0,0,0,0,,,,,,,,,
DCP,Ellis County,8/4/2025 0:00,0,0,0,0,0,0,0,0,0,,,,,,,,,
DCP,Ellis County,8/5/2025 0:00,177.42,1000.03,177.42,96.45,76.84,0.567,1.155,0.256,98.589,,,,,,,,,
DCP,Ellis County,8/6/2025 0:00,340.72,1000.03,340.73,99.91,75.76,0.567,1.155,0.256,98.589,,,,,,,,,
DCP,Ellis County,8/7/2025 0:00,228.45,1000.03,228.46,102.95,76.29,0.567,1.155,0.256,98.589,,,,,,,,,
DCP,Ellis County,8/8/2025 0:00,159.16,1000.03,159.17,102.87,79.62,0.567,1.155,0.256,98.589,,,,,,,,,
DCP,Ellis County,8/9/2025 0:00,19.76,1000.03,19.76,98.71,78.55,0.567,1.155,0.256,98.589,,,,,,,,,
DCP,Ellis County,8/10/2025 0:00,0,0,0,0,0,0,0,0,0,,,,,,,,,
DCP,Ellis County,8/11/2025 0:00,0,0,0,0,0,0,0,0,0,,,,,,,,,
DCP,Ellis County,8/12/2025 0:00,0,0,0,0,0,0,0,0,0,,,,,,,,,
DCP,Ellis County,8/13/2025 0:00,177.76,1000.03,177.76,92.16,76.65,0.567,1.155,0.256,98.589,,,,,,,,,
DCP,Ellis County,8/14/2025 0:00,333.46,1000.03,333.47,103.77,75.6,0.567,1.155,0.256,98.589,,,,,,,,,
DCP,Ellis County,8/15/2025 0:00,166.08,1000.03,166.08,98.97,74.31,0.567,1.155,0.256,98.589,,,,,,,,,
DCP,Ellis County,8/16/2025 0:00,0,0,0,0,0,0,0,0,0,,,,,,,,,
DCP,Ellis County,8/17/2025 0:00,0,0,0,0,0,0,0,0,0,,,,,,,,,
DCP,Ellis County,8/18/2025 0:00,0,0,0,0,0,0,0,0,0,,,,,,,,,
DCP,Ellis County,8/19/2025 0:00,160.42,1000.03,160.42,91.31,77.8,0.567,1.155,0.256,98.589,,,,,,,,,
DCP,Ellis County,8/20/2025 0:00,195.35,1000.03,195.35,89.95,75.84,0.567,1.155,0.256,98.589,,,,,,,,,
DCP,Ellis County,8/21/2025 0:00,45.4,1000.03,45.4,88.01,70.28,0.567,1.155,0.256,98.589,,,,,,,,,
DCP,Ellis County,8/22/2025 0:00,0,0,0,0,0,0,0,0,0,,,,,,,,,
DCP,Ellis County,8/23/2025 0:00,0,0,0,0,0,0,0,0,0,,,,,,,,,
DCP,Ellis County,8/24/2025 0:00,0,0,0,0,0,0,0,0,0,,,,,,,,,
DCP,Ellis County,8/25/2025 0:00,0,0,0,0,0,0,0,0,0,,,,,,,,,
DCP,Ellis County,8/26/2025 0:00,0,0,0,0,0,0,0,0,0,,,,,,,,,
DCP,Ellis County,8/27/2025 0:00,0,0,0,0,0,0,0,0,0,,,,,,,,,
DCP,Ellis County,8/28/2025 0:00,79.55,1000.03,79.55,85.06,73.68,0.567,1.155,0.256,98.589,,,,,,,,,
DCP,Ellis County,8/29/2025 0:00,83.57,1000.03,83.57,88,70.38,0.567,1.155,0.256,98.589,,,,,,,,,
DCP,Ellis County,8/30/2025 0:00,0,0,0,0,0,0,0,0,0,,,,,,,,,
DCP,Ellis County,8/31/2025 0:00,0,0,0,0,0,0,0,0,0,,,,,,,,,
DCP,Ellis County,9/1/2025 0:00,0,0,0,0,0,0,0,0,0,,,,,,,,,
DCP,Ellis County,9/2/2025 0:00,0,0,0,0,0,0,0,0,0,,,,,,,,,
DCP,Ellis County,9/3/2025 0:00,58.83,1000.03,58.84,84.63,72.96,0.567,1.155,0.256,98.589,,,,,,,,,
DCP,Ellis County,9/4/2025 0:00,99.87,1000.03,99.87,83.47,68.38,0.567,1.155,0.256,98.589,,,,,,,,,
DCP,Ellis County,9/5/2025 0:00,0,0,0,0,0,0,0,0,0,,,,,,,,,
DCP,Ellis County,9/6/2025 0:00,0,0,0,0,0,0,0,0,0,,,,,,,,,
DCP,Ellis County,9/7/2025 0:00,0,0,0,0,0,0,0,0,0,,,,,,,,,
DCP,Ellis County,9/8/2025 0:00,0,0,0,0,0,0,0,0,0,,,,,,,,,
DCP,Ellis County,9/9/2025 0:00,95.94,1000.03,95.94,79.51,72.72,0.567,1.155,0.256,98.589,,,,,,,,,
DCP,Ellis County,9/10/2025 0:00,283.82,1000.03,283.83,80.11,70.83,0.567,1.155,0.256,98.589,,,,,,,,,
DCP,Ellis County,9/11/2025 0:00,283.94,1000.03,283.94,80.82,71.8,0.567,1.155,0.256,98.589,,,,,,,,,
DCP,Ellis County,9/12/2025 0:00,143.41,1000.03,143.42,82.54,70.67,0.567,1.155,0.256,98.589,,,,,,,,,
DCP,Ellis County,9/13/2025 0:00,89.35,1000.03,89.35,103.06,74.92,0.567,1.155,0.256,98.589,,,,,,,,,
DCP,Ellis County,9/14/2025 0:00,0,0,0,0,0,0,0,0,0,,,,,,,,,
DCP,Ellis County,9/15/2025 0:00,48.22,1000.03,48.22,75.61,72.41,0.567,1.155,0.256,98.589,,,,,,,,,
DCP,Ellis County,9/16/2025 0:00,150.35,1000.03,150.35,80.91,74.59,0.567,1.155,0.256,98.589,,,,,,,,,
DCP,Ellis County,9/17/2025 0:00,0,0,0,0,0,0,0,0,0,,,,,,,,,
DCP,Ellis County,9/18/2025 0:00,0,0,0,0,0,0,0,0,0,,,,,,,,,
DCP,Ellis County,9/19/2025 0:00,151.42,1000.03,151.42,80.69,71.94,0.567,1.155,0.256,98.589,,,,,,,,,
DCP,Ellis County,9/20/2025 0:00,58.63,1000.03,58.64,82.46,68.71,0.567,1.155,0.256,98.589,,,,,,,,,
DCP,Ellis County,9/21/2025 0:00,0,0,0,0,0,0,0,0,0,,,,,,,,,
DCP,Ellis County,9/22/2025 0:00,0,0,0,0,0,0,0,0,0,,,,,,,,,
DCP,Ellis County,9/23/2025 0:00,172.83,1000.03,172.84,90.63,70.35,0.567,1.155,0.256,98.589,,,,,,,,,
DCP,Ellis County,9/24/2025 0:00,209.41,1000.03,209.42,101.72,68.28,0.567,1.155,0.256,98.589,,,,,,,,,
DCP,Ellis County,9/25/2025 0:00,0,0,0,0,0,0,0,0,0,,,,,,,,,
DCP,Ellis County,9/26/2025 0:00,0,0,0,0,0,0,0,0,0,,,,,,,,,
DCP,Ellis County,9/27/2025 0:00,0,0,0,0,0,0,0,0,0,,,,,,,,,
DCP,Ellis County,9/28/2025 0:00,0,0,0,0,0,0,0,0,0,,,,,,,,,
DCP,Ellis County,9/29/2025 0:00,100.1,1000.03,100.1,82.59,69.02,0.567,1.155,0.256,98.589,,,,,,,,,
DCP,Ellis County,9/30/2025 0:00,436.25,1000.03,436.26,86.53,70.17,0.567,1.155,0.256,98.589,,,,,,,,,
DCP,Ellis County,10/1/2025 0:00,408.21,1000.03,408.22,85.57,70.84,0.567,1.155,0.256,98.589,,,,,,,,,
DCP,Ellis County,10/2/2025 0:00,419.95,1000.03,419.96,85.79,70.68,0.567,1.155,0.256,98.589,,,,,,,,,
DCP,Ellis County,10/3/2025 0:00,358.1,1000.03,358.11,83.88,71.06,0.567,1.155,0.256,98.589,,,,,,,,,
DCP,Ellis County,10/4/2025 0:00,229.01,1000.03,229.02,75.84,72.02,0.567,1.155,0.256,98.589,,,,,,,,,
DCP,Ellis County,10/5/2025 0:00,238.14,1000.03,238.14,75.5,71.5,0.567,1.155,0.256,98.589,,,,,,,,,
DCP,Ellis County,10/6/2025 0:00,0,0,0,0,0,0,0,0,0,,,,,,,,,
DCP,Ellis County,10/7/2025 0:00,0,0,0,0,0,0,0,0,0,,,,,,,,,
DCP,Ellis County,10/8/2025 0:00,0,0,0,0,0,0,0,0,0,,,,,,,,,
DCP,Ellis County,10/9/2025 0:00,203.89,1000.03,203.89,92.66,72.18,0.567,1.155,0.256,98.589,,,,,,,,,
DCP,Ellis County,10/10/2025 0:00,247.91,1000.03,247.92,95.02,71.79,0.567,1.155,0.256,98.589,,,,,,,,,
DCP,Ellis County,10/11/2025 0:00,168.96,1000.03,168.97,94.6,67.92,0.567,1.155,0.256,98.589,,,,,,,,,
DCP,Ellis County,10/12/2025 0:00,0,0,0,0,0,0,0,0,0,,,,,,,,,
DCP,Ellis County,10/13/2025 0:00,0,0,0,0,0,0,0,0,0,,,,,,,,,
DCP,Ellis County,10/14/2025 0:00,0,0,0,0,0,0,0,0,0,,,,,,,,,
DCP,Ellis County,10/15/2025 0:00,111.23,1000.03,111.24,88.31,72.11,0.567,1.155,0.256,98.589,,,,,,,,,
DCP,Ellis County,10/16/2025 0:00,198.71,1000.03,198.71,76.05,69.58,0.567,1.155,0.256,98.589,,,,,,,,,
DCP,Ellis County,10/17/2025 0:00,95.43,1000.03,95.44,62.37,67.74,0.567,1.155,0.256,98.589,,,,,,,,,
DCP,Ellis County,10/18/2025 0:00,0,0,0,0,0,0,0,0,0,,,,,,,,,
DCP,Ellis County,10/19/2025 0:00,0,0,0,0,0,0,0,0,0,,,,,,,,,
DCP,Ellis County,10/20/2025 0:00,104.92,1000.03,104.92,61.27,69.68,0.567,1.155,0.256,98.589,,,,,,,,,
DCP,Ellis County,10/21/2025 0:00,88.37,1000.03,88.37,59.66,68.2,0.567,1.155,0.256,98.589,,,,,,,,,
DCP,Ellis County,10/22/2025 0:00,98.05,1000.03,98.06,59.92,69.65,0.567,1.155,0.256,98.589,,,,,,,,,
DCP,Ellis County,10/23/2025 0:00,172.69,1000.03,172.69,67.34,64.65,0.567,1.155,0.256,98.589,,,,,,,,,
DCP,Ellis County,10/24/2025 0:00,21.74,1000.03,21.74,79.59,63.53,0.567,1.155,0.256,98.589,,,,,,,,,
DCP,Ellis County,10/25/2025 0:00,0,0,0,0,0,0,0,0,0,,,,,,,,,
DCP,Ellis County,10/26/2025 0:00,0,0,0,0,0,0,0,0,0,,,,,,,,,
DCP,Ellis County,10/27/2025 0:00,77.07,1000.03,77.07,90.56,62.95,0.567,1.155,0.256,98.589,,,,,,,,,
DCP,Ellis County,10/28/2025 0:00,171.55,1000.03,171.55,94.77,59.48,0.567,1.155,0.256,98.589,,,,,,,,,
DCP,Ellis County,10/29/2025 0:00,149.75,1000.03,149.75,96.99,57.26,0.567,1.155,0.256,98.589,,,,,,,,,
DCP,Ellis County,10/30/2025 0:00,0,0,0,0,0,0,0,0,0,,,,,,,,,
DCP,Ellis County,10/31/2025 0:00,0,0,0,0,0,0,0,0,0,,,,,,,,,
DCP,Ellis County,11/1/2025 0:00,0,0,0,0,0,0,0,0,0,,,,,,,,,
DCP,Ellis County,11/2/2025 0:00,0,0,0,0,0,0,0,0,0,,,,,,,,,
DCP,Ellis County,11/3/2025 0:00,0,0,0,0,0,0,0,0,0,,,,,,,,,
DCP,Ellis County,11/4/2025 0:00,100.76,1000.03,100.76,73.36,65.56,0.567,1.155,0.256,98.589,,,,,,,,,
DCP,Ellis County,11/5/2025 0:00,218.96,1000.03,218.97,76.36,60.07,0.567,1.155,0.256,98.589,,,,,,,,,
DCP,Ellis County,11/6/2025 0:00,198.04,1000.03,198.04,80.94,60.89,0.567,1.155,0.256,98.589,,,,,,,,,
DCP,Ellis County,11/7/2025 0:00,0,0,0,0,0,0,0,0,0,,,,,,,,,
DCP,Ellis County,11/8/2025 0:00,0,0,0,0,0,0,0,0,0,,,,,,,,,
DCP,Ellis County,11/9/2025 0:00,0,0,0,0,0,0,0,0,0,,,,,,,,,
DCP,Ellis County,11/10/2025 0:00,0,0,0,0,0,0,0,0,0,,,,,,,,,
DCP,Ellis County,11/11/2025 0:00,72.01,1000.03,72.01,93.18,63.34,0.567,1.155,0.256,98.589,,,,,,,,,
DCP,Ellis County,11/12/2025 0:00,55.65,1000.03,55.65,82.95,54.86,0.567,1.155,0.256,98.589,,,,,,,,,
DCP,Ellis County,11/13/2025 0:00,0,0,0,0,0,0,0,0,0,,,,,,,,,
DCP,Ellis County,11/14/2025 0:00,0,0,0,0,0,0,0,0,0,,,,,,,,,
DCP,Ellis County,11/15/2025 0:00,0,0,0,0,0,0,0,0,0,,,,,,,,,
DCP,Ellis County,11/16/2025 0:00,0,0,0,0,0,0,0,0,0,,,,,,,,,
DCP,Ellis County,11/17/2025 0:00,98.26,1000.03,98.26,81.49,63.75,0.567,1.155,0.256,98.589,,,,,,,,,
DCP,Ellis County,11/18/2025 0:00,58.7,1000.03,58.7,78.34,64.71,0.567,1.155,0.256,98.589,,,,,,,,,
DCP,Ellis County,11/19/2025 0:00,0,0,0,0,0,0,0,0,0,,,,,,,,,
DCP,Ellis County,11/20/2025 0:00,0,0,0,0,0,0,0,0,0,,,,,,,,,
DCP,Ellis County,11/21/2025 0:00,0,0,0,0,0,0,0,0,0,,,,,,,,,
DCP,Ellis County,11/22/2025 0:00,0,0,0,0,0,0,0,0,0,,,,,,,,,
DCP,Ellis County,11/23/2025 0:00,0,0,0,0,0,0,0,0,0,,,,,,,,,
DCP,Ellis County,11/24/2025 0:00,73.46,1000.03,73.46,76.95,56.71,0.567,1.155,0.256,98.589,,,,,,,,,
DCP,Ellis County,11/25/2025 0:00,213.15,1000.03,213.15,81.05,55,0.567,1.155,0.256,98.589,,,,,,,,,
DCP,Ellis County,11/26/2025 0:00,239.22,1000.03,239.23,81.71,53.48,0.567,1.155,0.256,98.589,,,,,,,,,
DCP,Ellis County,11/27/2025 0:00,88.23,1000.03,88.24,77.56,51.41,0.567,1.155,0.256,98.589,,,,,,,,,
DCP,Ellis County,11/28/2025 0:00,0,0,0,0,0,0,0,0,0,,,,,,,,,
DCP,Ellis County,11/29/2025 0:00,0,0,0,0,0,0,0,0,0,,,,,,,,,
DCP,Ellis County,11/30/2025 0:00,0,0,0,0,0,0,0,0,0,,,,,,,,,
DCP,Ellis County,12/1/2025 0:00,131.57,1000.03,131.57,75.32,50.78,0.567,1.155,0.256,98.589,,,,,,,,,
DCP,Ellis County,12/2/2025 0:00,21.13,1000.03,21.13,73.11,48.28,0.567,1.155,0.256,98.589,,,,,,,,,
DCP,Ellis County,12/3/2025 0:00,0,0,0,0,0,0,0,0,0,,,,,,,,,
DCP,Ellis County,12/4/2025 0:00,0,0,0,0,0,0,0,0,0,,,,,,,,,
DCP,Ellis County,12/5/2025 0:00,79.27,1000.03,79.27,73.09,52.96,0.567,1.155,0.256,98.589,,,,,,,,,
DCP,Ellis County,12/6/2025 0:00,7.08,1000.03,7.08,74.91,47.02,0.567,1.155,0.256,98.589,,,,,,,,,
DCP,Ellis County,12/7/2025 0:00,0,0,0,0,0,0,0,0,0,,,,,,,,,
DCP,Ellis County,12/8/2025 0:00,0,0,0,0,0,0,0,0,0,,,,,,,,,
DCP,Ellis County,12/9/2025 0:00,74.45,1000.03,74.45,92.9,56.57,0.567,1.155,0.256,98.589,,,,,,,,,
DCP,Ellis County,12/10/2025 0:00,156.33,1000.03,156.34,92.46,51.72,0.567,1.155,0.256,98.589,,,,,,,,,
DCP,Ellis County,12/11/2025 0:00,64.33,1000.03,64.33,93.99,48.46,0.567,1.155,0.256,98.589,,,,,,,,,
DCP,Ellis County,12/12/2025 0:00,0,0,0,0,0,0,0,0,0,,,,,,,,,
DCP,Ellis County,12/13/2025 0:00,0,0,0,0,0,0,0,0,0,,,,,,,,,
DCP,Ellis County,12/14/2025 0:00,0,0,0,0,0,0,0,0,0,,,,,,,,,
DCP,Ellis County,12/15/2025 0:00,0,0,0,0,0,0,0,0,0,,,,,,,,,
DCP,Ellis County,12/16/2025 0:00,0,0,0,0,0,0,0,0,0,,,,,,,,,
DCP,Ellis County,12/17/2025 0:00,0,0,0,0,0,0,0,0,0,,,,,,,,,
DCP,Ellis County,12/18/2025 0:00,0,0,0,0,0,0,0,0,0,,,,,,,,,
DCP,Ellis County,12/19/2025 0:00,0,0,0,0,0,0,0,0,0,,,,,,,,,
DCP,Ellis County,12/20/2025 0:00,0,0,0,0,0,0,0,0,0,,,,,,,,,
DCP,Ellis County,12/21/2025 0:00,0,0,0,0,0,0,0,0,0,,,,,,,,,
DCP,Ellis County,12/22/2025 0:00,0,0,0,0,0,0,0,0,0,,,,,,,,,
DCP,Ellis County,12/23/2025 0:00,0,0,0,0,0,0,0,0,0,,,,,,,,,
DCP,Ellis County,12/24/2025 0:00,0,0,0,0,0,0,0,0,0,,,,,,,,,
DCP,Ellis County,12/25/2025 0:00,0,0,0,0,0,0,0,0,0,,,,,,,,,
DCP,Ellis County,12/26/2025 0:00,0,0,0,0,0,0,0,0,0,,,,,,,,,
DCP,Ellis County,12/27/2025 0:00,0,0,0,0,0,0,0,0,0,,,,,,,,,
DCP,Ellis County,12/28/2025 0:00,0,0,0,0,0,0,0,0,0,,,,,,,,,
DCP,Ellis County,12/29/2025 0:00,0,0,0,0,0,0,0,0,0,,,,,,,,,
DCP,Ellis County,12/30/2025 0:00,0,0,0,0,0,0,0,0,0,,,,,,,,,
DCP,Ellis County,12/31/2025 0:00,0,0,0,0,0,0,0,0,0,,,,,,,,,
DCP,Ellis County,1/1/2026 0:00,0,0,0,0,0,0,0,0,0,,,,,,,,,
DCP,Ellis County,1/2/2026 0:00,0,0,0,0,0,0,0,0,0,,,,,,,,,
DCP,Ellis County,1/3/2026 0:00,0,0,0,0,0,0,0,0,0,,,,,,,,,
DCP,Ellis County,1/4/2026 0:00,0,0,0,0,0,0,0,0,0,,,,,,,,,
DCP,Ellis County,1/5/2026 0:00,86.41,1000.03,86.42,88.74,55.96,0.567,1.155,0.256,98.589,,,,,,,,,
DCP,Ellis County,1/6/2026 0:00,99.15,1000.03,99.16,90.77,54.19,0.567,1.155,0.256,98.589,,,,,,,,,
DCP,Ellis County,1/7/2026 0:00,28.37,1000.03,28.37,86.03,56.72,0.567,1.155,0.256,98.589,,,,,,,,,
DCP,Ellis County,1/8/2026 0:00,0,0,0,0,0,0,0,0,0,,,,,,,,,
DCP,Ellis County,1/9/2026 0:00,0,0,0,0,0,0,0,0,0,,,,,,,,,
DCP,Ellis County,1/10/2026 0:00,0,0,0,0,0,0,0,0,0,,,,,,,,,
DCP,Ellis County,1/11/2026 0:00,0,0,0,0,0,0,0,0,0,,,,,,,,,
DCP,Ellis County,1/12/2026 0:00,79.59,1000.03,79.59,80.72,53.58,0.567,1.155,0.256,98.589,,,,,,,,,
DCP,Ellis County,1/13/2026 0:00,85.04,1000.03,85.04,79.33,47.64,0.567,1.155,0.256,98.589,,,,,,,,,
DCP,Ellis County,1/14/2026 0:00,1.89,1000.03,1.89,78.37,54.5,0.567,1.155,0.256,98.589,,,,,,,,,
DCP,Ellis County,1/15/2026 0:00,0,0,0,0,0,0,0,0,0,,,,,,,,,
DCP,Ellis County,1/16/2026 0:00,0,0,0,0,0,0,0,0,0,,,,,,,,,
DCP,Ellis County,1/17/2026 0:00,0,0,0,0,0,0,0,0,0,,,,,,,,,
DCP,Ellis County,1/18/2026 0:00,0,0,0,0,0,0,0,0,0,,,,,,,,,
DCP,Ellis County,1/19/2026 0:00,0,0,0,0,0,0,0,0,0,,,,,,,,,
DCP,Ellis County,1/20/2026 0:00,0,0,0,0,0,0,0,0,0,,,,,,,,,
DCP,Ellis County,1/21/2026 0:00,0,0,0,0,0,0,0,0,0,,,,,,,,,
DCP,Ellis County,1/22/2026 0:00,0,0,0,0,0,0,0,0,0,,,,,,,,,
DCP,Ellis County,1/23/2026 0:00,0,0,0,0,0,0,0,0,0,,,,,,,,,
DCP,Ellis County,1/24/2026 0:00,0,0,0,0,0,0,0,0,0,,,,,,,,,
DCP,Ellis County,1/25/2026 0:00,0,0,0,0,0,0,0,0,0,,,,,,,,,
DCP,Ellis County,1/26/2026 0:00,0,0,0,0,0,0,0,0,0,,,,,,,,,
DCP,Ellis County,1/27/2026 0:00,0,0,0,0,0,0,0,0,0,,,,,,,,,
DCP,Ellis County,1/28/2026 0:00,0,0,0,0,0,0,0,0,0,,,,,,,,,
DCP,Ellis County,1/29/2026 0:00,0,0,0,0,0,0,0,0,0,,,,,,,,,
DCP,Ellis County,1/30/2026 0:00,0,0,0,0,0,0,0,0,0,,,,,,,,,
DCP,Ellis County,1/31/2026 0:00,0,0,0,0,0,0,0,0,0,,,,,,,,,
DCP,Ellis County,2/1/2026 0:00,0,0,0,0,0,0,0,0,0,,,,,,,,,
DCP,Ellis County,2/2/2026 0:00,0,0,0,0,0,0,0,0,0,,,,,,,,,
DCP,Ellis County,2/3/2026 0:00,0,0,0,0,0,0,0,0,0,,,,,,,,,
DCP,Ellis County,2/4/2026 0:00,0,0,0,0,0,0,0,0,0,,,,,,,,,
DCP,Ellis County,2/5/2026 0:00,0,0,0,0,0,0,0,0,0,,,,,,,,,
DCP,Ellis County,2/6/2026 0:00,89.83,1000.03,89.83,81.22,50.89,0.567,1.155,0.256,98.589,,,,,,,,,
DCP,Ellis County,2/7/2026 0:00,2.24,1000.03,2.24,81.03,44.81,0.567,1.155,0.256,98.589,,,,,,,,,
DCP,Ellis County,2/8/2026 0:00,0,0,0,0,0,0,0,0,0,,,,,,,,,
DCP,Ellis County,2/9/2026 0:00,137.34,1000.03,137.35,82,56.76,0.567,1.155,0.256,98.589,,,,,,,,,
DCP,Ellis County,2/10/2026 0:00,191.94,1000.03,191.94,81.35,48.38,0.567,1.155,0.256,98.589,,,,,,,,,
DCP,Ellis County,2/11/2026 0:00,251.3,1000.03,251.3,82.83,46.77,0.567,1.155,0.256,98.589,,,,,,,,,
DCP,Ellis County,2/12/2026 0:00,147.91,1000.03,147.91,83.26,47.36,0.567,1.155,0.256,98.589,,,,,,,,,
DCP,Ellis County,2/13/2026 0:00,1.29,1000.03,1.29,76.37,57.47,0.567,1.155,0.256,98.589,,,,,,,,,
DCP,Ellis County,2/14/2026 0:00,0,0,0,0,0,0,0,0,0,,,,,,,,,
DCP,Ellis County,2/15/2026 0:00,0,0,0,0,0,0,0,0,0,,,,,,,,,
DCP,Ellis County,2/16/2026 0:00,79.95,1000.03,79.95,88.25,56.38,0.567,1.155,0.256,98.589,,,,,,,,,
DCP,Ellis County,2/17/2026 0:00,127.73,1000.03,127.73,87.84,52.52,0.567,1.155,0.256,98.589,,,,,,,,,
DCP,Ellis County,2/18/2026 0:00,0,0,0,0,0,0,0,0,0,,,,,,,,,
DCP,Ellis County,2/19/2026 0:00,0,0,0,0,0,0,0,0,0,,,,,,,,,
DCP,Ellis County,2/20/2026 0:00,0,0,0,0,0,0,0,0,0,,,,,,,,,
DCP,Ellis County,2/21/2026 0:00,0,0,0,0,0,0,0,0,0,,,,,,,,,
DCP,Ellis County,2/22/2026 0:00,0,0,0,0,0,0,0,0,0,,,,,,,,,
DCP,Ellis County,2/23/2026 0:00,0,0,0,0,0,0,0,0,0,,,,,,,,,
DCP,Ellis County,2/24/2026 0:00,0,0,0,0,0,0,0,0,0,,,,,,,,,
DCP,Ellis County,2/25/2026 0:00,0,0,0,0,0,0,0,0,0,,,,,,,,,
DCP,Ellis County,2/26/2026 0:00,0,0,0,0,0,0,0,0,0,,,,,,,,,
DCP,Ellis County,2/27/2026 0:00,0,0,0,0,0,0,0,0,0,,,,,,,,,
DCP,Ellis County,2/28/2026 0:00,0,0,0,0,0,0,0,0,0,,,,,,,,,
DCP,Ellis County,3/1/2026 0:00,0,0,0,0,0,0,0,0,0,,,,,,,,,
DCP,Ellis County,3/2/2026 0:00,0,0,0,0,0,0,0,0,0,,,,,,,,,
DCP,Ellis County,3/3/2026 0:00,13.32,1000.03,13.32,99.13,51.33,0.567,1.155,0.256,98.589,,,,,,,,,
DCP,Ellis County,3/4/2026 0:00,0,0,0,0,0,0,0,0,0,,,,,,,,,
DCP,Ellis County,3/5/2026 0:00,7.21,1000.03,7.21,73.81,53.27,0.567,1.155,0.256,98.589,,,,,,,,,
DCP,Ellis County,3/6/2026 0:00,0,0,0,0,0,0,0,0,0,,,,,,,,,
DCP,Ellis County,3/7/2026 0:00,0,0,0,0,0,0,0,0,0,,,,,,,,,
DCP,Ellis County,3/8/2026 0:00,0,0,0,0,0,0,0,0,0,,,,,,,,,
DCP,Ellis County,3/9/2026 0:00,102.48,1000.03,102.48,81.69,59.96,0.567,1.155,0.256,98.589,,,,,,,,,
DCP,Ellis County,3/10/2026 0:00,172.66,1000.03,172.67,82.37,56.5,0.567,1.155,0.256,98.589,,,,,,,,,
DCP,Ellis County,3/11/2026 0:00,81.61,1000.03,81.62,82.57,52.12,0.567,1.155,0.256,98.589,,,,,,,,,
DCP,Ellis County,3/12/2026 0:00,0,0,0,0,0,0,0,0,0,,,,,,,,,
DCP,Ellis County,3/13/2026 0:00,12.67,1000.03,12.67,86.69,62.28,0.567,1.155,0.256,98.589,,,,,,,,,
DCP,Ellis County,3/14/2026 0:00,0,0,0,0,0,0,0,0,0,,,,,,,,,
DCP,Ellis County,3/15/2026 0:00,0,0,0,0,0,0,0,0,0,,,,,,,,,
DCP,Ellis County,3/16/2026 0:00,0,0,0,0,0,0,0,0,0,,,,,,,,,
DCP,Ellis County,3/17/2026 0:00,0,0,0,0,0,0,0,0,0,,,,,,,,,
DCP,Ellis County,3/18/2026 0:00,0,0,0,0,0,0,0,0,0,,,,,,,,,
DCP,Ellis County,3/19/2026 0:00,83.82,1000.03,83.82,82.63,61.38,0.567,1.155,0.256,98.589,,,,,,,,,
DCP,Ellis County,3/20/2026 0:00,140.94,1000.03,140.94,84.72,57.52,0.567,1.155,0.256,98.589,,,,,,,,,
DCP,Ellis County,3/21/2026 0:00,0,0,0,0,0,0,0,0,0,,,,,,,,,
DCP,Ellis County,3/22/2026 0:00,0,0,0,0,0,0,0,0,0,,,,,,,,,
DCP,Ellis County,3/23/2026 0:00,0,0,0,0,0,0,0,0,0,,,,,,,,,
DCP,Ellis County,3/24/2026 0:00,0,0,0,0,0,0,0,0,0,,,,,,,,,
DCP,Ellis County,3/25/2026 0:00,0,0,0,0,0,0,0,0,0,,,,,,,,,
DCP,Ellis County,3/26/2026 0:00,135.98,1000.03,135.99,91.84,64.82,0.567,1.155,0.256,98.589,,,,,,,,,
DCP,Ellis County,3/27/2026 0:00,237.17,1000.03,237.18,95.38,55.09,0.567,1.155,0.256,98.589,,,,,,,,,
DCP,Ellis County,3/28/2026 0:00,323.86,1000.03,323.87,95.29,55.29,0.567,1.155,0.256,98.589,,,,,,,,,
DCP,Ellis County,3/29/2026 0:00,303.72,1000.03,303.73,93.3,58.91,0.567,1.155,0.256,98.589,,,,,,,,,
DCP,Ellis County,3/30/2026 0:00,292.32,1000.03,292.33,91.09,61.75,0.567,1.155,0.256,98.589,,,,,,,,,
DCP,Ellis County,3/31/2026 0:00,139.34,1000.03,139.35,88.97,60.47,0.567,1.155,0.256,98.589,,,,,,,,,
DCP,Ellis County,4/1/2026 0:00,0,0,0,0,0,0,0,0,0,,,,,,,,,
DCP,Ellis County,4/2/2026 0:00,0,0,0,0,0,0,0,0,0,,,,,,,,,
DCP,Ellis County,4/3/2026 0:00,0,0,0,0,0,0,0,0,0,,,,,,,,,
DCP,Ellis County,4/4/2026 0:00,0,0,0,0,0,0,0,0,0,,,,,,,,,
DCP,Ellis County,4/5/2026 0:00,0,0,0,0,0,0,0,0,0,,,,,,,,,
DCP,Ellis County,4/6/2026 0:00,0,0,0,0,0,0,0,0,0,,,,,,,,,
DCP,Ellis County,4/7/2026 0:00,254.26,1000.03,254.27,91.7,59.97,14.16          0.5670,1.155,0.256,98.589,,,,,,,,,
DCP,Ellis County,4/8/2026 0:00,459.89,1000.03,459.9,93.11,59.2,24.00          0.5670,1.155,0.256,98.589,,,,,,,,,
DCP,Ellis County,4/9/2026 0:00,219.58,1000.03,219.58,89.93,62.99,12.67          0.5670,1.155,0.256,98.589,,,,,,,,,
DCP,Ellis County,4/10/2026 0:00,228.66,1000.03,228.66,93.48,60.36,12.77          0.5670,1.155,0.256,98.589,,,,,,,,,
DCP,Ellis County,4/11/2026 0:00,0,0,0,0,0,0,0,0,0,,,,,,,,,
DCP,Ellis County,4/12/2026 0:00,0,0,0,0,0,0,0,0,0,,,,,,,,,
DCP,Ellis County,4/13/2026 0:00,266.17,1000.03,266.18,91.64,64.74,14.44          0.5670,1.155,0.256,98.589,,,,,,,,,
DCP,Ellis County,4/14/2026 0:00,446.87,1000.03,446.88,95.02,62.63,24.00          0.5670,1.155,0.256,98.589,,,,,,,,,
DCP,Ellis County,4/15/2026 0:00,408.1,1000.03,408.11,97.01,61.91,22.05          0.5670,1.155,0.256,98.589,,,,,,,,,
DCP,Ellis County,4/16/2026 0:00,0,0,0,0,0,0,0,0,0,,,,,,,,,
DCP,Ellis County,4/17/2026 0:00,0,0,0,0,0,0,0,0,0,,,,,,,,,
DCP,Ellis County,4/18/2026 0:00,0,0,0,0,0,0,0,0,0,,,,,,,,,
DCP,Ellis County,4/19/2026 0:00,0,0,0,0,0,0,0,0,0,,,,,,,,,
DCP,Ellis County,4/20/2026 0:00,191.97,1000.03,191.97,90.74,63.42,10.40          0.5670,1.155,0.256,98.589,,,,,,,,,
DCP,Ellis County,4/21/2026 0:00,415.24,1000.03,415.25,94.57,61.88,23.76          0.5670,1.155,0.256,98.589,,,,,,,,,
DCP,Ellis County,4/22/2026 0:00,336.47,1000.03,336.48,96.13,62.74,20.01          0.5670,1.155,0.256,98.589,,,,,,,,,
DCP,Ellis County,4/23/2026 0:00,69.84,1000.03,69.84,83.57,69.18,10.90          0.5670,1.155,0.256,98.589,,,,,,,,,
DCP,Ellis County,4/24/2026 0:00,88.55,1000.03,88.55,87.1,67.73,13.56          0.5670,1.155,0.256,98.589,,,,,,,,,
DCP,Ellis County,4/25/2026 0:00,96.04,1000.03,96.04,86.47,65.82,14.93          0.5670,1.155,0.256,98.589,,,,,,,,,
DCP,Ellis County,4/26/2026 0:00,0,0,0,0,0,0,0,0,0,,,,,,,,,
DCP,Ellis County,4/27/2026 0:00,72.48,1000.03,72.48,92.41,64.27,10.69          0.5670,1.155,0.256,98.589,,,,,,,,,
DCP,Ellis County,4/28/2026 0:00,154.95,1000.03,154.95,90.74,60.07,21.75          0.5670,1.155,0.256,98.589,,,,,,,,,
DCP,Ellis County,4/29/2026 0:00,108.94,1000.03,108.94,86.25,61.79,15.24          0.5670,1.155,0.256,98.589,,,,,,,,,
DCP,Ellis County,4/30/2026 0:00,0,0,0,0,0,0,0,0,0,,,,,,,,,
DCP,Ellis County,5/1/2026 0:00,0,0,0,0,0,0,0,0,0,,,,,,,,,
DCP,Ellis County,5/2/2026 0:00,0,0,0,0,0,0,0,0,0,,,,,,,,,
DCP,Ellis County,5/3/2026 0:00,0,0,0,0,0,0,0,0,0,,,,,,,,,
DCP,Ellis County,5/4/2026 0:00,0,0,0,0,0,0,0,0,0,,,,,,,,,
DCP,Ellis County,5/5/2026 0:00,0,0,0,0,0,0,0,0,0,,,,,,,,,
DCP,Ellis County,5/6/2026 0:00,0,0,0,0,0,0,0,0,0,,,,,,,,,
DCP,Ellis County,5/7/2026 0:00,0,0,0,0,0,0,0,0,0,,,,,,,,,
DCP,Ellis County,5/8/2026 0:00,0,0,0,0,0,0,0,0,0,,,,,,,,,
DCP,Ellis County,5/9/2026 0:00,0,0,0,0,0,0,0,0,0,,,,,,,,,
DCP,Ellis County,5/10/2026 0:00,0,0,0,0,0,0,0,0,0,,,,,,,,,
DCP,Ellis County,5/11/2026 0:00,72.88,1000.03,72.89,83.63,67.32,0.567,1.155,0.256,98.589,,,,,,,,,
DCP,Ellis County,5/12/2026 0:00,170.13,1000.03,170.13,85.24,67.24,0.567,1.155,0.256,98.589,,,,,,,,,
DCP,Ellis County,5/13/2026 0:00,241.06,1000.03,241.07,91.18,66.05,0.567,1.155,0.256,98.589,,,,,,,,,
DCP,Ellis County,5/14/2026 0:00,383.72,1000.03,383.73,95.87,66.79,0.567,1.155,0.256,98.589,,,,,,,,,
DCP,Ellis County,5/15/2026 0:00,26.57,1000.03,26.57,79.67,79.47,0.567,1.155,0.256,98.589,,,,,,,,,
DCP,Ellis County,5/16/2026 0:00,0,0,0,0,0,0,0,0,0,,,,,,,,,
DCP,Ellis County,5/17/2026 0:00,0,0,0,0,0,0,0,0,0,,,,,,,,,
DCP,Ellis County,5/18/2026 0:00,82.27,1000.03,82.27,89.68,75.09,0.567,1.155,0.256,98.589,,,,,,,,,
DCP,Ellis County,5/19/2026 0:00,208.33,1000.03,208.33,97.47,62.19,0.567,1.155,0.256,98.589,,,,,,,,,
DCP,Ellis County,5/20/2026 0:00,367.37,1000.03,367.38,104.21,62.57,0.567,1.155,0.256,98.589,,,,,,,,,
DCP,Ellis County,5/21/2026 0:00,387.07,1000.03,387.08,102.28,63.2,0.567,1.155,0.256,98.589,,,,,,,,,
DCP,Ellis County,5/22/2026 0:00,328.84,1000.03,328.85,110.81,64.76,0.567,1.155,0.256,98.589,,,,,,,,,
DCP,Ellis County,5/23/2026 0:00,417.88,1000.03,417.89,103.11,65.16,0.567,1.155,0.256,98.589,,,,,,,,,
DCP,Ellis County,5/24/2026 0:00,434.28,1000.03,434.29,98.27,66.98,0.567,1.155,0.256,98.589,,,,,,,,,
DCP,Ellis County,5/25/2026 0:00,387.57,1000.03,387.58,93.86,67.46,0.567,1.155,0.256,98.589,,,,,,,,,
DCP,Ellis County,5/26/2026 0:00,0,0,0,0,0,0,0,0,0,,,,,,,,,
DCP,Ellis County,5/27/2026 0:00,0,0,0,0,0,0,0,0,0,,,,,,,,,
DCP,Ellis County,5/28/2026 0:00,0,0,0,0,0,0,0,0,0,,,,,,,,,
DCP,Ellis County,5/29/2026 0:00,209.8,1000.03,209.81,91.46,69.29,0.567,1.155,0.256,98.589,,,,,,,,,
DCP,Ellis County,5/30/2026 0:00,389.63,1000.03,389.64,95,69.34,0.567,1.155,0.256,98.589,,,,,,,,,
DCP,Ellis County,5/31/2026 0:00,238.08,1000.03,238.09,90.59,69.95,0.567,1.155,0.256,98.589,,,,,,,,,
DCP,Ellis County,6/1/2026 0:00,128.57,1000.03,128.58,92.2,73.49,0.567,1.155,0.256,98.589,,,,,,,,,
DCP,Ellis County,6/2/2026 0:00,139.96,1000.03,139.96,96.95,70.5,0.567,1.155,0.256,98.589,,,,,,,,,
DCP,Ellis County,6/3/2026 0:00,174,1000.03,174.01,84.48,68.64,0.567,1.155,0.256,98.589,,,,,,,,,
DCP,Ellis County,6/4/2026 0:00,171.61,1000.03,171.61,81.61,71.22,0.567,1.155,0.256,98.589,,,,,,,,,
DCP,Ellis County,6/5/2026 0:00,35.67,1000.03,35.67,80,66.04,0.567,1.155,0.256,98.589,,,,,,,,,
DCP,Ellis County,6/6/2026 0:00,0,0,0,0,0,0,0,0,0,,,,,,,,,
DCP,Ellis County,6/7/2026 0:00,0,0,0,0,0,0,0,0,0,,,,,,,,,
DCP,Ellis County,6/8/2026 0:00,83.86,1000.03,83.87,82.8,71.13,0.567,1.155,0.256,98.589,,,,,,,,,
DCP,Ellis County,6/9/2026 0:00,221.18,1000.03,221.18,84.45,73.37,0.567,1.155,0.256,98.589,,,,,,,,,
DCP,Ellis County,6/10/2026 0:00,281.16,1000.03,281.17,87.01,73.06,0.567,1.155,0.256,98.589,,,,,,,,,
DCP,Ellis County,6/11/2026 0:00,254.92,1000.03,254.93,86.63,72.75,0.567,1.155,0.256,98.589,,,,,,,,,
DCP,Ellis County,6/12/2026 0:00,231.8,1000.03,231.81,86.24,71.18,0.567,1.155,0.256,98.589,,,,,,,,,
DCP,Ellis County,6/13/2026 0:00,19.86,1000.03,19.86,86.01,66.93,0.567,1.155,0.256,98.589,,,,,,,,,
DCP,Ellis County,6/14/2026 0:00,0,0,0,0,0,0,0,0,0,,,,,,,,,
DCP,Ellis County,6/15/2026 0:00,0,0,0,0,0,0,0,0,0,,,,,,,,,
DCP,Ellis County,6/16/2026 0:00,0,0,0,0,0,0,0,0,0,,,,,,,,,
DCP,Ellis County,6/17/2026 0:00,142.99,1000.03,142.99,104.41,78.04,0.567,1.155,0.256,98.589,,,,,,,,,
DCP,Ellis County,6/18/2026 0:00,242.53,1000.03,242.54,98.97,69.08,0.567,1.155,0.256,98.589,,,,,,,,,
DCP,Ellis County,6/19/2026 0:00,234.39,1000.03,234.4,87.61,70.64,0.567,1.155,0.256,98.589,,,,,,,,,
DCP,Ellis County,6/20/2026 0:00,168.63,1000.03,168.64,77.57,73.64,0.567,1.155,0.256,98.589,,,,,,,,,
DCP,Ellis County,6/21/2026 0:00,84.28,1000.03,84.29,75.65,74.37,0.567,1.155,0.256,98.589,,,,,,,,,
DCP,Ellis County,6/22/2026 0:00,0,0,0,0,0,0,0,0,0,,,,,,,,,
DCP,Ellis County,6/23/2026 0:00,0,0,0,0,0,0,0,0,0,,,,,,,,,
DCP,Ellis County,6/24/2026 0:00,0,0,0,0,0,0,0,0,0,,,,,,,,,
DCP,Ellis County,6/25/2026 0:00,0,0,0,0,0,0,0,0,0,,,,,,,,,
DCP,Ellis County,6/26/2026 0:00,0,0,0,0,0,0,0,0,0,,,,,,,,,
DCP,Ellis County,6/27/2026 0:00,0,0,0,0,0,0,0,0,0,,,,,,,,,
DCP,Ellis County,6/28/2026 0:00,0,0,0,0,0,0,0,0,0,,,,,,,,,
DCP,Ellis County,6/29/2026 0:00,0,0,0,0,0,0,0,0,0,,,,,,,,,
DCP,Ellis County,6/30/2026 0:00,0,0,0,0,0,0,0,0,0,,,,,,,,,
DCP,OK3,8/1/2025 0:00,0,0,0,0,0,0,0,0,0,,,,,,,,,
DCP,OK3,8/2/2025 0:00,0,0,0,0,0,0,0,0,0,,,,,,,,,
DCP,OK3,8/3/2025 0:00,0,0,0,0,0,0,0,0,0,,,,,,,,,
DCP,OK3,8/4/2025 0:00,0,0,0,0,0,0,0,0,0,,,,,,,,,
DCP,OK3,8/5/2025 0:00,0,0,0,0,0,0,0,0,0,,,,,,,,,
DCP,OK3,8/6/2025 0:00,0,0,0,0,0,0,0,0,0,,,,,,,,,
DCP,OK3,8/7/2025 0:00,0,0,0,0,0,0,0,0,0,,,,,,,,,
DCP,OK3,8/8/2025 0:00,0,0,0,0,0,0,0,0,0,,,,,,,,,
DCP,OK3,8/9/2025 0:00,0,0,0,0,0,0,0,0,0,,,,,,,,,
DCP,OK3,8/10/2025 0:00,0,0,0,0,0,0,0,0,0,,,,,,,,,
DCP,OK3,8/11/2025 0:00,0,0,0,0,0,0,0,0,0,,,,,,,,,
DCP,OK3,8/12/2025 0:00,0,0,0,0,0,0,0,0,0,,,,,,,,,
DCP,OK3,8/13/2025 0:00,8.44,996.83,8.41,20.13,77.97,0.5693,1.339,0.381,98.274,,,,,,,,,
DCP,OK3,8/14/2025 0:00,53.14,996.83,52.97,21.55,81.86,0.5693,1.339,0.381,98.274,,,,,,,,,
DCP,OK3,8/15/2025 0:00,0,0,0,0,0,0,0,0,0,,,,,,,,,
DCP,OK3,8/16/2025 0:00,0,0,0,0,0,0,0,0,0,,,,,,,,,
DCP,OK3,8/17/2025 0:00,0,0,0,0,0,0,0,0,0,,,,,,,,,
DCP,OK3,8/18/2025 0:00,18.9,996.83,18.84,28.22,81.9,0.5693,1.339,0.381,98.274,,,,,,,,,
DCP,OK3,8/19/2025 0:00,0,0,0,0,0,0,0,0,0,,,,,,,,,
DCP,OK3,8/20/2025 0:00,0,0,0,0,0,0,0,0,0,,,,,,,,,
DCP,OK3,8/21/2025 0:00,69.99,996.83,69.76,20.82,80.29,0.5693,1.339,0.381,98.274,,,,,,,,,
DCP,OK3,8/22/2025 0:00,103.86,996.83,103.53,21.14,75.54,0.5693,1.339,0.381,98.274,,,,,,,,,
DCP,OK3,8/23/2025 0:00,0,0,0,0,0,0,0,0,0,,,,,,,,,
DCP,OK3,8/24/2025 0:00,0,0,0,0,0,0,0,0,0,,,,,,,,,
DCP,OK3,8/25/2025 0:00,0,0,0,0,0,0,0,0,0,,,,,,,,,
DCP,OK3,8/26/2025 0:00,0,0,0,0,0,0,0,0,0,,,,,,,,,
DCP,OK3,8/27/2025 0:00,0,0,0,0,0,0,0,0,0,,,,,,,,,
DCP,OK3,8/28/2025 0:00,0,0,0,0,0,0,0,0,0,,,,,,,,,
DCP,OK3,8/29/2025 0:00,0,0,0,0,0,0,0,0,0,,,,,,,,,
DCP,OK3,8/30/2025 0:00,0,0,0,0,0,0,0,0,0,,,,,,,,,
DCP,OK3,8/31/2025 0:00,0,0,0,0,0,0,0,0,0,,,,,,,,,
DCP,OK3,9/1/2025 0:00,0,0,0,0,0,0,0,0,0,,,,,,,,,
DCP,OK3,9/2/2025 0:00,0,0,0,0,0,0,0,0,0,,,,,,,,,
DCP,OK3,9/3/2025 0:00,50.84,996.83,50.68,20.59,81.02,0.5693,1.339,0.381,98.274,,,,,,,,,
DCP,OK3,9/4/2025 0:00,100.39,996.83,100.07,19.45,78.08,0.5693,1.339,0.381,98.274,,,,,,,,,
DCP,OK3,9/5/2025 0:00,63.55,996.83,63.35,19.3,71.48,0.5693,1.339,0.381,98.274,,,,,,,,,
DCP,OK3,9/6/2025 0:00,0,0,0,0,0,0,0,0,0,,,,,,,,,
DCP,OK3,9/7/2025 0:00,0,0,0,0,0,0,0,0,0,,,,,,,,,
DCP,OK3,9/8/2025 0:00,0,0,0,0,0,0,0,0,0,,,,,,,,,
DCP,OK3,9/9/2025 0:00,0,0,0,0,0,0,0,0,0,,,,,,,,,
DCP,OK3,9/10/2025 0:00,0,0,0,0,0,0,0,0,0,,,,,,,,,
DCP,OK3,9/11/2025 0:00,0,0,0,0,0,0,0,0,0,,,,,,,,,
DCP,OK3,9/12/2025 0:00,0,0,0,0,0,0,0,0,0,,,,,,,,,
DCP,OK3,9/13/2025 0:00,0,0,0,0,0,0,0,0,0,,,,,,,,,
DCP,OK3,9/14/2025 0:00,0,0,0,0,0,0,0,0,0,,,,,,,,,
DCP,OK3,9/15/2025 0:00,34.87,996.83,34.76,18.98,79.5,0.5693,1.339,0.381,98.274,,,,,,,,,
DCP,OK3,9/16/2025 0:00,0,0,0,0,0,0,0,0,0,,,,,,,,,
DCP,OK3,9/17/2025 0:00,74.56,996.83,74.33,21.88,74.55,0.5693,1.339,0.381,98.274,,,,,,,,,
DCP,OK3,9/18/2025 0:00,49.82,996.83,49.66,19.85,67.28,0.5693,1.339,0.381,98.274,,,,,,,,,
DCP,OK3,9/19/2025 0:00,0,0,0,0,0,0,0,0,0,,,,,,,,,
DCP,OK3,9/20/2025 0:00,0,0,0,0,0,0,0,0,0,,,,,,,,,
DCP,OK3,9/21/2025 0:00,0,0,0,0,0,0,0,0,0,,,,,,,,,
DCP,OK3,9/22/2025 0:00,0,0,0,0,0,0,0,0,0,,,,,,,,,
DCP,OK3,9/23/2025 0:00,0,0,0,0,0,0,0,0,0,,,,,,,,,
DCP,OK3,9/24/2025 0:00,0,0,0,0,0,0,0,0,0,,,,,,,,,
DCP,OK3,9/25/2025 0:00,83.01,996.83,82.75,18.74,74.24,0.5693,1.339,0.381,98.274,,,,,,,,,
DCP,OK3,9/26/2025 0:00,42.17,996.83,42.04,18.25,64.7,0.5693,1.339,0.381,98.274,,,,,,,,,
DCP,OK3,9/27/2025 0:00,0,0,0,0,0,0,0,0,0,,,,,,,,,
DCP,OK3,9/28/2025 0:00,0,0,0,0,0,0,0,0,0,,,,,,,,,
DCP,OK3,9/29/2025 0:00,0,0,0,0,0,0,0,0,0,,,,,,,,,
DCP,OK3,9/30/2025 0:00,0,0,0,0,0,0,0,0,0,,,,,,,,,
DCP,OK3,10/1/2025 0:00,0,0,0,0,0,0,0,0,0,,,,,,,,,
DCP,OK3,10/2/2025 0:00,0,0,0,0,0,0,0,0,0,,,,,,,,,
DCP,OK3,10/3/2025 0:00,0,0,0,0,0,0,0,0,0,,,,,,,,,
DCP,OK3,10/4/2025 0:00,0,0,0,0,0,0,0,0,0,,,,,,,,,
DCP,OK3,10/5/2025 0:00,0,0,0,0,0,0,0,0,0,,,,,,,,,
DCP,OK3,10/6/2025 0:00,0,0,0,0,0,0,0,0,0,,,,,,,,,
DCP,OK3,10/7/2025 0:00,0,0,0,0,0,0,0,0,0,,,,,,,,,
DCP,OK3,10/8/2025 0:00,0,0,0,0,0,0,0,0,0,,,,,,,,,
DCP,OK3,10/9/2025 0:00,0,0,0,0,0,0,0,0,0,,,,,,,,,
DCP,OK3,10/10/2025 0:00,0,0,0,0,0,0,0,0,0,,,,,,,,,
DCP,OK3,10/11/2025 0:00,0,0,0,0,0,0,0,0,0,,,,,,,,,
DCP,OK3,10/12/2025 0:00,0,0,0,0,0,0,0,0,0,,,,,,,,,
DCP,OK3,10/13/2025 0:00,0,0,0,0,0,0,0,0,0,,,,,,,,,
DCP,OK3,10/14/2025 0:00,0,0,0,0,0,0,0,0,0,,,,,,,,,
DCP,OK3,10/15/2025 0:00,0,0,0,0,0,0,0,0,0,,,,,,,,,
DCP,OK3,10/16/2025 0:00,95.15,984.46,93.67,21.39,73.32,0.5764,1.711,1.23,97.055,,,,,,,,,
DCP,OK3,10/17/2025 0:00,134.16,984.46,132.07,19.86,68.03,0.5764,1.711,1.23,97.055,,,,,,,,,
DCP,OK3,10/18/2025 0:00,39.69,984.46,39.08,19.53,61.73,0.5764,1.711,1.23,97.055,,,,,,,,,
DCP,OK3,10/19/2025 0:00,0,0,0,0,0,0,0,0,0,,,,,,,,,
DCP,OK3,10/20/2025 0:00,0,0,0,0,0,0,0,0,0,,,,,,,,,
DCP,OK3,10/21/2025 0:00,0,0,0,0,0,0,0,0,0,,,,,,,,,
DCP,OK3,10/22/2025 0:00,0,0,0,0,0,0,0,0,0,,,,,,,,,
DCP,OK3,10/23/2025 0:00,0,0,0,0,0,0,0,0,0,,,,,,,,,
DCP,OK3,10/24/2025 0:00,0,0,0,0,0,0,0,0,0,,,,,,,,,
DCP,OK3,10/25/2025 0:00,0,0,0,0,0,0,0,0,0,,,,,,,,,
DCP,OK3,10/26/2025 0:00,0,0,0,0,0,0,0,0,0,,,,,,,,,
DCP,OK3,10/27/2025 0:00,0,0,0,0,0,0,0,0,0,,,,,,,,,
DCP,OK3,10/28/2025 0:00,0,0,0,0,0,0,0,0,0,,,,,,,,,
DCP,OK3,10/29/2025 0:00,0,0,0,0,0,0,0,0,0,,,,,,,,,
DCP,OK3,10/30/2025 0:00,0,0,0,0,0,0,0,0,0,,,,,,,,,
DCP,OK3,10/31/2025 0:00,0,0,0,0,0,0,0,0,0,,,,,,,,,
DCP,OK3,11/1/2025 0:00,0,0,0,0,0,0,0,0,0,,,,,,,,,
DCP,OK3,11/2/2025 0:00,0,0,0,0,0,0,0,0,0,,,,,,,,,
DCP,OK3,11/3/2025 0:00,0,0,0,0,0,0,0,0,0,,,,,,,,,
DCP,OK3,11/4/2025 0:00,0,0,0,0,0,0,0,0,0,,,,,,,,,
DCP,OK3,11/5/2025 0:00,0,0,0,0,0,0,0,0,0,,,,,,,,,
DCP,OK3,11/6/2025 0:00,0,0,0,0,0,0,0,0,0,,,,,,,,,
DCP,OK3,11/7/2025 0:00,0,0,0,0,0,0,0,0,0,,,,,,,,,
DCP,OK3,11/8/2025 0:00,0,0,0,0,0,0,0,0,0,,,,,,,,,
DCP,OK3,11/9/2025 0:00,0,0,0,0,0,0,0,0,0,,,,,,,,,
DCP,OK3,11/10/2025 0:00,0,0,0,0,0,0,0,0,0,,,,,,,,,
DCP,OK3,11/11/2025 0:00,0,0,0,0,0,0,0,0,0,,,,,,,,,
DCP,OK3,11/12/2025 0:00,0,0,0,0,0,0,0,0,0,,,,,,,,,
DCP,OK3,11/13/2025 0:00,0,0,0,0,0,0,0,0,0,,,,,,,,,
DCP,OK3,11/14/2025 0:00,0,0,0,0,0,0,0,0,0,,,,,,,,,
DCP,OK3,11/15/2025 0:00,0,0,0,0,0,0,0,0,0,,,,,,,,,
DCP,OK3,11/16/2025 0:00,0,0,0,0,0,0,0,0,0,,,,,,,,,
DCP,OK3,11/17/2025 0:00,0,0,0,0,0,0,0,0,0,,,,,,,,,
DCP,OK3,11/18/2025 0:00,0,0,0,0,0,0,0,0,0,,,,,,,,,
DCP,OK3,11/19/2025 0:00,0,0,0,0,0,0,0,0,0,,,,,,,,,
DCP,OK3,11/20/2025 0:00,0,0,0,0,0,0,0,0,0,,,,,,,,,
DCP,OK3,11/21/2025 0:00,0,0,0,0,0,0,0,0,0,,,,,,,,,
DCP,OK3,11/22/2025 0:00,0,0,0,0,0,0,0,0,0,,,,,,,,,
DCP,OK3,11/23/2025 0:00,0,0,0,0,0,0,0,0,0,,,,,,,,,
DCP,OK3,11/24/2025 0:00,0,0,0,0,0,0,0,0,0,,,,,,,,,
DCP,OK3,11/25/2025 0:00,3.23,984.46,3.18,20.69,53.71,0.5764,1.711,1.23,97.055,,,,,,,,,
DCP,OK3,11/26/2025 0:00,0,0,0,0,0,0,0,0,0,,,,,,,,,
DCP,OK3,11/27/2025 0:00,0,0,0,0,0,0,0,0,0,,,,,,,,,
DCP,OK3,11/28/2025 0:00,0,0,0,0,0,0,0,0,0,,,,,,,,,
DCP,OK3,11/29/2025 0:00,0,0,0,0,0,0,0,0,0,,,,,,,,,
DCP,OK3,11/30/2025 0:00,0,0,0,0,0,0,0,0,0,,,,,,,,,
DCP,OK3,12/1/2025 0:00,0,0,0,0,0,0,0,0,0,,,,,,,,,
DCP,OK3,12/2/2025 0:00,0,0,0,0,0,0,0,0,0,,,,,,,,,
DCP,OK3,12/3/2025 0:00,0,0,0,0,0,0,0,0,0,,,,,,,,,
DCP,OK3,12/4/2025 0:00,0,0,0,0,0,0,0,0,0,,,,,,,,,
DCP,OK3,12/5/2025 0:00,0,0,0,0,0,0,0,0,0,,,,,,,,,
DCP,OK3,12/6/2025 0:00,0,0,0,0,0,0,0,0,0,,,,,,,,,
DCP,OK3,12/7/2025 0:00,0,0,0,0,0,0,0,0,0,,,,,,,,,
DCP,OK3,12/8/2025 0:00,0,0,0,0,0,0,0,0,0,,,,,,,,,
DCP,OK3,12/9/2025 0:00,0,0,0,0,0,0,0,0,0,,,,,,,,,
DCP,OK3,12/10/2025 0:00,0,0,0,0,0,0,0,0,0,,,,,,,,,
DCP,OK3,12/11/2025 0:00,0,0,0,0,0,0,0,0,0,,,,,,,,,
DCP,OK3,12/12/2025 0:00,0,0,0,0,0,0,0,0,0,,,,,,,,,
DCP,OK3,12/13/2025 0:00,0,0,0,0,0,0,0,0,0,,,,,,,,,
DCP,OK3,12/14/2025 0:00,0,0,0,0,0,0,0,0,0,,,,,,,,,
DCP,OK3,12/15/2025 0:00,0,0,0,0,0,0,0,0,0,,,,,,,,,
DCP,OK3,12/16/2025 0:00,0,0,0,0,0,0,0,0,0,,,,,,,,,
DCP,OK3,12/17/2025 0:00,9.83,984.46,9.68,23.07,60.23,0.5764,1.711,1.23,97.055,,,,,,,,,
DCP,OK3,12/18/2025 0:00,0,0,0,0,0,0,0,0,0,,,,,,,,,
DCP,OK3,12/19/2025 0:00,0,0,0,0,0,0,0,0,0,,,,,,,,,
DCP,OK3,12/20/2025 0:00,0,0,0,0,0,0,0,0,0,,,,,,,,,
DCP,OK3,12/21/2025 0:00,0,0,0,0,0,0,0,0,0,,,,,,,,,
DCP,OK3,12/22/2025 0:00,0,0,0,0,0,0,0,0,0,,,,,,,,,
DCP,OK3,12/23/2025 0:00,0,0,0,0,0,0,0,0,0,,,,,,,,,
DCP,OK3,12/24/2025 0:00,0,0,0,0,0,0,0,0,0,,,,,,,,,
DCP,OK3,12/25/2025 0:00,0,0,0,0,0,0,0,0,0,,,,,,,,,
DCP,OK3,12/26/2025 0:00,0,0,0,0,0,0,0,0,0,,,,,,,,,
DCP,OK3,12/27/2025 0:00,0,0,0,0,0,0,0,0,0,,,,,,,,,
DCP,OK3,12/28/2025 0:00,0,0,0,0,0,0,0,0,0,,,,,,,,,
DCP,OK3,12/29/2025 0:00,0,0,0,0,0,0,0,0,0,,,,,,,,,
DCP,OK3,12/30/2025 0:00,0,0,0,0,0,0,0,0,0,,,,,,,,,
DCP,OK3,12/31/2025 0:00,0,0,0,0,0,0,0,0,0,,,,,,,,,
DCP,OK3,1/1/2026 0:00,0,0,0,0,0,0,0,0,0,,,,,,,,,
DCP,OK3,1/2/2026 0:00,0,0,0,0,0,0,0,0,0,,,,,,,,,
DCP,OK3,1/3/2026 0:00,0,0,0,0,0,0,0,0,0,,,,,,,,,
DCP,OK3,1/4/2026 0:00,0,0,0,0,0,0,0,0,0,,,,,,,,,
DCP,OK3,1/5/2026 0:00,0,0,0,0,0,0,0,0,0,,,,,,,,,
DCP,OK3,1/6/2026 0:00,0,0,0,0,0,0,0,0,0,,,,,,,,,
DCP,OK3,1/7/2026 0:00,0,0,0,0,0,0,0,0,0,,,,,,,,,
DCP,OK3,1/8/2026 0:00,0,0,0,0,0,0,0,0,0,,,,,,,,,
DCP,OK3,1/9/2026 0:00,0,0,0,0,0,0,0,0,0,,,,,,,,,
DCP,OK3,1/10/2026 0:00,0,0,0,0,0,0,0,0,0,,,,,,,,,
DCP,OK3,1/11/2026 0:00,0,0,0,0,0,0,0,0,0,,,,,,,,,
DCP,OK3,1/12/2026 0:00,0,0,0,0,0,0,0,0,0,,,,,,,,,
DCP,OK3,1/13/2026 0:00,0,0,0,0,0,0,0,0,0,,,,,,,,,
DCP,OK3,1/14/2026 0:00,0,0,0,0,0,0,0,0,0,,,,,,,,,
DCP,OK3,1/15/2026 0:00,0,0,0,0,0,0,0,0,0,,,,,,,,,
DCP,OK3,1/16/2026 0:00,0,0,0,0,0,0,0,0,0,,,,,,,,,
DCP,OK3,1/17/2026 0:00,0,0,0,0,0,0,0,0,0,,,,,,,,,
DCP,OK3,1/18/2026 0:00,0,0,0,0,0,0,0,0,0,,,,,,,,,
DCP,OK3,1/19/2026 0:00,0,0,0,0,0,0,0,0,0,,,,,,,,,
DCP,OK3,1/20/2026 0:00,0,0,0,0,0,0,0,0,0,,,,,,,,,
DCP,OK3,1/21/2026 0:00,0,0,0,0,0,0,0,0,0,,,,,,,,,
DCP,OK3,1/22/2026 0:00,0,0,0,0,0,0,0,0,0,,,,,,,,,
DCP,OK3,1/23/2026 0:00,0,0,0,0,0,0,0,0,0,,,,,,,,,
DCP,OK3,1/24/2026 0:00,0,0,0,0,0,0,0,0,0,,,,,,,,,
DCP,OK3,1/25/2026 0:00,0,0,0,0,0,0,0,0,0,,,,,,,,,
DCP,OK3,1/26/2026 0:00,0,0,0,0,0,0,0,0,0,,,,,,,,,
DCP,OK3,1/27/2026 0:00,0,0,0,0,0,0,0,0,0,,,,,,,,,
DCP,OK3,1/28/2026 0:00,0,0,0,0,0,0,0,0,0,,,,,,,,,
DCP,OK3,1/29/2026 0:00,0,0,0,0,0,0,0,0,0,,,,,,,,,
DCP,OK3,1/30/2026 0:00,0,0,0,0,0,0,0,0,0,,,,,,,,,
DCP,OK3,1/31/2026 0:00,0,0,0,0,0,0,0,0,0,,,,,,,,,
DCP,OK3,2/1/2026 0:00,0,0,0,0,0,0,0,0,0,,,,,,,,,
DCP,OK3,2/2/2026 0:00,0,0,0,0,0,0,0,0,0,,,,,,,,,
DCP,OK3,2/3/2026 0:00,0,0,0,0,0,0,0,0,0,,,,,,,,,
DCP,OK3,2/4/2026 0:00,0,0,0,0,0,0,0,0,0,,,,,,,,,
DCP,OK3,2/5/2026 0:00,0,0,0,0,0,0,0,0,0,,,,,,,,,
DCP,OK3,2/6/2026 0:00,0,0,0,0,0,0,0,0,0,,,,,,,,,
DCP,OK3,2/7/2026 0:00,0,0,0,0,0,0,0,0,0,,,,,,,,,
DCP,OK3,2/8/2026 0:00,0,0,0,0,0,0,0,0,0,,,,,,,,,
DCP,OK3,2/9/2026 0:00,0,0,0,0,0,0,0,0,0,,,,,,,,,
DCP,OK3,2/10/2026 0:00,0,0,0,0,0,0,0,0,0,,,,,,,,,
DCP,OK3,2/11/2026 0:00,0,0,0,0,0,0,0,0,0,,,,,,,,,
DCP,OK3,2/12/2026 0:00,0,0,0,0,0,0,0,0,0,,,,,,,,,
DCP,OK3,2/13/2026 0:00,0,0,0,0,0,0,0,0,0,,,,,,,,,
DCP,OK3,2/14/2026 0:00,0,0,0,0,0,0,0,0,0,,,,,,,,,
DCP,OK3,2/15/2026 0:00,0,0,0,0,0,0,0,0,0,,,,,,,,,
DCP,OK3,2/16/2026 0:00,0,0,0,0,0,0,0,0,0,,,,,,,,,
DCP,OK3,2/17/2026 0:00,0,0,0,0,0,0,0,0,0,,,,,,,,,
DCP,OK3,2/18/2026 0:00,0,0,0,0,0,0,0,0,0,,,,,,,,,
DCP,OK3,2/19/2026 0:00,0,0,0,0,0,0,0,0,0,,,,,,,,,
DCP,OK3,2/20/2026 0:00,0,0,0,0,0,0,0,0,0,,,,,,,,,
DCP,OK3,2/21/2026 0:00,0,0,0,0,0,0,0,0,0,,,,,,,,,
DCP,OK3,2/22/2026 0:00,0,0,0,0,0,0,0,0,0,,,,,,,,,
DCP,OK3,2/23/2026 0:00,0,0,0,0,0,0,0,0,0,,,,,,,,,
DCP,OK3,2/24/2026 0:00,0,0,0,0,0,0,0,0,0,,,,,,,,,
DCP,OK3,2/25/2026 0:00,0,0,0,0,0,0,0,0,0,,,,,,,,,
DCP,OK3,2/26/2026 0:00,0,0,0,0,0,0,0,0,0,,,,,,,,,
DCP,OK3,2/27/2026 0:00,0,0,0,0,0,0,0,0,0,,,,,,,,,
DCP,OK3,2/28/2026 0:00,0,0,0,0,0,0,0,0,0,,,,,,,,,
DCP,OK3,3/1/2026 0:00,0,0,0,0,0,0,0,0,0,,,,,,,,,
DCP,OK3,3/2/2026 0:00,0,0,0,0,0,0,0,0,0,,,,,,,,,
DCP,OK3,3/3/2026 0:00,0,0,0,0,0,0,0,0,0,,,,,,,,,
DCP,OK3,3/4/2026 0:00,0,0,0,0,0,0,0,0,0,,,,,,,,,
DCP,OK3,3/5/2026 0:00,0,0,0,0,0,0,0,0,0,,,,,,,,,
DCP,OK3,3/6/2026 0:00,0,0,0,0,0,0,0,0,0,,,,,,,,,
DCP,OK3,3/7/2026 0:00,0,0,0,0,0,0,0,0,0,,,,,,,,,
DCP,OK3,3/8/2026 0:00,0,0,0,0,0,0,0,0,0,,,,,,,,,
DCP,OK3,3/9/2026 0:00,0,0,0,0,0,0,0,0,0,,,,,,,,,
DCP,OK3,3/10/2026 0:00,0,0,0,0,0,0,0,0,0,,,,,,,,,
DCP,OK3,3/11/2026 0:00,0,0,0,0,0,0,0,0,0,,,,,,,,,
DCP,OK3,3/12/2026 0:00,0,0,0,0,0,0,0,0,0,,,,,,,,,
DCP,OK3,3/13/2026 0:00,0,0,0,0,0,0,0,0,0,,,,,,,,,
DCP,OK3,3/14/2026 0:00,0,0,0,0,0,0,0,0,0,,,,,,,,,
DCP,OK3,3/15/2026 0:00,0,0,0,0,0,0,0,0,0,,,,,,,,,
DCP,OK3,3/16/2026 0:00,0,0,0,0,0,0,0,0,0,,,,,,,,,
DCP,OK3,3/17/2026 0:00,0,0,0,0,0,0,0,0,0,,,,,,,,,
DCP,OK3,3/18/2026 0:00,0,0,0,0,0,0,0,0,0,,,,,,,,,
DCP,OK3,3/19/2026 0:00,0,0,0,0,0,0,0,0,0,,,,,,,,,
DCP,OK3,3/20/2026 0:00,0,0,0,0,0,0,0,0,0,,,,,,,,,
DCP,OK3,3/21/2026 0:00,0,0,0,0,0,0,0,0,0,,,,,,,,,
DCP,OK3,3/22/2026 0:00,0,0,0,0,0,0,0,0,0,,,,,,,,,
DCP,OK3,3/23/2026 0:00,0,0,0,0,0,0,0,0,0,,,,,,,,,
DCP,OK3,3/24/2026 0:00,0,0,0,0,0,0,0,0,0,,,,,,,,,
DCP,OK3,3/25/2026 0:00,0,0,0,0,0,0,0,0,0,,,,,,,,,
DCP,OK3,3/26/2026 0:00,0,0,0,0,0,0,0,0,0,,,,,,,,,
DCP,OK3,3/27/2026 0:00,0,0,0,0,0,0,0,0,0,,,,,,,,,
DCP,OK3,3/28/2026 0:00,0,0,0,0,0,0,0,0,0,,,,,,,,,
DCP,OK3,3/29/2026 0:00,0,0,0,0,0,0,0,0,0,,,,,,,,,
DCP,OK3,3/30/2026 0:00,0,0,0,0,0,0,0,0,0,,,,,,,,,
DCP,OK3,3/31/2026 0:00,0,0,0,0,0,0,0,0,0,,,,,,,,,
DCP,OK3,4/1/2026 0:00,0,0,0,0,0,0,0,0,0,,,,,,,,,
DCP,OK3,4/2/2026 0:00,0,0,0,0,0,0,0,0,0,,,,,,,,,
DCP,OK3,4/3/2026 0:00,0,0,0,0,0,0,0,0,0,,,,,,,,,
DCP,OK3,4/4/2026 0:00,0,0,0,0,0,0,0,0,0,,,,,,,,,
DCP,OK3,4/5/2026 0:00,0,0,0,0,0,0,0,0,0,,,,,,,,,
DCP,OK3,4/6/2026 0:00,0,0,0,0,0,0,0,0,0,,,,,,,,,
DCP,OK3,4/7/2026 0:00,0,0,0,0,0,0,0,0,0,,,,,,,,,
DCP,OK3,4/8/2026 0:00,0,0,0,0,0,0,0,0,0,,,,,,,,,
DCP,OK3,4/9/2026 0:00,0,0,0,0,0,0,0,0,0,,,,,,,,,
DCP,OK3,4/10/2026 0:00,0,0,0,0,0,0,0,0,0,,,,,,,,,
DCP,OK3,4/11/2026 0:00,0,0,0,0,0,0,0,0,0,,,,,,,,,
DCP,OK3,4/12/2026 0:00,0,0,0,0,0,0,0,0,0,,,,,,,,,
DCP,OK3,4/13/2026 0:00,0,0,0,0,0,0,0,0,0,,,,,,,,,
DCP,OK3,4/14/2026 0:00,0,0,0,0,0,0,0,0,0,,,,,,,,,
DCP,OK3,4/15/2026 0:00,0,0,0,0,0,0,0,0,0,,,,,,,,,
DCP,OK3,4/16/2026 0:00,0,0,0,0,0,0,0,0,0,,,,,,,,,
DCP,OK3,4/17/2026 0:00,0,0,0,0,0,0,0,0,0,,,,,,,,,
DCP,OK3,4/18/2026 0:00,0,0,0,0,0,0,0,0,0,,,,,,,,,
DCP,OK3,4/19/2026 0:00,0,0,0,0,0,0,0,0,0,,,,,,,,,
DCP,OK3,4/20/2026 0:00,0,0,0,0,0,0,0,0,0,,,,,,,,,
DCP,OK3,4/21/2026 0:00,0,0,0,0,0,0,0,0,0,,,,,,,,,
DCP,OK3,4/22/2026 0:00,0,0,0,0,0,0,0,0,0,,,,,,,,,
DCP,OK3,4/23/2026 0:00,0,0,0,0,0,0,0,0,0,,,,,,,,,
DCP,OK3,4/24/2026 0:00,0,0,0,0,0,0,0,0,0,,,,,,,,,
DCP,OK3,4/25/2026 0:00,0,0,0,0,0,0,0,0,0,,,,,,,,,
DCP,OK3,4/26/2026 0:00,0,0,0,0,0,0,0,0,0,,,,,,,,,
DCP,OK3,4/27/2026 0:00,0,0,0,0,0,0,0,0,0,,,,,,,,,
DCP,OK3,4/28/2026 0:00,0,0,0,0,0,0,0,0,0,,,,,,,,,
DCP,OK3,4/29/2026 0:00,62.29,984.46,61.32,20.17,63.7,0.5764,1.711,1.23,97.055,,,,,,,,,
DCP,OK3,4/30/2026 0:00,36.81,984.46,36.24,20.02,56.9,0.5764,1.711,1.23,97.055,,,,,,,,,
DCP,OK3,5/1/2026 0:00,0,0,0,0,0,0,0,0,0,,,,,,,,,
DCP,OK3,5/2/2026 0:00,0,0,0,0,0,0,0,0,0,,,,,,,,,
DCP,OK3,5/3/2026 0:00,0,0,0,0,0,0,0,0,0,,,,,,,,,
DCP,OK3,5/4/2026 0:00,0,0,0,0,0,0,0,0,0,,,,,,,,,
DCP,OK3,5/5/2026 0:00,0,0,0,0,0,0,0,0,0,,,,,,,,,
DCP,OK3,5/6/2026 0:00,0,0,0,0,0,0,0,0,0,,,,,,,,,
DCP,OK3,5/7/2026 0:00,0,0,0,0,0,0,0,0,0,,,,,,,,,
DCP,OK3,5/8/2026 0:00,0,0,0,0,0,0,0,0,0,,,,,,,,,
DCP,OK3,5/9/2026 0:00,0,0,0,0,0,0,0,0,0,,,,,,,,,
DCP,OK3,5/10/2026 0:00,0,0,0,0,0,0,0,0,0,,,,,,,,,
DCP,OK3,5/11/2026 0:00,0,0,0,0,0,0,0,0,0,,,,,,,,,
DCP,OK3,5/12/2026 0:00,0,0,0,0,0,0,0,0,0,,,,,,,,,
DCP,OK3,5/13/2026 0:00,0,0,0,0,0,0,0,0,0,,,,,,,,,
DCP,OK3,5/14/2026 0:00,0,0,0,0,0,0,0,0,0,,,,,,,,,
DCP,OK3,5/15/2026 0:00,0,0,0,0,0,0,0,0,0,,,,,,,,,
DCP,OK3,5/16/2026 0:00,0,0,0,0,0,0,0,0,0,,,,,,,,,
DCP,OK3,5/17/2026 0:00,0,0,0,0,0,0,0,0,0,,,,,,,,,
DCP,OK3,5/18/2026 0:00,0,0,0,0,0,0,0,0,0,,,,,,,,,
DCP,OK3,5/19/2026 0:00,0,0,0,0,0,0,0,0,0,,,,,,,,,
DCP,OK3,5/20/2026 0:00,0,0,0,0,0,0,0,0,0,,,,,,,,,
DCP,OK3,5/21/2026 0:00,0,0,0,0,0,0,0,0,0,,,,,,,,,
DCP,OK3,5/22/2026 0:00,0,0,0,0,0,0,0,0,0,,,,,,,,,
DCP,OK3,5/23/2026 0:00,0,0,0,0,0,0,0,0,0,,,,,,,,,
DCP,OK3,5/24/2026 0:00,0,0,0,0,0,0,0,0,0,,,,,,,,,
DCP,OK3,5/25/2026 0:00,0,0,0,0,0,0,0,0,0,,,,,,,,,
DCP,OK3,5/26/2026 0:00,0,0,0,0,0,0,0,0,0,,,,,,,,,
DCP,OK3,5/27/2026 0:00,71.04,998.8,70.95,23.03,66.48,0.5636,0.438,0.977,98.472,,,,,,,,,
DCP,OK3,5/28/2026 0:00,126.18,998.8,126.06,27.38,68.59,0.5636,0.438,0.977,98.472,,,,,,,,,
DCP,OK3,5/29/2026 0:00,45.48,998.8,45.42,27.16,64.45,0.5636,0.438,0.977,98.472,,,,,,,,,
DCP,OK3,5/30/2026 0:00,0,0,0,0,0,0,0,0,0,,,,,,,,,
DCP,OK3,5/31/2026 0:00,0,0,0,0,0,0,0,0,0,,,,,,,,,
DCP,OK3,6/1/2026 0:00,0,0,0,0,0,0,0,0,0,,,,,,,,,
DCP,OK3,6/2/2026 0:00,0,0,0,0,0,0,0,0,0,,,,,,,,,
DCP,OK3,6/3/2026 0:00,0,0,0,0,0,0,0,0,0,,,,,,,,,
DCP,OK3,6/4/2026 0:00,0,0,0,0,0,0,0,0,0,,,,,,,,,
DCP,OK3,6/5/2026 0:00,0,0,0,0,0,0,0,0,0,,,,,,,,,
DCP,OK3,6/6/2026 0:00,0,0,0,0,0,0,0,0,0,,,,,,,,,
DCP,OK3,6/7/2026 0:00,0,0,0,0,0,0,0,0,0,,,,,,,,,
DCP,OK3,6/8/2026 0:00,0,0,0,0,0,0,0,0,0,,,,,,,,,
DCP,OK3,6/9/2026 0:00,0,0,0,0,0,0,0,0,0,,,,,,,,,
DCP,OK3,6/10/2026 0:00,0,0,0,0,0,0,0,0,0,,,,,,,,,
DCP,OK3,6/11/2026 0:00,0,0,0,0,0,0,0,0,0,,,,,,,,,
DCP,OK3,6/12/2026 0:00,0,0,0,0,0,0,0,0,0,,,,,,,,,
DCP,OK3,6/13/2026 0:00,0,0,0,0,0,0,0,0,0,,,,,,,,,
DCP,OK3,6/14/2026 0:00,0,0,0,0,0,0,0,0,0,,,,,,,,,
DCP,OK3,6/15/2026 0:00,0,0,0,0,0,0,0,0,0,,,,,,,,,
DCP,OK3,6/16/2026 0:00,0,0,0,0,0,0,0,0,0,,,,,,,,,
DCP,OK3,6/17/2026 0:00,0,0,0,0,0,0,0,0,0,,,,,,,,,
DCP,OK3,6/18/2026 0:00,0,0,0,0,0,0,0,0,0,,,,,,,,,
DCP,OK3,6/19/2026 0:00,0,0,0,0,0,0,0,0,0,,,,,,,,,
DCP,OK3,6/20/2026 0:00,0,0,0,0,0,0,0,0,0,,,,,,,,,
DCP,OK3,6/21/2026 0:00,0,0,0,0,0,0,0,0,0,,,,,,,,,
DCP,OK3,6/22/2026 0:00,0,0,0,0,0,0,0,0,0,,,,,,,,,
DCP,OK3,6/23/2026 0:00,0,0,0,0,0,0,0,0,0,,,,,,,,,
DCP,OK3,6/24/2026 0:00,0,0,0,0,0,0,0,0,0,,,,,,,,,
DCP,OK3,6/25/2026 0:00,0,0,0,0,0,0,0,0,0,,,,,,,,,
DCP,OK3,6/26/2026 0:00,0,0,0,0,0,0,0,0,0,,,,,,,,,
DCP,OK3,6/27/2026 0:00,0,0,0,0,0,0,0,0,0,,,,,,,,,
DCP,OK3,6/28/2026 0:00,0,0,0,0,0,0,0,0,0,,,,,,,,,
DCP,OK3,6/29/2026 0:00,0,0,0,0,0,0,0,0,0,,,,,,,,,
DCP,OK3,6/30/2026 0:00,0,0,0,0,0,0,0,0,0,,,,,,,,,
DCP,TX9,8/1/2024 0:00,0,0,0,0,0,0,0,0,0,,,,,,,,,
DCP,TX9,8/2/2024 0:00,0,0,0,0,0,0,0,0,0,,,,,,,,,
DCP,TX9,8/3/2024 0:00,0,0,0,0,0,0,0,0,0,,,,,,,,,
DCP,TX9,8/4/2024 0:00,0,0,0,0,0,0,0,0,0,,,,,,,,,
DCP,TX9,8/5/2024 0:00,0,0,0,0,0,0,0,0,0,,,,,,,,,
DCP,TX9,8/6/2024 0:00,0,0,0,0,0,0,0,0,0,,,,,,,,,
DCP,TX9,8/7/2024 0:00,0,0,0,0,0,0,0,0,0,,,,,,,,,
DCP,TX9,8/8/2024 0:00,0,0,0,0,0,0,0,0,0,,,,,,,,,
DCP,TX9,8/9/2024 0:00,0,0,0,0,0,0,0,0,0,,,,,,,,,
DCP,TX9,8/10/2024 0:00,0,0,0,0,0,0,0,0,0,,,,,,,,,
DCP,TX9,8/11/2024 0:00,0,0,0,0,0,0,0,0,0,,,,,,,,,
DCP,TX9,8/12/2024 0:00,0,0,0,0,0,0,0,0,0,,,,,,,,,
DCP,TX9,8/13/2024 0:00,0,0,0,0,0,0,0,0,0,,,,,,,,,
DCP,TX9,8/14/2024 0:00,0,0,0,0,0,0,0,0,0,,,,,,,,,
DCP,TX9,8/15/2024 0:00,0,0,0,0,0,0,0,0,0,,,,,,,,,
DCP,TX9,8/16/2024 0:00,0,0,0,0,0,0,0,0,0,,,,,,,,,
DCP,TX9,8/17/2024 0:00,0,0,0,0,0,0,0,0,0,,,,,,,,,
DCP,TX9,8/18/2024 0:00,0,0,0,0,0,0,0,0,0,,,,,,,,,
DCP,TX9,8/19/2024 0:00,0,0,0,0,0,0,0,0,0,,,,,,,,,
DCP,TX9,8/20/2024 0:00,0,0,0,0,0,0,0,0,0,,,,,,,,,
DCP,TX9,8/21/2024 0:00,0,0,0,0,0,0,0,0,0,,,,,,,,,
DCP,TX9,8/22/2024 0:00,0,0,0,0,0,0,0,0,0,,,,,,,,,
DCP,TX9,8/23/2024 0:00,8.79,1001.72,8.81,25.8,82.35,0.5622,0.401,0.844,98.745,,,,,,,,,
DCP,TX9,8/24/2024 0:00,0,0,0,0,0,0,0,0,0,,,,,,,,,
DCP,TX9,8/25/2024 0:00,0,0,0,0,0,0,0,0,0,,,,,,,,,
DCP,TX9,8/26/2024 0:00,0,0,0,0,0,0,0,0,0,,,,,,,,,
DCP,TX9,8/27/2024 0:00,0,0,0,0,0,0,0,0,0,,,,,,,,,
DCP,TX9,8/28/2024 0:00,0,0,0,0,0,0,0,0,0,,,,,,,,,
DCP,TX9,8/29/2024 0:00,0,0,0,0,0,0,0,0,0,,,,,,,,,
DCP,TX9,8/30/2024 0:00,0,0,0,0,0,0,0,0,0,,,,,,,,,
DCP,TX9,8/31/2024 0:00,0,0,0,0,0,0,0,0,0,,,,,,,,,
DCP,TX9,9/1/2024 0:00,0,0,0,0,0,0,0,0,0,,,,,,,,,
DCP,TX9,9/2/2024 0:00,0,0,0,0,0,0,0,0,0,,,,,,,,,
DCP,TX9,9/3/2024 0:00,0,0,0,0,0,0,0,0,0,,,,,,,,,
DCP,TX9,9/4/2024 0:00,0,0,0,0,0,0,0,0,0,,,,,,,,,
DCP,TX9,9/5/2024 0:00,0,0,0,0,0,0,0,0,0,,,,,,,,,
DCP,TX9,9/6/2024 0:00,0,0,0,0,0,0,0,0,0,,,,,,,,,
DCP,TX9,9/7/2024 0:00,0,0,0,0,0,0,0,0,0,,,,,,,,,
DCP,TX9,9/8/2024 0:00,0,0,0,0,0,0,0,0,0,,,,,,,,,
DCP,TX9,9/9/2024 0:00,0,0,0,0,0,0,0,0,0,,,,,,,,,
DCP,TX9,9/10/2024 0:00,0,0,0,0,0,0,0,0,0,,,,,,,,,
DCP,TX9,9/11/2024 0:00,0,0,0,0,0,0,0,0,0,,,,,,,,,
DCP,TX9,9/12/2024 0:00,50.89,1001.72,50.98,28.84,78.4,0.5622,0.401,0.844,98.745,,,,,,,,,
DCP,TX9,9/13/2024 0:00,19.15,1001.72,19.18,25.36,83.26,0.5622,0.401,0.844,98.745,,,,,,,,,
DCP,TX9,9/14/2024 0:00,0,0,0,0,0,0,0,0,0,,,,,,,,,
DCP,TX9,9/15/2024 0:00,0,0,0,0,0,0,0,0,0,,,,,,,,,
DCP,TX9,9/16/2024 0:00,92.72,1001.72,92.88,25.07,79.85,0.5622,0.401,0.844,98.745,,,,,,,,,
DCP,TX9,9/17/2024 0:00,53.32,1001.72,53.42,24.77,72.87,0.5622,0.401,0.844,98.745,,,,,,,,,
DCP,TX9,9/18/2024 0:00,0,0,0,0,0,0,0,0,0,,,,,,,,,
DCP,TX9,9/19/2024 0:00,65.84,1001.72,65.96,35.6,78.24,0.5622,0.401,0.844,98.745,,,,,,,,,
DCP,TX9,9/20/2024 0:00,81.9,1001.72,82.04,37.98,72.51,0.5622,0.401,0.844,98.745,,,,,,,,,
DCP,TX9,9/21/2024 0:00,0,0,0,0,0,0,0,0,0,,,,,,,,,
DCP,TX9,9/22/2024 0:00,0,0,0,0,0,0,0,0,0,,,,,,,,,
DCP,TX9,9/23/2024 0:00,0,0,0,0,0,0,0,0,0,,,,,,,,,
DCP,TX9,9/24/2024 0:00,0,0,0,0,0,0,0,0,0,,,,,,,,,
DCP,TX9,9/25/2024 0:00,0,0,0,0,0,0,0,0,0,,,,,,,,,
DCP,TX9,9/26/2024 0:00,0,0,0,0,0,0,0,0,0,,,,,,,,,
DCP,TX9,9/27/2024 0:00,111.89,1001.72,112.08,25.98,75.08,0.5622,0.401,0.844,98.745,,,,,,,,,
DCP,TX9,9/28/2024 0:00,189.85,1001.72,190.17,26.25,71.97,0.5622,0.401,0.844,98.745,,,,,,,,,
DCP,TX9,9/29/2024 0:00,27.09,1001.72,27.13,25.67,66.46,0.5622,0.401,0.844,98.745,,,,,,,,,
DCP,TX9,9/30/2024 0:00,92.25,1001.72,92.4,25.46,77.07,0.5622,0.401,0.844,98.745,,,,,,,,,
DCP,TX9,10/1/2024 0:00,106.29,1001.72,106.47,24.98,70.74,0.5622,0.401,0.844,98.745,,,,,,,,,
DCP,TX9,10/2/2024 0:00,170.64,1001.72,170.93,26.68,71.61,0.5622,0.401,0.844,98.745,,,,,,,,,
DCP,TX9,10/3/2024 0:00,171.89,1001.72,172.19,27.5,72.02,0.5622,0.401,0.844,98.745,,,,,,,,,
DCP,TX9,10/4/2024 0:00,76.08,1001.72,76.21,27.28,65.94,0.5622,0.401,0.844,98.745,,,,,,,,,
DCP,TX9,10/5/2024 0:00,0,0,0,0,0,0,0,0,0,,,,,,,,,
DCP,TX9,10/6/2024 0:00,0,0,0,0,0,0,0,0,0,,,,,,,,,
DCP,TX9,10/7/2024 0:00,0,0,0,0,0,0,0,0,0,,,,,,,,,
DCP,TX9,10/8/2024 0:00,0,0,0,0,0,0,0,0,0,,,,,,,,,
DCP,TX9,10/9/2024 0:00,0,0,0,0,0,0,0,0,0,,,,,,,,,
DCP,TX9,10/10/2024 0:00,0,0,0,0,0,0,0,0,0,,,,,,,,,
DCP,TX9,10/11/2024 0:00,0,0,0,0,0,0,0,0,0,,,,,,,,,
DCP,TX9,10/12/2024 0:00,0,0,0,0,0,0,0,0,0,,,,,,,,,
DCP,TX9,10/13/2024 0:00,0,0,0,0,0,0,0,0,0,,,,,,,,,
DCP,TX9,10/14/2024 0:00,0,0,0,0,0,0,0,0,0,,,,,,,,,
DCP,TX9,10/15/2024 0:00,0,0,0,0,0,0,0,0,0,,,,,,,,,
DCP,TX9,10/16/2024 0:00,0,0,0,0,0,0,0,0,0,,,,,,,,,
DCP,TX9,10/17/2024 0:00,0,0,0,0,0,0,0,0,0,,,,,,,,,
DCP,TX9,10/18/2024 0:00,0,0,0,0,0,0,0,0,0,,,,,,,,,
DCP,TX9,10/19/2024 0:00,0,0,0,0,0,0,0,0,0,,,,,,,,,
DCP,TX9,10/20/2024 0:00,0,0,0,0,0,0,0,0,0,,,,,,,,,
DCP,TX9,10/21/2024 0:00,0,0,0,0,0,0,0,0,0,,,,,,,,,
DCP,TX9,10/22/2024 0:00,0,0,0,0,0,0,0,0,0,,,,,,,,,
DCP,TX9,10/23/2024 0:00,0,0,0,0,0,0,0,0,0,,,,,,,,,
DCP,TX9,10/24/2024 0:00,0,0,0,0,0,0,0,0,0,,,,,,,,,
DCP,TX9,10/25/2024 0:00,0,0,0,0,0,0,0,0,0,,,,,,,,,
DCP,TX9,10/26/2024 0:00,0,0,0,0,0,0,0,0,0,,,,,,,,,
DCP,TX9,10/27/2024 0:00,0,0,0,0,0,0,0,0,0,,,,,,,,,
DCP,TX9,10/28/2024 0:00,0,0,0,0,0,0,0,0,0,,,,,,,,,
DCP,TX9,10/29/2024 0:00,0,0,0,0,0,0,0,0,0,,,,,,,,,
DCP,TX9,10/30/2024 0:00,0,0,0,0,0,0,0,0,0,,,,,,,,,
DCP,TX9,10/31/2024 0:00,0,0,0,0,0,0,0,0,0,,,,,,,,,
DCP,TX9,11/1/2024 0:00,0,0,0,0,0,0,0,0,0,,,,,,,,,
DCP,TX9,11/2/2024 0:00,0,0,0,0,0,0,0,0,0,,,,,,,,,
DCP,TX9,11/3/2024 0:00,0,0,0,0,0,0,0,0,0,,,,,,,,,
DCP,TX9,11/4/2024 0:00,0,0,0,0,0,0,0,0,0,,,,,,,,,
DCP,TX9,11/5/2024 0:00,0,0,0,0,0,0,0,0,0,,,,,,,,,
DCP,TX9,11/6/2024 0:00,0,0,0,0,0,0,0,0,0,,,,,,,,,
DCP,TX9,11/7/2024 0:00,0,0,0,0,0,0,0,0,0,,,,,,,,,
DCP,TX9,11/8/2024 0:00,0,0,0,0,0,0,0,0,0,,,,,,,,,
DCP,TX9,11/9/2024 0:00,0,0,0,0,0,0,0,0,0,,,,,,,,,
DCP,TX9,11/10/2024 0:00,0,0,0,0,0,0,0,0,0,,,,,,,,,
DCP,TX9,11/11/2024 0:00,0,0,0,0,0,0,0,0,0,,,,,,,,,
DCP,TX9,11/12/2024 0:00,0,0,0,0,0,0,0,0,0,,,,,,,,,
DCP,TX9,11/13/2024 0:00,0,0,0,0,0,0,0,0,0,,,,,,,,,
DCP,TX9,11/14/2024 0:00,0,0,0,0,0,0,0,0,0,,,,,,,,,
DCP,TX9,11/15/2024 0:00,0,0,0,0,0,0,0,0,0,,,,,,,,,
DCP,TX9,11/16/2024 0:00,0,0,0,0,0,0,0,0,0,,,,,,,,,
DCP,TX9,11/17/2024 0:00,0,0,0,0,0,0,0,0,0,,,,,,,,,
DCP,TX9,11/18/2024 0:00,0,0,0,0,0,0,0,0,0,,,,,,,,,
DCP,TX9,11/19/2024 0:00,13.46,1001.72,13.48,28.62,55.66,0.5622,0.401,0.844,98.745,,,,,,,,,
DCP,TX9,11/20/2024 0:00,28.75,1001.72,28.79,27.72,56.89,0.5622,0.401,0.844,98.745,,,,,,,,,
DCP,TX9,11/21/2024 0:00,48.6,1001.72,48.69,29.18,57.8,0.5622,0.401,0.844,98.745,,,,,,,,,
DCP,TX9,11/22/2024 0:00,33.54,1001.72,33.6,27.86,58.4,0.5622,0.401,0.844,98.745,,,,,,,,,
DCP,TX9,11/23/2024 0:00,0,0,0,0,0,0,0,0,0,,,,,,,,,
DCP,TX9,11/24/2024 0:00,0,0,0,0,0,0,0,0,0,,,,,,,,,
DCP,TX9,11/25/2024 0:00,0,0,0,0,0,0,0,0,0,,,,,,,,,
DCP,TX9,11/26/2024 0:00,0,0,0,0,0,0,0,0,0,,,,,,,,,
DCP,TX9,11/27/2024 0:00,0,0,0,0,0,0,0,0,0,,,,,,,,,
DCP,TX9,11/28/2024 0:00,0,0,0,0,0,0,0,0,0,,,,,,,,,
DCP,TX9,11/29/2024 0:00,0,0,0,0,0,0,0,0,0,,,,,,,,,
DCP,TX9,11/30/2024 0:00,0,0,0,0,0,0,0,0,0,,,,,,,,,
DCP,TX9,12/1/2024 0:00,0,0,0,0,0,0,0,0,0,,,,,,,,,
DCP,TX9,12/2/2024 0:00,0,0,0,0,0,0,0,0,0,,,,,,,,,
DCP,TX9,12/3/2024 0:00,3.88,1001.72,3.88,27.45,57.18,0.5622,0.401,0.844,98.745,,,,,,,,,
DCP,TX9,12/4/2024 0:00,43.16,1001.72,43.23,25.82,55.88,0.5622,0.401,0.844,98.745,,,,,,,,,
DCP,TX9,12/5/2024 0:00,76.2,1001.72,76.33,25.1,49.12,0.5622,0.401,0.844,98.745,,,,,,,,,
DCP,TX9,12/6/2024 0:00,77.82,1001.72,77.95,25.02,45.36,0.5622,0.401,0.844,98.745,,,,,,,,,
DCP,TX9,12/7/2024 0:00,0,0,0,0,0,0,0,0,0,,,,,,,,,
DCP,TX9,12/8/2024 0:00,0,0,0,0,0,0,0,0,0,,,,,,,,,
DCP,TX9,12/9/2024 0:00,0,0,0,0,0,0,0,0,0,,,,,,,,,
DCP,TX9,12/10/2024 0:00,0,0,0,0,0,0,0,0,0,,,,,,,,,
DCP,TX9,12/11/2024 0:00,0,0,0,0,0,0,0,0,0,,,,,,,,,
DCP,TX9,12/12/2024 0:00,0,0,0,0,0,0,0,0,0,,,,,,,,,
DCP,TX9,12/13/2024 0:00,0,0,0,0,0,0,0,0,0,,,,,,,,,
DCP,TX9,12/14/2024 0:00,0,0,0,0,0,0,0,0,0,,,,,,,,,
DCP,TX9,12/15/2024 0:00,0,0,0,0,0,0,0,0,0,,,,,,,,,
DCP,TX9,12/16/2024 0:00,0,0,0,0,0,0,0,0,0,,,,,,,,,
DCP,TX9,12/17/2024 0:00,0,0,0,0,0,0,0,0,0,,,,,,,,,
DCP,TX9,12/18/2024 0:00,0,0,0,0,0,0,0,0,0,,,,,,,,,
DCP,TX9,12/19/2024 0:00,0,0,0,0,0,0,0,0,0,,,,,,,,,
DCP,TX9,12/20/2024 0:00,0,0,0,0,0,0,0,0,0,,,,,,,,,
DCP,TX9,12/21/2024 0:00,0,0,0,0,0,0,0,0,0,,,,,,,,,
DCP,TX9,12/22/2024 0:00,0,0,0,0,0,0,0,0,0,,,,,,,,,
DCP,TX9,12/23/2024 0:00,0,0,0,0,0,0,0,0,0,,,,,,,,,
DCP,TX9,12/24/2024 0:00,0,0,0,0,0,0,0,0,0,,,,,,,,,
DCP,TX9,12/25/2024 0:00,0,0,0,0,0,0,0,0,0,,,,,,,,,
DCP,TX9,12/26/2024 0:00,0,0,0,0,0,0,0,0,0,,,,,,,,,
DCP,TX9,12/27/2024 0:00,0,0,0,0,0,0,0,0,0,,,,,,,,,
DCP,TX9,12/28/2024 0:00,0,0,0,0,0,0,0,0,0,,,,,,,,,
DCP,TX9,12/29/2024 0:00,0,0,0,0,0,0,0,0,0,,,,,,,,,
DCP,TX9,12/30/2024 0:00,0,0,0,0,0,0,0,0,0,,,,,,,,,
DCP,TX9,12/31/2024 0:00,0,0,0,0,0,0,0,0,0,,,,,,,,,
DCP,TX9,1/1/2025 0:00,0,0,0,0,0,0,0,0,0,,,,,,,,,
DCP,TX9,1/2/2025 0:00,0,0,0,0,0,0,0,0,0,,,,,,,,,
DCP,TX9,1/3/2025 0:00,0,0,0,0,0,0,0,0,0,,,,,,,,,
DCP,TX9,1/4/2025 0:00,0,0,0,0,0,0,0,0,0,,,,,,,,,
DCP,TX9,1/5/2025 0:00,0,0,0,0,0,0,0,0,0,,,,,,,,,
DCP,TX9,1/6/2025 0:00,0,0,0,0,0,0,0,0,0,,,,,,,,,
DCP,TX9,1/7/2025 0:00,0,0,0,0,0,0,0,0,0,,,,,,,,,
DCP,TX9,1/8/2025 0:00,0,0,0,0,0,0,0,0,0,,,,,,,,,
DCP,TX9,1/9/2025 0:00,0,0,0,0,0,0,0,0,0,,,,,,,,,
DCP,TX9,1/10/2025 0:00,0,0,0,0,0,0,0,0,0,,,,,,,,,
DCP,TX9,1/11/2025 0:00,0,0,0,0,0,0,0,0,0,,,,,,,,,
DCP,TX9,1/12/2025 0:00,0,0,0,0,0,0,0,0,0,,,,,,,,,
DCP,TX9,1/13/2025 0:00,0,0,0,0,0,0,0,0,0,,,,,,,,,
DCP,TX9,1/14/2025 0:00,0,0,0,0,0,0,0,0,0,,,,,,,,,
DCP,TX9,1/15/2025 0:00,0,0,0,0,0,0,0,0,0,,,,,,,,,
DCP,TX9,1/16/2025 0:00,0,0,0,0,0,0,0,0,0,,,,,,,,,
DCP,TX9,1/17/2025 0:00,0,0,0,0,0,0,0,0,0,,,,,,,,,
DCP,TX9,1/18/2025 0:00,0,0,0,0,0,0,0,0,0,,,,,,,,,
DCP,TX9,1/19/2025 0:00,0,0,0,0,0,0,0,0,0,,,,,,,,,
DCP,TX9,1/20/2025 0:00,0,0,0,0,0,0,0,0,0,,,,,,,,,
DCP,TX9,1/21/2025 0:00,0,0,0,0,0,0,0,0,0,,,,,,,,,
DCP,TX9,1/22/2025 0:00,0,0,0,0,0,0,0,0,0,,,,,,,,,
DCP,TX9,1/23/2025 0:00,0,0,0,0,0,0,0,0,0,,,,,,,,,
DCP,TX9,1/24/2025 0:00,0,0,0,0,0,0,0,0,0,,,,,,,,,
DCP,TX9,1/25/2025 0:00,0,0,0,0,0,0,0,0,0,,,,,,,,,
DCP,TX9,1/26/2025 0:00,0,0,0,0,0,0,0,0,0,,,,,,,,,
DCP,TX9,1/27/2025 0:00,0,0,0,0,0,0,0,0,0,,,,,,,,,
DCP,TX9,1/28/2025 0:00,0,0,0,0,0,0,0,0,0,,,,,,,,,
DCP,TX9,1/29/2025 0:00,0,0,0,0,0,0,0,0,0,,,,,,,,,
DCP,TX9,1/30/2025 0:00,0,0,0,0,0,0,0,0,0,,,,,,,,,
DCP,TX9,1/31/2025 0:00,0,0,0,0,0,0,0,0,0,,,,,,,,,
DCP,TX9,2/1/2025 0:00,0,0,0,0,0,0,0,0,0,,,,,,,,,
DCP,TX9,2/2/2025 0:00,0,0,0,0,0,0,0,0,0,,,,,,,,,
DCP,TX9,2/3/2025 0:00,34.56,1001.72,34.62,25.83,59.64,0.5622,0.401,0.844,98.745,,,,,,,,,
DCP,TX9,2/4/2025 0:00,40.52,1001.72,40.59,24.88,42.46,0.5622,0.401,0.844,98.745,,,,,,,,,
DCP,TX9,2/5/2025 0:00,0,0,0,0,0,0,0,0,0,,,,,,,,,
DCP,TX9,2/6/2025 0:00,0,0,0,0,0,0,0,0,0,,,,,,,,,
DCP,TX9,2/7/2025 0:00,0,0,0,0,0,0,0,0,0,,,,,,,,,
DCP,TX9,2/8/2025 0:00,0,0,0,0,0,0,0,0,0,,,,,,,,,
DCP,TX9,2/9/2025 0:00,0,0,0,0,0,0,0,0,0,,,,,,,,,
DCP,TX9,2/10/2025 0:00,0,0,0,0,0,0,0,0,0,,,,,,,,,
DCP,TX9,2/11/2025 0:00,0,0,0,0,0,0,0,0,0,,,,,,,,,
DCP,TX9,2/12/2025 0:00,0,0,0,0,0,0,0,0,0,,,,,,,,,
DCP,TX9,2/13/2025 0:00,0,0,0,0,0,0,0,0,0,,,,,,,,,
DCP,TX9,2/14/2025 0:00,0,0,0,0,0,0,0,0,0,,,,,,,,,
DCP,TX9,2/15/2025 0:00,0,0,0,0,0,0,0,0,0,,,,,,,,,
DCP,TX9,2/16/2025 0:00,0,0,0,0,0,0,0,0,0,,,,,,,,,
DCP,TX9,2/17/2025 0:00,0,0,0,0,0,0,0,0,0,,,,,,,,,
DCP,TX9,2/18/2025 0:00,0,0,0,0,0,0,0,0,0,,,,,,,,,
DCP,TX9,2/19/2025 0:00,0,0,0,0,0,0,0,0,0,,,,,,,,,
DCP,TX9,2/20/2025 0:00,0,0,0,0,0,0,0,0,0,,,,,,,,,
DCP,TX9,2/21/2025 0:00,0,0,0,0,0,0,0,0,0,,,,,,,,,
DCP,TX9,2/22/2025 0:00,0,0,0,0,0,0,0,0,0,,,,,,,,,
DCP,TX9,2/23/2025 0:00,0,0,0,0,0,0,0,0,0,,,,,,,,,
DCP,TX9,2/24/2025 0:00,0,0,0,0,0,0,0,0,0,,,,,,,,,
DCP,TX9,2/25/2025 0:00,0,0,0,0,0,0,0,0,0,,,,,,,,,
DCP,TX9,2/26/2025 0:00,0,0,0,0,0,0,0,0,0,,,,,,,,,
DCP,TX9,2/27/2025 0:00,0,0,0,0,0,0,0,0,0,,,,,,,,,
DCP,TX9,2/28/2025 0:00,0,0,0,0,0,0,0,0,0,,,,,,,,,
DCP,TX9,3/1/2025 0:00,0,0,0,0,0,0,0,0,0,,,,,,,,,
DCP,TX9,3/2/2025 0:00,0,0,0,0,0,0,0,0,0,,,,,,,,,
DCP,TX9,3/3/2025 0:00,0,0,0,0,0,0,0,0,0,,,,,,,,,
DCP,TX9,3/4/2025 0:00,0,0,0,0,0,0,0,0,0,,,,,,,,,
DCP,TX9,3/5/2025 0:00,0,0,0,0,0,0,0,0,0,,,,,,,,,
DCP,TX9,3/6/2025 0:00,0,0,0,0,0,0,0,0,0,,,,,,,,,
DCP,TX9,3/7/2025 0:00,0,0,0,0,0,0,0,0,0,,,,,,,,,
DCP,TX9,3/8/2025 0:00,0,0,0,0,0,0,0,0,0,,,,,,,,,
DCP,TX9,3/9/2025 0:00,0,0,0,0,0,0,0,0,0,,,,,,,,,
DCP,TX9,3/10/2025 0:00,0,0,0,0,0,0,0,0,0,,,,,,,,,
DCP,TX9,3/11/2025 0:00,0,0,0,0,0,0,0,0,0,,,,,,,,,
DCP,TX9,3/12/2025 0:00,0,0,0,0,0,0,0,0,0,,,,,,,,,
DCP,TX9,3/13/2025 0:00,0,0,0,0,0,0,0,0,0,,,,,,,,,
DCP,TX9,3/14/2025 0:00,0,0,0,0,0,0,0,0,0,,,,,,,,,
DCP,TX9,3/15/2025 0:00,0,0,0,0,0,0,0,0,0,,,,,,,,,
DCP,TX9,3/16/2025 0:00,0,0,0,0,0,0,0,0,0,,,,,,,,,
DCP,TX9,3/17/2025 0:00,0,0,0,0,0,0,0,0,0,,,,,,,,,
DCP,TX9,3/18/2025 0:00,0,0,0,0,0,0,0,0,0,,,,,,,,,
DCP,TX9,3/19/2025 0:00,0,0,0,0,0,0,0,0,0,,,,,,,,,
DCP,TX9,3/20/2025 0:00,0,0,0,0,0,0,0,0,0,,,,,,,,,
DCP,TX9,3/21/2025 0:00,0,0,0,0,0,0,0,0,0,,,,,,,,,
DCP,TX9,3/22/2025 0:00,0,0,0,0,0,0,0,0,0,,,,,,,,,
DCP,TX9,3/23/2025 0:00,0,0,0,0,0,0,0,0,0,,,,,,,,,
DCP,TX9,3/24/2025 0:00,0,0,0,0,0,0,0,0,0,,,,,,,,,
DCP,TX9,3/25/2025 0:00,0,0,0,0,0,0,0,0,0,,,,,,,,,
DCP,TX9,3/26/2025 0:00,0,0,0,0,0,0,0,0,0,,,,,,,,,
DCP,TX9,3/27/2025 0:00,0,0,0,0,0,0,0,0,0,,,,,,,,,
DCP,TX9,3/28/2025 0:00,0,0,0,0,0,0,0,0,0,,,,,,,,,
DCP,TX9,3/29/2025 0:00,0,0,0,0,0,0,0,0,0,,,,,,,,,
DCP,TX9,3/30/2025 0:00,0,0,0,0,0,0,0,0,0,,,,,,,,,
DCP,TX9,3/31/2025 0:00,0,0,0,0,0,0,0,0,0,,,,,,,,,
DCP,TX9,4/1/2025 0:00,0,0,0,0,0,0,0,0,0,,,,,,,,,
DCP,TX9,4/2/2025 0:00,0,0,0,0,0,0,0,0,0,,,,,,,,,
DCP,TX9,4/3/2025 0:00,0,0,0,0,0,0,0,0,0,,,,,,,,,
DCP,TX9,4/4/2025 0:00,0,0,0,0,0,0,0,0,0,,,,,,,,,
DCP,TX9,4/5/2025 0:00,0,0,0,0,0,0,0,0,0,,,,,,,,,
DCP,TX9,4/6/2025 0:00,0,0,0,0,0,0,0,0,0,,,,,,,,,
DCP,TX9,4/7/2025 0:00,0,0,0,0,0,0,0,0,0,,,,,,,,,
DCP,TX9,4/8/2025 0:00,0,0,0,0,0,0,0,0,0,,,,,,,,,
DCP,TX9,4/9/2025 0:00,0,0,0,0,0,0,0,0,0,,,,,,,,,
DCP,TX9,4/10/2025 0:00,0,0,0,0,0,0,0,0,0,,,,,,,,,
DCP,TX9,4/11/2025 0:00,2.51,1001.72,2.52,35.73,55.35,0.5622,0.401,0.844,98.745,,,,,,,,,
DCP,TX9,4/12/2025 0:00,0,0,0,0,0,0,0,0,0,,,,,,,,,
DCP,TX9,4/13/2025 0:00,0,0,0,0,0,0,0,0,0,,,,,,,,,
DCP,TX9,4/14/2025 0:00,0,0,0,0,0,0,0,0,0,,,,,,,,,
DCP,TX9,4/15/2025 0:00,1.53,1001.72,1.54,26.89,62.94,0.5622,0.401,0.844,98.745,,,,,,,,,
DCP,TX9,4/16/2025 0:00,0,0,0,0,0,0,0,0,0,,,,,,,,,
DCP,TX9,4/17/2025 0:00,0.49,1001.72,0.49,32.73,75.79,0.5622,0.401,0.844,98.745,,,,,,,,,
DCP,TX9,4/18/2025 0:00,0,0,0,0,0,0,0,0,0,,,,,,,,,
DCP,TX9,4/19/2025 0:00,0,0,0,0,0,0,0,0,0,,,,,,,,,
DCP,TX9,4/20/2025 0:00,0.01,1001.72,0.01,22.7,48.81,0.5622,0.401,0.844,98.745,,,,,,,,,
DCP,TX9,4/21/2025 0:00,0,0,0,0,0,0,0,0,0,,,,,,,,,
DCP,TX9,4/22/2025 0:00,102.76,1001.72,102.93,25.89,65.08,0.5622,0.401,0.844,98.745,,,,,,,,,
DCP,TX9,4/23/2025 0:00,123.4,1001.72,123.62,25.14,60.55,0.5622,0.401,0.844,98.745,,,,,,,,,
DCP,TX9,4/24/2025 0:00,0,0,0,0,0,0,0,0,0,,,,,,,,,
DCP,TX9,4/25/2025 0:00,0,0,0,0,0,0,0,0,0,,,,,,,,,
DCP,TX9,4/26/2025 0:00,0,0,0,0,0,0,0,0,0,,,,,,,,,
DCP,TX9,4/27/2025 0:00,0,0,0,0,0,0,0,0,0,,,,,,,,,
DCP,TX9,4/28/2025 0:00,0,0,0,0,0,0,0,0,0,,,,,,,,,
DCP,TX9,4/29/2025 0:00,0,0,0,0,0,0,0,0,0,,,,,,,,,
DCP,TX9,4/30/2025 0:00,0,0,0,0,0,0,0,0,0,,,,,,,,,
DCP,TX9,5/1/2025 0:00,0,0,0,0,0,0,0,0,0,,,,,,,,,
DCP,TX9,5/2/2025 0:00,0,0,0,0,0,0,0,0,0,,,,,,,,,
DCP,TX9,5/3/2025 0:00,0,0,0,0,0,0,0,0,0,,,,,,,,,
DCP,TX9,5/4/2025 0:00,0,0,0,0,0,0,0,0,0,,,,,,,,,
DCP,TX9,5/5/2025 0:00,0,0,0,0,0,0,0,0,0,,,,,,,,,
DCP,TX9,5/6/2025 0:00,0,0,0,0,0,0,0,0,0,,,,,,,,,
DCP,TX9,5/7/2025 0:00,0,0,0,0,0,0,0,0,0,,,,,,,,,
DCP,TX9,5/8/2025 0:00,0,0,0,0,0,0,0,0,0,,,,,,,,,
DCP,TX9,5/9/2025 0:00,0,0,0,0,0,0,0,0,0,,,,,,,,,
DCP,TX9,5/10/2025 0:00,0,0,0,0,0,0,0,0,0,,,,,,,,,
DCP,TX9,5/11/2025 0:00,0,0,0,0,0,0,0,0,0,,,,,,,,,
DCP,TX9,5/12/2025 0:00,0,0,0,0,0,0,0,0,0,,,,,,,,,
DCP,TX9,5/13/2025 0:00,0,0,0,0,0,0,0,0,0,,,,,,,,,
DCP,TX9,5/14/2025 0:00,0,0,0,0,0,0,0,0,0,,,,,,,,,
DCP,TX9,5/15/2025 0:00,0,0,0,0,0,0,0,0,0,,,,,,,,,
DCP,TX9,5/16/2025 0:00,0,0,0,0,0,0,0,0,0,,,,,,,,,
DCP,TX9,5/17/2025 0:00,0,0,0,0,0,0,0,0,0,,,,,,,,,
DCP,TX9,5/18/2025 0:00,0,0,0,0,0,0,0,0,0,,,,,,,,,
DCP,TX9,5/19/2025 0:00,0,0,0,0,0,0,0,0,0,,,,,,,,,
DCP,TX9,5/20/2025 0:00,0,0,0,0,0,0,0,0,0,,,,,,,,,
DCP,TX9,5/21/2025 0:00,0,0,0,0,0,0,0,0,0,,,,,,,,,
DCP,TX9,5/22/2025 0:00,0,0,0,0,0,0,0,0,0,,,,,,,,,
DCP,TX9,5/23/2025 0:00,0,0,0,0,0,0,0,0,0,,,,,,,,,
DCP,TX9,5/24/2025 0:00,0,0,0,0,0,0,0,0,0,,,,,,,,,
DCP,TX9,5/25/2025 0:00,0,0,0,0,0,0,0,0,0,,,,,,,,,
DCP,TX9,5/26/2025 0:00,0,0,0,0,0,0,0,0,0,,,,,,,,,
DCP,TX9,5/27/2025 0:00,0,0,0,0,0,0,0,0,0,,,,,,,,,
DCP,TX9,5/28/2025 0:00,0,0,0,0,0,0,0,0,0,,,,,,,,,
DCP,TX9,5/29/2025 0:00,0,0,0,0,0,0,0,0,0,,,,,,,,,
DCP,TX9,5/30/2025 0:00,0,0,0,0,0,0,0,0,0,,,,,,,,,
DCP,TX9,5/31/2025 0:00,0,0,0,0,0,0,0,0,0,,,,,,,,,
DCP,TX9,6/1/2025 0:00,0,0,0,0,0,0,0,0,0,,,,,,,,,
DCP,TX9,6/2/2025 0:00,0,0,0,0,0,0,0,0,0,,,,,,,,,
DCP,TX9,6/3/2025 0:00,91.49,1001.72,91.65,29.06,61.69,0.5622,0.401,0.844,98.745,,,,,,,,,
DCP,TX9,6/4/2025 0:00,139.27,1001.72,139.51,29.79,63.27,0.5622,0.401,0.844,98.745,,,,,,,,,
DCP,TX9,6/5/2025 0:00,0,0,0,0,0,0,0,0,0,,,,,,,,,
DCP,TX9,6/6/2025 0:00,0,0,0,0,0,0,0,0,0,,,,,,,,,
DCP,TX9,6/7/2025 0:00,0,0,0,0,0,0,0,0,0,,,,,,,,,
DCP,TX9,6/8/2025 0:00,0,0,0,0,0,0,0,0,0,,,,,,,,,
DCP,TX9,6/9/2025 0:00,0,0,0,0,0,0,0,0,0,,,,,,,,,
DCP,TX9,6/10/2025 0:00,0,0,0,0,0,0,0,0,0,,,,,,,,,
DCP,TX9,6/11/2025 0:00,0,0,0,0,0,0,0,0,0,,,,,,,,,
DCP,TX9,6/12/2025 0:00,0,0,0,0,0,0,0,0,0,,,,,,,,,
DCP,TX9,6/13/2025 0:00,0,0,0,0,0,0,0,0,0,,,,,,,,,
DCP,TX9,6/14/2025 0:00,0,0,0,0,0,0,0,0,0,,,,,,,,,
DCP,TX9,6/15/2025 0:00,0,0,0,0,0,0,0,0,0,,,,,,,,,
DCP,TX9,6/16/2025 0:00,0.01,1001.72,0.01,23.04,96.61,0.5622,0.401,0.844,98.745,,,,,,,,,
DCP,TX9,6/17/2025 0:00,0,0,0,0,0,0,0,0,0,,,,,,,,,
DCP,TX9,6/18/2025 0:00,0,0,0,0,0,0,0,0,0,,,,,,,,,
DCP,TX9,6/19/2025 0:00,0,0,0,0,0,0,0,0,0,,,,,,,,,
DCP,TX9,6/20/2025 0:00,0,0,0,0,0,0,0,0,0,,,,,,,,,
DCP,TX9,6/21/2025 0:00,0,0,0,0,0,0,0,0,0,,,,,,,,,
DCP,TX9,6/22/2025 0:00,0,0,0,0,0,0,0,0,0,,,,,,,,,
DCP,TX9,6/23/2025 0:00,0,0,0,0,0,0,0,0,0,,,,,,,,,
DCP,TX9,6/24/2025 0:00,0,0,0,0,0,0,0,0,0,,,,,,,,,
DCP,TX9,6/25/2025 0:00,0,0,0,0,0,0,0,0,0,,,,,,,,,
DCP,TX9,6/26/2025 0:00,0,0,0,0,0,0,0,0,0,,,,,,,,,
DCP,TX9,6/27/2025 0:00,0,0,0,0,0,0,0,0,0,,,,,,,,,
DCP,TX9,6/28/2025 0:00,0,0,0,0,0,0,0,0,0,,,,,,,,,
DCP,TX9,6/29/2025 0:00,0,0,0,0,0,0,0,0,0,,,,,,,,,
DCP,TX9,6/30/2025 0:00,0,0,0,0,0,0,0,0,0,,,,,,,,,
DCP,TX9,7/1/2025 0:00,0,0,0,0,0,0,0,0,0,,,,,,,,,
DCP,TX9,7/2/2025 0:00,0,0,0,0,0,0,0,0,0,,,,,,,,,
DCP,TX9,7/3/2025 0:00,0,0,0,0,0,0,0,0,0,,,,,,,,,
DCP,TX9,7/4/2025 0:00,0,0,0,0,0,0,0,0,0,,,,,,,,,
DCP,TX9,7/5/2025 0:00,0,0,0,0,0,0,0,0,0,,,,,,,,,
DCP,TX9,7/6/2025 0:00,0,0,0,0,0,0,0,0,0,,,,,,,,,
DCP,TX9,7/7/2025 0:00,0,0,0,0,0,0,0,0,0,,,,,,,,,
DCP,TX9,7/8/2025 0:00,0,0,0,0,0,0,0,0,0,,,,,,,,,
DCP,TX9,7/9/2025 0:00,0,0,0,0,0,0,0,0,0,,,,,,,,,
DCP,TX9,7/10/2025 0:00,0,0,0,0,0,0,0,0,0,,,,,,,,,
DCP,TX9,7/11/2025 0:00,0,0,0,0,0,0,0,0,0,,,,,,,,,
DCP,TX9,7/12/2025 0:00,0,0,0,0,0,0,0,0,0,,,,,,,,,
DCP,TX9,7/13/2025 0:00,0,0,0,0,0,0,0,0,0,,,,,,,,,
DCP,TX9,7/14/2025 0:00,0,0,0,0,0,0,0,0,0,,,,,,,,,
DCP,TX9,7/15/2025 0:00,0,0,0,0,0,0,0,0,0,,,,,,,,,
DCP,TX9,7/16/2025 0:00,0,0,0,0,0,0,0,0,0,,,,,,,,,
DCP,TX9,7/17/2025 0:00,0,0,0,0,0,0,0,0,0,,,,,,,,,
DCP,TX9,7/18/2025 0:00,0,0,0,0,0,0,0,0,0,,,,,,,,,
DCP,TX9,7/19/2025 0:00,0,0,0,0,0,0,0,0,0,,,,,,,,,
DCP,TX9,7/20/2025 0:00,0,0,0,0,0,0,0,0,0,,,,,,,,,
DCP,TX9,7/21/2025 0:00,0,0,0,0,0,0,0,0,0,,,,,,,,,
DCP,TX9,7/22/2025 0:00,0,0,0,0,0,0,0,0,0,,,,,,,,,
DCP,TX9,7/23/2025 0:00,0,0,0,0,0,0,0,0,0,,,,,,,,,
DCP,TX9,7/24/2025 0:00,0,0,0,0,0,0,0,0,0,,,,,,,,,
DCP,TX9,7/25/2025 0:00,0,0,0,0,0,0,0,0,0,,,,,,,,,
DCP,TX9,7/26/2025 0:00,0,0,0,0,0,0,0,0,0,,,,,,,,,
DCP,TX9,7/27/2025 0:00,0,0,0,0,0,0,0,0,0,,,,,,,,,
DCP,TX9,7/28/2025 0:00,0,0,0,0,0,0,0,0,0,,,,,,,,,
DCP,TX9,7/29/2025 0:00,0,0,0,0,0,0,0,0,0,,,,,,,,,
DCP,TX9,7/30/2025 0:00,0,0,0,0,0,0,0,0,0,,,,,,,,,
DCP,TX9,7/31/2025 0:00,0,0,0,0,0,0,0,0,0,,,,,,,,,
DCP,TX9,8/1/2025 0:00,0,0,0,0,0,0,0,0,0,,,,,,,,,
DCP,TX9,8/2/2025 0:00,0,0,0,0,0,0,0,0,0,,,,,,,,,
DCP,TX9,8/3/2025 0:00,0,0,0,0,0,0,0,0,0,,,,,,,,,
DCP,TX9,8/4/2025 0:00,0,0,0,0,0,0,0,0,0,,,,,,,,,
DCP,TX9,8/5/2025 0:00,0,0,0,0,0,0,0,0,0,,,,,,,,,
DCP,TX9,8/6/2025 0:00,0,0,0,0,0,0,0,0,0,,,,,,,,,
DCP,TX9,8/7/2025 0:00,0,0,0,0,0,0,0,0,0,,,,,,,,,
DCP,TX9,8/8/2025 0:00,0,0,0,0,0,0,0,0,0,,,,,,,,,
DCP,TX9,8/9/2025 0:00,0,0,0,0,0,0,0,0,0,,,,,,,,,
DCP,TX9,8/10/2025 0:00,0,0,0,0,0,0,0,0,0,,,,,,,,,
DCP,TX9,8/11/2025 0:00,0,0,0,0,0,0,0,0,0,,,,,,,,,
DCP,TX9,8/12/2025 0:00,0,0,0,0,0,0,0,0,0,,,,,,,,,
DCP,TX9,8/13/2025 0:00,0,0,0,0,0,0,0,0,0,,,,,,,,,
DCP,TX9,8/14/2025 0:00,0,0,0,0,0,0,0,0,0,,,,,,,,,
DCP,TX9,8/15/2025 0:00,0,0,0,0,0,0,0,0,0,,,,,,,,,
DCP,TX9,8/16/2025 0:00,0,0,0,0,0,0,0,0,0,,,,,,,,,
DCP,TX9,8/17/2025 0:00,0,0,0,0,0,0,0,0,0,,,,,,,,,
DCP,TX9,8/18/2025 0:00,0,0,0,0,0,0,0,0,0,,,,,,,,,
DCP,TX9,8/19/2025 0:00,0,0,0,0,0,0,0,0,0,,,,,,,,,
DCP,TX9,8/20/2025 0:00,0,0,0,0,0,0,0,0,0,,,,,,,,,
DCP,TX9,8/21/2025 0:00,0,0,0,0,0,0,0,0,0,,,,,,,,,
DCP,TX9,8/22/2025 0:00,0,0,0,0,0,0,0,0,0,,,,,,,,,
DCP,TX9,8/23/2025 0:00,0,0,0,0,0,0,0,0,0,,,,,,,,,
DCP,TX9,8/24/2025 0:00,0,0,0,0,0,0,0,0,0,,,,,,,,,
DCP,TX9,8/25/2025 0:00,0,0,0,0,0,0,0,0,0,,,,,,,,,
DCP,TX9,8/26/2025 0:00,0,0,0,0,0,0,0,0,0,,,,,,,,,
DCP,TX9,8/27/2025 0:00,0,0,0,0,0,0,0,0,0,,,,,,,,,
DCP,TX9,8/28/2025 0:00,0,0,0,0,0,0,0,0,0,,,,,,,,,
DCP,TX9,8/29/2025 0:00,0,0,0,0,0,0,0,0,0,,,,,,,,,
DCP,TX9,8/30/2025 0:00,0,0,0,0,0,0,0,0,0,,,,,,,,,
DCP,TX9,8/31/2025 0:00,0,0,0,0,0,0,0,0,0,,,,,,,,,
DCP,TX9,9/1/2025 0:00,0,0,0,0,0,0,0,0,0,,,,,,,,,
DCP,TX9,9/2/2025 0:00,0,0,0,0,0,0,0,0,0,,,,,,,,,
DCP,TX9,9/3/2025 0:00,0,0,0,0,0,0,0,0,0,,,,,,,,,
DCP,TX9,9/4/2025 0:00,0,0,0,0,0,0,0,0,0,,,,,,,,,
DCP,TX9,9/5/2025 0:00,0,0,0,0,0,0,0,0,0,,,,,,,,,
DCP,TX9,9/6/2025 0:00,0,0,0,0,0,0,0,0,0,,,,,,,,,
DCP,TX9,9/7/2025 0:00,0,0,0,0,0,0,0,0,0,,,,,,,,,
DCP,TX9,9/8/2025 0:00,0,0,0,0,0,0,0,0,0,,,,,,,,,
DCP,TX9,9/9/2025 0:00,0,0,0,0,0,0,0,0,0,,,,,,,,,
DCP,TX9,9/10/2025 0:00,30.18,1001.72,30.23,22.56,73.18,0.5622,0.401,0.844,98.745,,,,,,,,,
DCP,TX9,9/11/2025 0:00,38.22,1001.72,38.28,23.53,75.64,0.5622,0.401,0.844,98.745,,,,,,,,,
DCP,TX9,9/12/2025 0:00,0,0,0,0,0,0,0,0,0,,,,,,,,,
DCP,TX9,9/13/2025 0:00,0,0,0,0,0,0,0,0,0,,,,,,,,,
DCP,TX9,9/14/2025 0:00,0,0,0,0,0,0,0,0,0,,,,,,,,,
DCP,TX9,9/15/2025 0:00,21.58,1001.72,21.62,21.87,74.31,0.5622,0.401,0.844,98.745,,,,,,,,,
DCP,TX9,9/16/2025 0:00,0,0,0,0,0,0,0,0,0,,,,,,,,,
DCP,TX9,9/17/2025 0:00,0,0,0,0,0,0,0,0,0,,,,,,,,,
DCP,TX9,9/18/2025 0:00,0,0,0,0,0,0,0,0,0,,,,,,,,,
DCP,TX9,9/19/2025 0:00,0,0,0,0,0,0,0,0,0,,,,,,,,,
DCP,TX9,9/20/2025 0:00,0,0,0,0,0,0,0,0,0,,,,,,,,,
DCP,TX9,9/21/2025 0:00,0,0,0,0,0,0,0,0,0,,,,,,,,,
DCP,TX9,9/22/2025 0:00,0,0,0,0,0,0,0,0,0,,,,,,,,,
DCP,TX9,9/23/2025 0:00,0,0,0,0,0,0,0,0,0,,,,,,,,,
DCP,TX9,9/24/2025 0:00,0,0,0,0,0,0,0,0,0,,,,,,,,,
DCP,TX9,9/25/2025 0:00,0,0,0,0,0,0,0,0,0,,,,,,,,,
DCP,TX9,9/26/2025 0:00,0,0,0,0,0,0,0,0,0,,,,,,,,,
DCP,TX9,9/27/2025 0:00,0,0,0,0,0,0,0,0,0,,,,,,,,,
DCP,TX9,9/28/2025 0:00,0,0,0,0,0,0,0,0,0,,,,,,,,,
DCP,TX9,9/29/2025 0:00,0,0,0,0,0,0,0,0,0,,,,,,,,,
DCP,TX9,9/30/2025 0:00,0,0,0,0,0,0,0,0,0,,,,,,,,,
DCP,TX9,10/1/2025 0:00,0,0,0,0,0,0,0,0,0,,,,,,,,,
DCP,TX9,10/2/2025 0:00,0,0,0,0,0,0,0,0,0,,,,,,,,,
DCP,TX9,10/3/2025 0:00,0,0,0,0,0,0,0,0,0,,,,,,,,,
DCP,TX9,10/4/2025 0:00,0,0,0,0,0,0,0,0,0,,,,,,,,,
DCP,TX9,10/5/2025 0:00,0,0,0,0,0,0,0,0,0,,,,,,,,,
DCP,TX9,10/6/2025 0:00,0,0,0,0,0,0,0,0,0,,,,,,,,,
DCP,TX9,10/7/2025 0:00,0,0,0,0,0,0,0,0,0,,,,,,,,,
DCP,TX9,10/8/2025 0:00,0,0,0,0,0,0,0,0,0,,,,,,,,,
DCP,TX9,10/9/2025 0:00,0,0,0,0,0,0,0,0,0,,,,,,,,,
DCP,TX9,10/10/2025 0:00,0,0,0,0,0,0,0,0,0,,,,,,,,,
DCP,TX9,10/11/2025 0:00,0,0,0,0,0,0,0,0,0,,,,,,,,,
DCP,TX9,10/12/2025 0:00,0,0,0,0,0,0,0,0,0,,,,,,,,,
DCP,TX9,10/13/2025 0:00,0,0,0,0,0,0,0,0,0,,,,,,,,,
DCP,TX9,10/14/2025 0:00,0,0,0,0,0,0,0,0,0,,,,,,,,,
DCP,TX9,10/15/2025 0:00,0,0,0,0,0,0,0,0,0,,,,,,,,,
DCP,TX9,10/16/2025 0:00,0,0,0,0,0,0,0,0,0,,,,,,,,,
DCP,TX9,10/17/2025 0:00,0,0,0,0,0,0,0,0,0,,,,,,,,,
DCP,TX9,10/18/2025 0:00,0,0,0,0,0,0,0,0,0,,,,,,,,,
DCP,TX9,10/19/2025 0:00,0,0,0,0,0,0,0,0,0,,,,,,,,,
DCP,TX9,10/20/2025 0:00,0,0,0,0,0,0,0,0,0,,,,,,,,,
DCP,TX9,10/21/2025 0:00,16.44,1001.72,16.47,22.53,61.57,0.5622,0.401,0.844,98.745,,,,,,,,,
DCP,TX9,10/22/2025 0:00,0.11,1001.72,0.12,21.87,68.02,0.5622,0.401,0.844,98.745,,,,,,,,,
DCP,TX9,10/23/2025 0:00,0.13,1001.72,0.13,21.64,47.32,0.5622,0.401,0.844,98.745,,,,,,,,,
DCP,TX9,10/24/2025 0:00,0,0,0,0,0,0,0,0,0,,,,,,,,,
DCP,TX9,10/25/2025 0:00,0,0,0,0,0,0,0,0,0,,,,,,,,,
DCP,TX9,10/26/2025 0:00,0,0,0,0,0,0,0,0,0,,,,,,,,,
DCP,TX9,10/27/2025 0:00,0,0,0,0,0,0,0,0,0,,,,,,,,,
DCP,TX9,10/28/2025 0:00,0,0,0,0,0,0,0,0,0,,,,,,,,,
DCP,TX9,10/29/2025 0:00,0,0,0,0,0,0,0,0,0,,,,,,,,,
DCP,TX9,10/30/2025 0:00,0,0,0,0,0,0,0,0,0,,,,,,,,,
DCP,TX9,10/31/2025 0:00,0,0,0,0,0,0,0,0,0,,,,,,,,,
DCP,TX9,11/1/2025 0:00,0,0,0,0,0,0,0,0,0,,,,,,,,,
DCP,TX9,11/2/2025 0:00,0,0,0,0,0,0,0,0,0,,,,,,,,,
DCP,TX9,11/3/2025 0:00,0,0,0,0,0,0,0,0,0,,,,,,,,,
DCP,TX9,11/4/2025 0:00,0,0,0,0,0,0,0,0,0,,,,,,,,,
DCP,TX9,11/5/2025 0:00,0,0,0,0,0,0,0,0,0,,,,,,,,,
DCP,TX9,11/6/2025 0:00,0,0,0,0,0,0,0,0,0,,,,,,,,,
DCP,TX9,11/7/2025 0:00,0,0,0,0,0,0,0,0,0,,,,,,,,,
DCP,TX9,11/8/2025 0:00,0,0,0,0,0,0,0,0,0,,,,,,,,,
DCP,TX9,11/9/2025 0:00,0,0,0,0,0,0,0,0,0,,,,,,,,,
DCP,TX9,11/10/2025 0:00,0,0,0,0,0,0,0,0,0,,,,,,,,,
DCP,TX9,11/11/2025 0:00,0,0,0,0,0,0,0,0,0,,,,,,,,,
DCP,TX9,11/12/2025 0:00,0,0,0,0,0,0,0,0,0,,,,,,,,,
DCP,TX9,11/13/2025 0:00,0,0,0,0,0,0,0,0,0,,,,,,,,,
DCP,TX9,11/14/2025 0:00,0,0,0,0,0,0,0,0,0,,,,,,,,,
DCP,TX9,11/15/2025 0:00,0,0,0,0,0,0,0,0,0,,,,,,,,,
DCP,TX9,11/16/2025 0:00,0,0,0,0,0,0,0,0,0,,,,,,,,,
DCP,TX9,11/17/2025 0:00,0,0,0,0,0,0,0,0,0,,,,,,,,,
DCP,TX9,11/18/2025 0:00,0,0,0,0,0,0,0,0,0,,,,,,,,,
DCP,TX9,11/19/2025 0:00,0,0,0,0,0,0,0,0,0,,,,,,,,,
DCP,TX9,11/20/2025 0:00,0,0,0,0,0,0,0,0,0,,,,,,,,,
DCP,TX9,11/21/2025 0:00,0,0,0,0,0,0,0,0,0,,,,,,,,,
DCP,TX9,11/22/2025 0:00,0,0,0,0,0,0,0,0,0,,,,,,,,,
DCP,TX9,11/23/2025 0:00,0,0,0,0,0,0,0,0,0,,,,,,,,,
DCP,TX9,11/24/2025 0:00,49.46,1001.72,49.54,25.43,53.26,0.5622,0.401,0.844,98.745,,,,,,,,,
DCP,TX9,11/25/2025 0:00,155.61,1001.72,155.87,22.85,52.58,0.5622,0.401,0.844,98.745,,,,,,,,,
DCP,TX9,11/26/2025 0:00,61.9,1001.72,62.01,21.57,49.27,0.5622,0.401,0.844,98.745,,,,,,,,,
DCP,TX9,11/27/2025 0:00,0,0,0,0,0,0,0,0,0,,,,,,,,,
DCP,TX9,11/28/2025 0:00,0,0,0,0,0,0,0,0,0,,,,,,,,,
DCP,TX9,11/29/2025 0:00,0,0,0,0,0,0,0,0,0,,,,,,,,,
DCP,TX9,11/30/2025 0:00,0,0,0,0,0,0,0,0,0,,,,,,,,,
DCP,TX9,12/1/2025 0:00,0,0,0,0,0,0,0,0,0,,,,,,,,,
DCP,TX9,12/2/2025 0:00,0,0,0,0,0,0,0,0,0,,,,,,,,,
DCP,TX9,12/3/2025 0:00,0,0,0,0,0,0,0,0,0,,,,,,,,,
DCP,TX9,12/4/2025 0:00,0,0,0,0,0,0,0,0,0,,,,,,,,,
DCP,TX9,12/5/2025 0:00,0,0,0,0,0,0,0,0,0,,,,,,,,,
DCP,TX9,12/6/2025 0:00,0,0,0,0,0,0,0,0,0,,,,,,,,,
DCP,TX9,12/7/2025 0:00,0,0,0,0,0,0,0,0,0,,,,,,,,,
DCP,TX9,12/8/2025 0:00,0,0,0,0,0,0,0,0,0,,,,,,,,,
DCP,TX9,12/9/2025 0:00,0,0,0,0,0,0,0,0,0,,,,,,,,,
DCP,TX9,12/10/2025 0:00,0,0,0,0,0,0,0,0,0,,,,,,,,,
DCP,TX9,12/11/2025 0:00,0,0,0,0,0,0,0,0,0,,,,,,,,,
DCP,TX9,12/12/2025 0:00,0,0,0,0,0,0,0,0,0,,,,,,,,,
DCP,TX9,12/13/2025 0:00,0,0,0,0,0,0,0,0,0,,,,,,,,,
DCP,TX9,12/14/2025 0:00,0,0,0,0,0,0,0,0,0,,,,,,,,,
DCP,TX9,12/15/2025 0:00,0,0,0,0,0,0,0,0,0,,,,,,,,,
DCP,TX9,12/16/2025 0:00,0,0,0,0,0,0,0,0,0,,,,,,,,,
DCP,TX9,12/17/2025 0:00,57.29,1001.72,57.39,24.68,55.31,0.5622,0.401,0.844,98.745,,,,,,,,,
DCP,TX9,12/18/2025 0:00,157.27,1001.72,157.54,24.74,50.12,0.5622,0.401,0.844,98.745,,,,,,,,,
DCP,TX9,12/19/2025 0:00,86.96,1001.72,87.11,25.6,46.83,0.5622,0.401,0.844,98.745,,,,,,,,,
DCP,TX9,12/20/2025 0:00,0,0,0,0,0,0,0,0,0,,,,,,,,,
DCP,TX9,12/21/2025 0:00,0,0,0,0,0,0,0,0,0,,,,,,,,,
DCP,TX9,12/22/2025 0:00,0,0,0,0,0,0,0,0,0,,,,,,,,,
DCP,TX9,12/23/2025 0:00,0,0,0,0,0,0,0,0,0,,,,,,,,,
DCP,TX9,12/24/2025 0:00,0,0,0,0,0,0,0,0,0,,,,,,,,,
DCP,TX9,12/25/2025 0:00,0,0,0,0,0,0,0,0,0,,,,,,,,,
DCP,TX9,12/26/2025 0:00,0,0,0,0,0,0,0,0,0,,,,,,,,,
DCP,TX9,12/27/2025 0:00,0,0,0,0,0,0,0,0,0,,,,,,,,,
DCP,TX9,12/28/2025 0:00,0,0,0,0,0,0,0,0,0,,,,,,,,,
DCP,TX9,12/29/2025 0:00,0,0,0,0,0,0,0,0,0,,,,,,,,,
DCP,TX9,12/30/2025 0:00,0,0,0,0,0,0,0,0,0,,,,,,,,,
DCP,TX9,12/31/2025 0:00,0,0,0,0,0,0,0,0,0,,,,,,,,,
DCP,TX9,1/1/2026 0:00,0,0,0,0,0,0,0,0,0,,,,,,,,,
DCP,TX9,1/2/2026 0:00,0,0,0,0,0,0,0,0,0,,,,,,,,,
DCP,TX9,1/3/2026 0:00,0,0,0,0,0,0,0,0,0,,,,,,,,,
DCP,TX9,1/4/2026 0:00,0,0,0,0,0,0,0,0,0,,,,,,,,,
DCP,TX9,1/5/2026 0:00,0,0,0,0,0,0,0,0,0,,,,,,,,,
DCP,TX9,1/6/2026 0:00,0.01,1001.72,0.01,21.11,68.26,0.5622,0.401,0.844,98.745,,,,,,,,,
DCP,TX9,1/7/2026 0:00,81.22,1001.72,81.36,23.36,54.29,0.5622,0.401,0.844,98.745,,,,,,,,,
DCP,TX9,1/8/2026 0:00,60.55,1001.72,60.65,22.99,51.61,0.5622,0.401,0.844,98.745,,,,,,,,,
DCP,TX9,1/9/2026 0:00,0,0,0,0,0,0,0,0,0,,,,,,,,,
DCP,TX9,1/10/2026 0:00,0,0,0,0,0,0,0,0,0,,,,,,,,,
DCP,TX9,1/11/2026 0:00,0.01,1001.72,0.01,21.06,53.56,0.5622,0.401,0.844,98.745,,,,,,,,,
DCP,TX9,1/12/2026 0:00,0,0,0,0,0,0,0,0,0,,,,,,,,,
DCP,TX9,1/13/2026 0:00,0,0,0,0,0,0,0,0,0,,,,,,,,,
DCP,TX9,1/14/2026 0:00,0,0,0,0,0,0,0,0,0,,,,,,,,,
DCP,TX9,1/15/2026 0:00,0,0,0,0,0,0,0,0,0,,,,,,,,,
DCP,TX9,1/16/2026 0:00,0,0,0,0,0,0,0,0,0,,,,,,,,,
DCP,TX9,1/17/2026 0:00,0,0,0,0,0,0,0,0,0,,,,,,,,,
DCP,TX9,1/18/2026 0:00,0,0,0,0,0,0,0,0,0,,,,,,,,,
DCP,TX9,1/19/2026 0:00,0,0,0,0,0,0,0,0,0,,,,,,,,,
DCP,TX9,1/20/2026 0:00,86.18,1001.72,86.33,28.03,50.07,0.5622,0.401,0.844,98.745,,,,,,,,,
DCP,TX9,1/21/2026 0:00,74.51,1001.72,74.64,26.97,42.55,0.5622,0.401,0.844,98.745,,,,,,,,,
DCP,TX9,1/22/2026 0:00,0,0,0,0,0,0,0,0,0,,,,,,,,,
DCP,TX9,1/23/2026 0:00,0,0,0,0,0,0,0,0,0,,,,,,,,,
DCP,TX9,1/24/2026 0:00,0,0,0,0,0,0,0,0,0,,,,,,,,,
DCP,TX9,1/25/2026 0:00,0.09,1001.72,0.09,20.91,11.34,0.5622,0.401,0.844,98.745,,,,,,,,,
DCP,TX9,1/26/2026 0:00,0,0,0,0,0,0,0,0,0,,,,,,,,,
DCP,TX9,1/27/2026 0:00,0,0,0,0,0,0,0,0,0,,,,,,,,,
DCP,TX9,1/28/2026 0:00,0,0,0,0,0,0,0,0,0,,,,,,,,,
DCP,TX9,1/29/2026 0:00,0,0,0,0,0,0,0,0,0,,,,,,,,,
DCP,TX9,1/30/2026 0:00,0,0,0,0,0,0,0,0,0,,,,,,,,,
DCP,TX9,1/31/2026 0:00,0,0,0,0,0,0,0,0,0,,,,,,,,,
DCP,TX9,2/1/2026 0:00,0,0,0,0,0,0,0,0,0,,,,,,,,,
DCP,TX9,2/2/2026 0:00,0,0,0,0,0,0,0,0,0,,,,,,,,,
DCP,TX9,2/3/2026 0:00,0,0,0,0,0,0,0,0,0,,,,,,,,,
DCP,TX9,2/4/2026 0:00,0,0,0,0,0,0,0,0,0,,,,,,,,,
DCP,TX9,2/5/2026 0:00,0,0,0,0,0,0,0,0,0,,,,,,,,,
DCP,TX9,2/6/2026 0:00,0,0,0,0,0,0,0,0,0,,,,,,,,,
DCP,TX9,2/7/2026 0:00,0,0,0,0,0,0,0,0,0,,,,,,,,,
DCP,TX9,2/8/2026 0:00,0,0,0,0,0,0,0,0,0,,,,,,,,,
DCP,TX9,2/9/2026 0:00,0,0,0,0,0,0,0,0,0,,,,,,,,,
DCP,TX9,2/10/2026 0:00,0,0,0,0,0,0,0,0,0,,,,,,,,,
DCP,TX9,2/11/2026 0:00,0,0,0,0,0,0,0,0,0,,,,,,,,,
DCP,TX9,2/12/2026 0:00,0,0,0,0,0,0,0,0,0,,,,,,,,,
DCP,TX9,2/13/2026 0:00,0,0,0,0,0,0,0,0,0,,,,,,,,,
DCP,TX9,2/14/2026 0:00,0,0,0,0,0,0,0,0,0,,,,,,,,,
DCP,TX9,2/15/2026 0:00,0,0,0,0,0,0,0,0,0,,,,,,,,,
DCP,TX9,2/16/2026 0:00,0,0,0,0,0,0,0,0,0,,,,,,,,,
DCP,TX9,2/17/2026 0:00,0,0,0,0,0,0,0,0,0,,,,,,,,,
DCP,TX9,2/18/2026 0:00,0,0,0,0,0,0,0,0,0,,,,,,,,,
DCP,TX9,2/19/2026 0:00,0,0,0,0,0,0,0,0,0,,,,,,,,,
DCP,TX9,2/20/2026 0:00,0,0,0,0,0,0,0,0,0,,,,,,,,,
DCP,TX9,2/21/2026 0:00,0,0,0,0,0,0,0,0,0,,,,,,,,,
DCP,TX9,2/22/2026 0:00,0,0,0,0,0,0,0,0,0,,,,,,,,,
DCP,TX9,2/23/2026 0:00,0,0,0,0,0,0,0,0,0,,,,,,,,,
DCP,TX9,2/24/2026 0:00,0,0,0,0,0,0,0,0,0,,,,,,,,,
DCP,TX9,2/25/2026 0:00,0,0,0,0,0,0,0,0,0,,,,,,,,,
DCP,TX9,2/26/2026 0:00,0,0,0,0,0,0,0,0,0,,,,,,,,,
DCP,TX9,2/27/2026 0:00,0,0,0,0,0,0,0,0,0,,,,,,,,,
DCP,TX9,2/28/2026 0:00,0,0,0,0,0,0,0,0,0,,,,,,,,,
DCP,TX9,3/1/2026 0:00,0,0,0,0,0,0,0,0,0,,,,,,,,,
DCP,TX9,3/2/2026 0:00,0,0,0,0,0,0,0,0,0,,,,,,,,,
DCP,TX9,3/3/2026 0:00,0,0,0,0,0,0,0,0,0,,,,,,,,,
DCP,TX9,3/4/2026 0:00,74.71,991.68,74.09,24.39,55.68,0.5703,1.125,1.024,97.768,,,,,,,,,
DCP,TX9,3/5/2026 0:00,0,0,153.27,0,0,0,0,0,0,,,,,,,,,
DCP,TX9,3/6/2026 0:00,98.36,991.68,97.55,23.65,55.2,0.5703,1.125,1.024,97.768,,,,,,,,,
DCP,TX9,3/7/2026 0:00,0,0,0,0,0,0,0,0,0,,,,,,,,,
DCP,TX9,3/8/2026 0:00,0,0,0,0,0,0,0,0,0,,,,,,,,,
DCP,TX9,3/9/2026 0:00,0,0,0,0,0,0,0,0,0,,,,,,,,,
DCP,TX9,3/10/2026 0:00,0,0,0,0,0,0,0,0,0,,,,,,,,,
DCP,TX9,3/11/2026 0:00,0,0,0,0,0,0,0,0,0,,,,,,,,,
DCP,TX9,3/12/2026 0:00,0,0,0,0,0,0,0,0,0,,,,,,,,,
DCP,TX9,3/13/2026 0:00,0,0,0,0,0,0,0,0,0,,,,,,,,,
DCP,TX9,3/14/2026 0:00,0,0,0,0,0,0,0,0,0,,,,,,,,,
DCP,TX9,3/15/2026 0:00,0,0,0,0,0,0,0,0,0,,,,,,,,,
DCP,TX9,3/16/2026 0:00,74.13,991.68,73.52,43.69,30.3,0.5703,1.125,1.024,97.768,,,,,,,,,
DCP,TX9,3/17/2026 0:00,0,0,0,0,0,0,0,0,0,,,,,,,,,
DCP,TX9,3/18/2026 0:00,0,0,0,0,0,0,0,0,0,,,,,,,,,
DCP,TX9,3/19/2026 0:00,0,0,0,0,0,0,0,0,0,,,,,,,,,
DCP,TX9,3/20/2026 0:00,0,0,0,0,0,0,0,0,0,,,,,,,,,
DCP,TX9,3/21/2026 0:00,0,0,0,0,0,0,0,0,0,,,,,,,,,
DCP,TX9,3/22/2026 0:00,0,0,0,0,0,0,0,0,0,,,,,,,,,
DCP,TX9,3/23/2026 0:00,0,0,0,0,0,0,0,0,0,,,,,,,,,
DCP,TX9,3/24/2026 0:00,0,0,0,0,0,0,0,0,0,,,,,,,,,
DCP,TX9,3/25/2026 0:00,0,0,0,0,0,0,0,0,0,,,,,,,,,
DCP,TX9,3/26/2026 0:00,0,0,0,0,0,0,0,0,0,,,,,,,,,
DCP,TX9,3/27/2026 0:00,0,0,0,0,0,0,0,0,0,,,,,,,,,
DCP,TX9,3/28/2026 0:00,0,0,0,0,0,0,0,0,0,,,,,,,,,
DCP,TX9,3/29/2026 0:00,0,0,0,0,0,0,0,0,0,,,,,,,,,
DCP,TX9,3/30/2026 0:00,0,0,0,0,0,0,0,0,0,,,,,,,,,
DCP,TX9,3/31/2026 0:00,0,0,0,0,0,0,0,0,0,,,,,,,,,
DCP,TX9,4/1/2026 0:00,0,0,0,0,0,0,0,0,0,,,,,,,,,
DCP,TX9,4/2/2026 0:00,0,0,0,0,0,0,0,0,0,,,,,,,,,
DCP,TX9,4/3/2026 0:00,0,0,0,0,0,0,0,0,0,,,,,,,,,
DCP,TX9,4/4/2026 0:00,0,0,0,0,0,0,0,0,0,,,,,,,,,
DCP,TX9,4/5/2026 0:00,0,0,0,0,0,0,0,0,0,,,,,,,,,
DCP,TX9,4/6/2026 0:00,75.18,991.68,74.56,23.67,63.54,0.5703,1.155,0.256,98.589,,,,,,,,,
DCP,TX9,4/7/2026 0:00,149.8,991.68,148.55,23.4,60.58,0.5703,1.155,0.256,98.589,,,,,,,,,
DCP,TX9,4/8/2026 0:00,150.49,991.68,149.24,23.28,62.17,0.5703,1.155,0.256,98.589,,,,,,,,,
DCP,TX9,4/9/2026 0:00,69.42,991.68,68.84,24.76,60.03,0.5703,1.155,0.256,98.589,,,,,,,,,
DCP,TX9,4/10/2026 0:00,0,0,0,0,0,0,0,0,0,,,,,,,,,
DCP,TX9,4/11/2026 0:00,0.01,991.68,0.01,20.77,61.67,0.5703,1.155,0.256,98.589,,,,,,,,,
DCP,TX9,4/12/2026 0:00,0.05,991.68,0.05,20.91,55.98,0.5703,1.155,0.256,98.589,,,,,,,,,
DCP,TX9,4/13/2026 0:00,0,0,0,0,0,0,0,0,0,,,,,,,,,
DCP,TX9,4/14/2026 0:00,0,0,0,0,0,0,0,0,0,,,,,,,,,
DCP,TX9,4/15/2026 0:00,71.01,991.68,70.42,25.76,65.64,0.5703,1.155,0.256,98.589,,,,,,,,,
DCP,TX9,4/16/2026 0:00,120.39,991.68,119.39,25.77,62.53,0.5703,1.155,0.256,98.589,,,,,,,,,
DCP,TX9,4/17/2026 0:00,0,0,0,0,0,0,0,0,0,,,,,,,,,
DCP,TX9,4/18/2026 0:00,0,0,0,0,0,0,0,0,0,,,,,,,,,
DCP,TX9,4/19/2026 0:00,0,0,0,0,0,0,0,0,0,,,,,,,,,
DCP,TX9,4/20/2026 0:00,0,0,0,0,0,0,0,0,0,,,,,,,,,
DCP,TX9,4/21/2026 0:00,0,0,0,0,0,0,0,0,0,,,,,,,,,
DCP,TX9,4/22/2026 0:00,0,0,0,0,0,0,0,0,0,,,,,,,,,
DCP,TX9,4/23/2026 0:00,0,0,0,0,0,0,0,0,0,,,,,,,,,
DCP,TX9,4/24/2026 0:00,91.29,991.68,90.53,24.26,67.63,0.5703,1.155,0.256,98.589,,,,,,,,,
DCP,TX9,4/25/2026 0:00,171.8,991.68,170.37,24.03,63.11,0.5703,1.155,0.256,98.589,,,,,,,,,
DCP,TX9,4/26/2026 0:00,182.71,991.68,181.19,23.5,62.99,0.5703,1.155,0.256,98.589,,,,,,,,,
DCP,TX9,4/27/2026 0:00,152.27,991.68,151.01,23.25,63.55,0.5703,1.155,0.256,98.589,,,,,,,,,
DCP,TX9,4/28/2026 0:00,42.07,991.68,41.72,22.93,58.67,0.5703,1.155,0.256,98.589,,,,,,,,,
DCP,TX9,4/29/2026 0:00,0,0,0,0,0,0,0,0,0,,,,,,,,,
DCP,TX9,4/30/2026 0:00,0.05,991.68,0.05,20.96,61.77,0.5703,1.155,0.256,98.589,,,,,,,,,
DCP,TX9,5/1/2026 0:00,0.12,991.68,0.12,21.35,49.48,0.5703,1.125,1.024,97.768,,,,,,,,,
DCP,TX9,5/2/2026 0:00,0.12,991.68,0.11,21.11,53.94,0.5703,1.125,1.024,97.768,,,,,,,,,
DCP,TX9,5/3/2026 0:00,0.03,991.68,0.03,21.48,54.73,0.5703,1.125,1.024,97.768,,,,,,,,,
DCP,TX9,5/4/2026 0:00,0,0,0,0,0,0,0,0,0,,,,,,,,,
DCP,TX9,5/5/2026 0:00,0,0,0,0,0,0,0,0,0,,,,,,,,,
DCP,TX9,5/6/2026 0:00,0,0,0,0,0,0,0,0,0,,,,,,,,,
DCP,TX9,5/7/2026 0:00,0,0,0,0,0,0,0,0,0,,,,,,,,,
DCP,TX9,5/8/2026 0:00,0,0,0,0,0,0,0,0,0,,,,,,,,,
DCP,TX9,5/9/2026 0:00,0,0,0,0,0,0,0,0,0,,,,,,,,,
DCP,TX9,5/10/2026 0:00,0,0,0,0,0,0,0,0,0,,,,,,,,,
DCP,TX9,5/11/2026 0:00,71.76,991.68,71.16,25.41,69.87,0.5703,1.125,1.024,97.768,,,,,,,,,
DCP,TX9,5/12/2026 0:00,140.26,991.68,139.09,26.07,67.85,0.5703,1.125,1.024,97.768,,,,,,,,,
DCP,TX9,5/13/2026 0:00,78.37,991.68,77.71,27.47,63.17,0.5703,1.125,1.024,97.768,,,,,,,,,
DCP,TX9,5/14/2026 0:00,0,0,0,0,0,0,0,0,0,,,,,,,,,
DCP,TX9,5/15/2026 0:00,0,0,0,0,0,0,0,0,0,,,,,,,,,
DCP,TX9,5/16/2026 0:00,0,0,0,0,0,0,0,0,0,,,,,,,,,
DCP,TX9,5/17/2026 0:00,0,0,0,0,0,0,0,0,0,,,,,,,,,
DCP,TX9,5/18/2026 0:00,0,0,0,0,0,0,0,0,0,,,,,,,,,
DCP,TX9,5/19/2026 0:00,0,0,0,0,0,0,0,0,0,,,,,,,,,
DCP,TX9,5/20/2026 0:00,96.69,991.68,95.89,29.79,67.25,0.5703,1.125,1.024,97.768,,,,,,,,,
DCP,TX9,5/21/2026 0:00,104.8,991.68,103.92,29.59,65.29,0.5703,1.125,1.024,97.768,,,,,,,,,
DCP,TX9,5/22/2026 0:00,0,0,0,0,0,0,0,0,0,,,,,,,,,
DCP,TX9,5/23/2026 0:00,0,0,0,0,0,0,0,0,0,,,,,,,,,
DCP,TX9,5/24/2026 0:00,0,0,0,0,0,0,0,0,0,,,,,,,,,
DCP,TX9,5/25/2026 0:00,0,0,0,0,0,0,0,0,0,,,,,,,,,
DCP,TX9,5/26/2026 0:00,0,0,0,0,0,0,0,0,0,,,,,,,,,
DCP,TX9,5/27/2026 0:00,0,0,0,0,0,0,0,0,0,,,,,,,,,
DCP,TX9,5/28/2026 0:00,0,0,0,0,0,0,0,0,0,,,,,,,,,
DCP,TX9,5/29/2026 0:00,0,0,0,0,0,0,0,0,0,,,,,,,,,
DCP,TX9,5/30/2026 0:00,0,0,0,0,0,0,0,0,0,,,,,,,,,
DCP,TX9,5/31/2026 0:00,0,0,0,0,0,0,0,0,0,,,,,,,,,
DCP,TX9,6/1/2026 0:00,0,0,0,0,0,0,0,0,0,,,,,,,,,
DCP,TX9,6/2/2026 0:00,0,0,0,0,0,0,0,0,0,,,,,,,,,
DCP,TX9,6/3/2026 0:00,95.3,991.68,94.5,24.1,71.78,0,1.125,1.024,97.768,,,,,,,,,
DCP,TX9,6/4/2026 0:00,157.67,991.68,156.35,24.53,72.02,0,1.125,1.024,97.768,,,,,,,,,
DCP,TX9,6/5/2026 0:00,150.79,991.68,149.53,23.63,73.22,0,1.125,1.024,97.768,,,,,,,,,
DCP,TX9,6/6/2026 0:00,0,0,0,0,0,0,0,0,0,,,,,,,,,
DCP,TX9,6/7/2026 0:00,0,0,0,0,0,0,0,0,0,,,,,,,,,
DCP,TX9,6/8/2026 0:00,0,0,0,0,0,0,0,0,0,,,,,,,,,
DCP,TX9,6/9/2026 0:00,0,0,0,0,0,0,0,0,0,,,,,,,,,
DCP,TX9,6/10/2026 0:00,0,0,0,0,0,0,0,0,0,,,,,,,,,
DCP,TX9,6/11/2026 0:00,0,0,0,0,0,0,0,0,0,,,,,,,,,
DCP,TX9,6/12/2026 0:00,0,0,0,0,0,0,0,0,0,,,,,,,,,
DCP,TX9,6/13/2026 0:00,0,0,0,0,0,0,0,0,0,,,,,,,,,
DCP,TX9,6/14/2026 0:00,0,0,0,0,0,0,0,0,0,,,,,,,,,
DCP,TX9,6/15/2026 0:00,0,0,0,0,0,0,0,0,0,,,,,,,,,
DCP,TX9,6/16/2026 0:00,0,0,0,0,0,0,0,0,0,,,,,,,,,
DCP,TX9,6/17/2026 0:00,81.11,991.68,80.43,24.33,81.58,0,1.125,1.024,97.768,,,,,,,,,
DCP,TX9,6/18/2026 0:00,157.53,991.68,156.22,23.55,73.22,0,1.125,1.024,97.768,,,,,,,,,
DCP,TX9,6/19/2026 0:00,145.88,991.68,144.66,25.42,72.66,0,1.125,1.024,97.768,,,,,,,,,
DCP,TX9,6/20/2026 0:00,0.01,991.68,0.01,21.49,92.75,0,1.125,1.024,97.768,,,,,,,,,
DCP,TX9,6/21/2026 0:00,0,0,0,0,0,0,0,0,0,,,,,,,,,
DCP,TX9,6/22/2026 0:00,0.01,991.68,0.01,21.26,75.61,0,1.125,1.024,97.768,,,,,,,,,
DCP,TX9,6/23/2026 0:00,0.01,991.68,0.01,21.25,69.04,0,1.125,1.024,97.768,,,,,,,,,
DCP,TX9,6/24/2026 0:00,0.02,991.68,0.02,21.04,76.6,0,1.125,1.024,97.768,,,,,,,,,
DCP,TX9,6/25/2026 0:00,0.03,991.68,0.03,21.07,74.04,0,1.125,1.024,97.768,,,,,,,,,
DCP,TX9,6/26/2026 0:00,0.03,991.68,0.03,21.01,77.62,0,1.125,1.024,97.768,,,,,,,,,
DCP,TX9,6/27/2026 0:00,0,0,0,0,0,0,0,0,0,,,,,,,,,
DCP,TX9,6/28/2026 0:00,0,0,0,0,0,0,0,0,0,,,,,,,,,
DCP,TX9,6/29/2026 0:00,88.37,991.68,87.64,23.97,81.82,0,1.125,1.024,97.768,,,,,,,,,
DCP,TX9,6/30/2026 0:00,154.53,991.68,153.24,23.75,77.51,0.5703,1.125,1.024,97.768,,,,,,,,,
DCP,TX15,7/1/2025 0:00,0,0,0,0,0,0,0,0,0,,,,,,,,,
DCP,TX15,7/2/2025 0:00,0,0,0,0,0,0,0,0,0,,,,,,,,,
DCP,TX15,7/3/2025 0:00,0,0,0,0,0,0,0,0,0,,,,,,,,,
DCP,TX15,7/4/2025 0:00,0,0,0,0,0,0,0,0,0,,,,,,,,,
DCP,TX15,7/5/2025 0:00,0,0,0,0,0,0,0,0,0,,,,,,,,,
DCP,TX15,7/6/2025 0:00,0,0,0,0,0,0,0,0,0,,,,,,,,,
DCP,TX15,7/7/2025 0:00,0,0,0,0,0,0,0,0,0,,,,,,,,,
DCP,TX15,7/8/2025 0:00,0,0,0,0,0,0,0,0,0,,,,,,,,,
DCP,TX15,7/9/2025 0:00,0,0,0,0,0,0,0,0,0,,,,,,,,,
DCP,TX15,7/10/2025 0:00,0,0,0,0,0,0,0,0,0,,,,,,,,,
DCP,TX15,7/11/2025 0:00,0,0,0,0,0,0,0,0,0,,,,,,,,,
DCP,TX15,7/12/2025 0:00,0,0,0,0,0,0,0,0,0,,,,,,,,,
DCP,TX15,7/13/2025 0:00,0,0,0,0,0,0,0,0,0,,,,,,,,,
DCP,TX15,7/14/2025 0:00,0,0,0,0,0,0,0,0,0,,,,,,,,,
DCP,TX15,7/15/2025 0:00,0,0,0,0,0,0,0,0,0,,,,,,,,,
DCP,TX15,7/16/2025 0:00,0,0,0,0,0,0,0,0,0,,,,,,,,,
DCP,TX15,7/17/2025 0:00,0,0,0,0,0,0,0,0,0,,,,,,,,,
DCP,TX15,7/18/2025 0:00,0,0,0,0,0,0,0,0,0,,,,,,,,,
DCP,TX15,7/19/2025 0:00,0,0,0,0,0,0,0,0,0,,,,,,,,,
DCP,TX15,7/20/2025 0:00,0,0,0,0,0,0,0,0,0,,,,,,,,,
DCP,TX15,7/21/2025 0:00,0,0,0,0,0,0,0,0,0,,,,,,,,,
DCP,TX15,7/22/2025 0:00,0,0,0,0,0,0,0,0,0,,,,,,,,,
DCP,TX15,7/23/2025 0:00,0,0,0,0,0,0,0,0,0,,,,,,,,,
DCP,TX15,7/24/2025 0:00,0,0,0,0,0,0,0,0,0,,,,,,,,,
DCP,TX15,7/25/2025 0:00,0,0,0,0,0,0,0,0,0,,,,,,,,,
DCP,TX15,7/26/2025 0:00,0,0,0,0,0,0,0,0,0,,,,,,,,,
DCP,TX15,7/27/2025 0:00,0,0,0,0,0,0,0,0,0,,,,,,,,,
DCP,TX15,7/28/2025 0:00,136.69,1184.77,161.95,29.68,73.53,0.6963,0.612,2.083,83.09,,,,,,,,,
DCP,TX15,7/29/2025 0:00,0,0,0,0,0,0,0,0,0,,,,,,,,,
DCP,TX15,7/30/2025 0:00,0,0,0,0,0,0,0,0,0,,,,,,,,,
DCP,TX15,7/31/2025 0:00,0,0,0,0,0,0,0,0,0,,,,,,,,,
DCP,TX15,8/1/2025 0:00,0,0,0,0,0,0,0,0,0,,,,,,,,,
DCP,TX15,8/2/2025 0:00,0,0,0,0,0,0,0,0,0,,,,,,,,,
DCP,TX15,8/3/2025 0:00,0,0,0,0,0,0,0,0,0,,,,,,,,,
DCP,TX15,8/4/2025 0:00,0,0,0,0,0,0,0,0,0,,,,,,,,,
DCP,TX15,8/5/2025 0:00,0,0,0,0,0,0,0,0,0,,,,,,,,,
DCP,TX15,8/6/2025 0:00,0,0,0,0,0,0,0,0,0,,,,,,,,,
DCP,TX15,8/7/2025 0:00,0,0,0,0,0,0,0,0,0,,,,,,,,,
DCP,TX15,8/8/2025 0:00,0,0,0,0,0,0,0,0,0,,,,,,,,,
DCP,TX15,8/9/2025 0:00,0,0,0,0,0,0,0,0,0,,,,,,,,,
DCP,TX15,8/10/2025 0:00,0,0,0,0,0,0,0,0,0,,,,,,,,,
DCP,TX15,8/11/2025 0:00,0,0,0,0,0,0,0,0,0,,,,,,,,,
DCP,TX15,8/12/2025 0:00,0,0,0,0,0,0,0,0,0,,,,,,,,,
DCP,TX15,8/13/2025 0:00,0,0,0,0,0,0,0,0,0,,,,,,,,,
DCP,TX15,8/14/2025 0:00,0,0,0,0,0,0,0,0,0,,,,,,,,,
DCP,TX15,8/15/2025 0:00,0,0,0,0,0,0,0,0,0,,,,,,,,,
DCP,TX15,8/16/2025 0:00,0,0,0,0,0,0,0,0,0,,,,,,,,,
DCP,TX15,8/17/2025 0:00,0,0,0,0,0,0,0,0,0,,,,,,,,,
DCP,TX15,8/18/2025 0:00,0,0,0,0,0,0,0,0,0,,,,,,,,,
DCP,TX15,8/19/2025 0:00,0,0,0,0,0,0,0,0,0,,,,,,,,,
DCP,TX15,8/20/2025 0:00,0,0,0,0,0,0,0,0,0,,,,,,,,,
DCP,TX15,8/21/2025 0:00,0,0,0,0,0,0,0,0,0,,,,,,,,,
DCP,TX15,8/22/2025 0:00,0,0,0,0,0,0,0,0,0,,,,,,,,,
DCP,TX15,8/23/2025 0:00,0,0,0,0,0,0,0,0,0,,,,,,,,,
DCP,TX15,8/24/2025 0:00,0,0,0,0,0,0,0,0,0,,,,,,,,,
DCP,TX15,8/25/2025 0:00,0,0,0,0,0,0,0,0,0,,,,,,,,,
DCP,TX15,8/26/2025 0:00,0,0,0,0,0,0,0,0,0,,,,,,,,,
DCP,TX15,8/27/2025 0:00,0,0,0,0,0,0,0,0,0,,,,,,,,,
DCP,TX15,8/28/2025 0:00,0,0,0,0,0,0,0,0,0,,,,,,,,,
DCP,TX15,8/29/2025 0:00,0,0,0,0,0,0,0,0,0,,,,,,,,,
DCP,TX15,8/30/2025 0:00,0,0,0,0,0,0,0,0,0,,,,,,,,,
DCP,TX15,8/31/2025 0:00,0,0,0,0,0,0,0,0,0,,,,,,,,,
DCP,TX15,9/1/2025 0:00,0,0,0,0,0,0,0,0,0,,,,,,,,,
DCP,TX15,9/2/2025 0:00,0,0,0,0,0,0,0,0,0,,,,,,,,,
DCP,TX15,9/3/2025 0:00,0,0,0,0,0,0,0,0,0,,,,,,,,,
DCP,TX15,9/4/2025 0:00,0,0,0,0,0,0,0,0,0,,,,,,,,,
DCP,TX15,9/5/2025 0:00,0,0,0,0,0,0,0,0,0,,,,,,,,,
DCP,TX15,9/6/2025 0:00,0,0,0,0,0,0,0,0,0,,,,,,,,,
DCP,TX15,9/7/2025 0:00,0,0,0,0,0,0,0,0,0,,,,,,,,,
DCP,TX15,9/8/2025 0:00,0,0,0,0,0,0,0,0,0,,,,,,,,,
DCP,TX15,9/9/2025 0:00,0,0,0,0,0,0,0,0,0,,,,,,,,,
DCP,TX15,9/10/2025 0:00,0,0,0,0,0,0,0,0,0,,,,,,,,,
DCP,TX15,9/11/2025 0:00,0,0,0,0,0,0,0,0,0,,,,,,,,,
DCP,TX15,9/12/2025 0:00,0,0,0,0,0,0,0,0,0,,,,,,,,,
DCP,TX15,9/13/2025 0:00,0,0,0,0,0,0,0,0,0,,,,,,,,,
DCP,TX15,9/14/2025 0:00,0,0,0,0,0,0,0,0,0,,,,,,,,,
DCP,TX15,9/15/2025 0:00,0,0,0,0,0,0,0,0,0,,,,,,,,,
DCP,TX15,9/16/2025 0:00,0,0,0,0,0,0,0,0,0,,,,,,,,,
DCP,TX15,9/17/2025 0:00,0,0,0,0,0,0,0,0,0,,,,,,,,,
DCP,TX15,9/18/2025 0:00,0,0,0,0,0,0,0,0,0,,,,,,,,,
DCP,TX15,9/19/2025 0:00,0,0,0,0,0,0,0,0,0,,,,,,,,,
DCP,TX15,9/20/2025 0:00,0,0,0,0,0,0,0,0,0,,,,,,,,,
DCP,TX15,9/21/2025 0:00,0,0,0,0,0,0,0,0,0,,,,,,,,,
DCP,TX15,9/22/2025 0:00,0,0,0,0,0,0,0,0,0,,,,,,,,,
DCP,TX15,9/23/2025 0:00,0,0,0,0,0,0,0,0,0,,,,,,,,,
DCP,TX15,9/24/2025 0:00,0,0,0,0,0,0,0,0,0,,,,,,,,,
DCP,TX15,9/25/2025 0:00,0,0,0,0,0,0,0,0,0,,,,,,,,,
DCP,TX15,9/26/2025 0:00,0,0,0,0,0,0,0,0,0,,,,,,,,,
DCP,TX15,9/27/2025 0:00,0,0,0,0,0,0,0,0,0,,,,,,,,,
DCP,TX15,9/28/2025 0:00,0,0,0,0,0,0,0,0,0,,,,,,,,,
DCP,TX15,9/29/2025 0:00,0,0,0,0,0,0,0,0,0,,,,,,,,,
DCP,TX15,9/30/2025 0:00,0,0,0,0,0,0,0,0,0,,,,,,,,,
DCP,TX15,10/1/2025 0:00,0,0,0,0,0,0,0,0,0,,,,,,,,,
DCP,TX15,10/2/2025 0:00,0,0,0,0,0,0,0,0,0,,,,,,,,,
DCP,TX15,10/3/2025 0:00,0,0,0,0,0,0,0,0,0,,,,,,,,,
DCP,TX15,10/4/2025 0:00,0,0,0,0,0,0,0,0,0,,,,,,,,,
DCP,TX15,10/5/2025 0:00,0,0,0,0,0,0,0,0,0,,,,,,,,,
DCP,TX15,10/6/2025 0:00,0,0,0,0,0,0,0,0,0,,,,,,,,,
DCP,TX15,10/7/2025 0:00,0,0,0,0,0,0,0,0,0,,,,,,,,,
DCP,TX15,10/8/2025 0:00,0,0,0,0,0,0,0,0,0,,,,,,,,,
DCP,TX15,10/9/2025 0:00,0,0,0,0,0,0,0,0,0,,,,,,,,,
DCP,TX15,10/10/2025 0:00,0,0,0,0,0,0,0,0,0,,,,,,,,,
DCP,TX15,10/11/2025 0:00,0,0,0,0,0,0,0,0,0,,,,,,,,,
DCP,TX15,10/12/2025 0:00,0,0,0,0,0,0,0,0,0,,,,,,,,,
DCP,TX15,10/13/2025 0:00,0,0,0,0,0,0,0,0,0,,,,,,,,,
DCP,TX15,10/14/2025 0:00,0,0,0,0,0,0,0,0,0,,,,,,,,,
DCP,TX15,10/15/2025 0:00,0,0,0,0,0,0,0,0,0,,,,,,,,,
DCP,TX15,10/16/2025 0:00,0,0,0,0,0,0,0,0,0,,,,,,,,,
DCP,TX15,10/17/2025 0:00,0,0,0,0,0,0,0,0,0,,,,,,,,,
DCP,TX15,10/18/2025 0:00,0,0,0,0,0,0,0,0,0,,,,,,,,,
DCP,TX15,10/19/2025 0:00,0,0,0,0,0,0,0,0,0,,,,,,,,,
DCP,TX15,10/20/2025 0:00,0,0,0,0,0,0,0,0,0,,,,,,,,,
DCP,TX15,10/21/2025 0:00,0,0,0,0,0,0,0,0,0,,,,,,,,,
DCP,TX15,10/22/2025 0:00,0,0,0,0,0,0,0,0,0,,,,,,,,,
DCP,TX15,10/23/2025 0:00,0,0,0,0,0,0,0,0,0,,,,,,,,,
DCP,TX15,10/24/2025 0:00,0,0,0,0,0,0,0,0,0,,,,,,,,,
DCP,TX15,10/25/2025 0:00,0,0,0,0,0,0,0,0,0,,,,,,,,,
DCP,TX15,10/26/2025 0:00,0,0,0,0,0,0,0,0,0,,,,,,,,,
DCP,TX15,10/27/2025 0:00,0,0,0,0,0,0,0,0,0,,,,,,,,,
DCP,TX15,10/28/2025 0:00,0,0,0,0,0,0,0,0,0,,,,,,,,,
DCP,TX15,10/29/2025 0:00,0,0,0,0,0,0,0,0,0,,,,,,,,,
DCP,TX15,10/30/2025 0:00,0,0,0,0,0,0,0,0,0,,,,,,,,,
DCP,TX15,10/31/2025 0:00,0,0,0,0,0,0,0,0,0,,,,,,,,,
DCP,TX15,11/1/2025 0:00,0,0,0,0,0,0,0,0,0,,,,,,,,,
DCP,TX15,11/2/2025 0:00,0,0,0,0,0,0,0,0,0,,,,,,,,,
DCP,TX15,11/3/2025 0:00,0,0,0,0,0,0,0,0,0,,,,,,,,,
DCP,TX15,11/4/2025 0:00,0,0,0,0,0,0,0,0,0,,,,,,,,,
DCP,TX15,11/5/2025 0:00,0,0,0,0,0,0,0,0,0,,,,,,,,,
DCP,TX15,11/6/2025 0:00,0,0,0,0,0,0,0,0,0,,,,,,,,,
DCP,TX15,11/7/2025 0:00,0,0,0,0,0,0,0,0,0,,,,,,,,,
DCP,TX15,11/8/2025 0:00,0,0,0,0,0,0,0,0,0,,,,,,,,,
DCP,TX15,11/9/2025 0:00,0,0,0,0,0,0,0,0,0,,,,,,,,,
DCP,TX15,11/10/2025 0:00,0,0,0,0,0,0,0,0,0,,,,,,,,,
DCP,TX15,11/11/2025 0:00,0,0,0,0,0,0,0,0,0,,,,,,,,,
DCP,TX15,11/12/2025 0:00,0,0,0,0,0,0,0,0,0,,,,,,,,,
DCP,TX15,11/13/2025 0:00,0,0,0,0,0,0,0,0,0,,,,,,,,,
DCP,TX15,11/14/2025 0:00,0,0,0,0,0,0,0,0,0,,,,,,,,,
DCP,TX15,11/15/2025 0:00,0,0,0,0,0,0,0,0,0,,,,,,,,,
DCP,TX15,11/16/2025 0:00,0,0,0,0,0,0,0,0,0,,,,,,,,,
DCP,TX15,11/17/2025 0:00,0,0,0,0,0,0,0,0,0,,,,,,,,,
DCP,TX15,11/18/2025 0:00,0,0,0,0,0,0,0,0,0,,,,,,,,,
DCP,TX15,11/19/2025 0:00,0,0,0,0,0,0,0,0,0,,,,,,,,,
DCP,TX15,11/20/2025 0:00,0,0,0,0,0,0,0,0,0,,,,,,,,,
DCP,TX15,11/21/2025 0:00,0,0,0,0,0,0,0,0,0,,,,,,,,,
DCP,TX15,11/22/2025 0:00,0,0,0,0,0,0,0,0,0,,,,,,,,,
DCP,TX15,11/23/2025 0:00,0,0,0,0,0,0,0,0,0,,,,,,,,,
DCP,TX15,11/24/2025 0:00,0,0,0,0,0,0,0,0,0,,,,,,,,,
DCP,TX15,11/25/2025 0:00,0,0,0,0,0,0,0,0,0,,,,,,,,,
DCP,TX15,11/26/2025 0:00,0,0,0,0,0,0,0,0,0,,,,,,,,,
DCP,TX15,11/27/2025 0:00,0,0,0,0,0,0,0,0,0,,,,,,,,,
DCP,TX15,11/28/2025 0:00,0,0,0,0,0,0,0,0,0,,,,,,,,,
DCP,TX15,11/29/2025 0:00,0,0,0,0,0,0,0,0,0,,,,,,,,,
DCP,TX15,11/30/2025 0:00,0,0,0,0,0,0,0,0,0,,,,,,,,,
DCP,TX15,12/1/2025 0:00,0,0,0,0,0,0,0,0,0,,,,,,,,,
DCP,TX15,12/2/2025 0:00,0,0,0,0,0,0,0,0,0,,,,,,,,,
DCP,TX15,12/3/2025 0:00,0,0,0,0,0,0,0,0,0,,,,,,,,,
DCP,TX15,12/4/2025 0:00,0,0,0,0,0,0,0,0,0,,,,,,,,,
DCP,TX15,12/5/2025 0:00,0,0,0,0,0,0,0,0,0,,,,,,,,,
DCP,TX15,12/6/2025 0:00,0,0,0,0,0,0,0,0,0,,,,,,,,,
DCP,TX15,12/7/2025 0:00,0,0,0,0,0,0,0,0,0,,,,,,,,,
DCP,TX15,12/8/2025 0:00,0,0,0,0,0,0,0,0,0,,,,,,,,,
DCP,TX15,12/9/2025 0:00,0,0,0,0,0,0,0,0,0,,,,,,,,,
DCP,TX15,12/10/2025 0:00,0,0,0,0,0,0,0,0,0,,,,,,,,,
DCP,TX15,12/11/2025 0:00,0,0,0,0,0,0,0,0,0,,,,,,,,,
DCP,TX15,12/12/2025 0:00,0,0,0,0,0,0,0,0,0,,,,,,,,,
DCP,TX15,12/13/2025 0:00,0,0,0,0,0,0,0,0,0,,,,,,,,,
DCP,TX15,12/14/2025 0:00,0,0,0,0,0,0,0,0,0,,,,,,,,,
DCP,TX15,12/15/2025 0:00,0,0,0,0,0,0,0,0,0,,,,,,,,,
DCP,TX15,12/16/2025 0:00,0,0,0,0,0,0,0,0,0,,,,,,,,,
DCP,TX15,12/17/2025 0:00,0,0,0,0,0,0,0,0,0,,,,,,,,,
DCP,TX15,12/18/2025 0:00,0,0,0,0,0,0,0,0,0,,,,,,,,,
DCP,TX15,12/19/2025 0:00,0,0,0,0,0,0,0,0,0,,,,,,,,,
DCP,TX15,12/20/2025 0:00,0,0,0,0,0,0,0,0,0,,,,,,,,,
DCP,TX15,12/21/2025 0:00,0,0,0,0,0,0,0,0,0,,,,,,,,,
DCP,TX15,12/22/2025 0:00,0,0,0,0,0,0,0,0,0,,,,,,,,,
DCP,TX15,12/23/2025 0:00,0,0,0,0,0,0,0,0,0,,,,,,,,,
DCP,TX15,12/24/2025 0:00,0,0,0,0,0,0,0,0,0,,,,,,,,,
DCP,TX15,12/25/2025 0:00,0,0,0,0,0,0,0,0,0,,,,,,,,,
DCP,TX15,12/26/2025 0:00,0,0,0,0,0,0,0,0,0,,,,,,,,,
DCP,TX15,12/27/2025 0:00,0,0,0,0,0,0,0,0,0,,,,,,,,,
DCP,TX15,12/28/2025 0:00,0,0,0,0,0,0,0,0,0,,,,,,,,,
DCP,TX15,12/29/2025 0:00,0,0,0,0,0,0,0,0,0,,,,,,,,,
DCP,TX15,12/30/2025 0:00,0,0,0,0,0,0,0,0,0,,,,,,,,,
DCP,TX15,12/31/2025 0:00,0,0,0,0,0,0,0,0,0,,,,,,,,,
DCP,TX15,1/1/2026 0:00,0,0,0,0,0,0,0,0,0,,,,,,,,,
DCP,TX15,1/2/2026 0:00,0,0,0,0,0,0,0,0,0,,,,,,,,,
DCP,TX15,1/3/2026 0:00,0,0,0,0,0,0,0,0,0,,,,,,,,,
DCP,TX15,1/4/2026 0:00,0,0,0,0,0,0,0,0,0,,,,,,,,,
DCP,TX15,1/5/2026 0:00,0,0,0,0,0,0,0,0,0,,,,,,,,,
DCP,TX15,1/6/2026 0:00,0,0,0,0,0,0,0,0,0,,,,,,,,,
DCP,TX15,1/7/2026 0:00,0,0,0,0,0,0,0,0,0,,,,,,,,,
DCP,TX15,1/8/2026 0:00,0,0,0,0,0,0,0,0,0,,,,,,,,,
DCP,TX15,1/9/2026 0:00,0,0,0,0,0,0,0,0,0,,,,,,,,,
DCP,TX15,1/10/2026 0:00,0,0,0,0,0,0,0,0,0,,,,,,,,,
DCP,TX15,1/11/2026 0:00,0,0,0,0,0,0,0,0,0,,,,,,,,,
DCP,TX15,1/12/2026 0:00,0,0,0,0,0,0,0,0,0,,,,,,,,,
DCP,TX15,1/13/2026 0:00,0,0,0,0,0,0,0,0,0,,,,,,,,,
DCP,TX15,1/14/2026 0:00,0,0,0,0,0,0,0,0,0,,,,,,,,,
DCP,TX15,1/15/2026 0:00,0,0,0,0,0,0,0,0,0,,,,,,,,,
DCP,TX15,1/16/2026 0:00,0,0,0,0,0,0,0,0,0,,,,,,,,,
DCP,TX15,1/17/2026 0:00,0,0,0,0,0,0,0,0,0,,,,,,,,,
DCP,TX15,1/18/2026 0:00,0,0,0,0,0,0,0,0,0,,,,,,,,,
DCP,TX15,1/19/2026 0:00,0,0,0,0,0,0,0,0,0,,,,,,,,,
DCP,TX15,1/20/2026 0:00,0,0,0,0,0,0,0,0,0,,,,,,,,,
DCP,TX15,1/21/2026 0:00,0,0,0,0,0,0,0,0,0,,,,,,,,,
DCP,TX15,1/22/2026 0:00,0,0,0,0,0,0,0,0,0,,,,,,,,,
DCP,TX15,1/23/2026 0:00,0,0,0,0,0,0,0,0,0,,,,,,,,,
DCP,TX15,1/24/2026 0:00,0,0,0,0,0,0,0,0,0,,,,,,,,,
DCP,TX15,1/25/2026 0:00,0,0,0,0,0,0,0,0,0,,,,,,,,,
DCP,TX15,1/26/2026 0:00,0,0,0,0,0,0,0,0,0,,,,,,,,,
DCP,TX15,1/27/2026 0:00,0,0,0,0,0,0,0,0,0,,,,,,,,,
DCP,TX15,1/28/2026 0:00,0,0,0,0,0,0,0,0,0,,,,,,,,,
DCP,TX15,1/29/2026 0:00,0,0,0,0,0,0,0,0,0,,,,,,,,,
DCP,TX15,1/30/2026 0:00,0,0,0,0,0,0,0,0,0,,,,,,,,,
DCP,TX15,1/31/2026 0:00,0,0,0,0,0,0,0,0,0,,,,,,,,,
DCP,TX15,2/1/2026 0:00,0,0,0,0,0,0,0,0,0,,,,,,,,,
DCP,TX15,2/2/2026 0:00,0,0,0,0,0,0,0,0,0,,,,,,,,,
DCP,TX15,2/3/2026 0:00,0,0,0,0,0,0,0,0,0,,,,,,,,,
DCP,TX15,2/4/2026 0:00,0,0,0,0,0,0,0,0,0,,,,,,,,,
DCP,TX15,2/5/2026 0:00,0,0,0,0,0,0,0,0,0,,,,,,,,,
DCP,TX15,2/6/2026 0:00,0,0,0,0,0,0,0,0,0,,,,,,,,,
DCP,TX15,2/7/2026 0:00,0,0,0,0,0,0,0,0,0,,,,,,,,,
DCP,TX15,2/8/2026 0:00,0,0,0,0,0,0,0,0,0,,,,,,,,,
DCP,TX15,2/9/2026 0:00,0,0,0,0,0,0,0,0,0,,,,,,,,,
DCP,TX15,2/10/2026 0:00,0,0,0,0,0,0,0,0,0,,,,,,,,,
DCP,TX15,2/11/2026 0:00,0,0,0,0,0,0,0,0,0,,,,,,,,,
DCP,TX15,2/12/2026 0:00,0,0,0,0,0,0,0,0,0,,,,,,,,,
DCP,TX15,2/13/2026 0:00,0,0,0,0,0,0,0,0,0,,,,,,,,,
DCP,TX15,2/14/2026 0:00,0,0,0,0,0,0,0,0,0,,,,,,,,,
DCP,TX15,2/15/2026 0:00,0,0,0,0,0,0,0,0,0,,,,,,,,,
DCP,TX15,2/16/2026 0:00,0,0,0,0,0,0,0,0,0,,,,,,,,,
DCP,TX15,2/17/2026 0:00,0,0,0,0,0,0,0,0,0,,,,,,,,,
DCP,TX15,2/18/2026 0:00,0,0,0,0,0,0,0,0,0,,,,,,,,,
DCP,TX15,2/19/2026 0:00,0,0,0,0,0,0,0,0,0,,,,,,,,,
DCP,TX15,2/20/2026 0:00,0,0,0,0,0,0,0,0,0,,,,,,,,,
DCP,TX15,2/21/2026 0:00,0,0,0,0,0,0,0,0,0,,,,,,,,,
DCP,TX15,2/22/2026 0:00,0,0,0,0,0,0,0,0,0,,,,,,,,,
DCP,TX15,2/23/2026 0:00,0,0,0,0,0,0,0,0,0,,,,,,,,,
DCP,TX15,2/24/2026 0:00,0,0,0,0,0,0,0,0,0,,,,,,,,,
DCP,TX15,2/25/2026 0:00,0,0,0,0,0,0,0,0,0,,,,,,,,,
DCP,TX15,2/26/2026 0:00,0,0,0,0,0,0,0,0,0,,,,,,,,,
DCP,TX15,2/27/2026 0:00,0,0,0,0,0,0,0,0,0,,,,,,,,,
DCP,TX15,2/28/2026 0:00,0,0,0,0,0,0,0,0,0,,,,,,,,,
DCP,TX15,3/1/2026 0:00,0,0,0,0,0,0,0,0,0,,,,,,,,,
DCP,TX15,3/2/2026 0:00,0,0,0,0,0,0,0,0,0,,,,,,,,,
DCP,TX15,3/3/2026 0:00,0,0,0,0,0,0,0,0,0,,,,,,,,,
DCP,TX15,3/4/2026 0:00,0,0,0,0,0,0,0,0,0,,,,,,,,,
DCP,TX15,3/5/2026 0:00,0,0,0,0,0,0,0,0,0,,,,,,,,,
DCP,TX15,3/6/2026 0:00,0,0,0,0,0,0,0,0,0,,,,,,,,,
DCP,TX15,3/7/2026 0:00,0,0,0,0,0,0,0,0,0,,,,,,,,,
DCP,TX15,3/8/2026 0:00,0,0,0,0,0,0,0,0,0,,,,,,,,,
DCP,TX15,3/9/2026 0:00,0,0,0,0,0,0,0,0,0,,,,,,,,,
DCP,TX15,3/10/2026 0:00,0,0,0,0,0,0,0,0,0,,,,,,,,,
DCP,TX15,3/11/2026 0:00,0,0,0,0,0,0,0,0,0,,,,,,,,,
DCP,TX15,3/12/2026 0:00,0,0,0,0,0,0,0,0,0,,,,,,,,,
DCP,TX15,3/13/2026 0:00,0,0,0,0,0,0,0,0,0,,,,,,,,,
DCP,TX15,3/14/2026 0:00,0,0,0,0,0,0,0,0,0,,,,,,,,,
DCP,TX15,3/15/2026 0:00,0,0,0,0,0,0,0,0,0,,,,,,,,,
DCP,TX15,3/16/2026 0:00,0,0,0,0,0,0,0,0,0,,,,,,,,,
DCP,TX15,3/17/2026 0:00,0,0,0,0,0,0,0,0,0,,,,,,,,,
DCP,TX15,3/18/2026 0:00,0,0,0,0,0,0,0,0,0,,,,,,,,,
DCP,TX15,3/19/2026 0:00,0,0,0,0,0,0,0,0,0,,,,,,,,,
DCP,TX15,3/20/2026 0:00,0,0,0,0,0,0,0,0,0,,,,,,,,,
DCP,TX15,3/21/2026 0:00,0,0,0,0,0,0,0,0,0,,,,,,,,,
DCP,TX15,3/22/2026 0:00,0,0,0,0,0,0,0,0,0,,,,,,,,,
DCP,TX15,3/23/2026 0:00,0,0,0,0,0,0,0,0,0,,,,,,,,,
DCP,TX15,3/24/2026 0:00,0,0,0,0,0,0,0,0,0,,,,,,,,,
DCP,TX15,3/25/2026 0:00,0,0,0,0,0,0,0,0,0,,,,,,,,,
DCP,TX15,3/26/2026 0:00,0,0,0,0,0,0,0,0,0,,,,,,,,,
DCP,TX15,3/27/2026 0:00,0,0,0,0,0,0,0,0,0,,,,,,,,,
DCP,TX15,3/28/2026 0:00,0,0,0,0,0,0,0,0,0,,,,,,,,,
DCP,TX15,3/29/2026 0:00,0,0,0,0,0,0,0,0,0,,,,,,,,,
DCP,TX15,3/30/2026 0:00,0,0,0,0,0,0,0,0,0,,,,,,,,,
DCP,TX15,3/31/2026 0:00,0,0,0,0,0,0,0,0,0,,,,,,,,,
DCP,TX15,4/1/2026 0:00,0,0,0,0,0,0,0,0,0,,,,,,,,,
DCP,TX15,4/2/2026 0:00,0,0,0,0,0,0,0,0,0,,,,,,,,,
DCP,TX15,4/3/2026 0:00,0,0,0,0,0,0,0,0,0,,,,,,,,,
DCP,TX15,4/4/2026 0:00,0,0,0,0,0,0,0,0,0,,,,,,,,,
DCP,TX15,4/5/2026 0:00,0,0,0,0,0,0,0,0,0,,,,,,,,,
DCP,TX15,4/6/2026 0:00,0,0,0,0,0,0,0,0,0,,,,,,,,,
DCP,TX15,4/7/2026 0:00,0,0,0,0,0,0,0,0,0,,,,,,,,,
DCP,TX15,4/8/2026 0:00,0,0,0,0,0,0,0,0,0,,,,,,,,,
DCP,TX15,4/9/2026 0:00,0,0,0,0,0,0,0,0,0,,,,,,,,,
DCP,TX15,4/10/2026 0:00,0,0,0,0,0,0,0,0,0,,,,,,,,,
DCP,TX15,4/11/2026 0:00,0,0,0,0,0,0,0,0,0,,,,,,,,,
DCP,TX15,4/12/2026 0:00,0,0,0,0,0,0,0,0,0,,,,,,,,,
DCP,TX15,4/13/2026 0:00,0,0,0,0,0,0,0,0,0,,,,,,,,,
DCP,TX15,4/14/2026 0:00,0,0,0,0,0,0,0,0,0,,,,,,,,,
DCP,TX15,4/15/2026 0:00,0,0,0,0,0,0,0,0,0,,,,,,,,,
DCP,TX15,4/16/2026 0:00,7.95,1000.73,7.96,20.67,75.54,0.5635,0.542,0.785,98.63,,,,,,,,,
DCP,TX15,4/17/2026 0:00,89.8,1000.73,89.86,22.24,61.97,0.5635,0.542,0.785,98.63,,,,,,,,,
DCP,TX15,4/18/2026 0:00,173.15,1000.73,173.27,22.91,57.48,0.5635,0.542,0.785,98.63,,,,,,,,,
DCP,TX15,4/19/2026 0:00,80,1000.73,80.06,22.39,54.33,0.5635,0.542,0.785,98.63,,,,,,,,,
DCP,TX15,4/20/2026 0:00,0,0,0,0,0,0,0,0,0,,,,,,,,,
DCP,TX15,4/21/2026 0:00,0,0,0,0,0,0,0,0,0,,,,,,,,,
DCP,TX15,4/22/2026 0:00,0,0,0,0,0,0,0,0,0,,,,,,,,,
DCP,TX15,4/23/2026 0:00,0,0,0,0,0,0,0,0,0,,,,,,,,,
DCP,TX15,4/24/2026 0:00,0,0,0,0,0,0,0,0,0,,,,,,,,,
DCP,TX15,4/25/2026 0:00,0,0,0,0,0,0,0,0,0,,,,,,,,,
DCP,TX15,4/26/2026 0:00,0,0,0,0,0,0,0,0,0,,,,,,,,,
DCP,TX15,4/27/2026 0:00,0,0,0,0,0,0,0,0,0,,,,,,,,,
DCP,TX15,4/28/2026 0:00,0,0,0,0,0,0,0,0,0,,,,,,,,,
DCP,TX15,4/29/2026 0:00,0,0,0,0,0,0,0,0,0,,,,,,,,,
DCP,TX15,4/30/2026 0:00,0,0,0,0,0,0,0,0,0,,,,,,,,,
DCP,TX15,5/1/2026 0:00,0,0,0,0,0,0,0,0,0,,,,,,,,,
DCP,TX15,5/2/2026 0:00,0,0,0,0,0,0,0,0,0,,,,,,,,,
DCP,TX15,5/3/2026 0:00,0,0,0,0,0,0,0,0,0,,,,,,,,,
DCP,TX15,5/4/2026 0:00,0,0,0,0,0,0,0,0,0,,,,,,,,,
DCP,TX15,5/5/2026 0:00,0,0,0,0,0,0,0,0,0,,,,,,,,,
DCP,TX15,5/6/2026 0:00,0,0,0,0,0,0,0,0,0,,,,,,,,,
DCP,TX15,5/7/2026 0:00,0,0,0,0,0,0,0,0,0,,,,,,,,,
DCP,TX15,5/8/2026 0:00,0,0,0,0,0,0,0,0,0,,,,,,,,,
DCP,TX15,5/9/2026 0:00,0,0,0,0,0,0,0,0,0,,,,,,,,,
DCP,TX15,5/10/2026 0:00,0,0,0,0,0,0,0,0,0,,,,,,,,,
DCP,TX15,5/11/2026 0:00,0,0,0,0,0,0,0,0,0,,,,,,,,,
DCP,TX15,5/12/2026 0:00,0,0,0,0,0,0,0,0,0,,,,,,,,,
DCP,TX15,5/13/2026 0:00,0,0,0,0,0,0,0,0,0,,,,,,,,,
DCP,TX15,5/14/2026 0:00,0,0,0,0,0,0,0,0,0,,,,,,,,,
DCP,TX15,5/15/2026 0:00,0,0,0,0,0,0,0,0,0,,,,,,,,,
DCP,TX15,5/16/2026 0:00,0,0,0,0,0,0,0,0,0,,,,,,,,,
DCP,TX15,5/17/2026 0:00,0,0,0,0,0,0,0,0,0,,,,,,,,,
DCP,TX15,5/18/2026 0:00,0,0,0,0,0,0,0,0,0,,,,,,,,,
DCP,TX15,5/19/2026 0:00,0,0,0,0,0,0,0,0,0,,,,,,,,,
DCP,TX15,5/20/2026 0:00,0,0,0,0,0,0,0,0,0,,,,,,,,,
DCP,TX15,5/21/2026 0:00,0,0,0,0,0,0,0,0,0,,,,,,,,,
DCP,TX15,5/22/2026 0:00,0,0,0,0,0,0,0,0,0,,,,,,,,,
DCP,TX15,5/23/2026 0:00,0,0,0,0,0,0,0,0,0,,,,,,,,,
DCP,TX15,5/24/2026 0:00,0,0,0,0,0,0,0,0,0,,,,,,,,,
DCP,TX15,5/25/2026 0:00,0,0,0,0,0,0,0,0,0,,,,,,,,,
DCP,TX15,5/26/2026 0:00,0,0,0,0,0,0,0,0,0,,,,,,,,,
DCP,TX15,5/27/2026 0:00,0,0,0,0,0,0,0,0,0,,,,,,,,,
DCP,TX15,5/28/2026 0:00,0,0,0,0,0,0,0,0,0,,,,,,,,,
DCP,TX15,5/29/2026 0:00,0,0,0,0,0,0,0,0,0,,,,,,,,,
DCP,TX15,5/30/2026 0:00,0,0,0,0,0,0,0,0,0,,,,,,,,,
DCP,TX15,5/31/2026 0:00,0,0,0,0,0,0,0,0,0,,,,,,,,,
DCP,TX15,6/1/2026 0:00,0,0,0,0,0,0,0,0,0,,,,,,,,,
DCP,TX15,6/2/2026 0:00,0,0,0,0,0,0,0,0,0,,,,,,,,,
DCP,TX15,6/3/2026 0:00,0,0,0,0,0,0,0,0,0,,,,,,,,,
DCP,TX15,6/4/2026 0:00,0,0,0,0,0,0,0,0,0,,,,,,,,,
DCP,TX15,6/5/2026 0:00,0,0,0,0,0,0,0,0,0,,,,,,,,,
DCP,TX15,6/6/2026 0:00,0,0,0,0,0,0,0,0,0,,,,,,,,,
DCP,TX15,6/7/2026 0:00,0,0,0,0,0,0,0,0,0,,,,,,,,,
DCP,TX15,6/8/2026 0:00,0,0,0,0,0,0,0,0,0,,,,,,,,,
DCP,TX15,6/9/2026 0:00,0,0,0,0,0,0,0,0,0,,,,,,,,,
DCP,TX15,6/10/2026 0:00,0,0,0,0,0,0,0,0,0,,,,,,,,,
DCP,TX15,6/11/2026 0:00,0,0,0,0,0,0,0,0,0,,,,,,,,,
DCP,TX15,6/12/2026 0:00,0,0,0,0,0,0,0,0,0,,,,,,,,,
DCP,TX15,6/13/2026 0:00,0,0,0,0,0,0,0,0,0,,,,,,,,,
DCP,TX15,6/14/2026 0:00,0,0,0,0,0,0,0,0,0,,,,,,,,,
DCP,TX15,6/15/2026 0:00,0,0,0,0,0,0,0,0,0,,,,,,,,,
DCP,TX15,6/16/2026 0:00,0,0,0,0,0,0,0,0,0,,,,,,,,,
DCP,TX15,6/17/2026 0:00,0,0,0,0,0,0,0,0,0,,,,,,,,,
DCP,TX15,6/18/2026 0:00,0,0,0,0,0,0,0,0,0,,,,,,,,,
DCP,TX15,6/19/2026 0:00,0,0,0,0,0,0,0,0,0,,,,,,,,,
DCP,TX15,6/20/2026 0:00,0,0,0,0,0,0,0,0,0,,,,,,,,,
DCP,TX15,6/21/2026 0:00,0,0,0,0,0,0,0,0,0,,,,,,,,,
DCP,TX15,6/22/2026 0:00,0,0,0,0,0,0,0,0,0,,,,,,,,,
DCP,TX15,6/23/2026 0:00,0,0,0,0,0,0,0,0,0,,,,,,,,,
DCP,TX15,6/24/2026 0:00,0,0,0,0,0,0,0,0,0,,,,,,,,,
DCP,TX15,6/25/2026 0:00,0,0,0,0,0,0,0,0,0,,,,,,,,,
DCP,TX15,6/26/2026 0:00,0,0,0,0,0,0,0,0,0,,,,,,,,,
DCP,TX15,6/27/2026 0:00,0,0,0,0,0,0,0,0,0,,,,,,,,,
DCP,TX15,6/28/2026 0:00,0,0,0,0,0,0,0,0,0,,,,,,,,,
DCP,TX15,6/29/2026 0:00,0,0,0,0,0,0,0,0,0,,,,,,,,,
DCP,TX15,6/30/2026 0:00,0,0,0,0,0,0,0,0,0,,,,,,,,,
DCP,TX19,1/1/2025 0:00,0,0,0,0,0,0,0,0,0,,,,,,,,,
DCP,TX19,1/2/2025 0:00,0,0,0,0,0,0,0,0,0,,,,,,,,,
DCP,TX19,1/3/2025 0:00,0,0,0,0,0,0,0,0,0,,,,,,,,,
DCP,TX19,1/4/2025 0:00,0,0,0,0,0,0,0,0,0,,,,,,,,,
DCP,TX19,1/5/2025 0:00,0,0,0,0,0,0,0,0,0,,,,,,,,,
DCP,TX19,1/6/2025 0:00,0,0,0,0,0,0,0,0,0,,,,,,,,,
DCP,TX19,1/7/2025 0:00,0,0,0,0,0,0,0,0,0,,,,,,,,,
DCP,TX19,1/8/2025 0:00,0,0,0,0,0,0,0,0,0,,,,,,,,,
DCP,TX19,1/9/2025 0:00,0,0,0,0,0,0,0,0,0,,,,,,,,,
DCP,TX19,1/10/2025 0:00,0,0,0,0,0,0,0,0,0,,,,,,,,,
DCP,TX19,1/11/2025 0:00,0,0,0,0,0,0,0,0,0,,,,,,,,,
DCP,TX19,1/12/2025 0:00,0,0,0,0,0,0,0,0,0,,,,,,,,,
DCP,TX19,1/13/2025 0:00,4.38,1184.77,5.19,24.01,41.37,0.6963,0.612,2.083,83.09,,,,,,,,,
DCP,TX19,1/14/2025 0:00,0,0,0,0,0,0,0,0,0,,,,,,,,,
DCP,TX19,1/15/2025 0:00,7.97,1184.77,9.44,23.38,43.86,0.6963,0.612,2.083,83.09,,,,,,,,,
DCP,TX19,1/16/2025 0:00,0,0,0,0,0,0,0,0,0,,,,,,,,,
DCP,TX19,1/17/2025 0:00,0,0,0,0,0,0,0,0,0,,,,,,,,,
DCP,TX19,1/18/2025 0:00,0,0,0,0,0,0,0,0,0,,,,,,,,,
DCP,TX19,1/19/2025 0:00,0,0,0,0,0,0,0,0,0,,,,,,,,,
DCP,TX19,1/20/2025 0:00,0,0,0,0,0,0,0,0,0,,,,,,,,,
DCP,TX19,1/21/2025 0:00,0,0,0,0,0,0,0,0,0,,,,,,,,,
DCP,TX19,1/22/2025 0:00,0,0,0,0,0,0,0,0,0,,,,,,,,,
DCP,TX19,1/23/2025 0:00,0,0,0,0,0,0,0,0,0,,,,,,,,,
DCP,TX19,1/24/2025 0:00,0,0,0,0,0,0,0,0,0,,,,,,,,,
DCP,TX19,1/25/2025 0:00,0,0,0,0,0,0,0,0,0,,,,,,,,,
DCP,TX19,1/26/2025 0:00,0,0,0,0,0,0,0,0,0,,,,,,,,,
DCP,TX19,1/27/2025 0:00,0,0,0,0,0,0,0,0,0,,,,,,,,,
DCP,TX19,1/28/2025 0:00,0,0,0,0,0,0,0,0,0,,,,,,,,,
DCP,TX19,1/29/2025 0:00,0,0,0,0,0,0,0,0,0,,,,,,,,,
DCP,TX19,1/30/2025 0:00,0,0,0,0,0,0,0,0,0,,,,,,,,,
DCP,TX19,1/31/2025 0:00,0,0,0,0,0,0,0,0,0,,,,,,,,,
DCP,TX19,2/1/2025 0:00,0,0,0,0,0,0,0,0,0,,,,,,,,,
DCP,TX19,2/2/2025 0:00,0,0,0,0,0,0,0,0,0,,,,,,,,,
DCP,TX19,2/3/2025 0:00,5.98,1184.77,7.08,22.31,55.13,0.6963,0.612,2.083,83.09,,,,,,,,,
DCP,TX19,2/4/2025 0:00,0,0,0,0,0,0,0,0,0,,,,,,,,,
DCP,TX19,2/5/2025 0:00,0,0,0,0,0,0,0,0,0,,,,,,,,,
DCP,TX19,2/6/2025 0:00,0,0,0,0,0,0,0,0,0,,,,,,,,,
DCP,TX19,2/7/2025 0:00,0,0,0,0,0,0,0,0,0,,,,,,,,,
DCP,TX19,2/8/2025 0:00,0,0,0,0,0,0,0,0,0,,,,,,,,,
DCP,TX19,2/9/2025 0:00,0,0,0,0,0,0,0,0,0,,,,,,,,,
DCP,TX19,2/10/2025 0:00,0,0,0,0,0,0,0,0,0,,,,,,,,,
DCP,TX19,2/11/2025 0:00,0,0,0,0,0,0,0,0,0,,,,,,,,,
DCP,TX19,2/12/2025 0:00,0,0,0,0,0,0,0,0,0,,,,,,,,,
DCP,TX19,2/13/2025 0:00,0,0,0,0,0,0,0,0,0,,,,,,,,,
DCP,TX19,2/14/2025 0:00,0,0,0,0,0,0,0,0,0,,,,,,,,,
DCP,TX19,2/15/2025 0:00,0,0,0,0,0,0,0,0,0,,,,,,,,,
DCP,TX19,2/16/2025 0:00,0,0,0,0,0,0,0,0,0,,,,,,,,,
DCP,TX19,2/17/2025 0:00,0,0,0,0,0,0,0,0,0,,,,,,,,,
DCP,TX19,2/18/2025 0:00,0,0,0,0,0,0,0,0,0,,,,,,,,,
DCP,TX19,2/19/2025 0:00,0,0,0,0,0,0,0,0,0,,,,,,,,,
DCP,TX19,2/20/2025 0:00,0,0,0,0,0,0,0,0,0,,,,,,,,,
DCP,TX19,2/21/2025 0:00,0,0,0,0,0,0,0,0,0,,,,,,,,,
DCP,TX19,2/22/2025 0:00,0,0,0,0,0,0,0,0,0,,,,,,,,,
DCP,TX19,2/23/2025 0:00,0,0,0,0,0,0,0,0,0,,,,,,,,,
DCP,TX19,2/24/2025 0:00,0,0,0,0,0,0,0,0,0,,,,,,,,,
DCP,TX19,2/25/2025 0:00,0,0,0,0,0,0,0,0,0,,,,,,,,,
DCP,TX19,2/26/2025 0:00,0,0,0,0,0,0,0,0,0,,,,,,,,,
DCP,TX19,2/27/2025 0:00,0,0,0,0,0,0,0,0,0,,,,,,,,,
DCP,TX19,2/28/2025 0:00,0,0,0,0,0,0,0,0,0,,,,,,,,,
DCP,TX19,3/1/2025 0:00,0,0,0,0,0,0,0,0,0,,,,,,,,,
DCP,TX19,3/2/2025 0:00,0,0,0,0,0,0,0,0,0,,,,,,,,,
DCP,TX19,3/3/2025 0:00,0,0,0,0,0,0,0,0,0,,,,,,,,,
DCP,TX19,3/4/2025 0:00,0,0,0,0,0,0,0,0,0,,,,,,,,,
DCP,TX19,3/5/2025 0:00,0,0,0,0,0,0,0,0,0,,,,,,,,,
DCP,TX19,3/6/2025 0:00,0,0,0,0,0,0,0,0,0,,,,,,,,,
DCP,TX19,3/7/2025 0:00,5.82,1184.77,6.89,19.68,51.56,0.6963,0.612,2.083,83.09,,,,,,,,,
DCP,TX19,3/8/2025 0:00,0,0,0,0,0,0,0,0,0,,,,,,,,,
DCP,TX19,3/9/2025 0:00,0,0,0,0,0,0,0,0,0,,,,,,,,,
DCP,TX19,3/10/2025 0:00,16.29,1184.77,19.3,21.3,56.51,0.6963,0.612,2.083,83.09,,,,,,,,,
DCP,TX19,3/11/2025 0:00,0,0,0,0,0,0,0,0,0,,,,,,,,,
DCP,TX19,3/12/2025 0:00,0,0,0,0,0,0,0,0,0,,,,,,,,,
DCP,TX19,3/13/2025 0:00,0,0,0,0,0,0,0,0,0,,,,,,,,,
DCP,TX19,3/14/2025 0:00,0,0,0,0,0,0,0,0,0,,,,,,,,,
DCP,TX19,3/15/2025 0:00,0,0,0,0,0,0,0,0,0,,,,,,,,,
DCP,TX19,3/16/2025 0:00,0,0,0,0,0,0,0,0,0,,,,,,,,,
DCP,TX19,3/17/2025 0:00,0,0,0,0,0,0,0,0,0,,,,,,,,,
DCP,TX19,3/18/2025 0:00,0,0,0,0,0,0,0,0,0,,,,,,,,,
DCP,TX19,3/19/2025 0:00,0,0,0,0,0,0,0,0,0,,,,,,,,,
DCP,TX19,3/20/2025 0:00,0,0,0,0,0,0,0,0,0,,,,,,,,,
DCP,TX19,3/21/2025 0:00,0,0,0,0,0,0,0,0,0,,,,,,,,,
DCP,TX19,3/22/2025 0:00,0,0,0,0,0,0,0,0,0,,,,,,,,,
DCP,TX19,3/23/2025 0:00,0,0,0,0,0,0,0,0,0,,,,,,,,,
DCP,TX19,3/24/2025 0:00,0,0,0,0,0,0,0,0,0,,,,,,,,,
DCP,TX19,3/25/2025 0:00,0,0,0,0,0,0,0,0,0,,,,,,,,,
DCP,TX19,3/26/2025 0:00,0,0,0,0,0,0,0,0,0,,,,,,,,,
DCP,TX19,3/27/2025 0:00,0,0,0,0,0,0,0,0,0,,,,,,,,,
DCP,TX19,3/28/2025 0:00,0,0,0,0,0,0,0,0,0,,,,,,,,,
DCP,TX19,3/29/2025 0:00,0,0,0,0,0,0,0,0,0,,,,,,,,,
DCP,TX19,3/30/2025 0:00,0,0,0,0,0,0,0,0,0,,,,,,,,,
DCP,TX19,3/31/2025 0:00,0,0,0,0,0,0,0,0,0,,,,,,,,,
DCP,TX19,4/1/2025 0:00,0,0,0,0,0,0,0,0,0,,,,,,,,,
DCP,TX19,4/2/2025 0:00,0,0,0,0,0,0,0,0,0,,,,,,,,,
DCP,TX19,4/3/2025 0:00,0,0,0,0,0,0,0,0,0,,,,,,,,,
DCP,TX19,4/4/2025 0:00,0,0,0,0,0,0,0,0,0,,,,,,,,,
DCP,TX19,4/5/2025 0:00,0,0,0,0,0,0,0,0,0,,,,,,,,,
DCP,TX19,4/6/2025 0:00,0,0,0,0,0,0,0,0,0,,,,,,,,,
DCP,TX19,4/7/2025 0:00,0,0,0,0,0,0,0,0,0,,,,,,,,,
DCP,TX19,4/8/2025 0:00,0,0,0,0,0,0,0,0,0,,,,,,,,,
DCP,TX19,4/9/2025 0:00,0,0,0,0,0,0,0,0,0,,,,,,,,,
DCP,TX19,4/10/2025 0:00,0,0,0,0,0,0,0,0,0,,,,,,,,,
DCP,TX19,4/11/2025 0:00,12.83,1184.77,15.2,24.63,51.88,0.6963,0.612,2.083,83.09,,,,,,,,,
DCP,TX19,4/12/2025 0:00,0,0,0,0,0,0,0,0,0,,,,,,,,,
DCP,TX19,4/13/2025 0:00,0,0,0,0,0,0,0,0,0,,,,,,,,,
DCP,TX19,4/14/2025 0:00,0,0,0,0,0,0,0,0,0,,,,,,,,,
DCP,TX19,4/15/2025 0:00,0,0,0,0,0,0,0,0,0,,,,,,,,,
DCP,TX19,4/16/2025 0:00,0,0,0,0,0,0,0,0,0,,,,,,,,,
DCP,TX19,4/17/2025 0:00,145.77,1184.77,172.7,22.87,66.17,0.6963,0.612,2.083,83.09,,,,,,,,,
DCP,TX19,4/18/2025 0:00,87.05,1184.77,103.14,22.42,53.65,0.6963,0.612,2.083,83.09,,,,,,,,,
DCP,TX19,4/19/2025 0:00,0,0,0,0,0,0,0,0,0,,,,,,,,,
DCP,TX19,4/20/2025 0:00,0,0,0,0,0,0,0,0,0,,,,,,,,,
DCP,TX19,4/21/2025 0:00,0,0,0,0,0,0,0,0,0,,,,,,,,,
DCP,TX19,4/22/2025 0:00,0,0,0,0,0,0,0,0,0,,,,,,,,,
DCP,TX19,4/23/2025 0:00,0,0,0,0,0,0,0,0,0,,,,,,,,,
DCP,TX19,4/24/2025 0:00,0,0,0,0,0,0,0,0,0,,,,,,,,,
DCP,TX19,4/25/2025 0:00,0,0,0,0,0,0,0,0,0,,,,,,,,,
DCP,TX19,4/26/2025 0:00,0,0,0,0,0,0,0,0,0,,,,,,,,,
DCP,TX19,4/27/2025 0:00,0,0,0,0,0,0,0,0,0,,,,,,,,,
DCP,TX19,4/28/2025 0:00,0,0,0,0,0,0,0,0,0,,,,,,,,,
DCP,TX19,4/29/2025 0:00,0,0,0,0,0,0,0,0,0,,,,,,,,,
DCP,TX19,4/30/2025 0:00,0,0,0,0,0,0,0,0,0,,,,,,,,,
DCP,TX19,5/1/2025 0:00,0,0,0,0,0,0,0,0,0,,,,,,,,,
DCP,TX19,5/2/2025 0:00,0,0,0,0,0,0,0,0,0,,,,,,,,,
DCP,TX19,5/3/2025 0:00,0,0,0,0,0,0,0,0,0,,,,,,,,,
DCP,TX19,5/4/2025 0:00,0,0,0,0,0,0,0,0,0,,,,,,,,,
DCP,TX19,5/5/2025 0:00,0,0,0,0,0,0,0,0,0,,,,,,,,,
DCP,TX19,5/6/2025 0:00,0,0,0,0,0,0,0,0,0,,,,,,,,,
DCP,TX19,5/7/2025 0:00,0,0,0,0,0,0,0,0,0,,,,,,,,,
DCP,TX19,5/8/2025 0:00,0,0,0,0,0,0,0,0,0,,,,,,,,,
DCP,TX19,5/9/2025 0:00,0,0,0,0,0,0,0,0,0,,,,,,,,,
DCP,TX19,5/10/2025 0:00,0,0,0,0,0,0,0,0,0,,,,,,,,,
DCP,TX19,5/11/2025 0:00,0,0,0,0,0,0,0,0,0,,,,,,,,,
DCP,TX19,5/12/2025 0:00,0,0,0,0,0,0,0,0,0,,,,,,,,,
DCP,TX19,5/13/2025 0:00,0,0,0,0,0,0,0,0,0,,,,,,,,,
DCP,TX19,5/14/2025 0:00,0,0,0,0,0,0,0,0,0,,,,,,,,,
DCP,TX19,5/15/2025 0:00,0,0,0,0,0,0,0,0,0,,,,,,,,,
DCP,TX19,5/16/2025 0:00,0,0,0,0,0,0,0,0,0,,,,,,,,,
DCP,TX19,5/17/2025 0:00,0,0,0,0,0,0,0,0,0,,,,,,,,,
DCP,TX19,5/18/2025 0:00,0,0,0,0,0,0,0,0,0,,,,,,,,,
DCP,TX19,5/19/2025 0:00,0,0,0,0,0,0,0,0,0,,,,,,,,,
DCP,TX19,5/20/2025 0:00,0,0,0,0,0,0,0,0,0,,,,,,,,,
DCP,TX19,5/21/2025 0:00,0,0,0,0,0,0,0,0,0,,,,,,,,,
DCP,TX19,5/22/2025 0:00,0,0,0,0,0,0,0,0,0,,,,,,,,,
DCP,TX19,5/23/2025 0:00,0,0,0,0,0,0,0,0,0,,,,,,,,,
DCP,TX19,5/24/2025 0:00,0,0,0,0,0,0,0,0,0,,,,,,,,,
DCP,TX19,5/25/2025 0:00,0,0,0,0,0,0,0,0,0,,,,,,,,,
DCP,TX19,5/26/2025 0:00,0,0,0,0,0,0,0,0,0,,,,,,,,,
DCP,TX19,5/27/2025 0:00,0,0,0,0,0,0,0,0,0,,,,,,,,,
DCP,TX19,5/28/2025 0:00,0,0,0,0,0,0,0,0,0,,,,,,,,,
DCP,TX19,5/29/2025 0:00,0,0,0,0,0,0,0,0,0,,,,,,,,,
DCP,TX19,5/30/2025 0:00,0,0,0,0,0,0,0,0,0,,,,,,,,,
DCP,TX19,5/31/2025 0:00,0,0,0,0,0,0,0,0,0,,,,,,,,,
DCP,TX19,6/1/2025 0:00,0,0,0,0,0,0,0,0,0,,,,,,,,,
DCP,TX19,6/2/2025 0:00,0,0,0,0,0,0,0,0,0,,,,,,,,,
DCP,TX19,6/3/2025 0:00,0,0,0,0,0,0,0,0,0,,,,,,,,,
DCP,TX19,6/4/2025 0:00,0,0,0,0,0,0,0,0,0,,,,,,,,,
DCP,TX19,6/5/2025 0:00,0,0,0,0,0,0,0,0,0,,,,,,,,,
DCP,TX19,6/6/2025 0:00,0,0,0,0,0,0,0,0,0,,,,,,,,,
DCP,TX19,6/7/2025 0:00,0,0,0,0,0,0,0,0,0,,,,,,,,,
DCP,TX19,6/8/2025 0:00,0,0,0,0,0,0,0,0,0,,,,,,,,,
DCP,TX19,6/9/2025 0:00,0,0,0,0,0,0,0,0,0,,,,,,,,,
DCP,TX19,6/10/2025 0:00,0,0,0,0,0,0,0,0,0,,,,,,,,,
DCP,TX19,6/11/2025 0:00,0,0,0,0,0,0,0,0,0,,,,,,,,,
DCP,TX19,6/12/2025 0:00,0,0,0,0,0,0,0,0,0,,,,,,,,,
DCP,TX19,6/13/2025 0:00,0,0,0,0,0,0,0,0,0,,,,,,,,,
DCP,TX19,6/14/2025 0:00,0,0,0,0,0,0,0,0,0,,,,,,,,,
DCP,TX19,6/15/2025 0:00,0,0,0,0,0,0,0,0,0,,,,,,,,,
DCP,TX19,6/16/2025 0:00,0,0,0,0,0,0,0,0,0,,,,,,,,,
DCP,TX19,6/17/2025 0:00,0,0,0,0,0,0,0,0,0,,,,,,,,,
DCP,TX19,6/18/2025 0:00,0,0,0,0,0,0,0,0,0,,,,,,,,,
DCP,TX19,6/19/2025 0:00,0,0,0,0,0,0,0,0,0,,,,,,,,,
DCP,TX19,6/20/2025 0:00,0,0,0,0,0,0,0,0,0,,,,,,,,,
DCP,TX19,6/21/2025 0:00,0,0,0,0,0,0,0,0,0,,,,,,,,,
DCP,TX19,6/22/2025 0:00,0,0,0,0,0,0,0,0,0,,,,,,,,,
DCP,TX19,6/23/2025 0:00,0,0,0,0,0,0,0,0,0,,,,,,,,,
DCP,TX19,6/24/2025 0:00,0,0,0,0,0,0,0,0,0,,,,,,,,,
DCP,TX19,6/25/2025 0:00,0,0,0,0,0,0,0,0,0,,,,,,,,,
DCP,TX19,6/26/2025 0:00,0,0,0,0,0,0,0,0,0,,,,,,,,,
DCP,TX19,6/27/2025 0:00,0,0,0,0,0,0,0,0,0,,,,,,,,,
DCP,TX19,6/28/2025 0:00,0,0,0,0,0,0,0,0,0,,,,,,,,,
DCP,TX19,6/29/2025 0:00,0,0,0,0,0,0,0,0,0,,,,,,,,,
DCP,TX19,6/30/2025 0:00,0,0,0,0,0,0,0,0,0,,,,,,,,,
DCP,TX19,7/1/2025 0:00,0,0,0,0,0,0,0,0,0,,,,,,,,,
DCP,TX19,7/2/2025 0:00,0,0,0,0,0,0,0,0,0,,,,,,,,,
DCP,TX19,7/3/2025 0:00,0,0,0,0,0,0,0,0,0,,,,,,,,,
DCP,TX19,7/4/2025 0:00,0,0,0,0,0,0,0,0,0,,,,,,,,,
DCP,TX19,7/5/2025 0:00,0,0,0,0,0,0,0,0,0,,,,,,,,,
DCP,TX19,7/6/2025 0:00,0,0,0,0,0,0,0,0,0,,,,,,,,,
DCP,TX19,7/7/2025 0:00,0,0,0,0,0,0,0,0,0,,,,,,,,,
DCP,TX19,7/8/2025 0:00,0,0,0,0,0,0,0,0,0,,,,,,,,,
DCP,TX19,7/9/2025 0:00,0,0,0,0,0,0,0,0,0,,,,,,,,,
DCP,TX19,7/10/2025 0:00,0,0,0,0,0,0,0,0,0,,,,,,,,,
DCP,TX19,7/11/2025 0:00,0,0,0,0,0,0,0,0,0,,,,,,,,,
DCP,TX19,7/12/2025 0:00,0,0,0,0,0,0,0,0,0,,,,,,,,,
DCP,TX19,7/13/2025 0:00,0,0,0,0,0,0,0,0,0,,,,,,,,,
DCP,TX19,7/14/2025 0:00,0,0,0,0,0,0,0,0,0,,,,,,,,,
DCP,TX19,7/15/2025 0:00,0,0,0,0,0,0,0,0,0,,,,,,,,,
DCP,TX19,7/16/2025 0:00,0,0,0,0,0,0,0,0,0,,,,,,,,,
DCP,TX19,7/17/2025 0:00,0,0,0,0,0,0,0,0,0,,,,,,,,,
DCP,TX19,7/18/2025 0:00,0,0,0,0,0,0,0,0,0,,,,,,,,,
DCP,TX19,7/19/2025 0:00,0,0,0,0,0,0,0,0,0,,,,,,,,,
DCP,TX19,7/20/2025 0:00,0,0,0,0,0,0,0,0,0,,,,,,,,,
DCP,TX19,7/21/2025 0:00,0,0,0,0,0,0,0,0,0,,,,,,,,,
DCP,TX19,7/22/2025 0:00,0,0,0,0,0,0,0,0,0,,,,,,,,,
DCP,TX19,7/23/2025 0:00,0,0,0,0,0,0,0,0,0,,,,,,,,,
DCP,TX19,7/24/2025 0:00,0,0,0,0,0,0,0,0,0,,,,,,,,,
DCP,TX19,7/25/2025 0:00,0,0,0,0,0,0,0,0,0,,,,,,,,,
DCP,TX19,7/26/2025 0:00,0,0,0,0,0,0,0,0,0,,,,,,,,,
DCP,TX19,7/27/2025 0:00,0,0,0,0,0,0,0,0,0,,,,,,,,,
DCP,TX19,7/28/2025 0:00,0,0,0,0,0,0,0,0,0,,,,,,,,,
DCP,TX19,7/29/2025 0:00,0,0,0,0,0,0,0,0,0,,,,,,,,,
DCP,TX19,7/30/2025 0:00,58.04,1184.77,68.77,22.31,76.46,0.6963,0.612,2.083,83.09,,,,,,,,,
DCP,TX19,7/31/2025 0:00,0,0,0,0,0,0,0,0,0,,,,,,,,,
DCP,TX19,8/1/2025 0:00,0,0,0,0,0,0,0,0,0,,,,,,,,,
DCP,TX19,8/2/2025 0:00,0,0,0,0,0,0,0,0,0,,,,,,,,,
DCP,TX19,8/3/2025 0:00,0,0,0,0,0,0,0,0,0,,,,,,,,,
DCP,TX19,8/4/2025 0:00,0,0,0,0,0,0,0,0,0,,,,,,,,,
DCP,TX19,8/5/2025 0:00,0,0,0,0,0,0,0,0,0,,,,,,,,,
DCP,TX19,8/6/2025 0:00,0,0,0,0,0,0,0,0,0,,,,,,,,,
DCP,TX19,8/7/2025 0:00,0,0,0,0,0,0,0,0,0,,,,,,,,,
DCP,TX19,8/8/2025 0:00,0,0,0,0,0,0,0,0,0,,,,,,,,,
DCP,TX19,8/9/2025 0:00,0,0,0,0,0,0,0,0,0,,,,,,,,,
DCP,TX19,8/10/2025 0:00,0,0,0,0,0,0,0,0,0,,,,,,,,,
DCP,TX19,8/11/2025 0:00,0,0,0,0,0,0,0,0,0,,,,,,,,,
DCP,TX19,8/12/2025 0:00,0,0,0,0,0,0,0,0,0,,,,,,,,,
DCP,TX19,8/13/2025 0:00,0,0,0,0,0,0,0,0,0,,,,,,,,,
DCP,TX19,8/14/2025 0:00,0,0,0,0,0,0,0,0,0,,,,,,,,,
DCP,TX19,8/15/2025 0:00,0,0,0,0,0,0,0,0,0,,,,,,,,,
DCP,TX19,8/16/2025 0:00,0,0,0,0,0,0,0,0,0,,,,,,,,,
DCP,TX19,8/17/2025 0:00,0,0,0,0,0,0,0,0,0,,,,,,,,,
DCP,TX19,8/18/2025 0:00,0,0,0,0,0,0,0,0,0,,,,,,,,,
DCP,TX19,8/19/2025 0:00,0,0,0,0,0,0,0,0,0,,,,,,,,,
DCP,TX19,8/20/2025 0:00,0,0,0,0,0,0,0,0,0,,,,,,,,,
DCP,TX19,8/21/2025 0:00,28.92,1184.77,34.26,21.09,81.32,0.6963,0.612,2.083,83.09,,,,,,,,,
DCP,TX19,8/22/2025 0:00,0,0,0,0,0,0,0,0,0,,,,,,,,,
DCP,TX19,8/23/2025 0:00,0,0,0,0,0,0,0,0,0,,,,,,,,,
DCP,TX19,8/24/2025 0:00,0,0,0,0,0,0,0,0,0,,,,,,,,,
DCP,TX19,8/25/2025 0:00,0,0,0,0,0,0,0,0,0,,,,,,,,,
DCP,TX19,8/26/2025 0:00,0,0,0,0,0,0,0,0,0,,,,,,,,,
DCP,TX19,8/27/2025 0:00,0,0,0,0,0,0,0,0,0,,,,,,,,,
DCP,TX19,8/28/2025 0:00,0,0,0,0,0,0,0,0,0,,,,,,,,,
DCP,TX19,8/29/2025 0:00,0,0,0,0,0,0,0,0,0,,,,,,,,,
DCP,TX19,8/30/2025 0:00,0,0,0,0,0,0,0,0,0,,,,,,,,,
DCP,TX19,8/31/2025 0:00,0,0,0,0,0,0,0,0,0,,,,,,,,,
DCP,TX19,9/1/2025 0:00,0,0,0,0,0,0,0,0,0,,,,,,,,,
DCP,TX19,9/2/2025 0:00,0,0,0,0,0,0,0,0,0,,,,,,,,,
DCP,TX19,9/3/2025 0:00,0,0,0,0,0,0,0,0,0,,,,,,,,,
DCP,TX19,9/4/2025 0:00,0,0,0,0,0,0,0,0,0,,,,,,,,,
DCP,TX19,9/5/2025 0:00,0,0,0,0,0,0,0,0,0,,,,,,,,,
DCP,TX19,9/6/2025 0:00,0,0,0,0,0,0,0,0,0,,,,,,,,,
DCP,TX19,9/7/2025 0:00,0,0,0,0,0,0,0,0,0,,,,,,,,,
DCP,TX19,9/8/2025 0:00,0,0,0,0,0,0,0,0,0,,,,,,,,,
DCP,TX19,9/9/2025 0:00,0,0,0,0,0,0,0,0,0,,,,,,,,,
DCP,TX19,9/10/2025 0:00,0,0,0,0,0,0,0,0,0,,,,,,,,,
DCP,TX19,9/11/2025 0:00,0,0,0,0,0,0,0,0,0,,,,,,,,,
DCP,TX19,9/12/2025 0:00,0,0,0,0,0,0,0,0,0,,,,,,,,,
DCP,TX19,9/13/2025 0:00,0,0,0,0,0,0,0,0,0,,,,,,,,,
DCP,TX19,9/14/2025 0:00,0,0,0,0,0,0,0,0,0,,,,,,,,,
DCP,TX19,9/15/2025 0:00,0,0,0,0,0,0,0,0,0,,,,,,,,,
DCP,TX19,9/16/2025 0:00,0,0,0,0,0,0,0,0,0,,,,,,,,,
DCP,TX19,9/17/2025 0:00,0,0,0,0,0,0,0,0,0,,,,,,,,,
DCP,TX19,9/18/2025 0:00,0,0,0,0,0,0,0,0,0,,,,,,,,,
DCP,TX19,9/19/2025 0:00,0,0,0,0,0,0,0,0,0,,,,,,,,,
DCP,TX19,9/20/2025 0:00,0,0,0,0,0,0,0,0,0,,,,,,,,,
DCP,TX19,9/21/2025 0:00,0,0,0,0,0,0,0,0,0,,,,,,,,,
DCP,TX19,9/22/2025 0:00,0,0,0,0,0,0,0,0,0,,,,,,,,,
DCP,TX19,9/23/2025 0:00,0,0,0,0,0,0,0,0,0,,,,,,,,,
DCP,TX19,9/24/2025 0:00,0,0,0,0,0,0,0,0,0,,,,,,,,,
DCP,TX19,9/25/2025 0:00,0,0,0,0,0,0,0,0,0,,,,,,,,,
DCP,TX19,9/26/2025 0:00,0,0,0,0,0,0,0,0,0,,,,,,,,,
DCP,TX19,9/27/2025 0:00,0,0,0,0,0,0,0,0,0,,,,,,,,,
DCP,TX19,9/28/2025 0:00,0,0,0,0,0,0,0,0,0,,,,,,,,,
DCP,TX19,9/29/2025 0:00,0,0,0,0,0,0,0,0,0,,,,,,,,,
DCP,TX19,9/30/2025 0:00,0,0,0,0,0,0,0,0,0,,,,,,,,,
DCP,TX19,10/1/2025 0:00,0,0,0,0,0,0,0,0,0,,,,,,,,,
DCP,TX19,10/2/2025 0:00,0,0,0,0,0,0,0,0,0,,,,,,,,,
DCP,TX19,10/3/2025 0:00,0,0,0,0,0,0,0,0,0,,,,,,,,,
DCP,TX19,10/4/2025 0:00,0,0,0,0,0,0,0,0,0,,,,,,,,,
DCP,TX19,10/5/2025 0:00,0,0,0,0,0,0,0,0,0,,,,,,,,,
DCP,TX19,10/6/2025 0:00,0,0,0,0,0,0,0,0,0,,,,,,,,,
DCP,TX19,10/7/2025 0:00,0,0,0,0,0,0,0,0,0,,,,,,,,,
DCP,TX19,10/8/2025 0:00,0,0,0,0,0,0,0,0,0,,,,,,,,,
DCP,TX19,10/9/2025 0:00,0,0,0,0,0,0,0,0,0,,,,,,,,,
DCP,TX19,10/10/2025 0:00,0,0,0,0,0,0,0,0,0,,,,,,,,,
DCP,TX19,10/11/2025 0:00,0,0,0,0,0,0,0,0,0,,,,,,,,,
DCP,TX19,10/12/2025 0:00,0,0,0,0,0,0,0,0,0,,,,,,,,,
DCP,TX19,10/13/2025 0:00,0,0,0,0,0,0,0,0,0,,,,,,,,,
DCP,TX19,10/14/2025 0:00,0,0,0,0,0,0,0,0,0,,,,,,,,,
DCP,TX19,10/15/2025 0:00,0,0,0,0,0,0,0,0,0,,,,,,,,,
DCP,TX19,10/16/2025 0:00,0,0,0,0,0,0,0,0,0,,,,,,,,,
DCP,TX19,10/17/2025 0:00,0,0,0,0,0,0,0,0,0,,,,,,,,,
DCP,TX19,10/18/2025 0:00,0,0,0,0,0,0,0,0,0,,,,,,,,,
DCP,TX19,10/19/2025 0:00,0,0,0,0,0,0,0,0,0,,,,,,,,,
DCP,TX19,10/20/2025 0:00,0,0,0,0,0,0,0,0,0,,,,,,,,,
DCP,TX19,10/21/2025 0:00,0,0,0,0,0,0,0,0,0,,,,,,,,,
DCP,TX19,10/22/2025 0:00,0,0,0,0,0,0,0,0,0,,,,,,,,,
DCP,TX19,10/23/2025 0:00,0,0,0,0,0,0,0,0,0,,,,,,,,,
DCP,TX19,10/24/2025 0:00,0,0,0,0,0,0,0,0,0,,,,,,,,,
DCP,TX19,10/25/2025 0:00,0,0,0,0,0,0,0,0,0,,,,,,,,,
DCP,TX19,10/26/2025 0:00,0,0,0,0,0,0,0,0,0,,,,,,,,,
DCP,TX19,10/27/2025 0:00,0,0,0,0,0,0,0,0,0,,,,,,,,,
DCP,TX19,10/28/2025 0:00,0,0,0,0,0,0,0,0,0,,,,,,,,,
DCP,TX19,10/29/2025 0:00,0,0,0,0,0,0,0,0,0,,,,,,,,,
DCP,TX19,10/30/2025 0:00,0,0,0,0,0,0,0,0,0,,,,,,,,,
DCP,TX19,10/31/2025 0:00,0,0,0,0,0,0,0,0,0,,,,,,,,,
DCP,TX19,11/1/2025 0:00,0,0,0,0,0,0,0,0,0,,,,,,,,,
DCP,TX19,11/2/2025 0:00,0,0,0,0,0,0,0,0,0,,,,,,,,,
DCP,TX19,11/3/2025 0:00,0,0,0,0,0,0,0,0,0,,,,,,,,,
DCP,TX19,11/4/2025 0:00,0,0,0,0,0,0,0,0,0,,,,,,,,,
DCP,TX19,11/5/2025 0:00,0,0,0,0,0,0,0,0,0,,,,,,,,,
DCP,TX19,11/6/2025 0:00,0,0,0,0,0,0,0,0,0,,,,,,,,,
DCP,TX19,11/7/2025 0:00,0,0,0,0,0,0,0,0,0,,,,,,,,,
DCP,TX19,11/8/2025 0:00,0,0,0,0,0,0,0,0,0,,,,,,,,,
DCP,TX19,11/9/2025 0:00,0,0,0,0,0,0,0,0,0,,,,,,,,,
DCP,TX19,11/10/2025 0:00,0,0,0,0,0,0,0,0,0,,,,,,,,,
DCP,TX19,11/11/2025 0:00,0,0,0,0,0,0,0,0,0,,,,,,,,,
DCP,TX19,11/12/2025 0:00,0,0,0,0,0,0,0,0,0,,,,,,,,,
DCP,TX19,11/13/2025 0:00,0,0,0,0,0,0,0,0,0,,,,,,,,,
DCP,TX19,11/14/2025 0:00,0,0,0,0,0,0,0,0,0,,,,,,,,,
DCP,TX19,11/15/2025 0:00,0,0,0,0,0,0,0,0,0,,,,,,,,,
DCP,TX19,11/16/2025 0:00,0,0,0,0,0,0,0,0,0,,,,,,,,,
DCP,TX19,11/17/2025 0:00,0,0,0,0,0,0,0,0,0,,,,,,,,,
DCP,TX19,11/18/2025 0:00,0,0,0,0,0,0,0,0,0,,,,,,,,,
DCP,TX19,11/19/2025 0:00,0,0,0,0,0,0,0,0,0,,,,,,,,,
DCP,TX19,11/20/2025 0:00,0,0,0,0,0,0,0,0,0,,,,,,,,,
DCP,TX19,11/21/2025 0:00,0,0,0,0,0,0,0,0,0,,,,,,,,,
DCP,TX19,11/22/2025 0:00,0,0,0,0,0,0,0,0,0,,,,,,,,,
DCP,TX19,11/23/2025 0:00,0,0,0,0,0,0,0,0,0,,,,,,,,,
DCP,TX19,11/24/2025 0:00,0,0,0,0,0,0,0,0,0,,,,,,,,,
DCP,TX19,11/25/2025 0:00,0,0,0,0,0,0,0,0,0,,,,,,,,,
DCP,TX19,11/26/2025 0:00,0,0,0,0,0,0,0,0,0,,,,,,,,,
DCP,TX19,11/27/2025 0:00,0,0,0,0,0,0,0,0,0,,,,,,,,,
DCP,TX19,11/28/2025 0:00,0,0,0,0,0,0,0,0,0,,,,,,,,,
DCP,TX19,11/29/2025 0:00,0,0,0,0,0,0,0,0,0,,,,,,,,,
DCP,TX19,11/30/2025 0:00,0,0,0,0,0,0,0,0,0,,,,,,,,,
DCP,TX19,12/1/2025 0:00,0,0,0,0,0,0,0,0,0,,,,,,,,,
DCP,TX19,12/2/2025 0:00,0,0,0,0,0,0,0,0,0,,,,,,,,,
DCP,TX19,12/3/2025 0:00,68.44,1184.77,81.08,24.81,42.65,0.6963,0.612,2.083,83.09,,,,,,,,,
DCP,TX19,12/4/2025 0:00,179.93,1184.77,213.17,21.53,42.5,0.6963,0.612,2.083,83.09,,,,,,,,,
DCP,TX19,12/5/2025 0:00,112.61,1184.77,133.42,22.37,41.36,0.6963,0.612,2.083,83.09,,,,,,,,,
DCP,TX19,12/6/2025 0:00,0,0,0,0,0,0,0,0,0,,,,,,,,,
DCP,TX19,12/7/2025 0:00,0,0,0,0,0,0,0,0,0,,,,,,,,,
DCP,TX19,12/8/2025 0:00,0,0,0,0,0,0,0,0,0,,,,,,,,,
DCP,TX19,12/9/2025 0:00,0,0,0,0,0,0,0,0,0,,,,,,,,,
DCP,TX19,12/10/2025 0:00,0,0,0,0,0,0,0,0,0,,,,,,,,,
DCP,TX19,12/11/2025 0:00,0,0,0,0,0,0,0,0,0,,,,,,,,,
DCP,TX19,12/12/2025 0:00,0,0,0,0,0,0,0,0,0,,,,,,,,,
DCP,TX19,12/13/2025 0:00,0,0,0,0,0,0,0,0,0,,,,,,,,,
DCP,TX19,12/14/2025 0:00,0,0,0,0,0,0,0,0,0,,,,,,,,,
DCP,TX19,12/15/2025 0:00,0,0,0,0,0,0,0,0,0,,,,,,,,,
DCP,TX19,12/16/2025 0:00,97.65,1184.77,115.7,21.77,50.52,0.6963,0.612,2.083,83.09,,,,,,,,,
DCP,TX19,12/17/2025 0:00,62.7,1184.77,74.29,20.84,41.74,0.6963,0.612,2.083,83.09,,,,,,,,,
DCP,TX19,12/18/2025 0:00,0,0,0,0,0,0,0,0,0,,,,,,,,,
DCP,TX19,12/19/2025 0:00,0,0,0,0,0,0,0,0,0,,,,,,,,,
DCP,TX19,12/20/2025 0:00,0,0,0,0,0,0,0,0,0,,,,,,,,,
DCP,TX19,12/21/2025 0:00,0,0,0,0,0,0,0,0,0,,,,,,,,,
DCP,TX19,12/22/2025 0:00,0,0,0,0,0,0,0,0,0,,,,,,,,,
DCP,TX19,12/23/2025 0:00,0,0,0,0,0,0,0,0,0,,,,,,,,,
DCP,TX19,12/24/2025 0:00,0,0,0,0,0,0,0,0,0,,,,,,,,,
DCP,TX19,12/25/2025 0:00,0,0,0,0,0,0,0,0,0,,,,,,,,,
DCP,TX19,12/26/2025 0:00,0,0,0,0,0,0,0,0,0,,,,,,,,,
DCP,TX19,12/27/2025 0:00,0,0,0,0,0,0,0,0,0,,,,,,,,,
DCP,TX19,12/28/2025 0:00,0,0,0,0,0,0,0,0,0,,,,,,,,,
DCP,TX19,12/29/2025 0:00,0,0,0,0,0,0,0,0,0,,,,,,,,,
DCP,TX19,12/30/2025 0:00,0,0,0,0,0,0,0,0,0,,,,,,,,,
DCP,TX19,12/31/2025 0:00,0,0,0,0,0,0,0,0,0,,,,,,,,,
DCP,TX19,1/1/2026 0:00,0,0,0,0,0,0,0,0,0,,,,,,,,,
DCP,TX19,1/2/2026 0:00,0,0,0,0,0,0,0,0,0,,,,,,,,,
DCP,TX19,1/3/2026 0:00,0,0,0,0,0,0,0,0,0,,,,,,,,,
DCP,TX19,1/4/2026 0:00,0,0,0,0,0,0,0,0,0,,,,,,,,,
DCP,TX19,1/5/2026 0:00,0,0,0,0,0,0,0,0,0,,,,,,,,,
DCP,TX19,1/6/2026 0:00,0,0,0,0,0,0,0,0,0,,,,,,,,,
DCP,TX19,1/7/2026 0:00,0,0,0,0,0,0,0,0,0,,,,,,,,,
DCP,TX19,1/8/2026 0:00,0,0,0,0,0,0,0,0,0,,,,,,,,,
DCP,TX19,1/9/2026 0:00,0,0,0,0,0,0,0,0,0,,,,,,,,,
DCP,TX19,1/10/2026 0:00,0,0,0,0,0,0,0,0,0,,,,,,,,,
DCP,TX19,1/11/2026 0:00,0,0,0,0,0,0,0,0,0,,,,,,,,,
DCP,TX19,1/12/2026 0:00,0,0,0,0,0,0,0,0,0,,,,,,,,,
DCP,TX19,1/13/2026 0:00,0,0,0,0,0,0,0,0,0,,,,,,,,,
DCP,TX19,1/14/2026 0:00,0,0,0,0,0,0,0,0,0,,,,,,,,,
DCP,TX19,1/15/2026 0:00,0,0,0,0,0,0,0,0,0,,,,,,,,,
DCP,TX19,1/16/2026 0:00,0,0,0,0,0,0,0,0,0,,,,,,,,,
DCP,TX19,1/17/2026 0:00,0,0,0,0,0,0,0,0,0,,,,,,,,,
DCP,TX19,1/18/2026 0:00,0,0,0,0,0,0,0,0,0,,,,,,,,,
DCP,TX19,1/19/2026 0:00,0,0,0,0,0,0,0,0,0,,,,,,,,,
DCP,TX19,1/20/2026 0:00,0,0,0,0,0,0,0,0,0,,,,,,,,,
DCP,TX19,1/21/2026 0:00,0,0,0,0,0,0,0,0,0,,,,,,,,,
DCP,TX19,1/22/2026 0:00,0,0,0,0,0,0,0,0,0,,,,,,,,,
DCP,TX19,1/23/2026 0:00,0,0,0,0,0,0,0,0,0,,,,,,,,,
DCP,TX19,1/24/2026 0:00,0,0,0,0,0,0,0,0,0,,,,,,,,,
DCP,TX19,1/25/2026 0:00,0,0,0,0,0,0,0,0,0,,,,,,,,,
DCP,TX19,1/26/2026 0:00,0,0,0,0,0,0,0,0,0,,,,,,,,,
DCP,TX19,1/27/2026 0:00,0,0,0,0,0,0,0,0,0,,,,,,,,,
DCP,TX19,1/28/2026 0:00,0,0,0,0,0,0,0,0,0,,,,,,,,,
DCP,TX19,1/29/2026 0:00,0,0,0,0,0,0,0,0,0,,,,,,,,,
DCP,TX19,1/30/2026 0:00,0,0,0,0,0,0,0,0,0,,,,,,,,,
DCP,TX19,1/31/2026 0:00,0,0,0,0,0,0,0,0,0,,,,,,,,,
DCP,TX19,2/1/2026 0:00,0,0,0,0,0,0,0,0,0,,,,,,,,,
DCP,TX19,2/2/2026 0:00,0,0,0,0,0,0,0,0,0,,,,,,,,,
DCP,TX19,2/3/2026 0:00,0,0,0,0,0,0,0,0,0,,,,,,,,,
DCP,TX19,2/4/2026 0:00,0,0,0,0,0,0,0,0,0,,,,,,,,,
DCP,TX19,2/5/2026 0:00,94.68,1184.77,112.18,22.2,49.4,0.6963,0.612,2.083,83.09,,,,,,,,,
DCP,TX19,2/6/2026 0:00,1.06,1184.77,1.25,20.16,40.15,0.6963,0.612,2.083,83.09,,,,,,,,,
DCP,TX19,2/7/2026 0:00,0,0,0,0,0,0,0,0,0,,,,,,,,,
DCP,TX19,2/8/2026 0:00,0,0,0,0,0,0,0,0,0,,,,,,,,,
DCP,TX19,2/9/2026 0:00,0,0,0,0,0,0,0,0,0,,,,,,,,,
DCP,TX19,2/10/2026 0:00,0,0,0,0,0,0,0,0,0,,,,,,,,,
DCP,TX19,2/11/2026 0:00,0,0,0,0,0,0,0,0,0,,,,,,,,,
DCP,TX19,2/12/2026 0:00,0,0,0,0,0,0,0,0,0,,,,,,,,,
DCP,TX19,2/13/2026 0:00,0,0,0,0,0,0,0,0,0,,,,,,,,,
DCP,TX19,2/14/2026 0:00,0,0,0,0,0,0,0,0,0,,,,,,,,,
DCP,TX19,2/15/2026 0:00,0,0,0,0,0,0,0,0,0,,,,,,,,,
DCP,TX19,2/16/2026 0:00,0,0,0,0,0,0,0,0,0,,,,,,,,,
DCP,TX19,2/17/2026 0:00,0,0,0,0,0,0,0,0,0,,,,,,,,,
DCP,TX19,2/18/2026 0:00,0,0,0,0,0,0,0,0,0,,,,,,,,,
DCP,TX19,2/19/2026 0:00,0,0,0,0,0,0,0,0,0,,,,,,,,,
DCP,TX19,2/20/2026 0:00,0,0,0,0,0,0,0,0,0,,,,,,,,,
DCP,TX19,2/21/2026 0:00,0,0,0,0,0,0,0,0,0,,,,,,,,,
DCP,TX19,2/22/2026 0:00,0,0,0,0,0,0,0,0,0,,,,,,,,,
DCP,TX19,2/23/2026 0:00,0,0,0,0,0,0,0,0,0,,,,,,,,,
DCP,TX19,2/24/2026 0:00,0,0,0,0,0,0,0,0,0,,,,,,,,,
DCP,TX19,2/25/2026 0:00,0,0,0,0,0,0,0,0,0,,,,,,,,,
DCP,TX19,2/26/2026 0:00,0,0,0,0,0,0,0,0,0,,,,,,,,,
DCP,TX19,2/27/2026 0:00,0,0,0,0,0,0,0,0,0,,,,,,,,,
DCP,TX19,2/28/2026 0:00,0,0,0,0,0,0,0,0,0,,,,,,,,,
DCP,TX19,3/1/2026 0:00,0,0,0,0,0,0,0,0,0,,,,,,,,,
DCP,TX19,3/2/2026 0:00,0,0,0,0,0,0,0,0,0,,,,,,,,,
DCP,TX19,3/3/2026 0:00,0,0,0,0,0,0,0,0,0,,,,,,,,,
DCP,TX19,3/4/2026 0:00,0,0,0,0,0,0,0,0,0,,,,,,,,,
DCP,TX19,3/5/2026 0:00,82.82,989.52,81.95,20.7,59.11,0.5724,1.328,1.01,97.555,,,,,,,,,
DCP,TX19,3/6/2026 0:00,74.8,989.52,74.02,20.64,48.71,0.5724,1.328,1.01,97.555,,,,,,,,,
DCP,TX19,3/7/2026 0:00,0,0,0,0,0,0,0,0,0,,,,,,,,,
DCP,TX19,3/8/2026 0:00,0,0,0,0,0,0,0,0,0,,,,,,,,,
DCP,TX19,3/9/2026 0:00,0,0,0,0,0,0,0,0,0,,,,,,,,,
DCP,TX19,3/10/2026 0:00,0,0,0,0,0,0,0,0,0,,,,,,,,,
DCP,TX19,3/11/2026 0:00,0,0,0,0,0,0,0,0,0,,,,,,,,,
DCP,TX19,3/12/2026 0:00,0,0,0,0,0,0,0,0,0,,,,,,,,,
DCP,TX19,3/13/2026 0:00,0,0,0,0,0,0,0,0,0,,,,,,,,,
DCP,TX19,3/14/2026 0:00,0,0,0,0,0,0,0,0,0,,,,,,,,,
DCP,TX19,3/15/2026 0:00,0,0,0,0,0,0,0,0,0,,,,,,,,,
DCP,TX19,3/16/2026 0:00,0,0,0,0,0,0,0,0,0,,,,,,,,,
DCP,TX19,3/17/2026 0:00,0,0,0,0,0,0,0,0,0,,,,,,,,,
DCP,TX19,3/18/2026 0:00,0,0,0,0,0,0,0,0,0,,,,,,,,,
DCP,TX19,3/19/2026 0:00,0,0,0,0,0,0,0,0,0,,,,,,,,,
DCP,TX19,3/20/2026 0:00,0,0,0,0,0,0,0,0,0,,,,,,,,,
DCP,TX19,3/21/2026 0:00,0,0,0,0,0,0,0,0,0,,,,,,,,,
DCP,TX19,3/22/2026 0:00,0,0,0,0,0,0,0,0,0,,,,,,,,,
DCP,TX19,3/23/2026 0:00,0,0,0,0,0,0,0,0,0,,,,,,,,,
DCP,TX19,3/24/2026 0:00,0,0,0,0,0,0,0,0,0,,,,,,,,,
DCP,TX19,3/25/2026 0:00,0,0,0,0,0,0,0,0,0,,,,,,,,,
DCP,TX19,3/26/2026 0:00,0,0,0,0,0,0,0,0,0,,,,,,,,,
DCP,TX19,3/27/2026 0:00,0,0,0,0,0,0,0,0,0,,,,,,,,,
DCP,TX19,3/28/2026 0:00,0,0,0,0,0,0,0,0,0,,,,,,,,,
DCP,TX19,3/29/2026 0:00,0,0,0,0,0,0,0,0,0,,,,,,,,,
DCP,TX19,3/30/2026 0:00,0,0,0,0,0,0,0,0,0,,,,,,,,,
DCP,TX19,3/31/2026 0:00,0,0,0,0,0,0,0,0,0,,,,,,,,,
DCP,TX19,4/1/2026 0:00,0,0,0,0,0,0,0,0,0,,,,,,,,,
DCP,TX19,4/2/2026 0:00,0,0,0,0,0,0,0,0,0,,,,,,,,,
DCP,TX19,4/3/2026 0:00,0,0,0,0,0,0,0,0,0,,,,,,,,,
DCP,TX19,4/4/2026 0:00,0,0,0,0,0,0,0,0,0,,,,,,,,,
DCP,TX19,4/5/2026 0:00,0,0,0,0,0,0,0,0,0,,,,,,,,,
DCP,TX19,4/6/2026 0:00,0,0,0,0,0,0,0,0,0,,,,,,,,,
DCP,TX19,4/7/2026 0:00,0,0,0,0,0,0,0,0,0,,,,,,,,,
DCP,TX19,4/8/2026 0:00,0,0,0,0,0,0,0,0,0,,,,,,,,,
DCP,TX19,4/9/2026 0:00,0,0,0,0,0,0,0,0,0,,,,,,,,,
DCP,TX19,4/10/2026 0:00,0,0,0,0,0,0,0,0,0,,,,,,,,,
DCP,TX19,4/11/2026 0:00,0,0,0,0,0,0,0,0,0,,,,,,,,,
DCP,TX19,4/12/2026 0:00,0,0,0,0,0,0,0,0,0,,,,,,,,,
DCP,TX19,4/13/2026 0:00,0,0,0,0,0,0,0,0,0,,,,,,,,,
DCP,TX19,4/14/2026 0:00,67.26,989.52,0,20.36,64.6,0.5724,1.328,1.01,97.555,,,,,,,,,
DCP,TX19,4/15/2026 0:00,164.49,989.52,0,20.11,58.9,0.5724,1.328,1.01,97.555,,,,,,,,,
DCP,TX19,4/16/2026 0:00,180.71,989.52,0,20.73,60.94,0.5724,1.328,1.01,97.555,,,,,,,,,
DCP,TX19,4/17/2026 0:00,61.42,989.52,0,21.07,55.79,0.5724,1.328,1.01,97.555,,,,,,,,,
DCP,TX19,4/18/2026 0:00,0,0,0,0,0,0,0,0,0,,,,,,,,,
DCP,TX19,4/19/2026 0:00,0,0,0,0,0,0,0,0,0,,,,,,,,,
DCP,TX19,4/20/2026 0:00,0,0,0,0,0,0,0,0,0,,,,,,,,,
DCP,TX19,4/21/2026 0:00,0,0,0,0,0,0,0,0,0,,,,,,,,,
DCP,TX19,4/22/2026 0:00,0,0,0,0,0,0,0,0,0,,,,,,,,,
DCP,TX19,4/23/2026 0:00,0,0,0,0,0,0,0,0,0,,,,,,,,,
DCP,TX19,4/24/2026 0:00,0,0,0,0,0,0,0,0,0,,,,,,,,,
DCP,TX19,4/25/2026 0:00,0,0,0,0,0,0,0,0,0,,,,,,,,,
DCP,TX19,4/26/2026 0:00,0,0,0,0,0,0,0,0,0,,,,,,,,,
DCP,TX19,4/27/2026 0:00,105.83,989.52,0,20.51,65.08,0.5724,1.328,1.01,97.555,,,,,,,,,
DCP,TX19,4/28/2026 0:00,174.55,989.52,0,20.34,57.6,0.5724,1.328,1.01,97.555,,,,,,,,,
DCP,TX19,4/29/2026 0:00,39.67,989.52,0,20.37,53.19,0.5724,1.328,1.01,97.555,,,,,,,,,
DCP,TX19,4/30/2026 0:00,0,0,0,0,0,0,0,0,0,,,,,,,,,
DCP,TX19,5/1/2026 0:00,0,0,0,0,0,0,0,0,0,,,,,,,,,
DCP,TX19,5/2/2026 0:00,0,0,0,0,0,0,0,0,0,,,,,,,,,
DCP,TX19,5/3/2026 0:00,0,0,0,0,0,0,0,0,0,,,,,,,,,
DCP,TX19,5/4/2026 0:00,0,0,0,0,0,0,0,0,0,,,,,,,,,
DCP,TX19,5/5/2026 0:00,0,0,0,0,0,0,0,0,0,,,,,,,,,
DCP,TX19,5/6/2026 0:00,0,0,0,0,0,0,0,0,0,,,,,,,,,
DCP,TX19,5/7/2026 0:00,0,0,0,0,0,0,0,0,0,,,,,,,,,
DCP,TX19,5/8/2026 0:00,0,0,0,0,0,0,0,0,0,,,,,,,,,
DCP,TX19,5/9/2026 0:00,0,0,0,0,0,0,0,0,0,,,,,,,,,
DCP,TX19,5/10/2026 0:00,0,0,0,0,0,0,0,0,0,,,,,,,,,
DCP,TX19,5/11/2026 0:00,0,0,0,0,0,0,0,0,0,,,,,,,,,
DCP,TX19,5/12/2026 0:00,95.41,989.52,94.41,20.78,71.28,0.5724,1.328,1.01,97.555,,,,,,,,,
DCP,TX19,5/13/2026 0:00,152.66,989.52,151.06,20.37,65.42,0.5724,1.328,1.01,97.555,,,,,,,,,
DCP,TX19,5/14/2026 0:00,0,0,0,0,0,0,0,0,0,,,,,,,,,
DCP,TX19,5/15/2026 0:00,0,0,0,0,0,0,0,0,0,,,,,,,,,
DCP,TX19,5/16/2026 0:00,0,0,0,0,0,0,0,0,0,,,,,,,,,
DCP,TX19,5/17/2026 0:00,0,0,0,0,0,0,0,0,0,,,,,,,,,
DCP,TX19,5/18/2026 0:00,0,0,0,0,0,0,0,0,0,,,,,,,,,
DCP,TX19,5/19/2026 0:00,0,0,0,0,0,0,0,0,0,,,,,,,,,
DCP,TX19,5/20/2026 0:00,0,0,0,0,0,0,0,0,0,,,,,,,,,
DCP,TX19,5/21/2026 0:00,0,0,0,0,0,0,0,0,0,,,,,,,,,
DCP,TX19,5/22/2026 0:00,0,0,0,0,0,0,0,0,0,,,,,,,,,
DCP,TX19,5/23/2026 0:00,0,0,0,0,0,0,0,0,0,,,,,,,,,
DCP,TX19,5/24/2026 0:00,0,0,0,0,0,0,0,0,0,,,,,,,,,
DCP,TX19,5/25/2026 0:00,0,0,0,0,0,0,0,0,0,,,,,,,,,
DCP,TX19,5/26/2026 0:00,0,0,0,0,0,0,0,0,0,,,,,,,,,
DCP,TX19,5/27/2026 0:00,3.25,989.52,3.22,18.89,60.51,0.5724,1.328,1.01,97.555,,,,,,,,,
DCP,TX19,5/28/2026 0:00,73.07,989.52,72.31,19.59,68.61,0.5724,1.328,1.01,97.555,,,,,,,,,
DCP,TX19,5/29/2026 0:00,159.64,989.52,157.96,19.48,66.07,0.5724,1.328,1.01,97.555,,,,,,,,,
DCP,TX19,5/30/2026 0:00,156.81,989.52,155.17,19.18,69.47,0.5724,1.328,1.01,97.555,,,,,,,,,
DCP,TX19,5/31/2026 0:00,66.18,989.52,65.49,19.13,61.89,0.5724,1.328,1.01,97.555,,,,,,,,,
DCP,TX19,6/1/2026 0:00,0,0,0,0,0,0,0,0,0,,,,,,,,,
DCP,TX19,6/2/2026 0:00,0,0,0,0,0,0,0,0,0,,,,,,,,,
DCP,TX19,6/3/2026 0:00,0,0,0,0,0,0,0,0,0,,,,,,,,,
DCP,TX19,6/4/2026 0:00,0,0,0,0,0,0,0,0,0,,,,,,,,,
DCP,TX19,6/5/2026 0:00,0,0,0,0,0,0,0,0,0,,,,,,,,,
DCP,TX19,6/6/2026 0:00,0,0,0,0,0,0,0,0,0,,,,,,,,,
DCP,TX19,6/7/2026 0:00,0,0,0,0,0,0,0,0,0,,,,,,,,,
DCP,TX19,6/8/2026 0:00,0,0,0,0,0,0,0,0,0,,,,,,,,,
DCP,TX19,6/9/2026 0:00,0,0,0,0,0,0,0,0,0,,,,,,,,,
DCP,TX19,6/10/2026 0:00,0,0,0,0,0,0,0,0,0,,,,,,,,,
DCP,TX19,6/11/2026 0:00,0,0,0,0,0,0,0,0,0,,,,,,,,,
DCP,TX19,6/12/2026 0:00,0,0,0,0,0,0,0,0,0,,,,,,,,,
DCP,TX19,6/13/2026 0:00,0,0,0,0,0,0,0,0,0,,,,,,,,,
DCP,TX19,6/14/2026 0:00,0,0,0,0,0,0,0,0,0,,,,,,,,,
DCP,TX19,6/15/2026 0:00,85.03,989.52,84.14,20.38,69.89,0.5724,1.328,1.01,97.555,,,,,,,,,
DCP,TX19,6/16/2026 0:00,140.66,989.52,139.19,20.27,71.48,0.5724,1.328,1.01,97.555,,,,,,,,,
DCP,TX19,6/17/2026 0:00,154.63,989.52,153.01,20.2,75.29,0.5724,1.328,1.01,97.555,,,,,,,,,
DCP,TX19,6/18/2026 0:00,50.77,989.52,50.24,20.35,67.59,0.5724,1.328,1.01,97.555,,,,,,,,,
DCP,TX19,6/19/2026 0:00,0,0,0,0,0,0,0,0,0,,,,,,,,,
DCP,TX19,6/20/2026 0:00,0,0,0,0,0,0,0,0,0,,,,,,,,,
DCP,TX19,6/21/2026 0:00,0,0,0,0,0,0,0,0,0,,,,,,,,,
DCP,TX19,6/22/2026 0:00,0,0,0,0,0,0,0,0,0,,,,,,,,,
DCP,TX19,6/23/2026 0:00,0,0,0,0,0,0,0,0,0,,,,,,,,,
DCP,TX19,6/24/2026 0:00,0,0,0,0,0,0,0,0,0,,,,,,,,,
DCP,TX19,6/25/2026 0:00,0,0,0,0,0,0,0,0,0,,,,,,,,,
DCP,TX19,6/26/2026 0:00,0,0,0,0,0,0,0,0,0,,,,,,,,,
DCP,TX19,6/27/2026 0:00,0,0,0,0,0,0,0,0,0,,,,,,,,,
DCP,TX19,6/28/2026 0:00,0,0,0,0,0,0,0,0,0,,,,,,,,,
DCP,TX19,6/29/2026 0:00,92.5,989.52,91.53,19.94,81.98,0.5724,1.328,1.01,97.555,,,,,,,,,
DCP,TX19,6/30/2026 0:00,147.35,989.52,145.81,19.78,77.72,0.5724,1.328,1.01,97.555,,,,,,,,,
DCP,TX31,9/1/2024 0:00,0,0,0,0,0,0,0,0,0,,,,,,,,,
DCP,TX31,9/2/2024 0:00,0,0,0,0,0,0,0,0,0,,,,,,,,,
DCP,TX31,9/3/2024 0:00,0,0,0,0,0,0,0,0,0,,,,,,,,,
DCP,TX31,9/4/2024 0:00,0,0,0,0,0,0,0,0,0,,,,,,,,,
DCP,TX31,9/5/2024 0:00,0,0,0,0,0,0,0,0,0,,,,,,,,,
DCP,TX31,9/6/2024 0:00,0,0,0,0,0,0,0,0,0,,,,,,,,,
DCP,TX31,9/7/2024 0:00,0,0,0,0,0,0,0,0,0,,,,,,,,,
DCP,TX31,9/8/2024 0:00,0,0,0,0,0,0,0,0,0,,,,,,,,,
DCP,TX31,9/9/2024 0:00,0,0,0,0,0,0,0,0,0,,,,,,,,,
DCP,TX31,9/10/2024 0:00,0,0,0,0,0,0,0,0,0,,,,,,,,,
DCP,TX31,9/11/2024 0:00,0,0,0,0,0,0,0,0,0,,,,,,,,,
DCP,TX31,9/12/2024 0:00,26.77,991.26,26.54,30.71,79.53,0.5736,1.699,0.577,97.724,,,,,,,,,
DCP,TX31,9/13/2024 0:00,40.72,991.26,40.36,31.89,78.9,0.5736,1.699,0.577,97.724,,,,,,,,,
DCP,TX31,9/14/2024 0:00,0,0,0,0,0,0,0,0,0,,,,,,,,,
DCP,TX31,9/15/2024 0:00,0,0,0,0,0,0,0,0,0,,,,,,,,,
DCP,TX31,9/16/2024 0:00,221.36,991.26,219.42,33.01,71.42,0.5736,1.699,0.577,97.724,,,,,,,,,
DCP,TX31,9/17/2024 0:00,0,0,0,0,0,0,0,0,0,,,,,,,,,
DCP,TX31,9/18/2024 0:00,347.07,991.26,344.03,33.42,76.37,0.5736,1.699,0.577,97.724,,,,,,,,,
DCP,TX31,9/19/2024 0:00,65.4,991.26,64.83,33.97,74.14,0.5736,1.699,0.577,97.724,,,,,,,,,
DCP,TX31,9/20/2024 0:00,0,0,0,0,0,0,0,0,0,,,,,,,,,
DCP,TX31,9/21/2024 0:00,0,0,0,0,0,0,0,0,0,,,,,,,,,
DCP,TX31,9/22/2024 0:00,0,0,0,0,0,0,0,0,0,,,,,,,,,
DCP,TX31,9/23/2024 0:00,0,0,0,0,0,0,0,0,0,,,,,,,,,
DCP,TX31,9/24/2024 0:00,0,0,0,0,0,0,0,0,0,,,,,,,,,
DCP,TX31,9/25/2024 0:00,0,0,0,0,0,0,0,0,0,,,,,,,,,
DCP,TX31,9/26/2024 0:00,0,0,0,0,0,0,0,0,0,,,,,,,,,
DCP,TX31,9/27/2024 0:00,0,0,0,0,0,0,0,0,0,,,,,,,,,
DCP,TX31,9/28/2024 0:00,0,0,0,0,0,0,0,0,0,,,,,,,,,
DCP,TX31,9/29/2024 0:00,0,0,0,0,0,0,0,0,0,,,,,,,,,
DCP,TX31,9/30/2024 0:00,0,0,0,0,0,0,0,0,0,,,,,,,,,
DCP,TX31,10/1/2024 0:00,0,0,0,0,0,0,0,0,0,,,,,,,,,
DCP,TX31,10/2/2024 0:00,0,0,0,0,0,0,0,0,0,,,,,,,,,
DCP,TX31,10/3/2024 0:00,0,0,0,0,0,0,0,0,0,,,,,,,,,
DCP,TX31,10/4/2024 0:00,8.46,991.26,8.39,28.6,74.52,0.5736,1.699,0.577,97.724,,,,,,,,,
DCP,TX31,10/5/2024 0:00,199.85,991.26,198.1,27.58,73.91,0.5736,1.699,0.577,97.724,,,,,,,,,
DCP,TX31,10/6/2024 0:00,0,0,0,0,0,0,0,0,0,,,,,,,,,
DCP,TX31,10/7/2024 0:00,421.44,991.26,417.75,26.3,72.08,0.5736,1.699,0.577,97.724,,,,,,,,,
DCP,TX31,10/8/2024 0:00,242.57,991.26,240.45,26.18,67.5,0.5736,1.699,0.577,97.724,,,,,,,,,
DCP,TX31,10/9/2024 0:00,0,0,0,0,0,0,0,0,0,,,,,,,,,
DCP,TX31,10/10/2024 0:00,0,0,0,0,0,0,0,0,0,,,,,,,,,
DCP,TX31,10/11/2024 0:00,0,0,0,0,0,0,0,0,0,,,,,,,,,
DCP,TX31,10/12/2024 0:00,0,0,0,0,0,0,0,0,0,,,,,,,,,
DCP,TX31,10/13/2024 0:00,0,0,0,0,0,0,0,0,0,,,,,,,,,
DCP,TX31,10/14/2024 0:00,0,0,0,0,0,0,0,0,0,,,,,,,,,
DCP,TX31,10/15/2024 0:00,0,0,0,0,0,0,0,0,0,,,,,,,,,
DCP,TX31,10/16/2024 0:00,0,0,0,0,0,0,0,0,0,,,,,,,,,
DCP,TX31,10/17/2024 0:00,267.85,991.26,265.51,23.94,69.88,0.5736,1.699,0.577,97.724,,,,,,,,,
DCP,TX31,10/18/2024 0:00,317.26,991.26,314.49,24.16,67.41,0.5736,1.699,0.577,97.724,,,,,,,,,
DCP,TX31,10/19/2024 0:00,0,0,0,0,0,0,0,0,0,,,,,,,,,
DCP,TX31,10/20/2024 0:00,0,0,0,0,0,0,0,0,0,,,,,,,,,
DCP,TX31,10/21/2024 0:00,0,0,0,0,0,0,0,0,0,,,,,,,,,
DCP,TX31,10/22/2024 0:00,288.54,991.26,286.02,25.06,70.49,0.5736,1.699,0.577,97.724,,,,,,,,,
DCP,TX31,10/23/2024 0:00,559.06,991.26,554.17,23.82,67.58,0.5736,1.699,0.577,97.724,,,,,,,,,
DCP,TX31,10/24/2024 0:00,547.69,991.26,542.9,21.18,68.41,0.5736,1.699,0.577,97.724,,,,,,,,,
DCP,TX31,10/25/2024 0:00,240.24,991.26,238.14,20.72,64.14,0.5736,1.699,0.577,97.724,,,,,,,,,
DCP,TX31,10/26/2024 0:00,0,0,0,0,0,0,0,0,0,,,,,,,,,
DCP,TX31,10/27/2024 0:00,0,0,0,0,0,0,0,0,0,,,,,,,,,
DCP,TX31,10/28/2024 0:00,0,0,0,0,0,0,0,0,0,,,,,,,,,
DCP,TX31,10/29/2024 0:00,0,0,0,0,0,0,0,0,0,,,,,,,,,
DCP,TX31,10/30/2024 0:00,0,0,0,0,0,0,0,0,0,,,,,,,,,
DCP,TX31,10/31/2024 0:00,0,0,0,0,0,0,0,0,0,,,,,,,,,
DCP,TX31,11/1/2024 0:00,0,0,0,0,0,0,0,0,0,,,,,,,,,
DCP,TX31,11/2/2024 0:00,0,0,0,0,0,0,0,0,0,,,,,,,,,
DCP,TX31,11/3/2024 0:00,0,0,0,0,0,0,0,0,0,,,,,,,,,
DCP,TX31,11/4/2024 0:00,0,0,0,0,0,0,0,0,0,,,,,,,,,
DCP,TX31,11/5/2024 0:00,0,0,0,0,0,0,0,0,0,,,,,,,,,
DCP,TX31,11/6/2024 0:00,0,0,0,0,0,0,0,0,0,,,,,,,,,
DCP,TX31,11/7/2024 0:00,0,0,0,0,0,0,0,0,0,,,,,,,,,
DCP,TX31,11/8/2024 0:00,0,0,0,0,0,0,0,0,0,,,,,,,,,
DCP,TX31,11/9/2024 0:00,0.01,991.26,0.01,20.91,44.85,0.5736,1.699,0.577,97.724,,,,,,,,,
DCP,TX31,11/10/2024 0:00,0,0,0,0,0,0,0,0,0,,,,,,,,,
DCP,TX31,11/11/2024 0:00,0,0,0,0,0,0,0,0,0,,,,,,,,,
DCP,TX31,11/12/2024 0:00,0,0,0,0,0,0,0,0,0,,,,,,,,,
DCP,TX31,11/13/2024 0:00,188.61,991.26,186.96,21.12,60.95,0.5736,1.699,0.577,97.724,,,,,,,,,
DCP,TX31,11/14/2024 0:00,211.34,991.26,209.5,20.7,58.26,0.5736,1.699,0.577,97.724,,,,,,,,,
DCP,TX31,11/15/2024 0:00,235.7,991.26,233.64,21.34,64.92,0.5736,1.699,0.577,97.724,,,,,,,,,
DCP,TX31,11/16/2024 0:00,49.33,991.26,48.9,21.23,61.35,0.5736,1.699,0.577,97.724,,,,,,,,,
DCP,TX31,11/17/2024 0:00,0,0,0,0,0,0,0,0,0,,,,,,,,,
DCP,TX31,11/18/2024 0:00,0,0,0,0,0,0,0,0,0,,,,,,,,,
DCP,TX31,11/19/2024 0:00,0,0,0,0,0,0,0,0,0,,,,,,,,,
DCP,TX31,11/20/2024 0:00,0,0,0,0,0,0,0,0,0,,,,,,,,,
DCP,TX31,11/21/2024 0:00,0,0,0,0,0,0,0,0,0,,,,,,,,,
DCP,TX31,11/22/2024 0:00,0,0,0,0,0,0,0,0,0,,,,,,,,,
DCP,TX31,11/23/2024 0:00,0,0,0,0,0,0,0,0,0,,,,,,,,,
DCP,TX31,11/24/2024 0:00,0,0,0,0,0,0,0,0,0,,,,,,,,,
DCP,TX31,11/25/2024 0:00,0,0,0,0,0,0,0,0,0,,,,,,,,,
DCP,TX31,11/26/2024 0:00,0,0,0,0,0,0,0,0,0,,,,,,,,,
DCP,TX31,11/27/2024 0:00,0.03,991.26,0.03,24.3,41.55,0.5736,1.699,0.577,97.724,,,,,,,,,
DCP,TX31,11/28/2024 0:00,0,0,0,0,0,0,0,0,0,,,,,,,,,
DCP,TX31,11/29/2024 0:00,0,0,0,0,0,0,0,0,0,,,,,,,,,
DCP,TX31,11/30/2024 0:00,0,0,0,0,0,0,0,0,0,,,,,,,,,
DCP,TX31,12/1/2024 0:00,0,0,0,0,0,0,0,0,0,,,,,,,,,
DCP,TX31,12/2/2024 0:00,0,0,0,0,0,0,0,0,0,,,,,,,,,
DCP,TX31,12/3/2024 0:00,0,0,0,0,0,0,0,0,0,,,,,,,,,
DCP,TX31,12/4/2024 0:00,0,0,0,0,0,0,0,0,0,,,,,,,,,
DCP,TX31,12/5/2024 0:00,0,0,0,0,0,0,0,0,0,,,,,,,,,
DCP,TX31,12/6/2024 0:00,0,0,0,0,0,0,0,0,0,,,,,,,,,
DCP,TX31,12/7/2024 0:00,0,0,0,0,0,0,0,0,0,,,,,,,,,
DCP,TX31,12/8/2024 0:00,0,0,0,0,0,0,0,0,0,,,,,,,,,
DCP,TX31,12/9/2024 0:00,0,0,0,0,0,0,0,0,0,,,,,,,,,
DCP,TX31,12/10/2024 0:00,0,0,0,0,0,0,0,0,0,,,,,,,,,
DCP,TX31,12/11/2024 0:00,0,0,0,0,0,0,0,0,0,,,,,,,,,
DCP,TX31,12/12/2024 0:00,0,0,0,0,0,0,0,0,0,,,,,,,,,
DCP,TX31,12/13/2024 0:00,0,0,0,0,0,0,0,0,0,,,,,,,,,
DCP,TX31,12/14/2024 0:00,0,0,0,0,0,0,0,0,0,,,,,,,,,
DCP,TX31,12/15/2024 0:00,0,0,0,0,0,0,0,0,0,,,,,,,,,
DCP,TX31,12/16/2024 0:00,0,0,0,0,0,0,0,0,0,,,,,,,,,
DCP,TX31,12/17/2024 0:00,0,0,0,0,0,0,0,0,0,,,,,,,,,
DCP,TX31,12/18/2024 0:00,0,0,0,0,0,0,0,0,0,,,,,,,,,
DCP,TX31,12/19/2024 0:00,0,0,0,0,0,0,0,0,0,,,,,,,,,
DCP,TX31,12/20/2024 0:00,0,0,0,0,0,0,0,0,0,,,,,,,,,
DCP,TX31,12/21/2024 0:00,0,0,0,0,0,0,0,0,0,,,,,,,,,
DCP,TX31,12/22/2024 0:00,0,0,0,0,0,0,0,0,0,,,,,,,,,
DCP,TX31,12/23/2024 0:00,0,0,0,0,0,0,0,0,0,,,,,,,,,
DCP,TX31,12/24/2024 0:00,0,0,0,0,0,0,0,0,0,,,,,,,,,
DCP,TX31,12/25/2024 0:00,0,0,0,0,0,0,0,0,0,,,,,,,,,
DCP,TX31,12/26/2024 0:00,0,0,0,0,0,0,0,0,0,,,,,,,,,
DCP,TX31,12/27/2024 0:00,0,0,0,0,0,0,0,0,0,,,,,,,,,
DCP,TX31,12/28/2024 0:00,0,0,0,0,0,0,0,0,0,,,,,,,,,
DCP,TX31,12/29/2024 0:00,0,0,0,0,0,0,0,0,0,,,,,,,,,
DCP,TX31,12/30/2024 0:00,0,0,0,0,0,0,0,0,0,,,,,,,,,
DCP,TX31,12/31/2024 0:00,0,0,0,0,0,0,0,0,0,,,,,,,,,
DCP,TX31,1/1/2025 0:00,0,0,0,0,0,0,0,0,0,,,,,,,,,
DCP,TX31,1/2/2025 0:00,0,0,0,0,0,0,0,0,0,,,,,,,,,
DCP,TX31,1/3/2025 0:00,0,0,0,0,0,0,0,0,0,,,,,,,,,
DCP,TX31,1/4/2025 0:00,0,0,0,0,0,0,0,0,0,,,,,,,,,
DCP,TX31,1/5/2025 0:00,0,0,0,0,0,0,0,0,0,,,,,,,,,
DCP,TX31,1/6/2025 0:00,0,0,0,0,0,0,0,0,0,,,,,,,,,
DCP,TX31,1/7/2025 0:00,0,0,0,0,0,0,0,0,0,,,,,,,,,
DCP,TX31,1/8/2025 0:00,0,0,0,0,0,0,0,0,0,,,,,,,,,
DCP,TX31,1/9/2025 0:00,0,0,0,0,0,0,0,0,0,,,,,,,,,
DCP,TX31,1/10/2025 0:00,0,0,0,0,0,0,0,0,0,,,,,,,,,
DCP,TX31,1/11/2025 0:00,0,0,0,0,0,0,0,0,0,,,,,,,,,
DCP,TX31,1/12/2025 0:00,0,0,0,0,0,0,0,0,0,,,,,,,,,
DCP,TX31,1/13/2025 0:00,0,0,0,0,0,0,0,0,0,,,,,,,,,
DCP,TX31,1/14/2025 0:00,0,0,0,0,0,0,0,0,0,,,,,,,,,
DCP,TX31,1/15/2025 0:00,0,0,0,0,0,0,0,0,0,,,,,,,,,
DCP,TX31,1/16/2025 0:00,0,0,0,0,0,0,0,0,0,,,,,,,,,
DCP,TX31,1/17/2025 0:00,0,0,0,0,0,0,0,0,0,,,,,,,,,
DCP,TX31,1/18/2025 0:00,0,0,0,0,0,0,0,0,0,,,,,,,,,
DCP,TX31,1/19/2025 0:00,0,0,0,0,0,0,0,0,0,,,,,,,,,
DCP,TX31,1/20/2025 0:00,0,0,0,0,0,0,0,0,0,,,,,,,,,
DCP,TX31,1/21/2025 0:00,0,0,0,0,0,0,0,0,0,,,,,,,,,
DCP,TX31,1/22/2025 0:00,0,0,0,0,0,0,0,0,0,,,,,,,,,
DCP,TX31,1/23/2025 0:00,0,0,0,0,0,0,0,0,0,,,,,,,,,
DCP,TX31,1/24/2025 0:00,0,0,0,0,0,0,0,0,0,,,,,,,,,
DCP,TX31,1/25/2025 0:00,0,0,0,0,0,0,0,0,0,,,,,,,,,
DCP,TX31,1/26/2025 0:00,0,0,0,0,0,0,0,0,0,,,,,,,,,
DCP,TX31,1/27/2025 0:00,0,0,0,0,0,0,0,0,0,,,,,,,,,
DCP,TX31,1/28/2025 0:00,0,0,0,0,0,0,0,0,0,,,,,,,,,
DCP,TX31,1/29/2025 0:00,0,0,0,0,0,0,0,0,0,,,,,,,,,
DCP,TX31,1/30/2025 0:00,0,0,0,0,0,0,0,0,0,,,,,,,,,
DCP,TX31,1/31/2025 0:00,0,0,0,0,0,0,0,0,0,,,,,,,,,
DCP,TX31,2/1/2025 0:00,0,0,0,0,0,0,0,0,0,,,,,,,,,
DCP,TX31,2/2/2025 0:00,0,0,0,0,0,0,0,0,0,,,,,,,,,
DCP,TX31,2/3/2025 0:00,0,0,0,0,0,0,0,0,0,,,,,,,,,
DCP,TX31,2/4/2025 0:00,0,0,0,0,0,0,0,0,0,,,,,,,,,
DCP,TX31,2/5/2025 0:00,0,0,0,0,0,0,0,0,0,,,,,,,,,
DCP,TX31,2/6/2025 0:00,0,0,0,0,0,0,0,0,0,,,,,,,,,
DCP,TX31,2/7/2025 0:00,0,0,0,0,0,0,0,0,0,,,,,,,,,
DCP,TX31,2/8/2025 0:00,0,0,0,0,0,0,0,0,0,,,,,,,,,
DCP,TX31,2/9/2025 0:00,0,0,0,0,0,0,0,0,0,,,,,,,,,
DCP,TX31,2/10/2025 0:00,0,0,0,0,0,0,0,0,0,,,,,,,,,
DCP,TX31,2/11/2025 0:00,0,0,0,0,0,0,0,0,0,,,,,,,,,
DCP,TX31,2/12/2025 0:00,0,0,0,0,0,0,0,0,0,,,,,,,,,
DCP,TX31,2/13/2025 0:00,0,0,0,0,0,0,0,0,0,,,,,,,,,
DCP,TX31,2/14/2025 0:00,0,0,0,0,0,0,0,0,0,,,,,,,,,
DCP,TX31,2/15/2025 0:00,0,0,0,0,0,0,0,0,0,,,,,,,,,
DCP,TX31,2/16/2025 0:00,0,0,0,0,0,0,0,0,0,,,,,,,,,
DCP,TX31,2/17/2025 0:00,0,0,0,0,0,0,0,0,0,,,,,,,,,
DCP,TX31,2/18/2025 0:00,0,0,0,0,0,0,0,0,0,,,,,,,,,
DCP,TX31,2/19/2025 0:00,0,0,0,0,0,0,0,0,0,,,,,,,,,
DCP,TX31,2/20/2025 0:00,0,0,0,0,0,0,0,0,0,,,,,,,,,
DCP,TX31,2/21/2025 0:00,0,0,0,0,0,0,0,0,0,,,,,,,,,
DCP,TX31,2/22/2025 0:00,0,0,0,0,0,0,0,0,0,,,,,,,,,
DCP,TX31,2/23/2025 0:00,0,0,0,0,0,0,0,0,0,,,,,,,,,
DCP,TX31,2/24/2025 0:00,0,0,0,0,0,0,0,0,0,,,,,,,,,
DCP,TX31,2/25/2025 0:00,0,0,0,0,0,0,0,0,0,,,,,,,,,
DCP,TX31,2/26/2025 0:00,0,0,0,0,0,0,0,0,0,,,,,,,,,
DCP,TX31,2/27/2025 0:00,0,0,0,0,0,0,0,0,0,,,,,,,,,
DCP,TX31,2/28/2025 0:00,0,0,0,0,0,0,0,0,0,,,,,,,,,
DCP,TX31,3/1/2025 0:00,0,0,0,0,0,0,0,0,0,,,,,,,,,
DCP,TX31,3/2/2025 0:00,0,0,0,0,0,0,0,0,0,,,,,,,,,
DCP,TX31,3/3/2025 0:00,0,0,0,0,0,0,0,0,0,,,,,,,,,
DCP,TX31,3/4/2025 0:00,0,0,0,0,0,0,0,0,0,,,,,,,,,
DCP,TX31,3/5/2025 0:00,0,0,0,0,0,0,0,0,0,,,,,,,,,
DCP,TX31,3/6/2025 0:00,0,0,0,0,0,0,0,0,0,,,,,,,,,
DCP,TX31,3/7/2025 0:00,0,0,0,0,0,0,0,0,0,,,,,,,,,
DCP,TX31,3/8/2025 0:00,0,0,0,0,0,0,0,0,0,,,,,,,,,
DCP,TX31,3/9/2025 0:00,0,0,0,0,0,0,0,0,0,,,,,,,,,
DCP,TX31,3/10/2025 0:00,0,0,0,0,0,0,0,0,0,,,,,,,,,
DCP,TX31,3/11/2025 0:00,0,0,0,0,0,0,0,0,0,,,,,,,,,
DCP,TX31,3/12/2025 0:00,0,0,0,0,0,0,0,0,0,,,,,,,,,
DCP,TX31,3/13/2025 0:00,0,0,0,0,0,0,0,0,0,,,,,,,,,
DCP,TX31,3/14/2025 0:00,0,0,0,0,0,0,0,0,0,,,,,,,,,
DCP,TX31,3/15/2025 0:00,0,0,0,0,0,0,0,0,0,,,,,,,,,
DCP,TX31,3/16/2025 0:00,0,0,0,0,0,0,0,0,0,,,,,,,,,
DCP,TX31,3/17/2025 0:00,0,0,0,0,0,0,0,0,0,,,,,,,,,
DCP,TX31,3/18/2025 0:00,0,0,0,0,0,0,0,0,0,,,,,,,,,
DCP,TX31,3/19/2025 0:00,0,0,0,0,0,0,0,0,0,,,,,,,,,
DCP,TX31,3/20/2025 0:00,0,0,0,0,0,0,0,0,0,,,,,,,,,
DCP,TX31,3/21/2025 0:00,0,0,0,0,0,0,0,0,0,,,,,,,,,
DCP,TX31,3/22/2025 0:00,0,0,0,0,0,0,0,0,0,,,,,,,,,
DCP,TX31,3/23/2025 0:00,0,0,0,0,0,0,0,0,0,,,,,,,,,
DCP,TX31,3/24/2025 0:00,0,0,0,0,0,0,0,0,0,,,,,,,,,
DCP,TX31,3/25/2025 0:00,0,0,0,0,0,0,0,0,0,,,,,,,,,
DCP,TX31,3/26/2025 0:00,0,0,0,0,0,0,0,0,0,,,,,,,,,
DCP,TX31,3/27/2025 0:00,0,0,0,0,0,0,0,0,0,,,,,,,,,
DCP,TX31,3/28/2025 0:00,0,0,0,0,0,0,0,0,0,,,,,,,,,
DCP,TX31,3/29/2025 0:00,0,0,0,0,0,0,0,0,0,,,,,,,,,
DCP,TX31,3/30/2025 0:00,0,0,0,0,0,0,0,0,0,,,,,,,,,
DCP,TX31,3/31/2025 0:00,0,0,0,0,0,0,0,0,0,,,,,,,,,
DCP,TX31,4/1/2025 0:00,0,0,0,0,0,0,0,0,0,,,,,,,,,
DCP,TX31,4/2/2025 0:00,0,0,0,0,0,0,0,0,0,,,,,,,,,
DCP,TX31,4/3/2025 0:00,0,0,0,0,0,0,0,0,0,,,,,,,,,
DCP,TX31,4/4/2025 0:00,0,0,0,0,0,0,0,0,0,,,,,,,,,
DCP,TX31,4/5/2025 0:00,0,0,0,0,0,0,0,0,0,,,,,,,,,
DCP,TX31,4/6/2025 0:00,0,0,0,0,0,0,0,0,0,,,,,,,,,
DCP,TX31,4/7/2025 0:00,0,0,0,0,0,0,0,0,0,,,,,,,,,
DCP,TX31,4/8/2025 0:00,0,0,0,0,0,0,0,0,0,,,,,,,,,
DCP,TX31,4/9/2025 0:00,0,0,0,0,0,0,0,0,0,,,,,,,,,
DCP,TX31,4/10/2025 0:00,0,0,0,0,0,0,0,0,0,,,,,,,,,
DCP,TX31,4/11/2025 0:00,0,0,0,0,0,0,0,0,0,,,,,,,,,
DCP,TX31,4/12/2025 0:00,0,0,0,0,0,0,0,0,0,,,,,,,,,
DCP,TX31,4/13/2025 0:00,0,0,0,0,0,0,0,0,0,,,,,,,,,
DCP,TX31,4/14/2025 0:00,0,0,0,0,0,0,0,0,0,,,,,,,,,
DCP,TX31,4/15/2025 0:00,0,0,0,0,0,0,0,0,0,,,,,,,,,
DCP,TX31,4/16/2025 0:00,0,0,0,0,0,0,0,0,0,,,,,,,,,
DCP,TX31,4/17/2025 0:00,0,0,0,0,0,0,0,0,0,,,,,,,,,
DCP,TX31,4/18/2025 0:00,0,0,0,0,0,0,0,0,0,,,,,,,,,
DCP,TX31,4/19/2025 0:00,0,0,0,0,0,0,0,0,0,,,,,,,,,
DCP,TX31,4/20/2025 0:00,0,0,0,0,0,0,0,0,0,,,,,,,,,
DCP,TX31,4/21/2025 0:00,0,0,0,0,0,0,0,0,0,,,,,,,,,
DCP,TX31,4/22/2025 0:00,0,0,0,0,0,0,0,0,0,,,,,,,,,
DCP,TX31,4/23/2025 0:00,0,0,0,0,0,0,0,0,0,,,,,,,,,
DCP,TX31,4/24/2025 0:00,0,0,0,0,0,0,0,0,0,,,,,,,,,
DCP,TX31,4/25/2025 0:00,0,0,0,0,0,0,0,0,0,,,,,,,,,
DCP,TX31,4/26/2025 0:00,0,0,0,0,0,0,0,0,0,,,,,,,,,
DCP,TX31,4/27/2025 0:00,0,0,0,0,0,0,0,0,0,,,,,,,,,
DCP,TX31,4/28/2025 0:00,0,0,0,0,0,0,0,0,0,,,,,,,,,
DCP,TX31,4/29/2025 0:00,0,0,0,0,0,0,0,0,0,,,,,,,,,
DCP,TX31,4/30/2025 0:00,0,0,0,0,0,0,0,0,0,,,,,,,,,
DCP,TX31,5/1/2025 0:00,0,0,0,0,0,0,0,0,0,,,,,,,,,
DCP,TX31,5/2/2025 0:00,0,0,0,0,0,0,0,0,0,,,,,,,,,
DCP,TX31,5/3/2025 0:00,0,0,0,0,0,0,0,0,0,,,,,,,,,
DCP,TX31,5/4/2025 0:00,0,0,0,0,0,0,0,0,0,,,,,,,,,
DCP,TX31,5/5/2025 0:00,0,0,0,0,0,0,0,0,0,,,,,,,,,
DCP,TX31,5/6/2025 0:00,0,0,0,0,0,0,0,0,0,,,,,,,,,
DCP,TX31,5/7/2025 0:00,0,0,0,0,0,0,0,0,0,,,,,,,,,
DCP,TX31,5/8/2025 0:00,0,0,0,0,0,0,0,0,0,,,,,,,,,
DCP,TX31,5/9/2025 0:00,0,0,0,0,0,0,0,0,0,,,,,,,,,
DCP,TX31,5/10/2025 0:00,0,0,0,0,0,0,0,0,0,,,,,,,,,
DCP,TX31,5/11/2025 0:00,0,0,0,0,0,0,0,0,0,,,,,,,,,
DCP,TX31,5/12/2025 0:00,0,0,0,0,0,0,0,0,0,,,,,,,,,
DCP,TX31,5/13/2025 0:00,0,0,0,0,0,0,0,0,0,,,,,,,,,
DCP,TX31,5/14/2025 0:00,0,0,0,0,0,0,0,0,0,,,,,,,,,
DCP,TX31,5/15/2025 0:00,0,0,0,0,0,0,0,0,0,,,,,,,,,
DCP,TX31,5/16/2025 0:00,0,0,0,0,0,0,0,0,0,,,,,,,,,
DCP,TX31,5/17/2025 0:00,0,0,0,0,0,0,0,0,0,,,,,,,,,
DCP,TX31,5/18/2025 0:00,0,0,0,0,0,0,0,0,0,,,,,,,,,
DCP,TX31,5/19/2025 0:00,0,0,0,0,0,0,0,0,0,,,,,,,,,
DCP,TX31,5/20/2025 0:00,0,0,0,0,0,0,0,0,0,,,,,,,,,
DCP,TX31,5/21/2025 0:00,0,0,0,0,0,0,0,0,0,,,,,,,,,
DCP,TX31,5/22/2025 0:00,0,0,0,0,0,0,0,0,0,,,,,,,,,
DCP,TX31,5/23/2025 0:00,0,0,0,0,0,0,0,0,0,,,,,,,,,
DCP,TX31,5/24/2025 0:00,0,0,0,0,0,0,0,0,0,,,,,,,,,
DCP,TX31,5/25/2025 0:00,0,0,0,0,0,0,0,0,0,,,,,,,,,
DCP,TX31,5/26/2025 0:00,0,0,0,0,0,0,0,0,0,,,,,,,,,
DCP,TX31,5/27/2025 0:00,0,0,0,0,0,0,0,0,0,,,,,,,,,
DCP,TX31,5/28/2025 0:00,0,0,0,0,0,0,0,0,0,,,,,,,,,
DCP,TX31,5/29/2025 0:00,0,0,0,0,0,0,0,0,0,,,,,,,,,
DCP,TX31,5/30/2025 0:00,0,0,0,0,0,0,0,0,0,,,,,,,,,
DCP,TX31,5/31/2025 0:00,0,0,0,0,0,0,0,0,0,,,,,,,,,
DCP,TX31,6/1/2025 0:00,0,0,0,0,0,0,0,0,0,,,,,,,,,
DCP,TX31,6/2/2025 0:00,0,0,0,0,0,0,0,0,0,,,,,,,,,
DCP,TX31,6/3/2025 0:00,0,0,0,0,0,0,0,0,0,,,,,,,,,
DCP,TX31,6/4/2025 0:00,0,0,0,0,0,0,0,0,0,,,,,,,,,
DCP,TX31,6/5/2025 0:00,0,0,0,0,0,0,0,0,0,,,,,,,,,
DCP,TX31,6/6/2025 0:00,0,0,0,0,0,0,0,0,0,,,,,,,,,
DCP,TX31,6/7/2025 0:00,0,0,0,0,0,0,0,0,0,,,,,,,,,
DCP,TX31,6/8/2025 0:00,0,0,0,0,0,0,0,0,0,,,,,,,,,
DCP,TX31,6/9/2025 0:00,0,0,0,0,0,0,0,0,0,,,,,,,,,
DCP,TX31,6/10/2025 0:00,0,0,0,0,0,0,0,0,0,,,,,,,,,
DCP,TX31,6/11/2025 0:00,0,0,0,0,0,0,0,0,0,,,,,,,,,
DCP,TX31,6/12/2025 0:00,0,0,0,0,0,0,0,0,0,,,,,,,,,
DCP,TX31,6/13/2025 0:00,0,0,0,0,0,0,0,0,0,,,,,,,,,
DCP,TX31,6/14/2025 0:00,0,0,0,0,0,0,0,0,0,,,,,,,,,
DCP,TX31,6/15/2025 0:00,0,0,0,0,0,0,0,0,0,,,,,,,,,
DCP,TX31,6/16/2025 0:00,0,0,0,0,0,0,0,0,0,,,,,,,,,
DCP,TX31,6/17/2025 0:00,0,0,0,0,0,0,0,0,0,,,,,,,,,
DCP,TX31,6/18/2025 0:00,0,0,0,0,0,0,0,0,0,,,,,,,,,
DCP,TX31,6/19/2025 0:00,0,0,0,0,0,0,0,0,0,,,,,,,,,
DCP,TX31,6/20/2025 0:00,0,0,0,0,0,0,0,0,0,,,,,,,,,
DCP,TX31,6/21/2025 0:00,0,0,0,0,0,0,0,0,0,,,,,,,,,
DCP,TX31,6/22/2025 0:00,0,0,0,0,0,0,0,0,0,,,,,,,,,
DCP,TX31,6/23/2025 0:00,0,0,0,0,0,0,0,0,0,,,,,,,,,
DCP,TX31,6/24/2025 0:00,0,0,0,0,0,0,0,0,0,,,,,,,,,
DCP,TX31,6/25/2025 0:00,0,0,0,0,0,0,0,0,0,,,,,,,,,
DCP,TX31,6/26/2025 0:00,0,0,0,0,0,0,0,0,0,,,,,,,,,
DCP,TX31,6/27/2025 0:00,0,0,0,0,0,0,0,0,0,,,,,,,,,
DCP,TX31,6/28/2025 0:00,0,0,0,0,0,0,0,0,0,,,,,,,,,
DCP,TX31,6/29/2025 0:00,0,0,0,0,0,0,0,0,0,,,,,,,,,
DCP,TX31,6/30/2025 0:00,0,0,0,0,0,0,0,0,0,,,,,,,,,
DCP,TX31,7/1/2025 0:00,0,0,0,0,0,0,0,0,0,,,,,,,,,
DCP,TX31,7/2/2025 0:00,0,0,0,0,0,0,0,0,0,,,,,,,,,
DCP,TX31,7/3/2025 0:00,0,0,0,0,0,0,0,0,0,,,,,,,,,
DCP,TX31,7/4/2025 0:00,0,0,0,0,0,0,0,0,0,,,,,,,,,
DCP,TX31,7/5/2025 0:00,0,0,0,0,0,0,0,0,0,,,,,,,,,
DCP,TX31,7/6/2025 0:00,0,0,0,0,0,0,0,0,0,,,,,,,,,
DCP,TX31,7/7/2025 0:00,0,0,0,0,0,0,0,0,0,,,,,,,,,
DCP,TX31,7/8/2025 0:00,0,0,0,0,0,0,0,0,0,,,,,,,,,
DCP,TX31,7/9/2025 0:00,0,0,0,0,0,0,0,0,0,,,,,,,,,
DCP,TX31,7/10/2025 0:00,0,0,0,0,0,0,0,0,0,,,,,,,,,
DCP,TX31,7/11/2025 0:00,0,0,0,0,0,0,0,0,0,,,,,,,,,
DCP,TX31,7/12/2025 0:00,0,0,0,0,0,0,0,0,0,,,,,,,,,
DCP,TX31,7/13/2025 0:00,0,0,0,0,0,0,0,0,0,,,,,,,,,
DCP,TX31,7/14/2025 0:00,0,0,0,0,0,0,0,0,0,,,,,,,,,
DCP,TX31,7/15/2025 0:00,0,0,0,0,0,0,0,0,0,,,,,,,,,
DCP,TX31,7/16/2025 0:00,0,0,0,0,0,0,0,0,0,,,,,,,,,
DCP,TX31,7/17/2025 0:00,0,0,0,0,0,0,0,0,0,,,,,,,,,
DCP,TX31,7/18/2025 0:00,0,0,0,0,0,0,0,0,0,,,,,,,,,
DCP,TX31,7/19/2025 0:00,0,0,0,0,0,0,0,0,0,,,,,,,,,
DCP,TX31,7/20/2025 0:00,0,0,0,0,0,0,0,0,0,,,,,,,,,
DCP,TX31,7/21/2025 0:00,0,0,0,0,0,0,0,0,0,,,,,,,,,
DCP,TX31,7/22/2025 0:00,0,0,0,0,0,0,0,0,0,,,,,,,,,
DCP,TX31,7/23/2025 0:00,0,0,0,0,0,0,0,0,0,,,,,,,,,
DCP,TX31,7/24/2025 0:00,0,0,0,0,0,0,0,0,0,,,,,,,,,
DCP,TX31,7/25/2025 0:00,0,0,0,0,0,0,0,0,0,,,,,,,,,
DCP,TX31,7/26/2025 0:00,0,0,0,0,0,0,0,0,0,,,,,,,,,
DCP,TX31,7/27/2025 0:00,0,0,0,0,0,0,0,0,0,,,,,,,,,
DCP,TX31,7/28/2025 0:00,0,0,0,0,0,0,0,0,0,,,,,,,,,
DCP,TX31,7/29/2025 0:00,0,0,0,0,0,0,0,0,0,,,,,,,,,
DCP,TX31,7/30/2025 0:00,0,0,0,0,0,0,0,0,0,,,,,,,,,
DCP,TX31,7/31/2025 0:00,0,0,0,0,0,0,0,0,0,,,,,,,,,
DCP,TX31,8/1/2025 0:00,0,0,0,0,0,0,0,0,0,,,,,,,,,
DCP,TX31,8/2/2025 0:00,0,0,0,0,0,0,0,0,0,,,,,,,,,
DCP,TX31,8/3/2025 0:00,0,0,0,0,0,0,0,0,0,,,,,,,,,
DCP,TX31,8/4/2025 0:00,0,0,0,0,0,0,0,0,0,,,,,,,,,
DCP,TX31,8/5/2025 0:00,0,0,0,0,0,0,0,0,0,,,,,,,,,
DCP,TX31,8/6/2025 0:00,0,0,0,0,0,0,0,0,0,,,,,,,,,
DCP,TX31,8/7/2025 0:00,0,0,0,0,0,0,0,0,0,,,,,,,,,
DCP,TX31,8/8/2025 0:00,0,0,0,0,0,0,0,0,0,,,,,,,,,
DCP,TX31,8/9/2025 0:00,0,0,0,0,0,0,0,0,0,,,,,,,,,
DCP,TX31,8/10/2025 0:00,0,0,0,0,0,0,0,0,0,,,,,,,,,
DCP,TX31,8/11/2025 0:00,0,0,0,0,0,0,0,0,0,,,,,,,,,
DCP,TX31,8/12/2025 0:00,0,0,0,0,0,0,0,0,0,,,,,,,,,
DCP,TX31,8/13/2025 0:00,0,0,0,0,0,0,0,0,0,,,,,,,,,
DCP,TX31,8/14/2025 0:00,0,0,0,0,0,0,0,0,0,,,,,,,,,
DCP,TX31,8/15/2025 0:00,0,0,0,0,0,0,0,0,0,,,,,,,,,
DCP,TX31,8/16/2025 0:00,0,0,0,0,0,0,0,0,0,,,,,,,,,
DCP,TX31,8/17/2025 0:00,0,0,0,0,0,0,0,0,0,,,,,,,,,
DCP,TX31,8/18/2025 0:00,0,0,0,0,0,0,0,0,0,,,,,,,,,
DCP,TX31,8/19/2025 0:00,0,0,0,0,0,0,0,0,0,,,,,,,,,
DCP,TX31,8/20/2025 0:00,0,0,0,0,0,0,0,0,0,,,,,,,,,
DCP,TX31,8/21/2025 0:00,0,0,0,0,0,0,0,0,0,,,,,,,,,
DCP,TX31,8/22/2025 0:00,0,0,0,0,0,0,0,0,0,,,,,,,,,
DCP,TX31,8/23/2025 0:00,0,0,0,0,0,0,0,0,0,,,,,,,,,
DCP,TX31,8/24/2025 0:00,0,0,0,0,0,0,0,0,0,,,,,,,,,
DCP,TX31,8/25/2025 0:00,0,0,0,0,0,0,0,0,0,,,,,,,,,
DCP,TX31,8/26/2025 0:00,0,0,0,0,0,0,0,0,0,,,,,,,,,
DCP,TX31,8/27/2025 0:00,0,0,0,0,0,0,0,0,0,,,,,,,,,
DCP,TX31,8/28/2025 0:00,0,0,0,0,0,0,0,0,0,,,,,,,,,
DCP,TX31,8/29/2025 0:00,0,0,0,0,0,0,0,0,0,,,,,,,,,
DCP,TX31,8/30/2025 0:00,0,0,0,0,0,0,0,0,0,,,,,,,,,
DCP,TX31,8/31/2025 0:00,0,0,0,0,0,0,0,0,0,,,,,,,,,
DCP,TX31,9/1/2025 0:00,0,0,0,0,0,0,0,0,0,,,,,,,,,
DCP,TX31,9/2/2025 0:00,0,0,0,0,0,0,0,0,0,,,,,,,,,
DCP,TX31,9/3/2025 0:00,0,0,0,0,0,0,0,0,0,,,,,,,,,
DCP,TX31,9/4/2025 0:00,0,0,0,0,0,0,0,0,0,,,,,,,,,
DCP,TX31,9/5/2025 0:00,0,0,0,0,0,0,0,0,0,,,,,,,,,
DCP,TX31,9/6/2025 0:00,0,0,0,0,0,0,0,0,0,,,,,,,,,
DCP,TX31,9/7/2025 0:00,0,0,0,0,0,0,0,0,0,,,,,,,,,
DCP,TX31,9/8/2025 0:00,0,0,0,0,0,0,0,0,0,,,,,,,,,
DCP,TX31,9/9/2025 0:00,0,0,0,0,0,0,0,0,0,,,,,,,,,
DCP,TX31,9/10/2025 0:00,0,0,0,0,0,0,0,0,0,,,,,,,,,
DCP,TX31,9/11/2025 0:00,0,0,0,0,0,0,0,0,0,,,,,,,,,
DCP,TX31,9/12/2025 0:00,0,0,0,0,0,0,0,0,0,,,,,,,,,
DCP,TX31,9/13/2025 0:00,0,0,0,0,0,0,0,0,0,,,,,,,,,
DCP,TX31,9/14/2025 0:00,0,0,0,0,0,0,0,0,0,,,,,,,,,
DCP,TX31,9/15/2025 0:00,0,0,0,0,0,0,0,0,0,,,,,,,,,
DCP,TX31,9/16/2025 0:00,0,0,0,0,0,0,0,0,0,,,,,,,,,
DCP,TX31,9/17/2025 0:00,0,0,0,0,0,0,0,0,0,,,,,,,,,
DCP,TX31,9/18/2025 0:00,0,0,0,0,0,0,0,0,0,,,,,,,,,
DCP,TX31,9/19/2025 0:00,0,0,0,0,0,0,0,0,0,,,,,,,,,
DCP,TX31,9/20/2025 0:00,0,0,0,0,0,0,0,0,0,,,,,,,,,
DCP,TX31,9/21/2025 0:00,0,0,0,0,0,0,0,0,0,,,,,,,,,
DCP,TX31,9/22/2025 0:00,0,0,0,0,0,0,0,0,0,,,,,,,,,
DCP,TX31,9/23/2025 0:00,0,0,0,0,0,0,0,0,0,,,,,,,,,
DCP,TX31,9/24/2025 0:00,0,0,0,0,0,0,0,0,0,,,,,,,,,
DCP,TX31,9/25/2025 0:00,0,0,0,0,0,0,0,0,0,,,,,,,,,
DCP,TX31,9/26/2025 0:00,0,0,0,0,0,0,0,0,0,,,,,,,,,
DCP,TX31,9/27/2025 0:00,0,0,0,0,0,0,0,0,0,,,,,,,,,
DCP,TX31,9/28/2025 0:00,0,0,0,0,0,0,0,0,0,,,,,,,,,
DCP,TX31,9/29/2025 0:00,0,0,0,0,0,0,0,0,0,,,,,,,,,
DCP,TX31,9/30/2025 0:00,0,0,0,0,0,0,0,0,0,,,,,,,,,
DCP,TX31,10/1/2025 0:00,0,0,0,0,0,0,0,0,0,,,,,,,,,
DCP,TX31,10/2/2025 0:00,0,0,0,0,0,0,0,0,0,,,,,,,,,
DCP,TX31,10/3/2025 0:00,0,0,0,0,0,0,0,0,0,,,,,,,,,
DCP,TX31,10/4/2025 0:00,0,0,0,0,0,0,0,0,0,,,,,,,,,
DCP,TX31,10/5/2025 0:00,0,0,0,0,0,0,0,0,0,,,,,,,,,
DCP,TX31,10/6/2025 0:00,0,0,0,0,0,0,0,0,0,,,,,,,,,
DCP,TX31,10/7/2025 0:00,0,0,0,0,0,0,0,0,0,,,,,,,,,
DCP,TX31,10/8/2025 0:00,0,0,0,0,0,0,0,0,0,,,,,,,,,
DCP,TX31,10/9/2025 0:00,0,0,0,0,0,0,0,0,0,,,,,,,,,
DCP,TX31,10/10/2025 0:00,0,0,0,0,0,0,0,0,0,,,,,,,,,
DCP,TX31,10/11/2025 0:00,0,0,0,0,0,0,0,0,0,,,,,,,,,
DCP,TX31,10/12/2025 0:00,0,0,0,0,0,0,0,0,0,,,,,,,,,
DCP,TX31,10/13/2025 0:00,0,0,0,0,0,0,0,0,0,,,,,,,,,
DCP,TX31,10/14/2025 0:00,0,0,0,0,0,0,0,0,0,,,,,,,,,
DCP,TX31,10/15/2025 0:00,0,0,0,0,0,0,0,0,0,,,,,,,,,
DCP,TX31,10/16/2025 0:00,0,0,0,0,0,0,0,0,0,,,,,,,,,
DCP,TX31,10/17/2025 0:00,0,0,0,0,0,0,0,0,0,,,,,,,,,
DCP,TX31,10/18/2025 0:00,0,0,0,0,0,0,0,0,0,,,,,,,,,
DCP,TX31,10/19/2025 0:00,0,0,0,0,0,0,0,0,0,,,,,,,,,
DCP,TX31,10/20/2025 0:00,0,0,0,0,0,0,0,0,0,,,,,,,,,
DCP,TX31,10/21/2025 0:00,0,0,0,0,0,0,0,0,0,,,,,,,,,
DCP,TX31,10/22/2025 0:00,0,0,0,0,0,0,0,0,0,,,,,,,,,
DCP,TX31,10/23/2025 0:00,0,0,0,0,0,0,0,0,0,,,,,,,,,
DCP,TX31,10/24/2025 0:00,0,0,0,0,0,0,0,0,0,,,,,,,,,
DCP,TX31,10/25/2025 0:00,0,0,0,0,0,0,0,0,0,,,,,,,,,
DCP,TX31,10/26/2025 0:00,0,0,0,0,0,0,0,0,0,,,,,,,,,
DCP,TX31,10/27/2025 0:00,0,0,0,0,0,0,0,0,0,,,,,,,,,
DCP,TX31,10/28/2025 0:00,0,0,0,0,0,0,0,0,0,,,,,,,,,
DCP,TX31,10/29/2025 0:00,0,0,0,0,0,0,0,0,0,,,,,,,,,
DCP,TX31,10/30/2025 0:00,0,0,0,0,0,0,0,0,0,,,,,,,,,
DCP,TX31,10/31/2025 0:00,0,0,0,0,0,0,0,0,0,,,,,,,,,
DCP,TX31,11/1/2025 0:00,0,0,0,0,0,0,0,0,0,,,,,,,,,
DCP,TX31,11/2/2025 0:00,0,0,0,0,0,0,0,0,0,,,,,,,,,
DCP,TX31,11/3/2025 0:00,0,0,0,0,0,0,0,0,0,,,,,,,,,
DCP,TX31,11/4/2025 0:00,0,0,0,0,0,0,0,0,0,,,,,,,,,
DCP,TX31,11/5/2025 0:00,0,0,0,0,0,0,0,0,0,,,,,,,,,
DCP,TX31,11/6/2025 0:00,0,0,0,0,0,0,0,0,0,,,,,,,,,
DCP,TX31,11/7/2025 0:00,0,0,0,0,0,0,0,0,0,,,,,,,,,
DCP,TX31,11/8/2025 0:00,0,0,0,0,0,0,0,0,0,,,,,,,,,
DCP,TX31,11/9/2025 0:00,0,0,0,0,0,0,0,0,0,,,,,,,,,
DCP,TX31,11/10/2025 0:00,0,0,0,0,0,0,0,0,0,,,,,,,,,
DCP,TX31,11/11/2025 0:00,0,0,0,0,0,0,0,0,0,,,,,,,,,
DCP,TX31,11/12/2025 0:00,0,0,0,0,0,0,0,0,0,,,,,,,,,
DCP,TX31,11/13/2025 0:00,0,0,0,0,0,0,0,0,0,,,,,,,,,
DCP,TX31,11/14/2025 0:00,0,0,0,0,0,0,0,0,0,,,,,,,,,
DCP,TX31,11/15/2025 0:00,0,0,0,0,0,0,0,0,0,,,,,,,,,
DCP,TX31,11/16/2025 0:00,0,0,0,0,0,0,0,0,0,,,,,,,,,
DCP,TX31,11/17/2025 0:00,0,0,0,0,0,0,0,0,0,,,,,,,,,
DCP,TX31,11/18/2025 0:00,0,0,0,0,0,0,0,0,0,,,,,,,,,
DCP,TX31,11/19/2025 0:00,0,0,0,0,0,0,0,0,0,,,,,,,,,
DCP,TX31,11/20/2025 0:00,0,0,0,0,0,0,0,0,0,,,,,,,,,
DCP,TX31,11/21/2025 0:00,0,0,0,0,0,0,0,0,0,,,,,,,,,
DCP,TX31,11/22/2025 0:00,0,0,0,0,0,0,0,0,0,,,,,,,,,
DCP,TX31,11/23/2025 0:00,0,0,0,0,0,0,0,0,0,,,,,,,,,
DCP,TX31,11/24/2025 0:00,0,0,0,0,0,0,0,0,0,,,,,,,,,
DCP,TX31,11/25/2025 0:00,0,0,0,0,0,0,0,0,0,,,,,,,,,
DCP,TX31,11/26/2025 0:00,0,0,0,0,0,0,0,0,0,,,,,,,,,
DCP,TX31,11/27/2025 0:00,0,0,0,0,0,0,0,0,0,,,,,,,,,
DCP,TX31,11/28/2025 0:00,0,0,0,0,0,0,0,0,0,,,,,,,,,
DCP,TX31,11/29/2025 0:00,0,0,0,0,0,0,0,0,0,,,,,,,,,
DCP,TX31,11/30/2025 0:00,0,0,0,0,0,0,0,0,0,,,,,,,,,
DCP,TX31,12/1/2025 0:00,0,0,0,0,0,0,0,0,0,,,,,,,,,
DCP,TX31,12/2/2025 0:00,0,0,0,0,0,0,0,0,0,,,,,,,,,
DCP,TX31,12/3/2025 0:00,0,0,0,0,0,0,0,0,0,,,,,,,,,
DCP,TX31,12/4/2025 0:00,0,0,0,0,0,0,0,0,0,,,,,,,,,
DCP,TX31,12/5/2025 0:00,0,0,0,0,0,0,0,0,0,,,,,,,,,
DCP,TX31,12/6/2025 0:00,0,0,0,0,0,0,0,0,0,,,,,,,,,
DCP,TX31,12/7/2025 0:00,0,0,0,0,0,0,0,0,0,,,,,,,,,
DCP,TX31,12/8/2025 0:00,0,0,0,0,0,0,0,0,0,,,,,,,,,
DCP,TX31,12/9/2025 0:00,0,0,0,0,0,0,0,0,0,,,,,,,,,
DCP,TX31,12/10/2025 0:00,0,0,0,0,0,0,0,0,0,,,,,,,,,
DCP,TX31,12/11/2025 0:00,0,0,0,0,0,0,0,0,0,,,,,,,,,
DCP,TX31,12/12/2025 0:00,0,0,0,0,0,0,0,0,0,,,,,,,,,
DCP,TX31,12/13/2025 0:00,0,0,0,0,0,0,0,0,0,,,,,,,,,
DCP,TX31,12/14/2025 0:00,0,0,0,0,0,0,0,0,0,,,,,,,,,
DCP,TX31,12/15/2025 0:00,0,0,0,0,0,0,0,0,0,,,,,,,,,
DCP,TX31,12/16/2025 0:00,105.93,991.26,105.01,18.95,54.85,0.5736,1.699,0.577,97.724,,,,,,,,,
DCP,TX31,12/17/2025 0:00,453.64,991.26,449.67,18.88,56.01,0.5736,1.699,0.577,97.724,,,,,,,,,
DCP,TX31,12/18/2025 0:00,451.36,991.26,447.41,18.73,54.62,0.5736,1.699,0.577,97.724,,,,,,,,,
DCP,TX31,12/19/2025 0:00,455.51,991.26,451.53,18.95,54.86,0.5736,1.699,0.577,97.724,,,,,,,,,
DCP,TX31,12/20/2025 0:00,208.29,991.26,206.46,18.85,54.79,0.5736,1.699,0.577,97.724,,,,,,,,,
DCP,TX31,12/21/2025 0:00,0,0,0,0,0,0,0,0,0,,,,,,,,,
DCP,TX31,12/22/2025 0:00,0,0,0,0,0,0,0,0,0,,,,,,,,,
DCP,TX31,12/23/2025 0:00,0,0,0,0,0,0,0,0,0,,,,,,,,,
DCP,TX31,12/24/2025 0:00,0,0,0,0,0,0,0,0,0,,,,,,,,,
DCP,TX31,12/25/2025 0:00,0,0,0,0,0,0,0,0,0,,,,,,,,,
DCP,TX31,12/26/2025 0:00,0,0,0,0,0,0,0,0,0,,,,,,,,,
DCP,TX31,12/27/2025 0:00,0,0,0,0,0,0,0,0,0,,,,,,,,,
DCP,TX31,12/28/2025 0:00,0,0,0,0,0,0,0,0,0,,,,,,,,,
DCP,TX31,12/29/2025 0:00,0,0,0,0,0,0,0,0,0,,,,,,,,,
DCP,TX31,12/30/2025 0:00,0,0,0,0,0,0,0,0,0,,,,,,,,,
DCP,TX31,12/31/2025 0:00,0,0,0,0,0,0,0,0,0,,,,,,,,,
DCP,TX31,1/1/2026 0:00,0,0,0,0,0,0,0,0,0,,,,,,,,,
DCP,TX31,1/2/2026 0:00,0,0,0,0,0,0,0,0,0,,,,,,,,,
DCP,TX31,1/3/2026 0:00,0,0,0,0,0,0,0,0,0,,,,,,,,,
DCP,TX31,1/4/2026 0:00,0,0,0,0,0,0,0,0,0,,,,,,,,,
DCP,TX31,1/5/2026 0:00,0,0,0,0,0,0,0,0,0,,,,,,,,,
DCP,TX31,1/6/2026 0:00,0,0,0,0,0,0,0,0,0,,,,,,,,,
DCP,TX31,1/7/2026 0:00,0,0,0,0,0,0,0,0,0,,,,,,,,,
DCP,TX31,1/8/2026 0:00,0,0,0,0,0,0,0,0,0,,,,,,,,,
DCP,TX31,1/9/2026 0:00,0,0,0,0,0,0,0,0,0,,,,,,,,,
DCP,TX31,1/10/2026 0:00,0,0,0,0,0,0,0,0,0,,,,,,,,,
DCP,TX31,1/11/2026 0:00,0,0,0,0,0,0,0,0,0,,,,,,,,,
DCP,TX31,1/12/2026 0:00,0,0,0,0,0,0,0,0,0,,,,,,,,,
DCP,TX31,1/13/2026 0:00,19.65,991.26,19.47,20.33,60.67,0.5736,1.699,0.577,97.724,,,,,,,,,
DCP,TX31,1/14/2026 0:00,265.16,991.26,262.84,19.55,53.33,0.5736,1.699,0.577,97.724,,,,,,,,,
DCP,TX31,1/15/2026 0:00,422.97,991.26,419.27,19.52,53.22,0.5736,1.699,0.577,97.724,,,,,,,,,
DCP,TX31,1/16/2026 0:00,171.19,991.26,169.69,19.4,47.61,0.5736,1.699,0.577,97.724,,,,,,,,,
DCP,TX31,1/17/2026 0:00,0,0,0,0,0,0,0,0,0,,,,,,,,,
DCP,TX31,1/18/2026 0:00,0,0,0,0,0,0,0,0,0,,,,,,,,,
DCP,TX31,1/19/2026 0:00,0,0,0,0,0,0,0,0,0,,,,,,,,,
DCP,TX31,1/20/2026 0:00,0,0,0,0,0,0,0,0,0,,,,,,,,,
DCP,TX31,1/21/2026 0:00,97,991.26,96.15,18.96,55.08,0.5736,1.699,0.577,97.724,,,,,,,,,
DCP,TX31,1/22/2026 0:00,0,0,0,0,0,0,0,0,0,,,,,,,,,
DCP,TX31,1/23/2026 0:00,0,0,0,0,0,0,0,0,0,,,,,,,,,
DCP,TX31,1/24/2026 0:00,0,0,0,0,0,0,0,0,0,,,,,,,,,
DCP,TX31,1/25/2026 0:00,0,0,0,0,0,0,0,0,0,,,,,,,,,
DCP,TX31,1/26/2026 0:00,0,0,0,0,0,0,0,0,0,,,,,,,,,
DCP,TX31,1/27/2026 0:00,0,0,0,0,0,0,0,0,0,,,,,,,,,
DCP,TX31,1/28/2026 0:00,0,0,0,0,0,0,0,0,0,,,,,,,,,
DCP,TX31,1/29/2026 0:00,0,0,0,0,0,0,0,0,0,,,,,,,,,
DCP,TX31,1/30/2026 0:00,0,0,0,0,0,0,0,0,0,,,,,,,,,
DCP,TX31,1/31/2026 0:00,0,0,0,0,0,0,0,0,0,,,,,,,,,
DCP,TX31,2/1/2026 0:00,0,0,0,0,0,0,0,0,0,,,,,,,,,
DCP,TX31,2/2/2026 0:00,0,0,0,0,0,0,0,0,0,,,,,,,,,
DCP,TX31,2/3/2026 0:00,163.75,991.26,162.32,32.21,54.73,0.5736,1.699,0.577,97.724,,,,,,,,,
DCP,TX31,2/4/2026 0:00,146.12,991.26,144.84,31.9,46.23,0.5736,1.699,0.577,97.724,,,,,,,,,
DCP,TX31,2/5/2026 0:00,0,0,0,0,0,0,0,0,0,,,,,,,,,
DCP,TX31,2/6/2026 0:00,0,0,0,0,0,0,0,0,0,,,,,,,,,
DCP,TX31,2/7/2026 0:00,0,0,0,0,0,0,0,0,0,,,,,,,,,
DCP,TX31,2/8/2026 0:00,0,0,0,0,0,0,0,0,0,,,,,,,,,
DCP,TX31,2/9/2026 0:00,0,0,0,0,0,0,0,0,0,,,,,,,,,
DCP,TX31,2/10/2026 0:00,0,0,0,0,0,0,0,0,0,,,,,,,,,
DCP,TX31,2/11/2026 0:00,0,0,0,0,0,0,0,0,0,,,,,,,,,
DCP,TX31,2/12/2026 0:00,0,0,0,0,0,0,0,0,0,,,,,,,,,
DCP,TX31,2/13/2026 0:00,0,0,0,0,0,0,0,0,0,,,,,,,,,
DCP,TX31,2/14/2026 0:00,0,0,0,0,0,0,0,0,0,,,,,,,,,
DCP,TX31,2/15/2026 0:00,0,0,0,0,0,0,0,0,0,,,,,,,,,
DCP,TX31,2/16/2026 0:00,0,0,0,0,0,0,0,0,0,,,,,,,,,
DCP,TX31,2/17/2026 0:00,0,0,0,0,0,0,0,0,0,,,,,,,,,
DCP,TX31,2/18/2026 0:00,0,0,0,0,0,0,0,0,0,,,,,,,,,
DCP,TX31,2/19/2026 0:00,0,0,0,0,0,0,0,0,0,,,,,,,,,
DCP,TX31,2/20/2026 0:00,0,0,0,0,0,0,0,0,0,,,,,,,,,
DCP,TX31,2/21/2026 0:00,0,0,0,0,0,0,0,0,0,,,,,,,,,
DCP,TX31,2/22/2026 0:00,0,0,0,0,0,0,0,0,0,,,,,,,,,
DCP,TX31,2/23/2026 0:00,0,0,0,0,0,0,0,0,0,,,,,,,,,
DCP,TX31,2/24/2026 0:00,0,0,0,0,0,0,0,0,0,,,,,,,,,
DCP,TX31,2/25/2026 0:00,0,0,0,0,0,0,0,0,0,,,,,,,,,
DCP,TX31,2/26/2026 0:00,0,0,0,0,0,0,0,0,0,,,,,,,,,
DCP,TX31,2/27/2026 0:00,0,0,0,0,0,0,0,0,0,,,,,,,,,
DCP,TX31,2/28/2026 0:00,0,0,0,0,0,0,0,0,0,,,,,,,,,
DCP,TX31,3/1/2026 0:00,0,0,0,0,0,0,0,0,0,,,,,,,,,
DCP,TX31,3/2/2026 0:00,0,0,0,0,0,0,0,0,0,,,,,,,,,
DCP,TX31,3/3/2026 0:00,0,0,0,0,0,0,0,0,0,,,,,,,,,
DCP,TX31,3/4/2026 0:00,0,0,0,0,0,0,0,0,0,,,,,,,,,
DCP,TX31,3/5/2026 0:00,0,0,0,0,0,0,0,0,0,,,,,,,,,
DCP,TX31,3/6/2026 0:00,65.99,991.26,65.42,18.23,57.99,0.5736,1.699,0.577,0,,,,,,,,,
DCP,TX31,3/7/2026 0:00,133.12,991.26,131.96,17.99,48.27,0.5736,1.699,0.577,0,,,,,,,,,
DCP,TX31,3/8/2026 0:00,160.27,991.26,158.87,17.89,52.56,0.5736,1.699,0.577,0,,,,,,,,,
DCP,TX31,3/9/2026 0:00,150.68,991.26,149.36,18.02,56.01,0.5736,1.699,0.577,0,,,,,,,,,
DCP,TX31,3/10/2026 0:00,88.9,991.26,88.12,18.17,53.79,0.5736,1.699,0.577,0,,,,,,,,,
DCP,TX31,3/11/2026 0:00,0,0,0,0,0,0,0,0,0,,,,,,,,,
DCP,TX31,3/12/2026 0:00,0,0,0,0,0,0,0,0,0,,,,,,,,,
DCP,TX31,3/13/2026 0:00,0,0,0,0,0,0,0,0,0,,,,,,,,,
DCP,TX31,3/14/2026 0:00,0,0,0,0,0,0,0,0,0,,,,,,,,,
DCP,TX31,3/15/2026 0:00,0,0,0,0,0,0,0,0,0,,,,,,,,,
DCP,TX31,3/16/2026 0:00,0,0,0,0,0,0,0,0,0,,,,,,,,,
DCP,TX31,3/17/2026 0:00,0,0,0,0,0,0,0,0,0,,,,,,,,,
DCP,TX31,3/18/2026 0:00,0,0,0,0,0,0,0,0,0,,,,,,,,,
DCP,TX31,3/19/2026 0:00,0,0,0,0,0,0,0,0,0,,,,,,,,,
DCP,TX31,3/20/2026 0:00,0,0,0,0,0,0,0,0,0,,,,,,,,,
DCP,TX31,3/21/2026 0:00,0,0,0,0,0,0,0,0,0,,,,,,,,,
DCP,TX31,3/22/2026 0:00,0,0,0,0,0,0,0,0,0,,,,,,,,,
DCP,TX31,3/23/2026 0:00,0,0,0,0,0,0,0,0,0,,,,,,,,,
DCP,TX31,3/24/2026 0:00,0,0,0,0,0,0,0,0,0,,,,,,,,,
DCP,TX31,3/25/2026 0:00,0,0,0,0,0,0,0,0,0,,,,,,,,,
DCP,TX31,3/26/2026 0:00,0,0,0,0,0,0,0,0,0,,,,,,,,,
DCP,TX31,3/27/2026 0:00,0,0,0,0,0,0,0,0,0,,,,,,,,,
DCP,TX31,3/28/2026 0:00,0,0,0,0,0,0,0,0,0,,,,,,,,,
DCP,TX31,3/29/2026 0:00,0,0,0,0,0,0,0,0,0,,,,,,,,,
DCP,TX31,3/30/2026 0:00,0,0,0,0,0,0,0,0,0,,,,,,,,,
DCP,TX31,3/31/2026 0:00,0,0,0,0,0,0,0,0,0,,,,,,,,,
DCP,TX31,4/1/2026 0:00,0,0,0,0,0,0,0,0,0,,,,,,,,,
DCP,TX31,4/2/2026 0:00,0,0,0,0,0,0,0,0,0,,,,,,,,,
DCP,TX31,4/3/2026 0:00,0,0,0,0,0,0,0,0,0,,,,,,,,,
DCP,TX31,4/4/2026 0:00,0,0,0,0,0,0,0,0,0,,,,,,,,,
DCP,TX31,4/5/2026 0:00,0,0,0,0,0,0,0,0,0,,,,,,,,,
DCP,TX31,4/6/2026 0:00,0,0,0,0,0,0,0,0,0,,,,,,,,,
DCP,TX31,4/7/2026 0:00,73.39,991.26,0,18.66,63.87,0.5736,1.699,0.577,97.724,,,,,,,,,
DCP,TX31,4/8/2026 0:00,143.12,991.26,0,18.47,60.82,0.5736,1.699,0.577,97.724,,,,,,,,,
DCP,TX31,4/9/2026 0:00,143.9,991.26,0,18.65,62.33,0.5736,1.699,0.577,97.724,,,,,,,,,
DCP,TX31,4/10/2026 0:00,138.51,991.26,0,18.73,59.54,0.5736,1.699,0.577,97.724,,,,,,,,,
DCP,TX31,4/11/2026 0:00,143.27,991.26,0,18.35,60.16,0.5736,1.699,0.577,97.724,,,,,,,,,
DCP,TX31,4/12/2026 0:00,142.16,991.26,0,18.35,62.08,0.5736,1.699,0.577,97.724,,,,,,,,,
DCP,TX31,4/13/2026 0:00,82.09,991.26,0,18.36,60.01,0.5736,1.699,0.577,97.724,,,,,,,,,
DCP,TX31,4/14/2026 0:00,0,0,0,0,0,0,0,0,0,,,,,,,,,
DCP,TX31,4/15/2026 0:00,0,0,0,0,0,0,0,0,0,,,,,,,,,
DCP,TX31,4/16/2026 0:00,0,0,0,0,0,0,0,0,0,,,,,,,,,
DCP,TX31,4/17/2026 0:00,0,0,0,0,0,0,0,0,0,,,,,,,,,
DCP,TX31,4/18/2026 0:00,0,0,0,0,0,0,0,0,0,,,,,,,,,
DCP,TX31,4/19/2026 0:00,0,0,0,0,0,0,0,0,0,,,,,,,,,
DCP,TX31,4/20/2026 0:00,62.41,991.26,0,18.1,66.66,0.5736,1.699,0.577,97.724,,,,,,,,,
DCP,TX31,4/21/2026 0:00,131.63,991.26,0,18.14,63.44,0.5736,1.699,0.577,97.724,,,,,,,,,
DCP,TX31,4/22/2026 0:00,140.88,991.26,0,18.24,64.2,0.5736,1.699,0.577,97.724,,,,,,,,,
DCP,TX31,4/23/2026 0:00,142.22,991.26,0,18.2,62.91,0.5736,1.699,0.577,97.724,,,,,,,,,
DCP,TX31,4/24/2026 0:00,56.16,991.26,0,18,53.93,0.5736,1.699,0.577,97.724,,,,,,,,,
DCP,TX31,4/25/2026 0:00,0,0,0,0,0,0,0,0,0,,,,,,,,,
DCP,TX31,4/26/2026 0:00,0,0,0,0,0,0,0,0,0,,,,,,,,,
DCP,TX31,4/27/2026 0:00,0,0,0,0,0,0,0,0,0,,,,,,,,,
DCP,TX31,4/28/2026 0:00,0,0,0,0,0,0,0,0,0,,,,,,,,,
DCP,TX31,4/29/2026 0:00,75.23,991.26,0,18.12,62.51,0.5736,1.699,0.577,97.724,,,,,,,,,
DCP,TX31,4/30/2026 0:00,148.85,991.26,0,17.78,59.16,0.5736,1.699,0.577,97.724,,,,,,,,,
DCP,TX31,5/1/2026 0:00,86.67,991.26,85.91,17.38,55.49,0.5736,1.699,0.577,97.724,,,,,,,,,
DCP,TX31,5/2/2026 0:00,0,0,0,0,0,0,0,0,0,,,,,,,,,
DCP,TX31,5/3/2026 0:00,0,0,0,0,0,0,0,0,0,,,,,,,,,
DCP,TX31,5/4/2026 0:00,0,0,0,0,0,0,0,0,0,,,,,,,,,
DCP,TX31,5/5/2026 0:00,0,0,0,0,0,0,0,0,0,,,,,,,,,
DCP,TX31,5/6/2026 0:00,0,0,0,0,0,0,0,0,0,,,,,,,,,
DCP,TX31,5/7/2026 0:00,0,0,0,0,0,0,0,0,0,,,,,,,,,
DCP,TX31,5/8/2026 0:00,0,0,0,0,0,0,0,0,0,,,,,,,,,
DCP,TX31,5/9/2026 0:00,0,0,0,0,0,0,0,0,0,,,,,,,,,
DCP,TX31,5/10/2026 0:00,0,0,0,0,0,0,0,0,0,,,,,,,,,
DCP,TX31,5/11/2026 0:00,0,0,0,0,0,0,0,0,0,,,,,,,,,
DCP,TX31,5/12/2026 0:00,0,0,0,0,0,0,0,0,0,,,,,,,,,
DCP,TX31,5/13/2026 0:00,75.61,991.26,74.95,18.84,71.02,0.5736,1.699,0.577,97.724,,,,,,,,,
DCP,TX31,5/14/2026 0:00,143.74,991.26,142.48,18.75,68.98,0.5736,1.699,0.577,97.724,,,,,,,,,
DCP,TX31,5/15/2026 0:00,150.49,991.26,149.18,18.82,67.66,0.5736,1.699,0.577,97.724,,,,,,,,,
DCP,TX31,5/16/2026 0:00,0,0,0,0,0,0,0,0,0,,,,,,,,,
DCP,TX31,5/17/2026 0:00,0,0,0,0,0,0,0,0,0,,,,,,,,,
DCP,TX31,5/18/2026 0:00,103.93,991.26,103.02,19.17,69.32,0.5736,1.699,0.577,97.724,,,,,,,,,
DCP,TX31,5/19/2026 0:00,125.88,991.26,124.78,18.45,60.45,0.5736,1.699,0.577,97.724,,,,,,,,,
DCP,TX31,5/20/2026 0:00,135.12,991.26,133.94,17.97,60.68,0.5736,1.699,0.577,97.724,,,,,,,,,
DCP,TX31,5/21/2026 0:00,115.44,991.26,114.43,17.38,64.32,0.5736,1.699,0.577,97.724,,,,,,,,,
DCP,TX31,5/22/2026 0:00,108.18,991.26,107.24,18.1,65.29,0.5736,1.699,0.577,97.724,,,,,,,,,
DCP,TX31,5/23/2026 0:00,168.73,991.26,167.25,17.69,63.03,0.5736,1.699,0.577,97.724,,,,,,,,,
DCP,TX31,5/24/2026 0:00,142.64,991.26,141.39,17.48,65.97,0.5736,1.699,0.577,97.724,,,,,,,,,
DCP,TX31,5/25/2026 0:00,0,0,0,0,0,0,0,0,0,,,,,,,,,
DCP,TX31,5/26/2026 0:00,0,0,0,0,0,0,0,0,0,,,,,,,,,
DCP,TX31,5/27/2026 0:00,0,0,0,0,0,0,0,0,0,,,,,,,,,
DCP,TX31,5/28/2026 0:00,0,0,0,0,0,0,0,0,0,,,,,,,,,
DCP,TX31,5/29/2026 0:00,0,0,0,0,0,0,0,0,0,,,,,,,,,
DCP,TX31,5/30/2026 0:00,0,0,0,0,0,0,0,0,0,,,,,,,,,
DCP,TX31,5/31/2026 0:00,0,0,0,0,0,0,0,0,0,,,,,,,,,
DCP,TX31,6/1/2026 0:00,0,0,0,0,0,0,0,0,0,,,,,,,,,
DCP,TX31,6/2/2026 0:00,78.67,991.26,77.98,18.53,67.28,0.5736,1.699,0.577,97.724,,,,,,,,,
DCP,TX31,6/3/2026 0:00,97.34,991.26,96.49,17.95,67.43,0.5736,1.699,0.577,97.724,,,,,,,,,
DCP,TX31,6/4/2026 0:00,172.98,991.26,171.47,18.07,67.92,0.5736,1.699,0.577,97.724,,,,,,,,,
DCP,TX31,6/5/2026 0:00,174.77,991.26,173.24,19.12,69.03,0.5736,1.699,0.577,97.724,,,,,,,,,
DCP,TX31,6/6/2026 0:00,173.68,991.26,172.16,19.23,65.61,0.5736,1.699,0.577,97.724,,,,,,,,,
DCP,TX31,6/7/2026 0:00,150.38,991.26,149.06,18.92,69.1,0.5736,1.699,0.577,97.724,,,,,,,,,
DCP,TX31,6/8/2026 0:00,0,0,0,0,0,0,0,0,0,,,,,,,,,
DCP,TX31,6/9/2026 0:00,0,0,0,0,0,0,0,0,0,,,,,,,,,
DCP,TX31,6/10/2026 0:00,0,0,0,0,0,0,0,0,0,,,,,,,,,
DCP,TX31,6/11/2026 0:00,0,0,0,0,0,0,0,0,0,,,,,,,,,
DCP,TX31,6/12/2026 0:00,0,0,0,0,0,0,0,0,0,,,,,,,,,
DCP,TX31,6/13/2026 0:00,0,0,0,0,0,0,0,0,0,,,,,,,,,
DCP,TX31,6/14/2026 0:00,0,0,0,0,0,0,0,0,0,,,,,,,,,
DCP,TX31,6/15/2026 0:00,93.63,991.26,92.81,18.87,69.25,0.5736,1.699,0.577,97.724,,,,,,,,,
DCP,TX31,6/16/2026 0:00,146.3,991.26,145.02,18.55,70.35,0.5736,1.699,0.577,97.724,,,,,,,,,
DCP,TX31,6/17/2026 0:00,137.1,991.26,135.9,18.59,72.87,0.5736,1.699,0.577,97.724,,,,,,,,,
DCP,TX31,6/18/2026 0:00,54.56,991.26,54.08,18.83,66.03,0.5736,1.699,0.577,97.724,,,,,,,,,
DCP,TX31,6/19/2026 0:00,0,0,0,0,0,0,0,0,0,,,,,,,,,
DCP,TX31,6/20/2026 0:00,0,0,0,0,0,0,0,0,0,,,,,,,,,
DCP,TX31,6/21/2026 0:00,0,0,0,0,0,0,0,0,0,,,,,,,,,
DCP,TX31,6/22/2026 0:00,0,0,0,0,0,0,0,0,0,,,,,,,,,
DCP,TX31,6/23/2026 0:00,0,0,0,0,0,0,0,0,0,,,,,,,,,
DCP,TX31,6/24/2026 0:00,0,0,0,0,0,0,0,0,0,,,,,,,,,
DCP,TX31,6/25/2026 0:00,0,0,0,0,0,0,0,0,0,,,,,,,,,
DCP,TX31,6/26/2026 0:00,85.49,991.26,84.74,18.26,74.95,0.5736,1.699,0.577,97.724,,,,,,,,,
DCP,TX31,6/27/2026 0:00,145.25,991.26,143.98,21.33,73.02,0.5736,1.699,0.577,97.724,,,,,,,,,
DCP,TX31,6/28/2026 0:00,147.29,991.26,146.01,18.36,76.05,0.5736,1.699,0.577,97.724,,,,,,,,,
DCP,TX31,6/29/2026 0:00,146.06,991.26,144.78,18.49,76.21,0.5736,1.699,0.577,97.724,,,,,,,,,
DCP,TX31,6/30/2026 0:00,146.1,991.26,144.83,18.65,74.26,0.5736,1.699,0.577,97.724,,,,,,,,,
Scout,Lakin,5/1/2025 0:00,0,0,0,0,0,0,0,0,0,,,,,,,,,
Scout,Lakin,5/2/2025 0:00,0,0,0,0,0,0,0,0,0,,,,,,,,,
Scout,Lakin,5/3/2025 0:00,0,0,0,0,0,0,0,0,0,,,,,,,,,
Scout,Lakin,5/4/2025 0:00,0,0,0,0,0,0,0,0,0,,,,,,,,,
Scout,Lakin,5/5/2025 0:00,0,0,0,0,0,0,0,0,0,,,,,,,,,
Scout,Lakin,5/6/2025 0:00,0,0,0,0,0,0,0,0,0,,,,,,,,,
Scout,Lakin,5/7/2025 0:00,0,0,0,0,0,0,0,0,0,,,,,,,,,
Scout,Lakin,5/8/2025 0:00,0,0,0,0,0,0,0,0,0,,,,,,,,,
Scout,Lakin,5/9/2025 0:00,0,0,0,0,0,0,0,0,0,,,,,,,,,
Scout,Lakin,5/10/2025 0:00,0,0,0,0,0,0,0,0,0,,,,,,,,,
Scout,Lakin,5/11/2025 0:00,0,0,0,0,0,0,0,0,0,,,,,,,,,
Scout,Lakin,5/12/2025 0:00,0,0,0,0,0,0,0,0,0,,,,,,,,,
Scout,Lakin,5/13/2025 0:00,287.47,998.8,287.13,18.11,58.89,0.5628,0.725,0.249,99.007,,,,,,,,,
Scout,Lakin,5/14/2025 0:00,220.63,998.8,220.37,17.99,55.25,0.5628,0.725,0.249,99.007,,,,,,,,,
Scout,Lakin,5/15/2025 0:00,0,0,0,0,0,0,0,0,0,,,,,,,,,
Scout,Lakin,5/16/2025 0:00,0,0,0,0,0,0,0,0,0,,,,,,,,,
Scout,Lakin,5/17/2025 0:00,0,0,0,0,0,0,0,0,0,,,,,,,,,
Scout,Lakin,5/18/2025 0:00,0,0,0,0,0,0,0,0,0,,,,,,,,,
Scout,Lakin,5/19/2025 0:00,230.3,998.8,230.02,12.45,58.5,0.5628,0.725,0.249,99.007,,,,,,,,,
Scout,Lakin,5/20/2025 0:00,413.75,998.8,413.25,12.51,57.17,0.5628,0.725,0.249,99.007,,,,,,,,,
Scout,Lakin,5/21/2025 0:00,411.41,998.8,410.92,12.4,58.07,0.5628,0.725,0.249,99.007,,,,,,,,,
Scout,Lakin,5/22/2025 0:00,411.49,998.8,411,12.43,58.29,0.5628,0.725,0.249,99.007,,,,,,,,,
Scout,Lakin,5/23/2025 0:00,172.59,998.8,172.39,11.36,56.51,0.5628,0.725,0.249,99.007,,,,,,,,,
Scout,Lakin,5/24/2025 0:00,0,0,0,0,0,0,0,0,0,,,,,,,,,
Scout,Lakin,5/25/2025 0:00,0,0,0,0,0,0,0,0,0,,,,,,,,,
Scout,Lakin,5/26/2025 0:00,0,0,0,0,0,0,0,0,0,,,,,,,,,
Scout,Lakin,5/27/2025 0:00,0,0,0,0,0,0,0,0,0,,,,,,,,,
Scout,Lakin,5/28/2025 0:00,215.31,998.8,215.05,11.36,57.44,0.5628,0.725,0.249,99.007,,,,,,,,,
Scout,Lakin,5/29/2025 0:00,408.64,998.8,408.15,12.18,56.36,0.5628,0.725,0.249,99.007,,,,,,,,,
Scout,Lakin,5/30/2025 0:00,419.24,998.8,418.74,12.69,58.16,0.5628,0.725,0.249,99.007,,,,,,,,,
Scout,Lakin,5/31/2025 0:00,415.49,998.8,415,12.59,59.79,0.5628,0.725,0.249,99.007,,,,,,,,,
Scout,Lakin,6/1/2025 0:00,414.17,998.8,413.68,12.54,59.81,0.5628,0.725,0.249,99.007,,,,,,,,,
Scout,Lakin,6/2/2025 0:00,114.5,998.8,114.37,12.56,58.61,0.5628,0.725,0.249,99.007,,,,,,,,,
Scout,Lakin,6/3/2025 0:00,0,0,0,0,0,0,0,0,0,,,,,,,,,
Scout,Lakin,6/4/2025 0:00,0,0,0,0,0,0,0,0,0,,,,,,,,,
Scout,Lakin,6/5/2025 0:00,234.85,998.8,234.57,10.73,59.89,0.5628,0.725,0.249,99.007,,,,,,,,,
Scout,Lakin,6/6/2025 0:00,238.63,998.8,238.34,11.5,58.88,0.5628,0.725,0.249,99.007,,,,,,,,,
Scout,Lakin,6/7/2025 0:00,0,0,0,0,0,0,0,0,0,,,,,,,,,
Scout,Lakin,6/8/2025 0:00,0,0,0,0,0,0,0,0,0,,,,,,,,,
Scout,Lakin,6/9/2025 0:00,244.22,998.8,243.93,11.87,62.06,0.5628,0.725,0.249,99.007,,,,,,,,,
Scout,Lakin,6/10/2025 0:00,103.77,998.8,103.65,12.4,57.1,0.5628,0.725,0.249,99.007,,,,,,,,,
Scout,Lakin,6/11/2025 0:00,0,0,0,0,0,0,0,0,0,,,,,,,,,
Scout,Lakin,6/12/2025 0:00,126.47,998.8,126.32,9.2,65.64,0.5628,0.725,0.249,99.007,,,,,,,,,
Scout,Lakin,6/13/2025 0:00,364.73,998.8,364.3,10.17,65.06,0.5628,0.725,0.249,99.007,,,,,,,,,
Scout,Lakin,6/14/2025 0:00,271.82,998.8,271.5,10.25,64.15,0.5628,0.725,0.249,99.007,,,,,,,,,
Scout,Lakin,6/15/2025 0:00,0,0,0,0,0,0,0,0,0,,,,,,,,,
Scout,Lakin,6/16/2025 0:00,0,0,0,0,0,0,0,0,0,,,,,,,,,
Scout,Lakin,6/17/2025 0:00,174.79,998.8,174.58,11.17,64.01,0.5628,0.725,0.249,99.007,,,,,,,,,
Scout,Lakin,6/18/2025 0:00,357.36,998.8,356.93,10.31,65.25,0.5628,0.725,0.249,99.007,,,,,,,,,
Scout,Lakin,6/19/2025 0:00,331.07,998.8,330.68,9.33,68.42,0.5628,0.725,0.249,99.007,,,,,,,,,
Scout,Lakin,6/20/2025 0:00,149,998.8,148.82,8.06,68.54,0.5628,0.725,0.249,99.007,,,,,,,,,
Scout,Lakin,6/21/2025 0:00,0,0,0,0,0,0,0,0,0,,,,,,,,,
Scout,Lakin,6/22/2025 0:00,0,0,0,0,0,0,0,0,0,,,,,,,,,
Scout,Lakin,6/23/2025 0:00,0,0,0,0,0,0,0,0,0,,,,,,,,,
Scout,Lakin,6/24/2025 0:00,0,0,0,0,0,0,0,0,0,,,,,,,,,
Scout,Lakin,6/25/2025 0:00,168.48,998.8,168.28,12.15,68.91,0.5628,0.725,0.249,99.007,,,,,,,,,
Scout,Lakin,6/26/2025 0:00,315.35,998.8,314.97,11.96,68.24,0.5628,0.725,0.249,99.007,,,,,,,,,
Scout,Lakin,6/27/2025 0:00,63.94,998.8,63.86,15.09,74.09,0.5628,0.725,0.249,99.007,,,,,,,,,
Scout,Lakin,6/28/2025 0:00,0,0,0,0,0,0,0,0,0,,,,,,,,,
Scout,Lakin,6/29/2025 0:00,0,0,0,0,0,0,0,0,0,,,,,,,,,
Scout,Lakin,6/30/2025 0:00,221.55,998.8,221.28,10,69.19,0.5628,0.725,0.249,99.007,,,,,,,,,
Scout,Lakin,7/1/2025 0:00,349.2,998.8,348.78,10.1,69.14,0.5628,0.725,0.249,99.007,,,,,,,,,
Scout,Lakin,7/2/2025 0:00,126.95,998.8,126.8,10.96,70.95,0.5628,0.725,0.249,99.007,,,,,,,,,
Scout,Lakin,7/3/2025 0:00,0,0,0,0,0,0,0,0,0,,,,,,,,,
Scout,Lakin,7/4/2025 0:00,0,0,0,0,0,0,0,0,0,,,,,,,,,
Scout,Lakin,7/5/2025 0:00,0,0,0,0,0,0,0,0,0,,,,,,,,,
Scout,Lakin,7/6/2025 0:00,0,0,0,0,0,0,0,0,0,,,,,,,,,
Scout,Lakin,7/7/2025 0:00,110.18,998.8,110.05,9.74,72.2,0.5628,0.725,0.249,99.007,,,,,,,,,
Scout,Lakin,7/8/2025 0:00,56.06,998.8,56,9.72,71.77,0.5628,0.725,0.249,99.007,,,,,,,,,
Scout,Lakin,7/9/2025 0:00,41.26,998.8,41.44,4.73,70.11,0.5628,0.725,0.249,99.007,,,,,,,,,
Scout,Lakin,7/10/2025 0:00,108.85,998.8,109.32,6.75,67.05,0.5628,0.725,0.249,99.007,,,,,,,,,
Scout,Lakin,7/11/2025 0:00,110.6,998.8,111.07,10.52,69.62,0.5628,0.725,0.249,99.007,,,,,,,,,
Scout,Lakin,7/12/2025 0:00,186.97,998.8,187.77,6.82,68.18,0.5628,0.725,0.249,99.007,,,,,,,,,
Scout,Lakin,7/13/2025 0:00,188.61,998.8,189.42,6.57,68.05,0.5628,0.725,0.249,99.007,,,,,,,,,
Scout,Lakin,7/14/2025 0:00,0,0,0,0,0,0,0,0,0,,,,,,,,,
Scout,Lakin,7/15/2025 0:00,92.01,998.8,92.41,5.49,72.46,0.5628,0.725,0.249,99.007,,,,,,,,,
Scout,Lakin,7/16/2025 0:00,277.94,998.8,279.12,6.06,67.87,0.5628,0.725,0.249,99.007,,,,,,,,,
Scout,Lakin,7/17/2025 0:00,89.03,998.8,89.41,5.98,64.76,0.5628,0.725,0.249,99.007,,,,,,,,,
Scout,Lakin,7/18/2025 0:00,0,0,0,0,0,0,0,0,0,,,,,,,,,
Scout,Lakin,7/19/2025 0:00,0,0,0,0,0,0,0,0,0,,,,,,,,,
Scout,Lakin,7/20/2025 0:00,0,0,0,0,0,0,0,0,0,,,,,,,,,
Scout,Lakin,7/21/2025 0:00,0,0,0,0,0,0,0,0,0,,,,,,,,,
Scout,Lakin,7/22/2025 0:00,179.39,998.8,180.15,5.61,74.38,0.5628,0.725,0.249,99.007,,,,,,,,,
Scout,Lakin,7/23/2025 0:00,269.85,998.8,271,5.66,71.35,0.5628,0.725,0.249,99.007,,,,,,,,,
Scout,Lakin,7/24/2025 0:00,81.09,998.8,81.44,5.66,65.43,0.5628,0.725,0.249,99.007,,,,,,,,,
Scout,Lakin,7/25/2025 0:00,0,0,0,0,0,0,0,0,0,,,,,,,,,
Scout,Lakin,7/26/2025 0:00,0,0,0,0,0,0,0,0,0,,,,,,,,,
Scout,Lakin,7/27/2025 0:00,0,0,0,0,0,0,0,0,0,,,,,,,,,
Scout,Lakin,7/28/2025 0:00,0,0,0,0,0,0,0,0,0,,,,,,,,,
Scout,Lakin,7/29/2025 0:00,0,0,0,0,0,0,0,0,0,,,,,,,,,
Scout,Lakin,7/30/2025 0:00,0,0,0,0,0,0,0,0,0,,,,,,,,,
Scout,Lakin,7/31/2025 0:00,93.66,998.8,94.06,3.76,70.69,0.5628,0.725,0.249,99.007,,,,,,,,,
Scout,Lakin,8/1/2025 0:00,233.1,1004.26,234.09,3.96,69.27,0.5628,0.725,0.249,99.007,,,,,,,,,
Scout,Lakin,8/2/2025 0:00,138.71,1004.26,139.3,4.04,67.9,0.5628,0.725,0.249,99.007,,,,,,,,,
Scout,Lakin,8/3/2025 0:00,0,0,0,0,0,0,0,0,0,,,,,,,,,
Scout,Lakin,8/4/2025 0:00,0,0,0,0,0,0,0,0,0,,,,,,,,,
Scout,Lakin,8/5/2025 0:00,0,0,0,0,0,0,0,0,0,,,,,,,,,
Scout,Lakin,8/6/2025 0:00,121.94,1004.26,122.46,5.39,76.42,0.5628,0.725,0.249,99.007,,,,,,,,,
Scout,Lakin,8/7/2025 0:00,0,0,0,0,0,0,0,0,0,,,,,,,,,
Scout,Lakin,8/8/2025 0:00,0,0,0,0,0,0,0,0,0,,,,,,,,,
Scout,Lakin,8/9/2025 0:00,0,0,0,0,0,0,0,0,0,,,,,,,,,
Scout,Lakin,8/10/2025 0:00,0,0,0,0,0,0,0,0,0,,,,,,,,,
Scout,Lakin,8/11/2025 0:00,7.58,1004.26,7.61,3.82,67.19,0.5628,0.725,0.249,99.007,,,,,,,,,
Scout,Lakin,8/12/2025 0:00,0,0,0,0,0,0,0,0,0,,,,,,,,,
Scout,Lakin,8/13/2025 0:00,2.48,1004.26,2.49,1.62,82.46,0.5628,0.725,0.249,99.007,,,,,,,,,
Scout,Lakin,8/14/2025 0:00,126.6,1004.26,127.13,6.78,76.67,0.5628,0.725,0.249,99.007,,,,,,,,,
Scout,Lakin,8/15/2025 0:00,175.2,1004.26,175.95,5.72,76.49,0.5628,0.725,0.249,99.007,,,,,,,,,
Scout,Lakin,8/16/2025 0:00,212.24,1004.26,213.14,5.99,73.35,0.5628,0.725,0.249,99.007,,,,,,,,,
Scout,Lakin,8/17/2025 0:00,0,0,0,0,0,0,0,0,0,,,,,,,,,
Scout,Lakin,8/18/2025 0:00,0,0,0,0,0,0,0,0,0,,,,,,,,,
Scout,Lakin,8/19/2025 0:00,0,0,0,0,0,0,0,0,0,,,,,,,,,
Scout,Lakin,8/20/2025 0:00,0,0,0,0,0,0,0,0,0,,,,,,,,,
Scout,Lakin,8/21/2025 0:00,0,0,0,0,0,0,0,0,0,,,,,,,,,
Scout,Lakin,8/22/2025 0:00,0,0,0,0,0,0,0,0,0,,,,,,,,,
Scout,Lakin,8/23/2025 0:00,0,0,0,0,0,0,0,0,0,,,,,,,,,
Scout,Lakin,8/24/2025 0:00,0,0,0,0,0,0,0,0,0,,,,,,,,,
Scout,Lakin,8/25/2025 0:00,0,0,0,0,0,0,0,0,0,,,,,,,,,
Scout,Lakin,8/26/2025 0:00,68.78,1004.26,69.07,5.73,67.22,0.5628,0.725,0.249,99.007,,,,,,,,,
Scout,Lakin,8/27/2025 0:00,278.94,1004.26,280.13,6.3,69.27,0.5628,0.725,0.249,99.007,,,,,,,,,
Scout,Lakin,8/28/2025 0:00,0,0,0,0,0,0,0,0,0,,,,,,,,,
Scout,Lakin,8/29/2025 0:00,0,0,0,0,0,0,0,0,0,,,,,,,,,
Scout,Lakin,8/30/2025 0:00,0,0,0,0,0,0,0,0,0,,,,,,,,,
Scout,Lakin,8/31/2025 0:00,0,0,0,0,0,0,0,0,0,,,,,,,,,
Scout,Lakin,9/1/2025 0:00,0,0,0,0,0,0,0,0,0,,,,,,,,,
Scout,Lakin,9/2/2025 0:00,0,0,0,0,0,0,0,0,0,,,,,,,,,
Scout,Lakin,9/3/2025 0:00,125.71,1004.26,126.25,6.38,72.45,0.5628,0.725,0.249,99.007,,,,,,,,,
Scout,Lakin,9/4/2025 0:00,263.02,1004.26,264.14,6.45,69.18,0.5628,0.725,0.249,99.007,,,,,,,,,
Scout,Lakin,9/5/2025 0:00,17.07,1004.26,17.14,6.19,67.11,0.5628,0.725,0.249,99.007,,,,,,,,,
Scout,Lakin,9/6/2025 0:00,0,0,0,0,0,0,0,0,0,,,,,,,,,
Scout,Lakin,9/7/2025 0:00,0,0,0,0,0,0,0,0,0,,,,,,,,,
Scout,Lakin,9/8/2025 0:00,0,0,0,0,0,0,0,0,0,,,,,,,,,
Scout,Lakin,9/9/2025 0:00,0,0,0,0,0,0,0,0,0,,,,,,,,,
Scout,Lakin,9/10/2025 0:00,0,0,0,0,0,0,0,0,0,,,,,,,,,
Scout,Lakin,9/11/2025 0:00,0,0,0,0,0,0,0,0,0,,,,,,,,,
Scout,Lakin,9/12/2025 0:00,0,0,0,0,0,0,0,0,0,,,,,,,,,
Scout,Lakin,9/13/2025 0:00,0,0,0,0,0,0,0,0,0,,,,,,,,,
Scout,Lakin,9/14/2025 0:00,0,0,0,0,0,0,0,0,0,,,,,,,,,
Scout,Lakin,9/15/2025 0:00,0,0,0,0,0,0,0,0,0,,,,,,,,,
Scout,Lakin,9/16/2025 0:00,106.9,1004.26,107.35,5.53,68.42,0.5628,0.725,0.249,99.007,,,,,,,,,
Scout,Lakin,9/17/2025 0:00,190.26,1004.26,191.07,5.9,66.49,0.5628,0.725,0.249,99.007,,,,,,,,,
Scout,Lakin,9/18/2025 0:00,175.93,1004.26,176.68,5.58,67.14,0.5628,0.725,0.249,99.007,,,,,,,,,
Scout,Lakin,9/19/2025 0:00,159.86,1004.26,160.54,5.41,65.95,0.5628,0.725,0.249,99.007,,,,,,,,,
Scout,Lakin,9/20/2025 0:00,0,0,0,0,0,0,0,0,0,,,,,,,,,
Scout,Lakin,9/21/2025 0:00,0,0,0,0,0,0,0,0,0,,,,,,,,,
Scout,Lakin,9/22/2025 0:00,0,0,0,0,0,0,0,0,0,,,,,,,,,
Scout,Lakin,9/23/2025 0:00,0,0,0,0,0,0,0,0,0,,,,,,,,,
Scout,Lakin,9/24/2025 0:00,172.69,1004.26,173.42,5.56,66.34,0.5628,0.725,0.249,99.007,,,,,,,,,
Scout,Lakin,9/25/2025 0:00,96.26,1004.26,96.67,5.84,61.62,0.5628,0.725,0.249,99.007,,,,,,,,,
Scout,Lakin,9/26/2025 0:00,0,0,0,0,0,0,0,0,0,,,,,,,,,
Scout,Lakin,9/27/2025 0:00,0,0,0,0,0,0,0,0,0,,,,,,,,,
Scout,Lakin,9/28/2025 0:00,0,0,0,0,0,0,0,0,0,,,,,,,,,
Scout,Lakin,9/29/2025 0:00,0,0,0,0,0,0,0,0,0,,,,,,,,,
Scout,Lakin,9/30/2025 0:00,0,0,0,0,0,0,0,0,0,,,,,,,,,
Scout,Lakin,10/1/2025 0:00,0,0,0,0,0,0,0,0,0,,,,,,,,,
Scout,Lakin,10/2/2025 0:00,0,0,0,0,0,0,0,0,0,,,,,,,,,
Scout,Lakin,10/3/2025 0:00,0,0,0,0,0,0,0,0,0,,,,,,,,,
Scout,Lakin,10/4/2025 0:00,0,0,0,0,0,0,0,0,0,,,,,,,,,
Scout,Lakin,10/5/2025 0:00,0,0,0,0,0,0,0,0,0,,,,,,,,,
Scout,Lakin,10/6/2025 0:00,0,0,0,0,0,0,0,0,0,,,,,,,,,
Scout,Lakin,10/7/2025 0:00,50.1,1004.26,50.31,2.89,65.73,0.5628,0.725,0.249,99.007,,,,,,,,,
Scout,Lakin,10/8/2025 0:00,0,0,0,0,0,0,0,0,0,,,,,,,,,
Scout,Lakin,10/9/2025 0:00,127.27,1004.26,127.81,3.07,69.7,0.5628,0.725,0.249,99.007,,,,,,,,,
Scout,Lakin,10/10/2025 0:00,125.1,1004.26,125.64,3.2,63.62,0.5628,0.725,0.249,99.007,,,,,,,,,
Scout,Lakin,10/11/2025 0:00,0,0,0,0,0,0,0,0,0,,,,,,,,,
Scout,Lakin,10/12/2025 0:00,0,0,0,0,0,0,0,0,0,,,,,,,,,
Scout,Lakin,10/13/2025 0:00,0,0,0,0,0,0,0,0,0,,,,,,,,,
Scout,Lakin,10/14/2025 0:00,0,0,0,0,0,0,0,0,0,,,,,,,,,
Scout,Lakin,10/15/2025 0:00,36.72,1004.26,36.88,3.19,72.35,0.5628,0.725,0.249,99.007,,,,,,,,,
Scout,Lakin,10/16/2025 0:00,0,0,0,0,0,0,0,0,0,,,,,,,,,
Scout,Lakin,10/17/2025 0:00,0,0,0,0,0,0,0,0,0,,,,,,,,,
Scout,Lakin,10/18/2025 0:00,0,0,0,0,0,0,0,0,0,,,,,,,,,
Scout,Lakin,10/19/2025 0:00,0,0,0,0,0,0,0,0,0,,,,,,,,,
Scout,Lakin,10/20/2025 0:00,115.55,1004.26,116.04,3.2,61.54,0.5628,0.725,0.249,99.007,,,,,,,,,
Scout,Lakin,10/21/2025 0:00,146.88,1004.26,147.51,3.24,59.8,0.5628,0.725,0.249,99.007,,,,,,,,,
Scout,Lakin,10/22/2025 0:00,0,0,0,0,0,0,0,0,0,,,,,,,,,
Scout,Lakin,10/23/2025 0:00,0,0,0,0,0,0,0,0,0,,,,,,,,,
Scout,Lakin,10/24/2025 0:00,0,0,0,0,0,0,0,0,0,,,,,,,,,
Scout,Lakin,10/25/2025 0:00,0,0,0,0,0,0,0,0,0,,,,,,,,,
Scout,Lakin,10/26/2025 0:00,0,0,0,0,0,0,0,0,0,,,,,,,,,
Scout,Lakin,10/27/2025 0:00,0,0,0,0,0,0,0,0,0,,,,,,,,,
Scout,Lakin,10/28/2025 0:00,81.48,1004.26,81.82,3.17,56.52,0.5628,0.725,0.249,99.007,,,,,,,,,
Scout,Lakin,10/29/2025 0:00,0,0,0,0,0,0,0,0,0,,,,,,,,,
Scout,Lakin,10/30/2025 0:00,0,0,0,0,0,0,0,0,0,,,,,,,,,
Scout,Lakin,10/31/2025 0:00,102.09,1004.26,102.52,6.63,59.39,0.5628,0.725,0.249,99.007,,,,,,,,,
Scout,Lakin,11/1/2025 0:00,0,0,0,0,0,0,0,0,0,,,,,,,,,
Scout,Lakin,11/2/2025 0:00,0,0,0,0,0,0,0,0,0,,,,,,,,,
Scout,Lakin,11/3/2025 0:00,0,0,0,0,0,0,0,0,0,,,,,,,,,
Scout,Lakin,11/4/2025 0:00,118.22,1004.26,118.72,3.67,60.75,0.5628,0.725,0.249,99.007,,,,,,,,,
Scout,Lakin,11/5/2025 0:00,193.94,1004.26,194.77,3.75,56.24,0.5628,0.725,0.249,99.007,,,,,,,,,
Scout,Lakin,11/6/2025 0:00,0,0,0,0,0,0,0,0,0,,,,,,,,,
Scout,Lakin,11/7/2025 0:00,0,0,0,0,0,0,0,0,0,,,,,,,,,
Scout,Lakin,11/8/2025 0:00,0,0,0,0,0,0,0,0,0,,,,,,,,,
Scout,Lakin,11/9/2025 0:00,0,0,0,0,0,0,0,0,0,,,,,,,,,
Scout,Lakin,11/10/2025 0:00,0,0,0,0,0,0,0,0,0,,,,,,,,,
Scout,Lakin,11/11/2025 0:00,0,0,0,0,0,0,0,0,0,,,,,,,,,
Scout,Lakin,11/12/2025 0:00,141.2,1004.26,141.8,3.94,58.77,0.5628,0.725,0.249,99.007,,,,,,,,,
Scout,Lakin,11/13/2025 0:00,152.23,1004.26,152.88,3.94,56.55,0.5628,0.725,0.249,99.007,,,,,,,,,
Scout,Lakin,11/14/2025 0:00,39.61,1004.26,39.78,7.33,67.06,0.5628,0.725,0.249,99.007,,,,,,,,,
Scout,Lakin,11/15/2025 0:00,0,0,0,0,0,0,0,0,0,,,,,,,,,
Scout,Lakin,11/16/2025 0:00,0,0,0,0,0,0,0,0,0,,,,,,,,,
Scout,Lakin,11/17/2025 0:00,0,0,0,0,0,0,0,0,0,,,,,,,,,
Scout,Lakin,11/18/2025 0:00,0,0,0,0,0,0,0,0,0,,,,,,,,,
Scout,Lakin,11/19/2025 0:00,101.35,1004.26,101.78,2.46,55.23,0.5628,0.725,0.249,99.007,,,,,,,,,
Scout,Lakin,11/20/2025 0:00,207.88,1004.26,208.77,2.62,51.28,0.5628,0.725,0.249,99.007,,,,,,,,,
Scout,Lakin,11/21/2025 0:00,4.2,1004.26,4.22,2.12,48.03,0.5628,0.725,0.249,99.007,,,,,,,,,
Scout,Lakin,11/22/2025 0:00,0,0,0,0,0,0,0,0,0,,,,,,,,,
Scout,Lakin,11/23/2025 0:00,0,0,0,0,0,0,0,0,0,,,,,,,,,
Scout,Lakin,11/24/2025 0:00,0,0,0,0,0,0,0,0,0,,,,,,,,,
Scout,Lakin,11/25/2025 0:00,0,0,0,0,0,0,0,0,0,,,,,,,,,
Scout,Lakin,11/26/2025 0:00,0,0,0,0,0,0,0,0,0,,,,,,,,,
Scout,Lakin,11/27/2025 0:00,0,0,0,0,0,0,0,0,0,,,,,,,,,
Scout,Lakin,11/28/2025 0:00,0,0,0,0,0,0,0,0,0,,,,,,,,,
Scout,Lakin,11/29/2025 0:00,0,0,0,0,0,0,0,0,0,,,,,,,,,
Scout,Lakin,11/30/2025 0:00,0,0,0,0,0,0,0,0,0,,,,,,,,,
Scout,Lakin,12/1/2025 0:00,0,0,0,0,0,0,0,0,0,,,,,,,,,
Scout,Lakin,12/2/2025 0:00,0,0,0,0,0,0,0,0,0,,,,,,,,,
Scout,Lakin,12/3/2025 0:00,34.36,1004.26,34.5,2.35,46.63,0.5628,0.725,0.249,99.007,,,,,,,,,
Scout,Lakin,12/4/2025 0:00,0,0,0,0,0,0,0,0,0,,,,,,,,,
Scout,Lakin,12/5/2025 0:00,0,0,0,0,0,0,0,0,0,,,,,,,,,
Scout,Lakin,12/6/2025 0:00,0,0,0,0,0,0,0,0,0,,,,,,,,,
Scout,Lakin,12/7/2025 0:00,0,0,0,0,0,0,0,0,0,,,,,,,,,
Scout,Lakin,12/8/2025 0:00,0,0,0,0,0,0,0,0,0,,,,,,,,,
Scout,Lakin,12/9/2025 0:00,0,0,0,0,0,0,0,0,0,,,,,,,,,
Scout,Lakin,12/10/2025 0:00,0,0,0,0,0,0,0,0,0,,,,,,,,,
Scout,Lakin,12/11/2025 0:00,0,0,0,0,0,0,0,0,0,,,,,,,,,
Scout,Lakin,12/12/2025 0:00,0,0,0,0,0,0,0,0,0,,,,,,,,,
Scout,Lakin,12/13/2025 0:00,0,0,0,0,0,0,0,0,0,,,,,,,,,
Scout,Lakin,12/14/2025 0:00,0,0,0,0,0,0,0,0,0,,,,,,,,,
Scout,Lakin,12/15/2025 0:00,0,0,0,0,0,0,0,0,0,,,,,,,,,
Scout,Lakin,12/16/2025 0:00,0,0,0,0,0,0,0,0,0,,,,,,,,,
Scout,Lakin,12/17/2025 0:00,134.22,1004.26,134.79,3.85,52.86,0.5628,0.725,0.249,99.007,,,,,,,,,
Scout,Lakin,12/18/2025 0:00,0.01,1004.26,0.01,-2.07,50.59,0.5628,0.725,0.249,99.007,,,,,,,,,
Scout,Lakin,12/19/2025 0:00,0,0,0,0,0,0,0,0,0,,,,,,,,,
Scout,Lakin,12/20/2025 0:00,0,0,0,0,0,0,0,0,0,,,,,,,,,
Scout,Lakin,12/21/2025 0:00,0,0,0,0,0,0,0,0,0,,,,,,,,,
Scout,Lakin,12/22/2025 0:00,0,0,0,0,0,0,0,0,0,,,,,,,,,
Scout,Lakin,12/23/2025 0:00,0,0,0,0,0,0,0,0,0,,,,,,,,,
Scout,Lakin,12/24/2025 0:00,0,0,0,0,0,0,0,0,0,,,,,,,,,
Scout,Lakin,12/25/2025 0:00,0,0,0,0,0,0,0,0,0,,,,,,,,,
Scout,Lakin,12/26/2025 0:00,0,0,0,0,0,0,0,0,0,,,,,,,,,
Scout,Lakin,12/27/2025 0:00,0,0,0,0,0,0,0,0,0,,,,,,,,,
Scout,Lakin,12/28/2025 0:00,0,0,0,0,0,0,0,0,0,,,,,,,,,
Scout,Lakin,12/29/2025 0:00,0,0,0,0,0,0,0,0,0,,,,,,,,,
Scout,Lakin,12/30/2025 0:00,14.61,1004.26,14.67,5.5,53.75,0.5628,0.725,0.249,99.007,,,,,,,,,
Scout,Lakin,12/31/2025 0:00,0,0,0,0,0,0,0,0,0,,,,,,,,,
Scout,Lakin,1/1/2026 0:00,0,0,0,0,0,0,0,0,0,,,,,,,,,
Scout,Lakin,1/2/2026 0:00,0,0,0,0,0,0,0,0,0,,,,,,,,,
Scout,Lakin,1/3/2026 0:00,0,0,0,0,0,0,0,0,0,,,,,,,,,
Scout,Lakin,1/4/2026 0:00,0,0,0,0,0,0,0,0,0,,,,,,,,,
Scout,Lakin,1/5/2026 0:00,0,0,0,0,0,0,0,0,0,,,,,,,,,
Scout,Lakin,1/6/2026 0:00,0,0,0,0,0,0,0,0,0,,,,,,,,,
Scout,Lakin,1/7/2026 0:00,0,0,0,0,0,0,0,0,0,,,,,,,,,
Scout,Lakin,1/8/2026 0:00,0,0,0,0,0,0,0,0,0,,,,,,,,,
Scout,Lakin,1/9/2026 0:00,0,0,0,0,0,0,0,0,0,,,,,,,,,
Scout,Lakin,1/10/2026 0:00,0,0,0,0,0,0,0,0,0,,,,,,,,,
Scout,Lakin,1/11/2026 0:00,0,0,0,0,0,0,0,0,0,,,,,,,,,
Scout,Lakin,1/12/2026 0:00,0,0,0,0,0,0,0,0,0,,,,,,,,,
Scout,Lakin,1/13/2026 0:00,0,0,0,0,0,0,0,0,0,,,,,,,,,
Scout,Lakin,1/14/2026 0:00,0,0,0,0,0,0,0,0,0,,,,,,,,,
Scout,Lakin,1/15/2026 0:00,0,0,0,0,0,0,0,0,0,,,,,,,,,
Scout,Lakin,1/16/2026 0:00,0,0,0,0,0,0,0,0,0,,,,,,,,,
Scout,Lakin,1/17/2026 0:00,0,0,0,0,0,0,0,0,0,,,,,,,,,
Scout,Lakin,1/18/2026 0:00,0,0,0,0,0,0,0,0,0,,,,,,,,,
Scout,Lakin,1/19/2026 0:00,0,0,0,0,0,0,0,0,0,,,,,,,,,
Scout,Lakin,1/20/2026 0:00,0,0,0,0,0,0,0,0,0,,,,,,,,,
Scout,Lakin,1/21/2026 0:00,0,0,0,0,0,0,0,0,0,,,,,,,,,
Scout,Lakin,1/22/2026 0:00,0,0,0,0,0,0,0,0,0,,,,,,,,,
Scout,Lakin,1/23/2026 0:00,0,0,0,0,0,0,0,0,0,,,,,,,,,
Scout,Lakin,1/24/2026 0:00,0,0,0,0,0,0,0,0,0,,,,,,,,,
Scout,Lakin,1/25/2026 0:00,0,0,0,0,0,0,0,0,0,,,,,,,,,
Scout,Lakin,1/26/2026 0:00,0,0,0,0,0,0,0,0,0,,,,,,,,,
Scout,Lakin,1/27/2026 0:00,0,0,0,0,0,0,0,0,0,,,,,,,,,
Scout,Lakin,1/28/2026 0:00,171.3,1004.26,172.03,8.26,45.95,0.5628,0.725,0.249,99.007,,,,,,,,,
Scout,Lakin,1/29/2026 0:00,2.83,1004.26,2.85,5.14,39.88,0.5628,0.725,0.249,99.007,,,,,,,,,
Scout,Lakin,1/30/2026 0:00,0,0,0,0,0,0,0,0,0,,,,,,,,,
Scout,Lakin,1/31/2026 0:00,0,0,0,0,0,0,0,0,0,,,,,,,,,
Scout,Lakin,2/1/2026 0:00,0,0,0,0,0,0,0,0,0,,,,,,,,,
Scout,Lakin,2/2/2026 0:00,0,0,0,0,0,0,0,0,0,,,,,,,,,
Scout,Lakin,2/3/2026 0:00,0,0,0,0,0,0,0,0,0,,,,,,,,,
Scout,Lakin,2/4/2026 0:00,0,0,0,0,0,0,0,0,0,,,,,,,,,
Scout,Lakin,2/5/2026 0:00,0,0,0,0,0,0,0,0,0,,,,,,,,,
Scout,Lakin,2/6/2026 0:00,0,0,0,0,0,0,0,0,0,,,,,,,,,
Scout,Lakin,2/7/2026 0:00,0,0,0,0,0,0,0,0,0,,,,,,,,,
Scout,Lakin,2/8/2026 0:00,0,0,0,0,0,0,0,0,0,,,,,,,,,
Scout,Lakin,2/9/2026 0:00,0,0,0,0,0,0,0,0,0,,,,,,,,,
Scout,Lakin,2/10/2026 0:00,0,0,0,0,0,0,0,0,0,,,,,,,,,
Scout,Lakin,2/11/2026 0:00,0,0,0,0,0,0,0,0,0,,,,,,,,,
Scout,Lakin,2/12/2026 0:00,0,0,0,0,0,0,0,0,0,,,,,,,,,
Scout,Lakin,2/13/2026 0:00,0,0,0,0,0,0,0,0,0,,,,,,,,,
Scout,Lakin,2/14/2026 0:00,0,0,0,0,0,0,0,0,0,,,,,,,,,
Scout,Lakin,2/15/2026 0:00,0,0,0,0,0,0,0,0,0,,,,,,,,,
Scout,Lakin,2/16/2026 0:00,0,0,0,0,0,0,0,0,0,,,,,,,,,
Scout,Lakin,2/17/2026 0:00,0,0,0,0,0,0,0,0,0,,,,,,,,,
Scout,Lakin,2/18/2026 0:00,0,0,0,0,0,0,0,0,0,,,,,,,,,
Scout,Lakin,2/19/2026 0:00,0,0,0,0,0,0,0,0,0,,,,,,,,,
Scout,Lakin,2/20/2026 0:00,0,0,0,0,0,0,0,0,0,,,,,,,,,
Scout,Lakin,2/21/2026 0:00,0,0,0,0,0,0,0,0,0,,,,,,,,,
Scout,Lakin,2/22/2026 0:00,0,0,0,0,0,0,0,0,0,,,,,,,,,
Scout,Lakin,2/23/2026 0:00,0,0,0,0,0,0,0,0,0,,,,,,,,,
Scout,Lakin,2/24/2026 0:00,0,0,0,0,0,0,0,0,0,,,,,,,,,
Scout,Lakin,2/25/2026 0:00,0,0,0,0,0,0,0,0,0,,,,,,,,,
Scout,Lakin,2/26/2026 0:00,0,0,0,0,0,0,0,0,0,,,,,,,,,
Scout,Lakin,2/27/2026 0:00,0,0,0,0,0,0,0,0,0,,,,,,,,,
Scout,Lakin,2/28/2026 0:00,0,0,0,0,0,0,0,0,0,,,,,,,,,
Scout,Lakin,3/1/2026 0:00,0,0,0,0,0,0,0,0,0,,,,,,,,,
Scout,Lakin,3/2/2026 0:00,0,0,0,0,0,0,0,0,0,,,,,,,,,
Scout,Lakin,3/3/2026 0:00,0,0,0,0,0,0,0,0,0,,,,,,,,,
Scout,Lakin,3/4/2026 0:00,0,0,0,0,0,0,0,0,0,,,,,,,,,
Scout,Lakin,3/5/2026 0:00,0,0,0,0,0,0,0,0,0,,,,,,,,,
Scout,Lakin,3/6/2026 0:00,0,0,0,0,0,0,0,0,0,,,,,,,,,
Scout,Lakin,3/7/2026 0:00,0,0,0,0,0,0,0,0,0,,,,,,,,,
Scout,Lakin,3/8/2026 0:00,0,0,0,0,0,0,0,0,0,,,,,,,,,
Scout,Lakin,3/9/2026 0:00,0,0,0,0,0,0,0,0,0,,,,,,,,,
Scout,Lakin,3/10/2026 0:00,0,0,0,0,0,0,0,0,0,,,,,,,,,
Scout,Lakin,3/11/2026 0:00,0,0,0,0,0,0,0,0,0,,,,,,,,,
Scout,Lakin,3/12/2026 0:00,0,0,0,0,0,0,0,0,0,,,,,,,,,
Scout,Lakin,3/13/2026 0:00,0,0,0,0,0,0,0,0,0,,,,,,,,,
Scout,Lakin,3/14/2026 0:00,0,0,0,0,0,0,0,0,0,,,,,,,,,
Scout,Lakin,3/15/2026 0:00,0,0,0,0,0,0,0,0,0,,,,,,,,,
Scout,Lakin,3/16/2026 0:00,0,0,0,0,0,0,0,0,0,,,,,,,,,
Scout,Lakin,3/17/2026 0:00,0,0,0,0,0,0,0,0,0,,,,,,,,,
Scout,Lakin,3/18/2026 0:00,143.17,1004.26,143.77,5.95,55.22,0.5628,0.725,0.249,99.007,,,,,,,,,
Scout,Lakin,3/19/2026 0:00,182.15,1004.26,182.93,6.18,52.91,0.5628,0.725,0.249,99.007,,,,,,,,,
Scout,Lakin,3/20/2026 0:00,0,0,0,0,0,0,0,0,0,,,,,,,,,
Scout,Lakin,3/21/2026 0:00,0,0,0,0,0,0,0,0,0,,,,,,,,,
Scout,Lakin,3/22/2026 0:00,0,0,0,0,0,0,0,0,0,,,,,,,,,
Scout,Lakin,3/23/2026 0:00,0,0,0,0,0,0,0,0,0,,,,,,,,,
Scout,Lakin,3/24/2026 0:00,0,0,0,0,0,0,0,0,0,,,,,,,,,
Scout,Lakin,3/25/2026 0:00,0,0,0,0,0,0,0,0,0,,,,,,,,,
Scout,Lakin,3/26/2026 0:00,136,1004.26,136.57,5.13,59.99,0.5628,0.725,0.249,99.007,,,,,,,,,
Scout,Lakin,3/27/2026 0:00,137.22,1004.26,137.81,4.8,50.59,0.5628,0.725,0.249,99.007,,,,,,,,,
Scout,Lakin,3/28/2026 0:00,139.65,1004.26,140.24,4.98,48.1,0.5628,0.725,0.249,99.007,,,,,,,,,
Scout,Lakin,3/29/2026 0:00,0,0,0,0,0,0,0,0,0,,,,,,,,,
Scout,Lakin,3/30/2026 0:00,0,0,0,0,0,0,0,0,0,,,,,,,,,
Scout,Lakin,3/31/2026 0:00,0,0,0,0,0,0,0,0,0,,,,,,,,,
Scout,Lakin,4/1/2026 0:00,0,0,0,0,0,0,0,0,0,,,,,,,,,
Scout,Lakin,4/2/2026 0:00,83.82,1004.26,84.18,5.72,56.83,0.5628,0.725,0.249,99.007,,,,,,,,,
Scout,Lakin,4/3/2026 0:00,122.48,1004.26,123,5.81,50.87,0.5628,0.725,0.249,99.007,,,,,,,,,
Scout,Lakin,4/4/2026 0:00,0,0,0,0,0,0,0,0,0,,,,,,,,,
Scout,Lakin,4/5/2026 0:00,0,0,0,0,0,0,0,0,0,,,,,,,,,
Scout,Lakin,4/6/2026 0:00,0,0,0,0,0,0,0,0,0,,,,,,,,,
Scout,Lakin,4/7/2026 0:00,201.91,1004.26,202.77,7.1,55.96,0.5628,0.725,0.249,99.007,,,,,,,,,
Scout,Lakin,4/8/2026 0:00,295.98,1004.26,297.24,6.71,55.76,0.5628,0.725,0.249,99.007,,,,,,,,,
Scout,Lakin,4/9/2026 0:00,209.31,1004.26,210.2,6.23,56.05,0.5628,0.725,0.249,99.007,,,,,,,,,
Scout,Lakin,4/10/2026 0:00,0,0,0,0,0,0,0,0,0,,,,,,,,,
Scout,Lakin,4/11/2026 0:00,0,0,0,0,0,0,0,0,0,,,,,,,,,
Scout,Lakin,4/12/2026 0:00,0,0,0,0,0,0,0,0,0,,,,,,,,,
Scout,Lakin,4/13/2026 0:00,0,0,0,0,0,0,0,0,0,,,,,,,,,
Scout,Lakin,4/14/2026 0:00,0,0,0,0,0,0,0,0,0,,,,,,,,,
Scout,Lakin,4/15/2026 0:00,168.81,1004.26,169.53,6.28,57.51,0.5628,0.725,0.249,99.007,,,,,,,,,
Scout,Lakin,4/16/2026 0:00,301.78,1004.26,303.07,6.8,57.29,0.5628,0.725,0.249,99.007,,,,,,,,,
Scout,Lakin,4/17/2026 0:00,213.78,1004.26,214.69,6.23,54.45,0.5628,0.725,0.249,99.007,,,,,,,,,
Scout,Lakin,4/18/2026 0:00,0,0,0,0,0,0,0,0,0,,,,,,,,,
Scout,Lakin,4/19/2026 0:00,0,0,0,0,0,0,0,0,0,,,,,,,,,
Scout,Lakin,4/20/2026 0:00,195.78,1004.26,196.61,6.05,62,0.5628,0.725,0.249,99.007,,,,,,,,,
Scout,Lakin,4/21/2026 0:00,286.32,1004.26,287.54,6.02,59.16,0.5628,0.725,0.249,99.007,,,,,,,,,
Scout,Lakin,4/22/2026 0:00,287.34,1004.26,288.56,6.13,59.49,0.5628,0.725,0.249,99.007,,,,,,,,,
Scout,Lakin,4/23/2026 0:00,287.63,1004.26,288.86,6.18,57.31,0.5628,0.725,0.249,99.007,,,,,,,,,
Scout,Lakin,4/24/2026 0:00,139.24,1004.26,139.83,6.15,52.86,0.5628,0.725,0.249,99.007,,,,,,,,,
Scout,Lakin,4/25/2026 0:00,0,0,0,0,0,0,0,0,0,,,,,,,,,
Scout,Lakin,4/26/2026 0:00,0,0,0,0,0,0,0,0,0,,,,,,,,,
Scout,Lakin,4/27/2026 0:00,0,0,0,0,0,0,0,0,0,,,,,,,,,
Scout,Lakin,4/28/2026 0:00,180.53,1004.26,181.3,6.59,55.44,0.5628,0.725,0.249,99.007,,,,,,,,,
Scout,Lakin,4/29/2026 0:00,298.43,1004.26,299.7,6.62,54.45,0.5628,0.725,0.249,99.007,,,,,,,,,
Scout,Lakin,4/30/2026 0:00,300.39,1004.26,301.67,6.56,52.7,0.5628,0.725,0.249,99.007,,,,,,,,,
Scout,Lakin,5/1/2026 0:00,166.26,1004.26,166.97,6.34,54.46,0.5628,0.725,0.249,99.007,,,,,,,,,
Scout,Lakin,5/2/2026 0:00,0,0,0,0,0,0,0,0,0,,,,,,,,,
Scout,Lakin,5/3/2026 0:00,0,0,0,0,0,0,0,0,0,,,,,,,,,
Scout,Lakin,5/4/2026 0:00,207.93,1004.26,208.82,6.36,60.76,0.5628,0.725,0.249,99.007,,,,,,,,,
Scout,Lakin,5/5/2026 0:00,297.21,1004.26,298.47,7.14,51.78,0.5628,0.725,0.249,99.007,,,,,,,,,
Scout,Lakin,5/6/2026 0:00,302.26,1004.26,303.54,10.79,50.05,0.5628,0.725,0.249,99.007,,,,,,,,,
Scout,Lakin,5/7/2026 0:00,304.05,1004.26,305.35,13.63,55.55,0.5628,0.725,0.249,99.007,,,,,,,,,
Scout,Lakin,5/8/2026 0:00,300.86,1004.26,302.14,10.45,57.82,0.5628,0.725,0.249,99.007,,,,,,,,,
Scout,Lakin,5/9/2026 0:00,181.16,1004.26,181.93,7.62,58.99,0.5628,0.725,0.249,99.007,,,,,,,,,
Scout,Lakin,5/10/2026 0:00,0,0,0,0,0,0,0,0,0,,,,,,,,,
Scout,Lakin,5/11/2026 0:00,0,0,0,0,0,0,0,0,0,,,,,,,,,
Scout,Lakin,5/12/2026 0:00,157.24,1004.26,157.91,4.75,63.73,0.5628,0.725,0.249,99.007,,,,,,,,,
Scout,Lakin,5/13/2026 0:00,237.74,1004.26,238.76,4.07,60.56,0.5628,0.725,0.249,99.007,,,,,,,,,
Scout,Lakin,5/14/2026 0:00,224.85,1004.26,225.81,3.69,62.3,0.5628,0.725,0.249,99.007,,,,,,,,,
Scout,Lakin,5/15/2026 0:00,119.8,1004.26,120.31,3.44,60.72,0.5628,0.725,0.249,99.007,,,,,,,,,
Scout,Lakin,5/16/2026 0:00,0,0,0,0,0,0,0,0,0,,,,,,,,,
Scout,Lakin,5/17/2026 0:00,0,0,0,0,0,0,0,0,0,,,,,,,,,
Scout,Lakin,5/18/2026 0:00,0,0,0,0,0,0,0,0,0,,,,,,,,,
Scout,Lakin,5/19/2026 0:00,170.44,1004.26,171.17,5.57,58.67,0.5628,0.725,0.249,99.007,,,,,,,,,
Scout,Lakin,5/20/2026 0:00,294.58,1004.26,295.83,6.49,57.45,0.5628,0.725,0.249,99.007,,,,,,,,,
Scout,Lakin,5/21/2026 0:00,286.13,1004.26,287.34,6.12,57.44,0.5628,0.725,0.249,99.007,,,,,,,,,
Scout,Lakin,5/22/2026 0:00,79.12,1004.26,79.46,5.72,56.11,0.5628,0.725,0.249,99.007,,,,,,,,,
Scout,Lakin,5/23/2026 0:00,0,0,0,0,0,0,0,0,0,,,,,,,,,
Scout,Lakin,5/24/2026 0:00,0,0,0,0,0,0,0,0,0,,,,,,,,,
Scout,Lakin,5/25/2026 0:00,0,0,0,0,0,0,0,0,0,,,,,,,,,
Scout,Lakin,5/26/2026 0:00,169.92,1004.26,170.65,7.62,63.32,0.5628,0.725,0.249,99.007,,,,,,,,,
Scout,Lakin,5/27/2026 0:00,320.26,1004.26,321.62,7.73,58.89,0.5628,0.725,0.249,99.007,,,,,,,,,
Scout,Lakin,5/28/2026 0:00,300.36,1004.26,301.63,6.78,60,0.5628,0.725,0.249,99.007,,,,,,,,,
Scout,Lakin,5/29/2026 0:00,299.76,1004.26,301.04,6.85,62.13,0.5628,0.725,0.249,99.007,,,,,,,,,
Scout,Lakin,5/30/2026 0:00,254.47,1004.26,255.56,6.89,64.94,0.5628,0.725,0.249,99.007,,,,,,,,,
Scout,Lakin,5/31/2026 0:00,0,0,0,0,0,0,0,0,0,,,,,,,,,
Scout,Lakin,6/1/2026 0:00,169.66,1004.26,170.38,5.52,66.02,0.5628,0.725,0.249,99.007,,,,,,,,,
Scout,Lakin,6/2/2026 0:00,163.31,1004.26,164.01,5.66,60.64,0.5628,0.725,0.249,99.007,,,,,,,,,
Scout,Lakin,6/3/2026 0:00,0,0,0,0,0,0,0,0,0,,,,,,,,,
Scout,Lakin,6/4/2026 0:00,83.05,1004.26,83.4,7.14,64.78,0.5628,0.725,0.249,99.007,,,,,,,,,
Scout,Lakin,6/5/2026 0:00,0,0,0,0,0,0,0,0,0,,,,,,,,,
Scout,Lakin,6/6/2026 0:00,0,0,0,0,0,0,0,0,0,,,,,,,,,
Scout,Lakin,6/7/2026 0:00,0,0,0,0,0,0,0,0,0,,,,,,,,,
Scout,Lakin,6/8/2026 0:00,176.36,1004.26,177.11,5.33,68.28,0.5628,0.725,0.249,99.007,,,,,,,,,
Scout,Lakin,6/9/2026 0:00,279.74,1004.26,280.93,6.05,66.76,0.5628,0.725,0.249,99.007,,,,,,,,,
Scout,Lakin,6/10/2026 0:00,292.9,1004.26,294.15,6.66,67.31,0.5628,0.725,0.249,99.007,,,,,,,,,
Scout,Lakin,6/11/2026 0:00,294.44,1004.26,295.7,6.69,65.03,0.5628,0.725,0.249,99.007,,,,,,,,,
Scout,Lakin,6/12/2026 0:00,293.4,1004.26,294.65,6.7,65.46,0.5628,0.725,0.249,99.007,,,,,,,,,
Scout,Lakin,6/13/2026 0:00,177.57,1004.26,178.32,6.5,67.71,0.5628,0.725,0.249,99.007,,,,,,,,,
Scout,Lakin,6/14/2026 0:00,0,0,0,0,0,0,0,0,0,,,,,,,,,
Scout,Lakin,6/15/2026 0:00,0,0,0,0,0,0,0,0,0,,,,,,,,,
Scout,Lakin,6/16/2026 0:00,0,0,0,0,0,0,0,0,0,,,,,,,,,
Scout,Lakin,6/17/2026 0:00,76.22,1004.26,76.55,3.38,69.7,0.5628,0.725,0.249,99.007,,,,,,,,,
Scout,Lakin,6/18/2026 0:00,248.89,1004.26,249.95,4.53,66.41,0.5628,0.725,0.249,99.007,,,,,,,,,
Scout,Lakin,6/19/2026 0:00,152.23,1004.26,152.88,5.3,64.22,0.5628,0.725,0.249,99.007,,,,,,,,,
Scout,Lakin,6/20/2026 0:00,0,0,0,0,0,0,0,0,0,,,,,,,,,
Scout,Lakin,6/21/2026 0:00,0,0,0,0,0,0,0,0,0,,,,,,,,,
Scout,Lakin,6/22/2026 0:00,0,0,0,0,0,0,0,0,0,,,,,,,,,
Scout,Lakin,6/23/2026 0:00,171.85,1004.26,172.58,4.73,67.5,0.5628,0.725,0.249,99.007,,,,,,,,,
Scout,Lakin,6/24/2026 0:00,264.76,1004.26,265.89,5.09,66.68,0.5628,0.725,0.249,99.007,,,,,,,,,
Scout,Lakin,6/25/2026 0:00,230.66,1004.26,231.64,4.03,66.69,0.5628,0.725,0.249,99.007,,,,,,,,,
Scout,Lakin,6/26/2026 0:00,85.2,1004.26,85.56,1.89,64.3,0.5628,0.725,0.249,99.007,,,,,,,,,
Scout,Lakin,6/27/2026 0:00,0,0,0,0,0,0,0,0,0,,,,,,,,,
Scout,Lakin,6/28/2026 0:00,0,0,0,0,0,0,0,0,0,,,,,,,,,
Scout,Lakin,6/29/2026 0:00,140.75,1004.26,141.35,2.83,77.19,0.5628,0.725,0.249,99.007,,,,,,,,,
Scout,Lakin,6/30/2026 0:00,212.1,1004.26,213,2.82,70.16,0.5628,0.725,0.249,99.007,,,,,,,,,
Williams,Spuds Lane,9/1/2024 0:00,0,0,0,0,0,0,0,0,0,,,,,,,,,
Williams,Spuds Lane,9/2/2024 0:00,0,0,0,0,0,0,0,0,0,,,,,,,,,
Williams,Spuds Lane,9/3/2024 0:00,0,0,0,0,0,0,0,0,0,,,,,,,,,
Williams,Spuds Lane,9/4/2024 0:00,0,0,0,0,0,0,0,0,0,,,,,,,,,
Williams,Spuds Lane,9/5/2024 0:00,0,0,0,0,0,0,0,0,0,,,,,,,,,
Williams,Spuds Lane,9/6/2024 0:00,0,0,0,0,0,0,0,0,0,,,,,,,,,
Williams,Spuds Lane,9/7/2024 0:00,0,0,0,0,0,0,0,0,0,,,,,,,,,
Williams,Spuds Lane,9/8/2024 0:00,0,0,0,0,0,0,0,0,0,,,,,,,,,
Williams,Spuds Lane,9/9/2024 0:00,0,0,0,0,0,0,0,0,0,,,,,,,,,
Williams,Spuds Lane,9/10/2024 0:00,0,0,0,0,0,0,0,0,0,,,,,,,,,
Williams,Spuds Lane,9/11/2024 0:00,0,0,0,0,0,0,0,0,0,,,,,,,,,
Williams,Spuds Lane,9/12/2024 0:00,0,0,0,0,0,0,0,0,0,,,,,,,,,
Williams,Spuds Lane,9/13/2024 0:00,0,0,0,0,0,0,0,0,0,,,,,,,,,
Williams,Spuds Lane,9/14/2024 0:00,0,0,0,0,0,0,0,0,0,,,,,,,,,
Williams,Spuds Lane,9/15/2024 0:00,0,0,0,0,0,0,0,0,0,,,,,,,,,
Williams,Spuds Lane,9/16/2024 0:00,115,1026.410835,117,726.32,71.58,0.567243478,0.887865861,1.672824986,97.325,,,,,,,,,
Williams,Spuds Lane,9/17/2024 0:00,356,983.980809,351,761.205,75.035,0.574,0.887865861,1.672824986,97.325,,,,,,,,,
Williams,Spuds Lane,9/18/2024 0:00,0,0,0,0,0,0,0,0,0,,,,,,,,,
Williams,Spuds Lane,9/19/2024 0:00,220,992.5405455,218,750.62,76.38,0.572,0.887865861,1.672824986,97.325,,,,,,,,,
Williams,Spuds Lane,9/20/2024 0:00,225,986.70124,222,769.365,85.375,0.571,0.887865861,1.672824986,97.325,,,,,,,,,
Williams,Spuds Lane,9/21/2024 0:00,243,987.522,240,769.22,86.625,0.571,0.887865861,1.672824986,97.325,,,,,,,,,
Williams,Spuds Lane,9/22/2024 0:00,276,987.522,274,769.22,86.625,0.571,0.887865861,1.672824986,97.325,,,,,,,,,
Williams,Spuds Lane,9/23/2024 0:00,301,988.8443322,296,776.235,78.03,0.57,0.887865861,1.672824986,97.325,,,,,,,,,
Williams,Spuds Lane,9/24/2024 0:00,0,0,0,0,0,0,0,0,0,,,,,,,,,
Williams,Spuds Lane,9/25/2024 0:00,0,0,0,0,0,0,0,0,0,,,,,,,,,
Williams,Spuds Lane,9/26/2024 0:00,0,0,0,0,0,0,0,0,0,,,,,,,,,
Williams,Spuds Lane,9/27/2024 0:00,0,0,0,0,0,0,0,0,0,,,,,,,,,
Williams,Spuds Lane,9/28/2024 0:00,0,0,0,0,0,0,0,0,0,,,,,,,,,
Williams,Spuds Lane,9/29/2024 0:00,0,0,0,0,0,0,0,0,0,,,,,,,,,
Williams,Spuds Lane,9/30/2024 0:00,1,1025.386,3,555.74,78.705,0.566,0.887865861,1.672824986,97.325,,,,,,,,,
Williams,Spuds Lane,10/1/2024 0:00,0,0,0,0,0,0,0,0,0,,,,,,,,,
Williams,Spuds Lane,10/2/2024 0:00,0,0,0,0,0,0,0,0,0,,,,,,,,,
Williams,Spuds Lane,10/3/2024 0:00,205,1016.288907,208,710.19,73.555,0.567,0.855245902,1.174680328,97.79327049,,,,,,,,,
Williams,Spuds Lane,10/4/2024 0:00,0,0,0,0,0,0,0,0,0,,,,,,,,,
Williams,Spuds Lane,10/5/2024 0:00,0,0,0,0,0,0,0,0,0,,,,,,,,,
Williams,Spuds Lane,10/6/2024 0:00,0,0,1,0,0,0,0,0,0,,,,,,,,,
Williams,Spuds Lane,10/7/2024 0:00,207,994.6330725,206,714.24,79.375,0.566,0.855245902,1.174680328,97.79327049,,,,,,,,,
Williams,Spuds Lane,10/8/2024 0:00,0,0,0,0,0,0,0,0,0,,,,,,,,,
Williams,Spuds Lane,10/9/2024 0:00,1,990.652,0,630.94,71.81,0.569,0.855245902,1.174680328,97.79327049,,,,,,,,,
Williams,Spuds Lane,10/10/2024 0:00,0,0,0,0,0,0,0,0,0,,,,,,,,,
Williams,Spuds Lane,10/11/2024 0:00,46,999.361,46,753.265,57.935,0.564,0.855245902,1.174680328,97.79327049,,,,,,,,,
Williams,Spuds Lane,10/12/2024 0:00,53,997.146,53,773.67,64.77,0.565,0.855245902,1.174680328,97.79327049,,,,,,,,,
Williams,Spuds Lane,10/13/2024 0:00,216,993.0754907,215,782.665,67.95,0.568574074,0.855245902,1.174680328,97.79327049,,,,,,,,,
Williams,Spuds Lane,10/14/2024 0:00,258,989.5760233,255,738.48,74.4,0.57,0.855245902,1.174680328,97.79327049,,,,,,,,,
Williams,Spuds Lane,10/15/2024 0:00,268,992.6625075,266,707.585,62.035,0.569253731,0.855245902,1.174680328,97.79327049,,,,,,,,,
Williams,Spuds Lane,10/16/2024 0:00,207,989.9612271,204,741.62,60.105,0.572,0.855245902,1.174680328,97.79327049,,,,,,,,,
Williams,Spuds Lane,10/17/2024 0:00,270,991.4896,269,730.86,55.67,0.5712,0.855245902,1.174680328,97.79327049,,,,,,,,,
Williams,Spuds Lane,10/18/2024 0:00,19,994.78,19,733.065,62.545,0.568,0.855245902,1.174680328,97.79327049,,,,,,,,,
Williams,Spuds Lane,10/19/2024 0:00,9,1000.345,9,745.895,66.74,0.568,0.855245902,1.174680328,97.79327049,,,,,,,,,
Williams,Spuds Lane,10/20/2024 0:00,0,0,0,0,0,0,0,0,0,,,,,,,,,
Williams,Spuds Lane,10/21/2024 0:00,0,0,0,0,0,0,0,0,0,,,,,,,,,
Williams,Spuds Lane,10/22/2024 0:00,7,1015.41,8,795.115,75.135,0.569,0.855245902,1.174680328,97.79327049,,,,,,,,,
Williams,Spuds Lane,10/23/2024 0:00,0,0,0,0,0,0,0,0,0,,,,,,,,,
Williams,Spuds Lane,10/24/2024 0:00,8,1010.373,7,781.155,58.28,0.567,0.855245902,1.174680328,97.79327049,,,,,,,,,
Williams,Spuds Lane,10/25/2024 0:00,265,992.9383019,263,771,61.835,0.568,0.855245902,1.174680328,97.79327049,,,,,,,,,
Williams,Spuds Lane,10/26/2024 0:00,8,996.641,8,784.485,73.86,0.566,0.855245902,1.174680328,97.79327049,,,,,,,,,
Williams,Spuds Lane,10/27/2024 0:00,0,0,0,0,0,0,0,0,0,,,,,,,,,
Williams,Spuds Lane,10/28/2024 0:00,9,1005.851,9,805.28,63.785,0.567,0.855245902,1.174680328,97.79327049,,,,,,,,,
Williams,Spuds Lane,10/29/2024 0:00,0,0,0,0,0,0,0,0,0,,,,,,,,,
Williams,Spuds Lane,10/30/2024 0:00,0,0,0,0,0,0,0,0,0,,,,,,,,,
Williams,Spuds Lane,10/31/2024 0:00,18,1007.326,18,786.795,76.57,0.566,0.855245902,1.174680328,97.79327049,,,,,,,,,
Williams,Spuds Lane,11/1/2024 0:00,8,999.201,8,812.45,75.935,0.564,0.687243346,1.722764259,97.27926996,,,,,,,,,
Williams,Spuds Lane,11/2/2024 0:00,0,0,0,0,0,0,0,0,0,,,,,,,,,
Williams,Spuds Lane,11/3/2024 0:00,0,0,0,0,0,0,0,0,0,,,,,,,,,
Williams,Spuds Lane,11/4/2024 0:00,0,0,0,0,0,0,0,0,0,,,,,,,,,
Williams,Spuds Lane,11/5/2024 0:00,0,0,0,0,0,0,0,0,0,,,,,,,,,
Williams,Spuds Lane,11/6/2024 0:00,0,0,0,0,0,0,0,0,0,,,,,,,,,
Williams,Spuds Lane,11/7/2024 0:00,4,1012.222,4,814.62,77.16,0.566,0.687243346,1.722764259,97.27926996,,,,,,,,,
Williams,Spuds Lane,11/8/2024 0:00,4,1002.267,4,822.88,70.83,0.561,0.687243346,1.722764259,97.27926996,,,,,,,,,
Williams,Spuds Lane,11/9/2024 0:00,11,999.482,11,811.305,57.66,0.564,0.687243346,1.722764259,97.27926996,,,,,,,,,
Williams,Spuds Lane,11/10/2024 0:00,6,998.844,6,816.92,62.56,0.564,0.687243346,1.722764259,97.27926996,,,,,,,,,
Williams,Spuds Lane,11/11/2024 0:00,197,988.4352284,195,810.65,76.295,0.569,0.687243346,1.722764259,97.27926996,,,,,,,,,
Williams,Spuds Lane,11/12/2024 0:00,362,989.591558,358,818.79,60.28,0.570348066,0.687243346,1.722764259,97.27926996,,,,,,,,,
Williams,Spuds Lane,11/13/2024 0:00,80,983.3967,79,823.62,64.915,0.5697,0.687243346,1.722764259,97.27926996,,,,,,,,,
Williams,Spuds Lane,11/14/2024 0:00,232,989.306,229,819.385,52.18,0.569,0.687243346,1.722764259,97.27926996,,,,,,,,,
Williams,Spuds Lane,11/15/2024 0:00,10,994.706,10,766.09,52.78,0.567,0.687243346,1.722764259,97.27926996,,,,,,,,,
Williams,Spuds Lane,11/16/2024 0:00,0,0,0,0,0,0,0,0,0,,,,,,,,,
Williams,Spuds Lane,11/17/2024 0:00,0,0,0,0,0,0,0,0,0,,,,,,,,,
Williams,Spuds Lane,11/18/2024 0:00,50,999.621,50,792.445,57.835,0.566,0.687243346,1.722764259,97.27926996,,,,,,,,,
Williams,Spuds Lane,11/19/2024 0:00,216,994.0706296,215,728.375,64.435,0.567,0.687243346,1.722764259,97.27926996,,,,,,,,,
Williams,Spuds Lane,11/20/2024 0:00,234,984.9765556,231,725.095,67.62,0.572,0.687243346,1.722764259,97.27926996,,,,,,,,,
Williams,Spuds Lane,11/21/2024 0:00,183,988.2079235,180,730.45,63,0.572,0.687243346,1.722764259,97.27926996,,,,,,,,,
Williams,Spuds Lane,11/22/2024 0:00,10,987.744,10,689.705,47.58,0.574,0.687243346,1.722764259,97.27926996,,,,,,,,,
Williams,Spuds Lane,11/23/2024 0:00,0,0,0,0,0,0,0,0,0,,,,,,,,,
Williams,Spuds Lane,11/24/2024 0:00,0,0,0,0,0,0,0,0,0,,,,,,,,,
Williams,Spuds Lane,11/25/2024 0:00,25,1037.08792,26,783.975,56.52,0.573,0.687243346,1.722764259,97.27926996,,,,,,,,,
Williams,Spuds Lane,11/26/2024 0:00,199,1010.737915,202,778.9,62.26,0.572,0.687243346,1.722764259,97.27926996,,,,,,,,,
Williams,Spuds Lane,11/27/2024 0:00,10,987.31,10,707.37,58.495,0.573,0.687243346,1.722764259,97.27926996,,,,,,,,,
Williams,Spuds Lane,11/28/2024 0:00,0,0,0,0,0,0,0,0,0,,,,,,,,,
Williams,Spuds Lane,11/29/2024 0:00,0,0,0,0,0,0,0,0,0,,,,,,,,,
Williams,Spuds Lane,11/30/2024 0:00,0,0,0,0,0,0,0,0,0,,,,,,,,,
Williams,Spuds Lane,12/1/2024 0:00,0,0,0,0,0,0,0,0,0,,,,,,,,,
Williams,Spuds Lane,12/2/2024 0:00,0,0,0,0,0,0,0,0,0,,,,,,,,,
Williams,Spuds Lane,12/3/2024 0:00,6,1011.974,6,730.08,38.99,0.574,0.702,1.076,96.241,,,,,,,,,
Williams,Spuds Lane,12/4/2024 0:00,0,0,0,0,0,0,0,0,0,,,,,,,,,
Williams,Spuds Lane,12/5/2024 0:00,4,1013.197,4,773.99,45.99,0.576,0.702,1.076,96.241,,,,,,,,,
Williams,Spuds Lane,12/6/2024 0:00,0,0,0,0,0,0,0,0,0,,,,,,,,,
Williams,Spuds Lane,12/7/2024 0:00,0,0,0,0,0,0,0,0,0,,,,,,,,,
Williams,Spuds Lane,12/8/2024 0:00,0,0,0,0,0,0,0,0,0,,,,,,,,,
Williams,Spuds Lane,12/9/2024 0:00,0,0,0,0,0,0,0,0,0,,,,,,,,,
Williams,Spuds Lane,12/10/2024 0:00,0,0,0,0,0,0,0,0,0,,,,,,,,,
Williams,Spuds Lane,12/11/2024 0:00,0,0,0,0,0,0,0,0,0,,,,,,,,,
Williams,Spuds Lane,12/12/2024 0:00,0,0,0,0,0,0,0,0,0,,,,,,,,,
Williams,Spuds Lane,12/13/2024 0:00,0,0,0,0,0,0,0,0,0,,,,,,,,,
Williams,Spuds Lane,12/14/2024 0:00,0,0,0,0,0,0,0,0,0,,,,,,,,,
Williams,Spuds Lane,12/15/2024 0:00,0,0,0,0,0,0,0,0,0,,,,,,,,,
Williams,Spuds Lane,12/16/2024 0:00,11,1010.31,11,786.575,50.22,0.576,0.702,1.076,96.241,,,,,,,,,
Williams,Spuds Lane,12/17/2024 0:00,11,989.766,11,792.115,67.47,0.574,0.702,1.076,96.241,,,,,,,,,
Williams,Spuds Lane,12/18/2024 0:00,4,1022.208,4,787.77,54.005,0.575,0.702,1.076,96.241,,,,,,,,,
Williams,Spuds Lane,12/19/2024 0:00,13,990.429,13,774.675,46.99,0.574,0.702,1.076,96.241,,,,,,,,,
Williams,Spuds Lane,12/20/2024 0:00,0,0,0,0,0,0,0,0,0,,,,,,,,,
Williams,Spuds Lane,12/21/2024 0:00,0,0,0,0,0,0,0,0,0,,,,,,,,,
Williams,Spuds Lane,12/22/2024 0:00,0,0,0,0,0,0,0,0,0,,,,,,,,,
Williams,Spuds Lane,12/23/2024 0:00,0,0,0,0,0,0,0,0,0,,,,,,,,,
Williams,Spuds Lane,12/24/2024 0:00,0,0,0,0,0,0,0,0,0,,,,,,,,,
Williams,Spuds Lane,12/25/2024 0:00,0,0,0,0,0,0,0,0,0,,,,,,,,,
Williams,Spuds Lane,12/26/2024 0:00,0,0,0,0,0,0,0,0,0,,,,,,,,,
Williams,Spuds Lane,12/27/2024 0:00,0,0,0,0,0,0,0,0,0,,,,,,,,,
Williams,Spuds Lane,12/28/2024 0:00,0,0,0,0,0,0,0,0,0,,,,,,,,,
Williams,Spuds Lane,12/29/2024 0:00,0,0,0,0,0,0,0,0,0,,,,,,,,,
Williams,Spuds Lane,12/30/2024 0:00,78,1019.871,80,818.26,59.04,0.578,0.702,1.076,96.241,,,,,,,,,
Williams,Spuds Lane,12/31/2024 0:00,0,0,0,0,0,0,0,0,0,,,,,,,,,
Williams,Spuds Lane,1/1/2025 0:00,0,0,0,0,0,0,0,0,0,,,,,,,,,
Williams,Spuds Lane,1/2/2025 0:00,0,0,0,0,0,0,0,0,0,,,,,,,,,
Williams,Spuds Lane,1/3/2025 0:00,0,0,0,0,0,0,0,0,0,,,,,,,,,
Williams,Spuds Lane,1/4/2025 0:00,0,0,0,0,0,0,0,0,0,,,,,,,,,
Williams,Spuds Lane,1/5/2025 0:00,0,0,0,0,0,0,0,0,0,,,,,,,,,
Williams,Spuds Lane,1/6/2025 0:00,0,0,0,0,0,0,0,0,0,,,,,,,,,
Williams,Spuds Lane,1/7/2025 0:00,0,0,0,0,0,0,0,0,0,,,,,,,,,
Williams,Spuds Lane,1/8/2025 0:00,0,0,0,0,0,0,0,0,0,,,,,,,,,
Williams,Spuds Lane,1/9/2025 0:00,0,0,0,0,0,0,0,0,0,,,,,,,,,
Williams,Spuds Lane,1/10/2025 0:00,0,0,0,0,0,0,0,0,0,,,,,,,,,
Williams,Spuds Lane,1/11/2025 0:00,0,0,0,0,0,0,0,0,0,,,,,,,,,
Williams,Spuds Lane,1/12/2025 0:00,0,0,0,0,0,0,0,0,0,,,,,,,,,
Williams,Spuds Lane,1/13/2025 0:00,0,0,0,0,0,0,0,0,0,,,,,,,,,
Williams,Spuds Lane,1/14/2025 0:00,0,0,0,0,0,0,0,0,0,,,,,,,,,
Williams,Spuds Lane,1/15/2025 0:00,0,0,0,0,0,0,0,0,0,,,,,,,,,
Williams,Spuds Lane,1/16/2025 0:00,0,0,0,0,0,0,0,0,0,,,,,,,,,
Williams,Spuds Lane,1/17/2025 0:00,0,0,0,0,0,0,0,0,0,,,,,,,,,
Williams,Spuds Lane,1/18/2025 0:00,0,0,0,0,0,0,0,0,0,,,,,,,,,
Williams,Spuds Lane,1/19/2025 0:00,0,0,0,0,0,0,0,0,0,,,,,,,,,
Williams,Spuds Lane,1/20/2025 0:00,0,0,0,0,0,0,0,0,0,,,,,,,,,
Williams,Spuds Lane,1/21/2025 0:00,0,0,0,0,0,0,0,0,0,,,,,,,,,
Williams,Spuds Lane,1/22/2025 0:00,0,0,0,0,0,0,0,0,0,,,,,,,,,
Williams,Spuds Lane,1/23/2025 0:00,0,0,0,0,0,0,0,0,0,,,,,,,,,
Williams,Spuds Lane,1/24/2025 0:00,0,0,0,0,0,0,0,0,0,,,,,,,,,
Williams,Spuds Lane,1/25/2025 0:00,0,0,0,0,0,0,0,0,0,,,,,,,,,
Williams,Spuds Lane,1/26/2025 0:00,0,0,0,0,0,0,0,0,0,,,,,,,,,
Williams,Spuds Lane,1/27/2025 0:00,0,0,0,0,0,0,0,0,0,,,,,,,,,
Williams,Spuds Lane,1/28/2025 0:00,0,0,0,0,0,0,0,0,0,,,,,,,,,
Williams,Spuds Lane,1/29/2025 0:00,0,0,0,0,0,0,0,0,0,,,,,,,,,
Williams,Spuds Lane,1/30/2025 0:00,0,0,0,0,0,0,0,0,0,,,,,,,,,
Williams,Spuds Lane,1/31/2025 0:00,0,0,0,0,0,0,0,0,0,,,,,,,,,
Williams,Spuds Lane,2/1/2025 0:00,0,0,0,0,0,0,0,0,0,,,,,,,,,
Williams,Spuds Lane,2/2/2025 0:00,0,0,0,0,0,0,0,0,0,,,,,,,,,
Williams,Spuds Lane,2/3/2025 0:00,5,984.85,5,775.04,53.71,0.583,1.779,0.307,97.821,,,,,,,,,
Williams,Spuds Lane,2/4/2025 0:00,13,991.503,13,814.44,60.33,0.574,1.779,0.307,97.821,,,,,,,,,
Williams,Spuds Lane,2/5/2025 0:00,6,995.626,6,771.065,39.435,0.57,1.779,0.307,97.821,,,,,,,,,
Williams,Spuds Lane,2/6/2025 0:00,18,994.592,18,796.015,51.87,0.571,1.779,0.307,97.821,,,,,,,,,
Williams,Spuds Lane,2/7/2025 0:00,5,991.458,5,837.68,60.795,0.574,1.779,0.307,97.821,,,,,,,,,
Williams,Spuds Lane,2/8/2025 0:00,0,0,0,0,0,0,0,0,0,,,,,,,,,
Williams,Spuds Lane,2/9/2025 0:00,0,0,0,0,0,0,0,0,0,,,,,,,,,
Williams,Spuds Lane,2/10/2025 0:00,0,0,0,0,0,0,0,0,0,,,,,,,,,
Williams,Spuds Lane,2/11/2025 0:00,0,0,0,0,0,0,0,0,0,,,,,,,,,
Williams,Spuds Lane,2/12/2025 0:00,0,0,0,0,0,0,0,0,0,,,,,,,,,
Williams,Spuds Lane,2/13/2025 0:00,0,0,0,0,0,0,0,0,0,,,,,,,,,
Williams,Spuds Lane,2/14/2025 0:00,0,0,0,0,0,0,0,0,0,,,,,,,,,
Williams,Spuds Lane,2/15/2025 0:00,0,0,0,0,0,0,0,0,0,,,,,,,,,
Williams,Spuds Lane,2/16/2025 0:00,1,1040.587,0,749.69,45.64,0.58,1.779,0.307,97.821,,,,,,,,,
Williams,Spuds Lane,2/17/2025 0:00,2,997.662,3,771.145,43.305,0.574,1.779,0.307,97.821,,,,,,,,,
Williams,Spuds Lane,2/18/2025 0:00,9,995.412,9,721.805,44.37,0.573,1.779,0.307,97.821,,,,,,,,,
Williams,Spuds Lane,2/19/2025 0:00,0,0,0,0,0,0,0,0,0,,,,,,,,,
Williams,Spuds Lane,2/20/2025 0:00,0,0,0,0,0,0,0,0,0,,,,,,,,,
Williams,Spuds Lane,2/21/2025 0:00,0,0,0,0,0,0,0,0,0,,,,,,,,,
Williams,Spuds Lane,2/22/2025 0:00,0,0,0,0,0,0,0,0,0,,,,,,,,,
Williams,Spuds Lane,2/23/2025 0:00,0,0,0,0,0,0,0,0,0,,,,,,,,,
Williams,Spuds Lane,2/24/2025 0:00,43,1000.127,43,744.135,49.25,0.571,1.779,0.307,97.821,,,,,,,,,
Williams,Spuds Lane,2/25/2025 0:00,45,993.561,45,763.48,53.62,0.573,1.779,0.307,97.821,,,,,,,,,
Williams,Spuds Lane,2/26/2025 0:00,46,989.224,45,775.38,61.32,0.577,1.779,0.307,97.821,,,,,,,,,
Williams,Spuds Lane,2/27/2025 0:00,10,992.453,10,779.795,67.13,0.574,1.779,0.307,97.821,,,,,,,,,
Williams,Spuds Lane,2/28/2025 0:00,0,0,0,0,0,0,0,0,0,,,,,,,,,
Williams,Spuds Lane,3/1/2025 0:00,0,0,0,0,0,0,0,0,0,,,,,,,,,
Williams,Spuds Lane,3/2/2025 0:00,1,1035.012,1,736.905,36.915,0.576,1.19,1.57,97.2,,,,,,,,,
Williams,Spuds Lane,3/3/2025 0:00,0,0,0,0,0,0,0,0,0,,,,,,,,,
Williams,Spuds Lane,3/4/2025 0:00,1,1046.359,1,794.25,63.79,0.582,1.19,1.57,97.2,,,,,,,,,
Williams,Spuds Lane,3/5/2025 0:00,0,0,0,0,0,0,0,0,0,,,,,,,,,
Williams,Spuds Lane,3/6/2025 0:00,0,0,1,0,0,0,0,0,0,,,,,,,,,
Williams,Spuds Lane,3/7/2025 0:00,1,1041.079,0,771.095,51.97,0.579,1.19,1.57,97.2,,,,,,,,,
Williams,Spuds Lane,3/8/2025 0:00,0,0,1,0,0,0,0,0,0,,,,,,,,,
Williams,Spuds Lane,3/9/2025 0:00,2,1040.31,1,798.535,50.5,0.576,1.19,1.57,97.2,,,,,,,,,
Williams,Spuds Lane,3/10/2025 0:00,32,997.377,32,802.68,55.16,0.574,1.19,1.57,97.2,,,,,,,,,
Williams,Spuds Lane,3/11/2025 0:00,27,991.048,27,790.59,56.055,0.576,1.19,1.57,97.2,,,,,,,,,
Williams,Spuds Lane,3/12/2025 0:00,18,994.017,18,819.12,61.6,0.573,1.19,1.57,97.2,,,,,,,,,
Williams,Spuds Lane,3/13/2025 0:00,3,992.1,3,841.85,50.405,0.575,1.19,1.57,97.2,,,,,,,,,
Williams,Spuds Lane,3/14/2025 0:00,0,0,0,0,0,0,0,0,0,,,,,,,,,
Williams,Spuds Lane,3/15/2025 0:00,0,0,0,0,0,0,0,0,0,,,,,,,,,
Williams,Spuds Lane,3/16/2025 0:00,0,0,0,0,0,0,0,0,0,,,,,,,,,
Williams,Spuds Lane,3/17/2025 0:00,0,0,0,0,0,0,0,0,0,,,,,,,,,
Williams,Spuds Lane,3/18/2025 0:00,1,1024.728,0,762.36,56.18,0.574,1.19,1.57,97.2,,,,,,,,,
Williams,Spuds Lane,3/19/2025 0:00,43,991.262,44,803.735,61.465,0.577,1.19,1.57,97.2,,,,,,,,,
Williams,Spuds Lane,3/20/2025 0:00,18,989.179,17,796.835,64.44,0.578,1.19,1.57,97.2,,,,,,,,,
Williams,Spuds Lane,3/21/2025 0:00,222,981.4337748,218,805.39,65.625,0.572,1.19,1.57,97.2,,,,,,,,,
Williams,Spuds Lane,3/22/2025 0:00,0,0,0,0,0,0,0,0,0,,,,,,,,,
Williams,Spuds Lane,3/23/2025 0:00,4,1010.703,3,818.895,57.85,0.571,1.19,1.57,97.2,,,,,,,,,
Williams,Spuds Lane,3/24/2025 0:00,55,991.62,56,824.395,59.015,0.576,1.19,1.57,97.2,,,,,,,,,
Williams,Spuds Lane,3/25/2025 0:00,56,988.779,55,845.295,59.46,0.579,1.19,1.57,97.2,,,,,,,,,
Williams,Spuds Lane,3/26/2025 0:00,50,992.323,49,821.74,49.125,0.575,1.19,1.57,97.2,,,,,,,,,
Williams,Spuds Lane,3/27/2025 0:00,51,993.861,51,850.445,55.985,0.574,1.19,1.57,97.2,,,,,,,,,
Williams,Spuds Lane,3/28/2025 0:00,50,995.191,50,862.03,68.68,0.573,1.19,1.57,97.2,,,,,,,,,
Williams,Spuds Lane,3/29/2025 0:00,225,983.335,221,874.825,75.08,0.571,1.19,1.57,97.2,,,,,,,,,
Williams,Spuds Lane,3/30/2025 0:00,4,983.02,4,844.055,70.865,0.571,1.19,1.57,97.2,,,,,,,,,
Williams,Spuds Lane,3/31/2025 0:00,232,982.79,228,867.82,75.3,0.572,1.19,1.57,97.2,,,,,,,,,
Williams,Spuds Lane,4/1/2025 0:00,105,987.3366,103,814.41,56.11,0.579933333,1.670552256,0.724508281,97.59661451,,,,,,,,,
Williams,Spuds Lane,4/2/2025 0:00,224,987.9438661,222,811.335,66.255,0.575709821,1.670552256,0.724508281,97.59661451,,,,,,,,,
Williams,Spuds Lane,4/3/2025 0:00,394,992.936467,391,794.185,73.38,0.572898477,1.670552256,0.724508281,97.59661451,,,,,,,,,
Williams,Spuds Lane,4/4/2025 0:00,21,985.7625714,21,821.86,83.515,0.571857143,1.670552256,0.724508281,97.59661451,,,,,,,,,
Williams,Spuds Lane,4/5/2025 0:00,199,999.892,199,835.705,84.555,0.568,1.670552256,0.724508281,97.59661451,,,,,,,,,
Williams,Spuds Lane,4/6/2025 0:00,409,999.892,409,798.105,77.49,0.568,1.670552256,0.724508281,97.59661451,,,,,,,,,
Williams,Spuds Lane,4/7/2025 0:00,245,999.892,244,824.33,63.965,0.568,1.670552256,0.724508281,97.59661451,,,,,,,,,
Williams,Spuds Lane,4/8/2025 0:00,34,999.892,34,774.1,53.89,0.568,1.670552256,0.724508281,97.59661451,,,,,,,,,
Williams,Spuds Lane,4/9/2025 0:00,1,999.892,1,745.35,50.885,0.568,1.670552256,0.724508281,97.59661451,,,,,,,,,
Williams,Spuds Lane,4/10/2025 0:00,220,999.892,221,821.655,65.245,0.568,1.670552256,0.724508281,97.59661451,,,,,,,,,
Williams,Spuds Lane,4/11/2025 0:00,269,998.156,269,714.3,54.57,0.57,1.670552256,0.724508281,97.59661451,,,,,,,,,
Williams,Spuds Lane,4/12/2025 0:00,371,991.456,368,663.985,54.07,0.575,1.670552256,0.724508281,97.59661451,,,,,,,,,
Williams,Spuds Lane,4/13/2025 0:00,218,989.184,216,646.655,61.44,0.574,1.670552256,0.724508281,97.59661451,,,,,,,,,
Williams,Spuds Lane,4/14/2025 0:00,202,990.189,199,801.18,74.34,0.575,1.670552256,0.724508281,97.59661451,,,,,,,,,
Williams,Spuds Lane,4/15/2025 0:00,228,987.484,226,811.255,67.73,0.575,1.670552256,0.724508281,97.59661451,,,,,,,,,
Williams,Spuds Lane,4/16/2025 0:00,260,988.467,257,820.3,63.195,0.575,1.670552256,0.724508281,97.59661451,,,,,,,,,
Williams,Spuds Lane,4/17/2025 0:00,279,989.2265161,275,825.405,70.705,0.573290323,1.670552256,0.724508281,97.59661451,,,,,,,,,
Williams,Spuds Lane,4/18/2025 0:00,251,986.217,247,842.405,76.295,0.573,1.670552256,0.724508281,97.59661451,,,,,,,,,
Williams,Spuds Lane,4/19/2025 0:00,172,988.562,170,833.29,73.8,0.574,1.670552256,0.724508281,97.59661451,,,,,,,,,
Williams,Spuds Lane,4/20/2025 0:00,432,985.4203333,426,854.99,76.235,0.575,1.670552256,0.724508281,97.59661451,,,,,,,,,
Williams,Spuds Lane,4/21/2025 0:00,367,987.1301717,363,769.53,76.08,0.574569482,1.670552256,0.724508281,97.59661451,,,,,,,,,
Williams,Spuds Lane,4/22/2025 0:00,21,987.1519524,20,711.785,76.495,0.573952381,1.670552256,0.724508281,97.59661451,,,,,,,,,
Williams,Spuds Lane,4/23/2025 0:00,27,992.103,27,700.11,75.68,0.575,1.670552256,0.724508281,97.59661451,,,,,,,,,
Williams,Spuds Lane,4/24/2025 0:00,281,987.5551032,278,713.83,75.29,0.575896797,1.670552256,0.724508281,97.59661451,,,,,,,,,
Williams,Spuds Lane,4/25/2025 0:00,436,987.8601651,430,716.26,74.76,0.576018349,1.670552256,0.724508281,97.59661451,,,,,,,,,
Williams,Spuds Lane,4/26/2025 0:00,310,983.1410161,305,727.155,75.68,0.57866129,1.670552256,0.724508281,97.59661451,,,,,,,,,
Williams,Spuds Lane,4/27/2025 0:00,265,985.502,261,728.49,57.925,0.577,1.670552256,0.724508281,97.59661451,,,,,,,,,
Williams,Spuds Lane,4/28/2025 0:00,259,983.2412085,255,704.505,67.695,0.579362934,1.670552256,0.724508281,97.59661451,,,,,,,,,
Williams,Spuds Lane,4/29/2025 0:00,253,984.3109526,249,702.885,74.34,0.578802372,1.670552256,0.724508281,97.59661451,,,,,,,,,
Williams,Spuds Lane,4/30/2025 0:00,251,992.1142629,249,709.235,75.77,0.572175299,1.670552256,0.724508281,97.59661451,,,,,,,,,
Williams,Spuds Lane,5/1/2025 0:00,56,992.64,56,722.98,79.875,0.573,1.32889721,1.086574032,97.41,,,,,,,,,
Williams,Spuds Lane,5/2/2025 0:00,61,992.017,60,739.885,78.93,0.573,1.32889721,1.086574032,97.41,,,,,,,,,
Williams,Spuds Lane,5/3/2025 0:00,60,990.167,60,749.685,76.445,0.575,1.32889721,1.086574032,97.41,,,,,,,,,
Williams,Spuds Lane,5/4/2025 0:00,49,985,48,751.335,69.295,0.58,1.32889721,1.086574032,97.41,,,,,,,,,
Williams,Spuds Lane,5/5/2025 0:00,278,987.2913453,274,735.085,75.425,0.575007194,1.32889721,1.086574032,97.41,,,,,,,,,
Williams,Spuds Lane,5/6/2025 0:00,256,988.9936602,253,724.395,75.98,0.574078125,1.32889721,1.086574032,97.41,,,,,,,,,
Williams,Spuds Lane,5/7/2025 0:00,29,993.4181724,29,686.115,79.02,0.574689655,1.32889721,1.086574032,97.41,,,,,,,,,
Williams,Spuds Lane,5/8/2025 0:00,253,987.3190553,250,708.555,75.915,0.575284585,1.32889721,1.086574032,97.41,,,,,,,,,
Williams,Spuds Lane,5/9/2025 0:00,225,988.0446756,223,731.2,78.645,0.574,1.32889721,1.086574032,97.41,,,,,,,,,
Williams,Spuds Lane,5/10/2025 0:00,0,0,0,0,0,0,0,0,0,,,,,,,,,
Williams,Spuds Lane,5/11/2025 0:00,6,1011.394,6,720.36,69.245,0.57,1.32889721,1.086574032,97.41,,,,,,,,,
Williams,Spuds Lane,5/12/2025 0:00,58,986.583,57,711.255,70.13,0.577,1.32889721,1.086574032,97.41,,,,,,,,,
Williams,Spuds Lane,5/13/2025 0:00,57,992.718,56,718.935,71.135,0.571,1.32889721,1.086574032,97.41,,,,,,,,,
Williams,Spuds Lane,5/14/2025 0:00,14,994.835,14,717.5,75.955,0.569,1.32889721,1.086574032,97.41,,,,,,,,,
Williams,Spuds Lane,5/15/2025 0:00,211,995.0567204,210,633.025,78.295,0.567,1.32889721,1.086574032,97.41,,,,,,,,,
Williams,Spuds Lane,5/16/2025 0:00,223,997.1991883,223,721.635,86.92,0.569,1.32889721,1.086574032,97.41,,,,,,,,,
Williams,Spuds Lane,5/17/2025 0:00,0,0,0,0,0,0,0,0,0,,,,,,,,,
Williams,Spuds Lane,5/18/2025 0:00,138,996.5803623,137,709.2,66.645,0.569,1.32889721,1.086574032,97.41,,,,,,,,,
Williams,Spuds Lane,5/19/2025 0:00,133,987.7098421,132,701.4,74.615,0.570917293,1.32889721,1.086574032,97.41,,,,,,,,,
Williams,Spuds Lane,5/20/2025 0:00,468,989.1532329,462,633.275,67.03,0.572831197,1.32889721,1.086574032,97.41,,,,,,,,,
Williams,Spuds Lane,5/21/2025 0:00,119,987.9754622,119,521.24,64.735,0.570487395,1.32889721,1.086574032,97.41,,,,,,,,,
Williams,Spuds Lane,5/22/2025 0:00,291,990.0620825,288,488.01,65.37,0.570439863,1.32889721,1.086574032,97.41,,,,,,,,,
Williams,Spuds Lane,5/23/2025 0:00,8,988.549,8,575.725,69.12,0.575,1.32889721,1.086574032,97.41,,,,,,,,,
Williams,Spuds Lane,5/24/2025 0:00,0,0,0,0,0,0,0,0,0,,,,,,,,,
Williams,Spuds Lane,5/25/2025 0:00,0,0,0,0,0,0,0,0,0,,,,,,,,,
Williams,Spuds Lane,5/26/2025 0:00,1,1027.738,1,709.655,62.97,0.566,1.32889721,1.086574032,97.41,,,,,,,,,
Williams,Spuds Lane,5/27/2025 0:00,54,987.391,53,680.345,62.675,0.577,1.32889721,1.086574032,97.41,,,,,,,,,
Williams,Spuds Lane,5/28/2025 0:00,241,983.879668,236,659.485,60.925,0.578419087,1.32889721,1.086574032,97.41,,,,,,,,,
Williams,Spuds Lane,5/29/2025 0:00,109,988.3107615,107,654.245,72.79,0.571165138,1.32889721,1.086574032,97.41,,,,,,,,,
Williams,Spuds Lane,5/30/2025 0:00,57,1032.862,57,656.605,67.245,0.578,1.32889721,1.086574032,97.41,,,,,,,,,
Williams,Spuds Lane,5/31/2025 0:00,58,1032.862,57,656.605,67.245,0.578,1.32889721,1.086574032,97.41,,,,,,,,,
Williams,Spuds Lane,6/1/2025 0:00,0,0,0,0,0,0,0,0,0,,,,,,,,,
Williams,Spuds Lane,6/2/2025 0:00,204,1010.702333,206,757.315,70.895,0.568,1.33670105,0.991449795,97.55680876,,,,,,,,,
Williams,Spuds Lane,6/3/2025 0:00,219,995.4356758,218,782.095,77.685,0.57,1.33670105,0.991449795,97.55680876,,,,,,,,,
Williams,Spuds Lane,6/4/2025 0:00,269,992.4000669,266,764.595,76.95,0.570011152,1.33670105,0.991449795,97.55680876,,,,,,,,,
Williams,Spuds Lane,6/5/2025 0:00,262,986.335,259,845.645,73.935,0.574,1.33670105,0.991449795,97.55680876,,,,,,,,,
Williams,Spuds Lane,6/6/2025 0:00,11,992.346,11,810.795,84.025,0.572,1.33670105,0.991449795,97.55680876,,,,,,,,,
Williams,Spuds Lane,6/7/2025 0:00,211,991.314,209,858.65,82.975,0.571,1.33670105,0.991449795,97.55680876,,,,,,,,,
Williams,Spuds Lane,6/8/2025 0:00,2,1014.612,2,839.565,82.675,0.568,1.33670105,0.991449795,97.55680876,,,,,,,,,
Williams,Spuds Lane,6/9/2025 0:00,52,990.279,51,838.23,83.95,0.573,1.33670105,0.991449795,97.55680876,,,,,,,,,
Williams,Spuds Lane,6/10/2025 0:00,267,989.069,265,855.785,77.34,0.572,1.33670105,0.991449795,97.55680876,,,,,,,,,
Williams,Spuds Lane,6/11/2025 0:00,223,989.1244529,220,829.44,70.53,0.573,1.33670105,0.991449795,97.55680876,,,,,,,,,
Williams,Spuds Lane,6/12/2025 0:00,218,986.7993853,215,825.145,71.435,0.575146789,1.33670105,0.991449795,97.55680876,,,,,,,,,
Williams,Spuds Lane,6/13/2025 0:00,0,0,0,0,0,0,0,0,0,,,,,,,,,
Williams,Spuds Lane,6/14/2025 0:00,0,0,1,0,0,0,0,0,0,,,,,,,,,
Williams,Spuds Lane,6/15/2025 0:00,0,0,0,0,0,0,0,0,0,,,,,,,,,
Williams,Spuds Lane,6/16/2025 0:00,0,0,0,0,0,0,0,0,0,,,,,,,,,
Williams,Spuds Lane,6/17/2025 0:00,242,989.9792727,240,780.39,83.585,0.572363636,1.33670105,0.991449795,97.55680876,,,,,,,,,
Williams,Spuds Lane,6/18/2025 0:00,264,984.9259545,260,778,86.795,0.578,1.33670105,0.991449795,97.55680876,,,,,,,,,
Williams,Spuds Lane,6/19/2025 0:00,228,986.9148596,225,790.575,91.62,0.576162281,1.33670105,0.991449795,97.55680876,,,,,,,,,
Williams,Spuds Lane,6/20/2025 0:00,10,988.691,10,794.24,85.325,0.576,1.33670105,0.991449795,97.55680876,,,,,,,,,
Williams,Spuds Lane,6/21/2025 0:00,205,996.5738439,204,826.045,71.705,0.572,1.33670105,0.991449795,97.55680876,,,,,,,,,
Williams,Spuds Lane,6/22/2025 0:00,4,1000.909,4,801.27,88.46,0.571,1.33670105,0.991449795,97.55680876,,,,,,,,,
Williams,Spuds Lane,6/23/2025 0:00,426,991.8816009,422,786.6,73.34,0.571,1.33670105,0.991449795,97.55680876,,,,,,,,,
Williams,Spuds Lane,6/24/2025 0:00,227,992.9199868,226,786.38,81.085,0.571,1.33670105,0.991449795,97.55680876,,,,,,,,,
Williams,Spuds Lane,6/25/2025 0:00,209,990.6740909,207,810.995,86.535,0.573,1.33670105,0.991449795,97.55680876,,,,,,,,,
Williams,Spuds Lane,6/26/2025 0:00,49,994.117,49,796.47,88.845,0.571,1.33670105,0.991449795,97.55680876,,,,,,,,,
Williams,Spuds Lane,6/27/2025 0:00,245,989.9347714,242,797.02,75.685,0.575,1.33670105,0.991449795,97.55680876,,,,,,,,,
Williams,Spuds Lane,6/28/2025 0:00,41,987.046,41,825.155,85.825,0.579,1.33670105,0.991449795,97.55680876,,,,,,,,,
Williams,Spuds Lane,6/29/2025 0:00,42,988.806,41,832.525,89.07,0.577,1.33670105,0.991449795,97.55680876,,,,,,,,,
Williams,Spuds Lane,6/30/2025 0:00,252,997.4014286,250,812.365,74.915,0.567904762,1.33670105,0.991449795,97.55680876,,,,,,,,,
Williams,Spuds Lane,7/1/2025 0:00,219,997.0848858,219,799.9,79.29,0.569118721,1.564471479,0.551255427,97.87,,,,,,,,,
Williams,Spuds Lane,7/2/2025 0:00,242,997.5690496,240,791.33,66.445,0.568247934,1.564471479,0.551255427,97.87,,,,,,,,,
Williams,Spuds Lane,7/3/2025 0:00,212,999.5120189,212,801.93,68.065,0.566,1.564471479,0.551255427,97.87,,,,,,,,,
Williams,Spuds Lane,7/4/2025 0:00,0,0,0,0,0,0,0,0,0,,,,,,,,,
Williams,Spuds Lane,7/5/2025 0:00,0,0,0,0,0,0,0,0,0,,,,,,,,,
Williams,Spuds Lane,7/6/2025 0:00,2,1027.651,2,808.41,79.07,0.567,1.564471479,0.551255427,97.87,,,,,,,,,
Williams,Spuds Lane,7/7/2025 0:00,21,1002.242,21,787.295,89.16,0.566,1.564471479,0.551255427,97.87,,,,,,,,,
Williams,Spuds Lane,7/8/2025 0:00,254,998.8549528,254,762.63,79.085,0.567913386,1.564471479,0.551255427,97.87,,,,,,,,,
Williams,Spuds Lane,7/9/2025 0:00,26,999.458,27,782.26,85.865,0.568,1.564471479,0.551255427,97.87,,,,,,,,,
Williams,Spuds Lane,7/10/2025 0:00,252,994.0065714,250,785.665,75.65,0.570761905,1.564471479,0.551255427,97.87,,,,,,,,,
Williams,Spuds Lane,7/11/2025 0:00,215,995.0569628,214,821.07,76.39,0.57,1.564471479,0.551255427,97.87,,,,,,,,,
Williams,Spuds Lane,7/12/2025 0:00,0,0,0,0,0,0,0,0,0,,,,,,,,,
Williams,Spuds Lane,7/13/2025 0:00,0,0,0,0,0,0,0,0,0,,,,,,,,,
Williams,Spuds Lane,7/14/2025 0:00,39,996.005,38,808.62,85.975,0.573,1.564471479,0.551255427,97.87,,,,,,,,,
Williams,Spuds Lane,7/15/2025 0:00,224,996.6681161,224,803.525,69.77,0.569169643,1.564471479,0.551255427,97.87,,,,,,,,,
Williams,Spuds Lane,7/16/2025 0:00,45,998.136,45,781.455,84.965,0.569,1.564471479,0.551255427,97.87,,,,,,,,,
Williams,Spuds Lane,7/17/2025 0:00,252,990.0277302,250,787.135,78.455,0.575468254,1.564471479,0.551255427,97.87,,,,,,,,,
Williams,Spuds Lane,7/18/2025 0:00,419,988.6503914,414,769.175,71.91,0.575097852,1.564471479,0.551255427,97.87,,,,,,,,,
Williams,Spuds Lane,7/19/2025 0:00,0,0,0,0,0,0,0,0,0,,,,,,,,,
Williams,Spuds Lane,7/20/2025 0:00,3,1005.735,3,806.86,86.1,0.574,1.564471479,0.551255427,97.87,,,,,,,,,
Williams,Spuds Lane,7/21/2025 0:00,46,991.188,45,773.94,85.565,0.576,1.564471479,0.551255427,97.87,,,,,,,,,
Williams,Spuds Lane,7/22/2025 0:00,235,986.9793191,232,754.01,73.68,0.578821277,1.564471479,0.551255427,97.87,,,,,,,,,
Williams,Spuds Lane,7/23/2025 0:00,242,993.5205207,240,805.63,74.11,0.571719008,1.564471479,0.551255427,97.87,,,,,,,,,
Williams,Spuds Lane,7/24/2025 0:00,212,992.6018302,211,807.935,73.845,0.572113208,1.564471479,0.551255427,97.87,,,,,,,,,
Williams,Spuds Lane,7/25/2025 0:00,203,987.993931,200,752.405,91.8,0.575,1.564471479,0.551255427,97.87,,,,,,,,,
Williams,Spuds Lane,7/26/2025 0:00,0,0,0,0,0,0,0,0,0,,,,,,,,,
Williams,Spuds Lane,7/27/2025 0:00,1,1036.479,1,803.745,86.395,0.575,1.564471479,0.551255427,97.87,,,,,,,,,
Williams,Spuds Lane,7/28/2025 0:00,45,992.362,45,763.655,87.875,0.575,1.564471479,0.551255427,97.87,,,,,,,,,
Williams,Spuds Lane,7/29/2025 0:00,252,987.6201032,249,776.9,91.52,0.576218254,1.564471479,0.551255427,97.87,,,,,,,,,
Williams,Spuds Lane,7/30/2025 0:00,258,990.3157907,256,782.59,76.27,0.573767442,1.564471479,0.551255427,97.87,,,,,,,,,
Williams,Spuds Lane,7/31/2025 0:00,43,993.823,42,801.52,86.74,0.573,1.564471479,0.551255427,97.87,,,,,,,,,
Williams,Spuds Lane,8/1/2025 0:00,0,0,0,0,0,0,0,0,0,,,,,,,,,
Williams,Spuds Lane,8/2/2025 0:00,0,0,0,0,0,0,0,0,0,,,,,,,,,
Williams,Spuds Lane,8/3/2025 0:00,0,0,0,0,0,0,0,0,0,,,,,,,,,
Williams,Spuds Lane,8/4/2025 0:00,0,0,0,0,0,0,0,0,0,,,,,,,,,
Williams,Spuds Lane,8/5/2025 0:00,1,1025.669,1,752.45,73.185,0.568,1.374371158,1.070122931,97.40443026,,,,,,,,,
Williams,Spuds Lane,8/6/2025 0:00,0,0,0,0,0,0,0,0,0,,,,,,,,,
Williams,Spuds Lane,8/7/2025 0:00,0,0,0,0,0,0,0,0,0,,,,,,,,,
Williams,Spuds Lane,8/8/2025 0:00,0,0,0,0,0,0,0,0,0,,,,,,,,,
Williams,Spuds Lane,8/9/2025 0:00,205,997.9349805,204,798.365,74.395,0.573,1.374371158,1.070122931,97.40443026,,,,,,,,,
Williams,Spuds Lane,8/10/2025 0:00,116,990.934,115,819.87,76.985,0.573,1.374371158,1.070122931,97.40443026,,,,,,,,,
Williams,Spuds Lane,8/11/2025 0:00,123,985.96,122,815.7,86.32,0.573,1.374371158,1.070122931,97.40443026,,,,,,,,,
Williams,Spuds Lane,8/12/2025 0:00,212,993.4959151,210,793.925,68.405,0.572,1.374371158,1.070122931,97.40443026,,,,,,,,,
Williams,Spuds Lane,8/13/2025 0:00,214,986.7479159,211,725.2,64.425,0.573,1.374371158,1.070122931,97.40443026,,,,,,,,,
Williams,Spuds Lane,8/14/2025 0:00,217,990.2080369,215,736.99,67.74,0.571,1.374371158,1.070122931,97.40443026,,,,,,,,,
Williams,Spuds Lane,8/15/2025 0:00,205,997.329122,204,745.61,71.615,0.572,1.374371158,1.070122931,97.40443026,,,,,,,,,
Williams,Spuds Lane,8/16/2025 0:00,0,0,1,0,0,0,0,0,0,,,,,,,,,
Williams,Spuds Lane,8/17/2025 0:00,0,0,0,0,0,0,0,0,0,,,,,,,,,
Williams,Spuds Lane,8/18/2025 0:00,91,987.9991429,89,768.875,76.05,0.579967033,1.374371158,1.070122931,97.40443026,,,,,,,,,
Williams,Spuds Lane,8/19/2025 0:00,397,988.5955063,393,785.44,75.885,0.574657431,1.374371158,1.070122931,97.40443026,,,,,,,,,
Williams,Spuds Lane,8/20/2025 0:00,271,990.4784133,268,776.71,70.58,0.573557196,1.374371158,1.070122931,97.40443026,,,,,,,,,
Williams,Spuds Lane,8/21/2025 0:00,44,991.831,46,772.76,72.1,0.574,1.374371158,1.070122931,97.40443026,,,,,,,,,
Williams,Spuds Lane,8/22/2025 0:00,212,988.0875708,208,773.66,63.815,0.576,1.374371158,1.070122931,97.40443026,,,,,,,,,
Williams,Spuds Lane,8/23/2025 0:00,0,0,0,0,0,0,0,0,0,,,,,,,,,
Williams,Spuds Lane,8/24/2025 0:00,0,0,0,0,0,0,0,0,0,,,,,,,,,
Williams,Spuds Lane,8/25/2025 0:00,31,994.92,31,793.115,81.47,0.573,1.374371158,1.070122931,97.40443026,,,,,,,,,
Williams,Spuds Lane,8/26/2025 0:00,245,990.3927959,242,737.075,81.32,0.573326531,1.374371158,1.070122931,97.40443026,,,,,,,,,
Williams,Spuds Lane,8/27/2025 0:00,8,990.84,8,775.23,76.81,0.576,1.374371158,1.070122931,97.40443026,,,,,,,,,
Williams,Spuds Lane,8/28/2025 0:00,214,992.4891028,214,785.27,61.185,0.570897196,1.374371158,1.070122931,97.40443026,,,,,,,,,
Williams,Spuds Lane,8/29/2025 0:00,155,987.3884903,151,814.32,72.75,0.571,1.374371158,1.070122931,97.40443026,,,,,,,,,
Williams,Spuds Lane,8/30/2025 0:00,0,0,0,0,0,0,0,0,0,,,,,,,,,
Williams,Spuds Lane,8/31/2025 0:00,0,0,0,0,0,0,0,0,0,,,,,,,,,
Williams,Spuds Lane,9/1/2025 0:00,0,0,1,0,0,0,0,0,0,,,,,,,,,
Williams,Spuds Lane,9/2/2025 0:00,26,995.42,24,806.81,75.445,0.573,1.700603053,0.591487023,97.32377252,,,,,,,,,
Williams,Spuds Lane,9/3/2025 0:00,30,990.186,30,788.225,76.745,0.576,1.700603053,0.591487023,97.32377252,,,,,,,,,
Williams,Spuds Lane,9/4/2025 0:00,235,985.375,232,810.235,81.095,0.574,1.700603053,0.591487023,97.32377252,,,,,,,,,
Williams,Spuds Lane,9/5/2025 0:00,221,987.5583891,219,798.175,90.635,0.573126697,1.700603053,0.591487023,97.32377252,,,,,,,,,
Williams,Spuds Lane,9/6/2025 0:00,0,0,0,0,0,0,0,0,0,,,,,,,,,
Williams,Spuds Lane,9/7/2025 0:00,0,0,0,0,0,0,0,0,0,,,,,,,,,
Williams,Spuds Lane,9/8/2025 0:00,18,995.592,18,806.455,74.075,0.573,1.700603053,0.591487023,97.32377252,,,,,,,,,
Williams,Spuds Lane,9/9/2025 0:00,245,986.693449,241,806.855,74.93,0.57642449,1.700603053,0.591487023,97.32377252,,,,,,,,,
Williams,Spuds Lane,9/10/2025 0:00,245,984.585698,241,784.58,58.725,0.579787755,1.700603053,0.591487023,97.32377252,,,,,,,,,
Williams,Spuds Lane,9/11/2025 0:00,242,987.4381364,240,798.7,63.025,0.576219008,1.700603053,0.591487023,97.32377252,,,,,,,,,
Williams,Spuds Lane,9/12/2025 0:00,204,990.9839951,201,809.09,69.275,0.573284314,1.700603053,0.591487023,97.32377252,,,,,,,,,
Williams,Spuds Lane,9/13/2025 0:00,0,0,0,0,0,0,0,0,0,,,,,,,,,
Williams,Spuds Lane,9/14/2025 0:00,0,0,0,0,0,0,0,0,0,,,,,,,,,
Williams,Spuds Lane,9/15/2025 0:00,37,993.646,37,802.1,70.515,0.575,1.700603053,0.591487023,97.32377252,,,,,,,,,
Williams,Spuds Lane,9/16/2025 0:00,0,0,0,0,0,0,0,0,0,,,,,,,,,
Williams,Spuds Lane,9/17/2025 0:00,0,0,0,0,0,0,0,0,0,,,,,,,,,
Williams,Spuds Lane,9/18/2025 0:00,1,1003.189,2,795.225,73.195,0.576,1.700603053,0.591487023,97.32377252,,,,,,,,,
Williams,Spuds Lane,9/19/2025 0:00,22,1003.189,22,804.24,81.76,0.576,1.700603053,0.591487023,97.32377252,,,,,,,,,
Williams,Spuds Lane,9/20/2025 0:00,0,0,0,0,0,0,0,0,0,,,,,,,,,
Williams,Spuds Lane,9/21/2025 0:00,0,0,0,0,0,0,0,0,0,,,,,,,,,
Williams,Spuds Lane,9/22/2025 0:00,37,1003.189,37,808.47,71.275,0.576,1.700603053,0.591487023,97.32377252,,,,,,,,,
Williams,Spuds Lane,9/23/2025 0:00,255,1003.188239,255,797.725,82.31,0.576,1.700603053,0.591487023,97.32377252,,,,,,,,,
Williams,Spuds Lane,9/24/2025 0:00,254,1003.188232,255,806.1,86.425,0.576,1.700603053,0.591487023,97.32377252,,,,,,,,,
Williams,Spuds Lane,9/25/2025 0:00,252,1003.188254,253,817.105,77.935,0.576,1.700603053,0.591487023,97.32377252,,,,,,,,,
Williams,Spuds Lane,9/26/2025 0:00,214,1003.188103,214,810.415,70.98,0.576,1.700603053,0.591487023,97.32377252,,,,,,,,,
Williams,Spuds Lane,9/27/2025 0:00,0,0,0,0,0,0,0,0,0,,,,,,,,,
Williams,Spuds Lane,9/28/2025 0:00,0,0,0,0,0,0,0,0,0,,,,,,,,,
Williams,Spuds Lane,9/29/2025 0:00,41,1003.189,42,818.935,71.68,0.576,1.700603053,0.591487023,97.32377252,,,,,,,,,
Williams,Spuds Lane,9/30/2025 0:00,41,1003.189,40,808.11,69.875,0.576,1.700603053,0.591487023,97.32377252,,,,,,,,,
Williams,Spuds Lane,10/1/2025 0:00,41,997.485,41,796.75,63.44,0.574,1.528337898,0.68560256,97.60314945,,,,,,,,,
Williams,Spuds Lane,10/2/2025 0:00,38,994.829,38,786.73,62.365,0.573,1.528337898,0.68560256,97.60314945,,,,,,,,,
Williams,Spuds Lane,10/3/2025 0:00,198,993.3396465,197,813.05,81.675,0.572141414,1.528337898,0.68560256,97.60314945,,,,,,,,,
Williams,Spuds Lane,10/4/2025 0:00,211,990.803,208,842.715,71.675,0.574,1.528337898,0.68560256,97.60314945,,,,,,,,,
Williams,Spuds Lane,10/5/2025 0:00,1,1025.861,1,828.395,75.61,0.575,1.528337898,0.68560256,97.60314945,,,,,,,,,
Williams,Spuds Lane,10/6/2025 0:00,29,996.61,30,817.14,75.9,0.572,1.528337898,0.68560256,97.60314945,,,,,,,,,
Williams,Spuds Lane,10/7/2025 0:00,320,993.691625,318,787.86,68.21,0.572625,1.528337898,0.68560256,97.60314945,,,,,,,,,
Williams,Spuds Lane,10/8/2025 0:00,168,991.0228571,166,793.69,58.855,0.572702381,1.528337898,0.68560256,97.60314945,,,,,,,,,
Williams,Spuds Lane,10/9/2025 0:00,241,988.6881535,239,823.69,60.115,0.574518672,1.528337898,0.68560256,97.60314945,,,,,,,,,
Williams,Spuds Lane,10/10/2025 0:00,208,988.5929423,205,829.56,55.33,0.574504808,1.528337898,0.68560256,97.60314945,,,,,,,,,
Williams,Spuds Lane,10/11/2025 0:00,0,0,0,0,0,0,0,0,0,,,,,,,,,
Williams,Spuds Lane,10/12/2025 0:00,0,0,0,0,0,0,0,0,0,,,,,,,,,
Williams,Spuds Lane,10/13/2025 0:00,35,995.446,34,795.04,61.535,0.573,1.528337898,0.68560256,97.60314945,,,,,,,,,
Williams,Spuds Lane,10/14/2025 0:00,467,989.7918608,463,796.87,48.96,0.575,1.528337898,0.68560256,97.60314945,,,,,,,,,
Williams,Spuds Lane,10/15/2025 0:00,99,992.1114242,99,792.38,57.88,0.576060606,1.528337898,0.68560256,97.60314945,,,,,,,,,
Williams,Spuds Lane,10/16/2025 0:00,157,987.6168854,154,793.685,64.62,0.575,1.528337898,0.68560256,97.60314945,,,,,,,,,
Williams,Spuds Lane,10/17/2025 0:00,0,0,0,0,0,0,0,0,0,,,,,,,,,
Williams,Spuds Lane,10/18/2025 0:00,0,0,0,0,0,0,0,0,0,,,,,,,,,
Williams,Spuds Lane,10/19/2025 0:00,0,0,0,0,0,0,0,0,0,,,,,,,,,
Williams,Spuds Lane,10/20/2025 0:00,0,0,0,0,0,0,0,0,0,,,,,,,,,
Williams,Spuds Lane,10/21/2025 0:00,244,1004.317992,245,804.83,78.21,0.57145082,1.528337898,0.68560256,97.60314945,,,,,,,,,
Williams,Spuds Lane,10/22/2025 0:00,242,991.9425,240,820.445,61.015,0.572,1.528337898,0.68560256,97.60314945,,,,,,,,,
Williams,Spuds Lane,10/23/2025 0:00,230,990.2583913,228,820.485,54.42,0.573130435,1.528337898,0.68560256,97.60314945,,,,,,,,,
Williams,Spuds Lane,10/24/2025 0:00,0,0,0,0,0,0,0,0,0,,,,,,,,,
Williams,Spuds Lane,10/25/2025 0:00,0,0,0,0,0,0,0,0,0,,,,,,,,,
Williams,Spuds Lane,10/26/2025 0:00,0,0,0,0,0,0,0,0,0,,,,,,,,,
Williams,Spuds Lane,10/27/2025 0:00,0,0,0,0,0,0,0,0,0,,,,,,,,,
Williams,Spuds Lane,10/28/2025 0:00,221,1011.187525,223,790.905,59.24,0.571095023,1.528337898,0.68560256,97.60314945,,,,,,,,,
Williams,Spuds Lane,10/29/2025 0:00,209,992.0719522,208,773.045,40.85,0.573,1.528337898,0.68560256,97.60314945,,,,,,,,,
Williams,Spuds Lane,10/30/2025 0:00,0,0,0,0,0,0,0,0,0,,,,,,,,,
Williams,Spuds Lane,10/31/2025 0:00,0,0,0,0,0,0,0,0,0,,,,,,,,,
Williams,Spuds Lane,11/1/2025 0:00,0,0,0,0,0,0,0,0,0,,,,,,,,,
Williams,Spuds Lane,11/2/2025 0:00,0,0,0,0,0,0,0,0,0,,,,,,,,,
Williams,Spuds Lane,11/3/2025 0:00,0,0,0,0,0,0,0,0,0,,,,,,,,,
Williams,Spuds Lane,11/4/2025 0:00,0,0,0,0,0,0,0,0,0,,,,,,,,,
Williams,Spuds Lane,11/5/2025 0:00,220,1007.159777,222,802.7,75.55,0.572,1.274431138,1.187706587,97.28452096,,,,,,,,,
Williams,Spuds Lane,11/6/2025 0:00,213,987.4863897,210,819.39,35.38,0.574,1.274431138,1.187706587,97.28452096,,,,,,,,,
Williams,Spuds Lane,11/7/2025 0:00,218,985.3084404,214,785.87,34.24,0.574,1.274431138,1.187706587,97.28452096,,,,,,,,,
Williams,Spuds Lane,11/8/2025 0:00,0,0,0,0,0,0,0,0,0,,,,,,,,,
Williams,Spuds Lane,11/9/2025 0:00,0,0,0,0,0,0,0,0,0,,,,,,,,,
Williams,Spuds Lane,11/10/2025 0:00,0,0,0,0,0,0,0,0,0,,,,,,,,,
Williams,Spuds Lane,11/11/2025 0:00,0,0,0,0,0,0,0,0,0,,,,,,,,,
Williams,Spuds Lane,11/12/2025 0:00,0,0,0,0,0,0,0,0,0,,,,,,,,,
Williams,Spuds Lane,11/13/2025 0:00,0,0,0,0,0,0,0,0,0,,,,,,,,,
Williams,Spuds Lane,11/14/2025 0:00,0,0,0,0,0,0,0,0,0,,,,,,,,,
Williams,Spuds Lane,11/15/2025 0:00,0,0,0,0,0,0,0,0,0,,,,,,,,,
Williams,Spuds Lane,11/16/2025 0:00,0,0,0,0,0,0,0,0,0,,,,,,,,,
Williams,Spuds Lane,11/17/2025 0:00,23,995.237,23,771.46,40.41,0.576,1.274431138,1.187706587,97.28452096,,,,,,,,,
Williams,Spuds Lane,11/18/2025 0:00,43,990.517,43,798.885,54.285,0.577,1.274431138,1.187706587,97.28452096,,,,,,,,,
Williams,Spuds Lane,11/19/2025 0:00,294,987.1231837,291,818.35,69.54,0.574789116,1.274431138,1.187706587,97.28452096,,,,,,,,,
Williams,Spuds Lane,11/20/2025 0:00,217,987.6139816,214,808.35,50.79,0.573368664,1.274431138,1.187706587,97.28452096,,,,,,,,,
Williams,Spuds Lane,11/21/2025 0:00,217,988.6792949,215,805.05,55.55,0.573119816,1.274431138,1.187706587,97.28452096,,,,,,,,,
Williams,Spuds Lane,11/22/2025 0:00,0,0,0,0,0,0,0,0,0,,,,,,,,,
Williams,Spuds Lane,11/23/2025 0:00,0,0,0,0,0,0,0,0,0,,,,,,,,,
Williams,Spuds Lane,11/24/2025 0:00,0,0,0,0,0,0,0,0,0,,,,,,,,,
Williams,Spuds Lane,11/25/2025 0:00,0,0,0,0,0,0,0,0,0,,,,,,,,,
Williams,Spuds Lane,11/26/2025 0:00,225,997.291,224,824.895,69.99,0.571,1.274431138,1.187706587,97.28452096,,,,,,,,,
Williams,Spuds Lane,11/27/2025 0:00,0,0,0,0,0,0,0,0,0,,,,,,,,,
Williams,Spuds Lane,11/28/2025 0:00,0,0,0,0,0,0,0,0,0,,,,,,,,,
Williams,Spuds Lane,11/29/2025 0:00,0,0,0,0,0,0,0,0,0,,,,,,,,,
Williams,Spuds Lane,11/30/2025 0:00,0,0,0,0,0,0,0,0,0,,,,,,,,,
Williams,Spuds Lane,12/1/2025 0:00,43,992.539,42,756.485,41.845,0.574,1.267216704,1.257426637,96.98458465,,,,,,,,,
Williams,Spuds Lane,12/2/2025 0:00,45,991.207,45,742.125,39.495,0.574,1.267216704,1.257426637,96.98458465,,,,,,,,,
Williams,Spuds Lane,12/3/2025 0:00,95,989.2509158,94,698.33,38.43,0.575989474,1.267216704,1.257426637,96.98458465,,,,,,,,,
Williams,Spuds Lane,12/4/2025 0:00,369,986.3380596,365,703.34,46.315,0.574,1.267216704,1.257426637,96.98458465,,,,,,,,,
Williams,Spuds Lane,12/5/2025 0:00,95,984.7985789,94,692.03,38.61,0.571,1.267216704,1.257426637,96.98458465,,,,,,,,,
Williams,Spuds Lane,12/6/2025 0:00,0,0,0,0,0,0,0,0,0,,,,,,,,,
Williams,Spuds Lane,12/7/2025 0:00,0,0,0,0,0,0,0,0,0,,,,,,,,,
Williams,Spuds Lane,12/8/2025 0:00,1,1051.792,0,684.505,34.12,0.586,1.267216704,1.257426637,96.98458465,,,,,,,,,
Williams,Spuds Lane,12/9/2025 0:00,0,0,0,0,0,0,0,0,0,,,,,,,,,
Williams,Spuds Lane,12/10/2025 0:00,0,0,0,0,0,0,0,0,0,,,,,,,,,
Williams,Spuds Lane,12/11/2025 0:00,238,1007.264067,240,710.25,51.915,0.577,1.267216704,1.257426637,96.98458465,,,,,,,,,
Williams,Spuds Lane,12/12/2025 0:00,0,0,0,0,0,0,0,0,0,,,,,,,,,
Williams,Spuds Lane,12/13/2025 0:00,0,0,0,0,0,0,0,0,0,,,,,,,,,
Williams,Spuds Lane,12/14/2025 0:00,0,0,0,0,0,0,0,0,0,,,,,,,,,
Williams,Spuds Lane,12/15/2025 0:00,0,0,0,0,0,0,0,0,0,,,,,,,,,
Williams,Spuds Lane,12/16/2025 0:00,0,0,0,0,0,0,0,0,0,,,,,,,,,
Williams,Spuds Lane,12/17/2025 0:00,0,0,0,0,0,0,0,0,0,,,,,,,,,
Williams,Spuds Lane,12/18/2025 0:00,0,0,0,0,0,0,0,0,0,,,,,,,,,
Williams,Spuds Lane,12/19/2025 0:00,0,0,0,0,0,0,0,0,0,,,,,,,,,
Williams,Spuds Lane,12/20/2025 0:00,0,0,0,0,0,0,0,0,0,,,,,,,,,
Williams,Spuds Lane,12/21/2025 0:00,0,0,0,0,0,0,0,0,0,,,,,,,,,
Williams,Spuds Lane,12/22/2025 0:00,0,0,0,0,0,0,0,0,0,,,,,,,,,
Williams,Spuds Lane,12/23/2025 0:00,0,0,0,0,0,0,0,0,0,,,,,,,,,
Williams,Spuds Lane,12/24/2025 0:00,0,0,0,0,0,0,0,0,0,,,,,,,,,
Williams,Spuds Lane,12/25/2025 0:00,0,0,0,0,0,0,0,0,0,,,,,,,,,
Williams,Spuds Lane,12/26/2025 0:00,0,0,0,0,0,0,0,0,0,,,,,,,,,
Williams,Spuds Lane,12/27/2025 0:00,0,0,0,0,0,0,0,0,0,,,,,,,,,
Williams,Spuds Lane,12/28/2025 0:00,0,0,0,0,0,0,0,0,0,,,,,,,,,
Williams,Spuds Lane,12/29/2025 0:00,0,0,0,0,0,0,0,0,0,,,,,,,,,
Williams,Spuds Lane,12/30/2025 0:00,0,0,0,0,0,0,0,0,0,,,,,,,,,
Williams,Spuds Lane,12/31/2025 0:00,0,0,0,0,0,0,0,0,0,,,,,,,,,
Williams,Spuds Lane,1/1/2026 0:00,0,0,0,0,0,0,0,0,0,,,,,,,,,
Williams,Spuds Lane,1/2/2026 0:00,0,0,0,0,0,0,0,0,0,,,,,,,,,
Williams,Spuds Lane,1/3/2026 0:00,0,0,0,0,0,0,0,0,0,,,,,,,,,
Williams,Spuds Lane,1/4/2026 0:00,0,0,0,0,0,0,0,0,0,,,,,,,,,
Williams,Spuds Lane,1/5/2026 0:00,0,0,0,0,0,0,0,0,0,,,,,,,,,
Williams,Spuds Lane,1/6/2026 0:00,0,0,0,0,0,0,0,0,0,,,,,,,,,
Williams,Spuds Lane,1/7/2026 0:00,0,0,0,0,0,0,0,0,0,,,,,,,,,
Williams,Spuds Lane,1/8/2026 0:00,0,0,0,0,0,0,0,0,0,,,,,,,,,
Williams,Spuds Lane,1/9/2026 0:00,0,0,0,0,0,0,0,0,0,,,,,,,,,
Williams,Spuds Lane,1/10/2026 0:00,0,0,0,0,0,0,0,0,0,,,,,,,,,
Williams,Spuds Lane,1/11/2026 0:00,0,0,0,0,0,0,0,0,0,,,,,,,,,
Williams,Spuds Lane,1/12/2026 0:00,24,1050.336125,25,784.195,45.11,0.583,0.628967177,1.026037199,95.99,,,,,,,,,
Williams,Spuds Lane,1/13/2026 0:00,182,1021.912505,186,783.835,59.135,0.577153846,0.628967177,1.026037199,95.99,,,,,,,,,
Williams,Spuds Lane,1/14/2026 0:00,15,993.473,15,707.57,27.055,0.571,0.628967177,1.026037199,95.99,,,,,,,,,
Williams,Spuds Lane,1/15/2026 0:00,0,0,0,0,0,0,0,0,0,,,,,,,,,
Williams,Spuds Lane,1/16/2026 0:00,0,0,0,0,0,0,0,0,0,,,,,,,,,
Williams,Spuds Lane,1/17/2026 0:00,0,0,0,0,0,0,0,0,0,,,,,,,,,
Williams,Spuds Lane,1/18/2026 0:00,0,0,0,0,0,0,0,0,0,,,,,,,,,
Williams,Spuds Lane,1/19/2026 0:00,0,0,0,0,0,0,0,0,0,,,,,,,,,
Williams,Spuds Lane,1/20/2026 0:00,0,0,0,0,0,0,0,0,0,,,,,,,,,
Williams,Spuds Lane,1/21/2026 0:00,0,0,0,0,0,0,0,0,0,,,,,,,,,
Williams,Spuds Lane,1/22/2026 0:00,0,0,0,0,0,0,0,0,0,,,,,,,,,
Williams,Spuds Lane,1/23/2026 0:00,0,0,0,0,0,0,0,0,0,,,,,,,,,
Williams,Spuds Lane,1/24/2026 0:00,0,0,0,0,0,0,0,0,0,,,,,,,,,
Williams,Spuds Lane,1/25/2026 0:00,0,0,0,0,0,0,0,0,0,,,,,,,,,
Williams,Spuds Lane,1/26/2026 0:00,0,0,0,0,0,0,0,0,0,,,,,,,,,
Williams,Spuds Lane,1/27/2026 0:00,78,1052.102,82,633.015,30.47,0.588,0.628967177,1.026037199,95.99,,,,,,,,,
Williams,Spuds Lane,1/28/2026 0:00,158,990.24,155,662.035,33.16,0.572,0.628967177,1.026037199,95.99,,,,,,,,,
Williams,Spuds Lane,1/29/2026 0:00,0,0,0,0,0,0,0,0,0,,,,,,,,,
Williams,Spuds Lane,1/30/2026 0:00,0,0,0,0,0,0,0,0,0,,,,,,,,,
Williams,Spuds Lane,1/31/2026 0:00,0,0,0,0,0,0,0,0,0,,,,,,,,,
Williams,Spuds Lane,2/1/2026 0:00,0,0,0,0,0,0,0,0,0,,,,,,,,,
Williams,Spuds Lane,2/2/2026 0:00,0,0,0,0,0,0,0,0,0,,,,,,,,,
Williams,Spuds Lane,2/3/2026 0:00,16,1053.683,17,712.775,42.31,0.588,1.471712911,1.08453171,97.28,,,,,,,,,
Williams,Spuds Lane,2/4/2026 0:00,228,986.941,225,716.32,39.14,0.573,1.471712911,1.08453171,97.28,,,,,,,,,
Williams,Spuds Lane,2/5/2026 0:00,0,0,0,0,0,0,0,0,0,,,,,,,,,
Williams,Spuds Lane,2/6/2026 0:00,34,994.162,34,676.845,35.465,0.573,1.471712911,1.08453171,97.28,,,,,,,,,
Williams,Spuds Lane,2/7/2026 0:00,46,988.907,45,663.135,26.77,0.576,1.471712911,1.08453171,97.28,,,,,,,,,
Williams,Spuds Lane,2/8/2026 0:00,42,991.82,42,664.935,20.72,0.574,1.471712911,1.08453171,97.28,,,,,,,,,
Williams,Spuds Lane,2/9/2026 0:00,3,991.588,3,720.845,36.675,0.573,1.471712911,1.08453171,97.28,,,,,,,,,
Williams,Spuds Lane,2/10/2026 0:00,275,994.0973455,273,750.125,65.96,0.575098182,1.471712911,1.08453171,97.28,,,,,,,,,
Williams,Spuds Lane,2/11/2026 0:00,80,990.7657375,79,747.11,44.46,0.574225,1.471712911,1.08453171,97.28,,,,,,,,,
Williams,Spuds Lane,2/12/2026 0:00,215,989.283814,213,755.905,22.545,0.574,1.471712911,1.08453171,97.28,,,,,,,,,
Williams,Spuds Lane,2/13/2026 0:00,234,987.3487778,232,755.525,56.39,0.574760684,1.471712911,1.08453171,97.28,,,,,,,,,
Williams,Spuds Lane,2/14/2026 0:00,0,0,0,0,0,0,0,0,0,,,,,,,,,
Williams,Spuds Lane,2/15/2026 0:00,1,1055.879,1,762.715,45.745,0.59,1.471712911,1.08453171,97.28,,,,,,,,,
Williams,Spuds Lane,2/16/2026 0:00,47,994.869,46,751.995,38.74,0.573,1.471712911,1.08453171,97.28,,,,,,,,,
Williams,Spuds Lane,2/17/2026 0:00,262,985.9138206,259,757.915,61.96,0.574,1.471712911,1.08453171,97.28,,,,,,,,,
Williams,Spuds Lane,2/18/2026 0:00,47,990.139,46,791.895,62.345,0.575,1.471712911,1.08453171,97.28,,,,,,,,,
Williams,Spuds Lane,2/19/2026 0:00,236,987.1622119,232,789.885,47.475,0.574,1.471712911,1.08453171,97.28,,,,,,,,,
Williams,Spuds Lane,2/20/2026 0:00,0,0,0,0,0,0,0,0,0,,,,,,,,,
Williams,Spuds Lane,2/21/2026 0:00,0,0,0,0,0,0,0,0,0,,,,,,,,,
Williams,Spuds Lane,2/22/2026 0:00,0,0,0,0,0,0,0,0,0,,,,,,,,,
Williams,Spuds Lane,2/23/2026 0:00,0,0,0,0,0,0,0,0,0,,,,,,,,,
Williams,Spuds Lane,2/24/2026 0:00,0,0,0,0,0,0,0,0,0,,,,,,,,,
Williams,Spuds Lane,2/25/2026 0:00,0,0,0,0,0,0,0,0,0,,,,,,,,,
Williams,Spuds Lane,2/26/2026 0:00,0,0,0,0,0,0,0,0,0,,,,,,,,,
Williams,Spuds Lane,2/27/2026 0:00,0,0,0,0,0,0,0,0,0,,,,,,,,,
Williams,Spuds Lane,2/28/2026 0:00,0,0,0,0,0,0,0,0,0,,,,,,,,,
Williams,Spuds Lane,3/1/2026 0:00,0,0,0,0,0,0,0,0,0,,,,,,,,,
Williams,Spuds Lane,3/2/2026 0:00,12,1013.012,12,708.805,45.07,0.575,0.938305335,1.007778439,98.0161347,,,,,,,,,
Williams,Spuds Lane,3/3/2026 0:00,18,995.69,18,723.86,51.2,0.574,0.938305335,1.007778439,98.0161347,,,,,,,,,
Williams,Spuds Lane,3/4/2026 0:00,25,991.182,25,791.985,70.13,0.575,0.938305335,1.007778439,98.0161347,,,,,,,,,
Williams,Spuds Lane,3/5/2026 0:00,22,1005.084,22,820.77,75.08,0.573,0.938305335,1.007778439,98.0161347,,,,,,,,,
Williams,Spuds Lane,3/6/2026 0:00,227,984.533,223,844.095,74.97,0.574,0.938305335,1.007778439,98.0161347,,,,,,,,,
Williams,Spuds Lane,3/7/2026 0:00,0,0,0,0,0,0,0,0,0,,,,,,,,,
Williams,Spuds Lane,3/8/2026 0:00,0,0,0,0,0,0,0,0,0,,,,,,,,,
Williams,Spuds Lane,3/9/2026 0:00,24,1001.967,25,824.545,70.84,0.572,0.938305335,1.007778439,98.0161347,,,,,,,,,
Williams,Spuds Lane,3/10/2026 0:00,262,990.1931145,259,807.365,81.325,0.573,0.938305335,1.007778439,98.0161347,,,,,,,,,
Williams,Spuds Lane,3/11/2026 0:00,38,997.318,38,805.07,81.215,0.569,0.938305335,1.007778439,98.0161347,,,,,,,,,
Williams,Spuds Lane,3/12/2026 0:00,0,0,0,0,0,0,0,0,0,,,,,,,,,
Williams,Spuds Lane,3/13/2026 0:00,199,991.362,197,822.54,59.385,0.572,0.938305335,1.007778439,98.0161347,,,,,,,,,
Williams,Spuds Lane,3/14/2026 0:00,27,1003.905,28,823.575,56.005,0.563,0.938305335,1.007778439,98.0161347,,,,,,,,,
Williams,Spuds Lane,3/15/2026 0:00,33,1009.706,33,832.165,67.975,0.558,0.938305335,1.007778439,98.0161347,,,,,,,,,
Williams,Spuds Lane,3/16/2026 0:00,270,995.484,268,837.54,56.56,0.566,0.938305335,1.007778439,98.0161347,,,,,,,,,
Williams,Spuds Lane,3/17/2026 0:00,238,1001.838261,238,745.24,53.06,0.563184874,0.938305335,1.007778439,98.0161347,,,,,,,,,
Williams,Spuds Lane,3/18/2026 0:00,272,1000.37425,273,723.91,52.925,0.56475,0.938305335,1.007778439,98.0161347,,,,,,,,,
Williams,Spuds Lane,3/19/2026 0:00,239,1000.835469,240,755.17,64.33,0.564079498,0.938305335,1.007778439,98.0161347,,,,,,,,,
Williams,Spuds Lane,3/20/2026 0:00,236,998.3425847,235,778.975,75.47,0.565161017,0.938305335,1.007778439,98.0161347,,,,,,,,,
Williams,Spuds Lane,3/21/2026 0:00,0,0,0,0,0,0,0,0,0,,,,,,,,,
Williams,Spuds Lane,3/22/2026 0:00,430,986.119,424,841.82,78.955,0.572,0.938305335,1.007778439,98.0161347,,,,,,,,,
Williams,Spuds Lane,3/23/2026 0:00,6,1012.753,6,797.545,53.57,0.568,0.938305335,1.007778439,98.0161347,,,,,,,,,
Williams,Spuds Lane,3/24/2026 0:00,220,1006.450273,220,791.895,35.145,0.560218182,0.938305335,1.007778439,98.0161347,,,,,,,,,
Williams,Spuds Lane,3/25/2026 0:00,260,1001.809558,262,777.23,40.07,0.562576923,0.938305335,1.007778439,98.0161347,,,,,,,,,
Williams,Spuds Lane,3/26/2026 0:00,254,1001.633252,254,793.35,59.265,0.563566929,0.938305335,1.007778439,98.0161347,,,,,,,,,
Williams,Spuds Lane,3/27/2026 0:00,51,1005.18,51,806.935,61.48,0.563,0.938305335,1.007778439,98.0161347,,,,,,,,,
Williams,Spuds Lane,3/28/2026 0:00,406,988.068,402,826.425,54.1,0.572,0.938305335,1.007778439,98.0161347,,,,,,,,,
Williams,Spuds Lane,3/29/2026 0:00,272,991.2198676,268,804.035,65.495,0.570985294,0.938305335,1.007778439,98.0161347,,,,,,,,,
Williams,Spuds Lane,3/30/2026 0:00,256,991.714,254,824.635,73.54,0.571,0.938305335,1.007778439,98.0161347,,,,,,,,,
Williams,Spuds Lane,3/31/2026 0:00,239,991.002,238,832.06,83.785,0.571,0.938305335,1.007778439,98.0161347,,,,,,,,,
Williams,Spuds Lane,4/1/2026 0:00,254,996.5636614,253,782.725,82.94,0.568165354,1.483486125,0.632754484,97.87593452,,,,,,,,,
Williams,Spuds Lane,4/2/2026 0:00,46,1007.771,46,805.91,73.015,0.56,1.483486125,0.632754484,97.87593452,,,,,,,,,
Williams,Spuds Lane,4/3/2026 0:00,453,991.2482737,449,800.18,86.435,0.570556291,1.483486125,0.632754484,97.87593452,,,,,,,,,
Williams,Spuds Lane,4/4/2026 0:00,250,997.241744,250,792.905,82.45,0.567088,1.483486125,0.632754484,97.87593452,,,,,,,,,
Williams,Spuds Lane,4/5/2026 0:00,266,1001.797985,266,785.255,67.08,0.565,1.483486125,0.632754484,97.87593452,,,,,,,,,
Williams,Spuds Lane,4/6/2026 0:00,51,1003.792,51,770.435,55.715,0.564,1.483486125,0.632754484,97.87593452,,,,,,,,,
Williams,Spuds Lane,4/7/2026 0:00,477,993.9944864,475,804.085,70.94,0.569587002,1.483486125,0.632754484,97.87593452,,,,,,,,,
Williams,Spuds Lane,4/8/2026 0:00,35,999.258,34,798.83,52.01,0.569,1.483486125,0.632754484,97.87593452,,,,,,,,,
Williams,Spuds Lane,4/9/2026 0:00,257,991.094,255,826.815,65.905,0.571,1.483486125,0.632754484,97.87593452,,,,,,,,,
Williams,Spuds Lane,4/10/2026 0:00,272,991.9015,270,753.635,48.815,0.573,1.483486125,0.632754484,97.87593452,,,,,,,,,
Williams,Spuds Lane,4/11/2026 0:00,58,995.657,58,763.195,68.695,0.572,1.483486125,0.632754484,97.87593452,,,,,,,,,
Williams,Spuds Lane,4/12/2026 0:00,471,989.7313631,466,750.685,64.515,0.573165605,1.483486125,0.632754484,97.87593452,,,,,,,,,
Williams,Spuds Lane,4/13/2026 0:00,56,991.556,56,771.93,75.49,0.576,1.483486125,0.632754484,97.87593452,,,,,,,,,
Williams,Spuds Lane,4/14/2026 0:00,250,991.614,247,748.335,85.055,0.576,1.483486125,0.632754484,97.87593452,,,,,,,,,
Williams,Spuds Lane,4/15/2026 0:00,251,991.614,250,805.725,95,0.576,1.483486125,0.632754484,97.87593452,,,,,,,,,
Williams,Spuds Lane,4/16/2026 0:00,238,991.614,235,806.55,74.84,0.576,1.483486125,0.632754484,97.87593452,,,,,,,,,
Williams,Spuds Lane,4/17/2026 0:00,243,991.614,241,784.92,63.405,0.576,1.483486125,0.632754484,97.87593452,,,,,,,,,
Williams,Spuds Lane,4/18/2026 0:00,15,991.614,15,768.945,87.04,0.576,1.483486125,0.632754484,97.87593452,,,,,,,,,
Williams,Spuds Lane,4/19/2026 0:00,404,991.6336856,401,784.435,54.755,0.576,1.483486125,0.632754484,97.87593452,,,,,,,,,
Williams,Spuds Lane,4/20/2026 0:00,36,997.123,36,792.12,58.66,0.57,1.483486125,0.632754484,97.87593452,,,,,,,,,
Williams,Spuds Lane,4/21/2026 0:00,249,996.1498434,247,801.515,66.945,0.568771084,1.483486125,0.632754484,97.87593452,,,,,,,,,
Williams,Spuds Lane,4/22/2026 0:00,261,990.585977,259,798.065,87.26,0.571597701,1.483486125,0.632754484,97.87593452,,,,,,,,,
Williams,Spuds Lane,4/23/2026 0:00,255,993.6354314,253,785.795,63.125,0.571,1.483486125,0.632754484,97.87593452,,,,,,,,,
Williams,Spuds Lane,4/24/2026 0:00,17,996.895,18,809.85,82.36,0.571,1.483486125,0.632754484,97.87593452,,,,,,,,,
Williams,Spuds Lane,4/25/2026 0:00,418,988.8,412,833.305,80.17,0.573,1.483486125,0.632754484,97.87593452,,,,,,,,,
Williams,Spuds Lane,4/26/2026 0:00,3,1007.054,4,808.64,55.13,0.574,1.483486125,0.632754484,97.87593452,,,,,,,,,
Williams,Spuds Lane,4/27/2026 0:00,46,998.561,46,809.28,56.785,0.569,1.483486125,0.632754484,97.87593452,,,,,,,,,
Williams,Spuds Lane,4/28/2026 0:00,37,996.888,36,799.9,63.985,0.571,1.483486125,0.632754484,97.87593452,,,,,,,,,
Williams,Spuds Lane,4/29/2026 0:00,215,988.957,213,818.205,72.445,0.573,1.483486125,0.632754484,97.87593452,,,,,,,,,
Williams,Spuds Lane,4/30/2026 0:00,26,996.182,26,763.33,69.34,0.571,1.483486125,0.632754484,97.87593452,,,,,,,,,
Williams,Spuds Lane,5/1/2026 0:00,39,995.003,39,778.365,60.515,0.573,0.814855404,0.781009689,98.32,,,,,,,,,
Williams,Spuds Lane,5/2/2026 0:00,221,992.3516697,219,749.67,67.67,0.572,0.814855404,0.781009689,98.32,,,,,,,,,
Williams,Spuds Lane,5/3/2026 0:00,225,995.9277111,223,737.05,43.825,0.575,0.814855404,0.781009689,98.32,,,,,,,,,
Williams,Spuds Lane,5/4/2026 0:00,168,993.3459643,169,744.02,67.275,0.573892857,0.814855404,0.781009689,98.32,,,,,,,,,
Williams,Spuds Lane,5/5/2026 0:00,77,989.109,75,739.81,54.135,0.574,0.814855404,0.781009689,98.32,,,,,,,,,
Williams,Spuds Lane,5/6/2026 0:00,48,993.497,47,725.73,71.465,0.574,0.814855404,0.781009689,98.32,,,,,,,,,
Williams,Spuds Lane,5/7/2026 0:00,47,1002.414,48,725.79,53.2,0.566,0.814855404,0.781009689,98.32,,,,,,,,,
Williams,Spuds Lane,5/8/2026 0:00,47,1005.566,47,730.77,63.945,0.563,0.814855404,0.781009689,98.32,,,,,,,,,
Williams,Spuds Lane,5/9/2026 0:00,47,1006.014,47,740.29,69.575,0.562,0.814855404,0.781009689,98.32,,,,,,,,,
Williams,Spuds Lane,5/10/2026 0:00,7,1011.898,7,748.77,75.575,0.565,0.814855404,0.781009689,98.32,,,,,,,,,
Williams,Spuds Lane,5/11/2026 0:00,50,1001.784,51,728.96,49.965,0.566,0.814855404,0.781009689,98.32,,,,,,,,,
Williams,Spuds Lane,5/12/2026 0:00,48,1004.12,48,786.305,63.87,0.564,0.814855404,0.781009689,98.32,,,,,,,,,
Williams,Spuds Lane,5/13/2026 0:00,46,1005.881,46,769.245,70.66,0.562,0.814855404,0.781009689,98.32,,,,,,,,,
Williams,Spuds Lane,5/14/2026 0:00,45,1002.346,46,799.795,61.64,0.565,0.814855404,0.781009689,98.32,,,,,,,,,
Williams,Spuds Lane,5/15/2026 0:00,34,1003.743,34,798.445,66.91,0.564,0.814855404,0.781009689,98.32,,,,,,,,,
Williams,Spuds Lane,5/16/2026 0:00,0,0,0,0,0,0,0,0,0,,,,,,,,,
Williams,Spuds Lane,5/17/2026 0:00,0,0,0,0,0,0,0,0,0,,,,,,,,,
Williams,Spuds Lane,5/18/2026 0:00,26,1003.769,26,793.525,82.28,0.565,0.814855404,0.781009689,98.32,,,,,,,,,
Williams,Spuds Lane,5/19/2026 0:00,244,996.5938934,242,815.015,96.625,0.566364754,0.814855404,0.781009689,98.32,,,,,,,,,
Williams,Spuds Lane,5/20/2026 0:00,242,995.7073306,241,791.995,77.255,0.566520661,0.814855404,0.781009689,98.32,,,,,,,,,
Williams,Spuds Lane,5/21/2026 0:00,253,998.3252174,253,765.21,68.125,0.566225296,0.814855404,0.781009689,98.32,,,,,,,,,
Williams,Spuds Lane,5/22/2026 0:00,465,996.4192774,463,736.885,51.83,0.565845161,0.814855404,0.781009689,98.32,,,,,,,,,
Williams,Spuds Lane,5/23/2026 0:00,46,1006.228,46,749.505,63.805,0.562,0.814855404,0.781009689,98.32,,,,,,,,,
Williams,Spuds Lane,5/24/2026 0:00,462,1001.136273,463,772.645,78.39,0.562848485,0.814855404,0.781009689,98.32,,,,,,,,,
Williams,Spuds Lane,5/25/2026 0:00,45,1007.907,46,760.745,76.685,0.56,0.814855404,0.781009689,98.32,,,,,,,,,
Williams,Spuds Lane,5/26/2026 0:00,255,1004.711882,256,758.11,70.135,0.561,0.814855404,0.781009689,98.32,,,,,,,,,
Williams,Spuds Lane,5/27/2026 0:00,221,1001.429855,221,757.595,71.56,0.564,0.814855404,0.781009689,98.32,,,,,,,,,
Williams,Spuds Lane,5/28/2026 0:00,199,1003.024176,200,794.125,71.515,0.563,0.814855404,0.781009689,98.32,,,,,,,,,
Williams,Spuds Lane,5/29/2026 0:00,0,0,0,0,0,0,0,0,0,,,,,,,,,
Williams,Spuds Lane,5/30/2026 0:00,418,998.6249713,417,747.755,87.31,0.566,0.814855404,0.781009689,98.32,,,,,,,,,
Williams,Spuds Lane,5/31/2026 0:00,0,0,0,0,0,0,0,0,0,,,,,,,,,
Williams,Spuds Lane,6/1/2026 0:00,0,0,0,0,0,0,0,0,0,,,,,,,,,
Williams,Spuds Lane,6/2/2026 0:00,204,1004.269926,204,802.81,79.45,0.567,0.767264658,0.811551372,98.23335691,,,,,,,,,
Williams,Spuds Lane,6/3/2026 0:00,0,0,0,0,0,0,0,0,0,,,,,,,,,
Williams,Spuds Lane,6/4/2026 0:00,0,0,0,0,0,0,0,0,0,,,,,,,,,
Williams,Spuds Lane,6/5/2026 0:00,0,0,0,0,0,0,0,0,0,,,,,,,,,
Williams,Spuds Lane,6/6/2026 0:00,0,0,0,0,0,0,0,0,0,,,,,,,,,
Williams,Spuds Lane,6/7/2026 0:00,70,1009.957,71,821.615,86.265,0.568,0.767264658,0.811551372,98.23335691,,,,,,,,,
Williams,Spuds Lane,6/8/2026 0:00,377,993.278,375,817.225,82.845,0.568,0.767264658,0.811551372,98.23335691,,,,,,,,,
Williams,Spuds Lane,6/9/2026 0:00,266,1004.904098,267,796.065,84.185,0.561409774,0.767264658,0.811551372,98.23335691,,,,,,,,,
Williams,Spuds Lane,6/10/2026 0:00,213,996.439,212,808.625,87.555,0.565,0.767264658,0.811551372,98.23335691,,,,,,,,,
Williams,Spuds Lane,6/11/2026 0:00,105,1012.892619,107,793.205,91.17,0.563,0.767264658,0.811551372,98.23335691,,,,,,,,,
Williams,Spuds Lane,6/12/2026 0:00,301,996.114,299,785.71,98.965,0.565,0.767264658,0.811551372,98.23335691,,,,,,,,,
Williams,Spuds Lane,6/13/2026 0:00,0,0,0,0,0,0,0,0,0,,,,,,,,,
Williams,Spuds Lane,6/14/2026 0:00,0,0,0,0,0,0,0,0,0,,,,,,,,,
Williams,Spuds Lane,6/15/2026 0:00,171,1018.31562,175,769.34,73.94,0.567,0.767264658,0.811551372,98.23335691,,,,,,,,,
Williams,Spuds Lane,6/16/2026 0:00,130,1005.644723,131,802.625,80.79,0.564746154,0.767264658,0.811551372,98.23335691,,,,,,,,,
Williams,Spuds Lane,6/17/2026 0:00,317,998.9074763,317,791.915,69.92,0.564,0.767264658,0.811551372,98.23335691,,,,,,,,,
Williams,Spuds Lane,6/18/2026 0:00,201,1000.795174,201,761.72,56.76,0.565,0.767264658,0.811551372,98.23335691,,,,,,,,,
Williams,Spuds Lane,6/19/2026 0:00,0,0,0,0,0,0,0,0,0,,,,,,,,,
Williams,Spuds Lane,6/20/2026 0:00,0,0,0,0,0,0,0,0,0,,,,,,,,,
Williams,Spuds Lane,6/21/2026 0:00,0,0,0,0,0,0,0,0,0,,,,,,,,,
Williams,Spuds Lane,6/22/2026 0:00,0,0,0,0,0,0,0,0,0,,,,,,,,,
Williams,Spuds Lane,6/23/2026 0:00,36,1001.902,36,715.19,70.195,0.568,0.767264658,0.811551372,98.23335691,,,,,,,,,
Williams,Spuds Lane,6/24/2026 0:00,463,999.8731296,463,725.39,85.805,0.565319654,0.767264658,0.811551372,98.23335691,,,,,,,,,
Williams,Spuds Lane,6/25/2026 0:00,158,998.8533165,158,775.45,82.95,0.568955696,0.767264658,0.811551372,98.23335691,,,,,,,,,
Williams,Spuds Lane,6/26/2026 0:00,169,996.363426,168,771.74,89.545,0.568301775,0.767264658,0.811551372,98.23335691,,,,,,,,,
Williams,Spuds Lane,6/27/2026 0:00,220,994.2329818,218,761.925,72.31,0.571490909,0.767264658,0.811551372,98.23335691,,,,,,,,,
Williams,Spuds Lane,6/28/2026 0:00,206,992.8855243,204,785.515,81.12,0.573,0.767264658,0.811551372,98.23335691,,,,,,,,,
Williams,Spuds Lane,6/29/2026 0:00,84,994.6902857,85,780.705,85.23,0.569821429,0.767264658,0.811551372,98.23335691,,,,,,,,,
Williams,Spuds Lane,6/30/2026 0:00,27,996.251,26,798.185,89.39,0.571,0.767264658,0.811551372,98.23335691,,,,,,,,,
Tallgrass,Scott City,6/1/2025 0:00,0,0,0,0,0,0,0,0,0,,,,,,,,,
Tallgrass,Scott City,6/2/2025 0:00,0,0,0,0,0,0,0,0,0,,,,,,,,,
Tallgrass,Scott City,6/3/2025 0:00,0,0,0,0,0,0,0,0,0,,,,,,,,,
Tallgrass,Scott City,6/4/2025 0:00,0,0,0,0,0,0,0,0,0,,,,,,,,,
Tallgrass,Scott City,6/5/2025 0:00,0,0,0,0,0,0,0,0,0,,,,,,,,,
Tallgrass,Scott City,6/6/2025 0:00,0,0,0,0,0,0,0,0,0,,,,,,,,,
Tallgrass,Scott City,6/7/2025 0:00,0,0,0,0,0,0,0,0,0,,,,,,,,,
Tallgrass,Scott City,6/8/2025 0:00,0,0,0,0,0,0,0,0,0,,,,,,,,,
Tallgrass,Scott City,6/9/2025 0:00,0,0,0,0,0,0,0,0,0,,,,,,,,,
Tallgrass,Scott City,6/10/2025 0:00,0,0,0,0,0,0,0,0,0,,,,,,,,,
Tallgrass,Scott City,6/11/2025 0:00,0,0,0,0,0,0,0,0,0,,,,,,,,,
Tallgrass,Scott City,6/12/2025 0:00,0,0,0,0,0,0,0,0,0,,,,,,,,,
Tallgrass,Scott City,6/13/2025 0:00,0,0,0,0,0,0,0,0,0,,,,,,,,,
Tallgrass,Scott City,6/14/2025 0:00,0,0,0,0,0,0,0,0,0,,,,,,,,,
Tallgrass,Scott City,6/15/2025 0:00,0,0,0,0,0,0,0,0,0,,,,,,,,,
Tallgrass,Scott City,6/16/2025 0:00,0,0,0,0,0,0,0,0,0,,,,,,,,,
Tallgrass,Scott City,6/17/2025 0:00,0,0,0,0,0,0,0,0,0,,,,,,,,,
Tallgrass,Scott City,6/18/2025 0:00,0,0,0,0,0,0,0,0,0,,,,,,,,,
Tallgrass,Scott City,6/19/2025 0:00,21,1014.33,21,583.47,87.43,0.5548,0,0,100,,,,,,,,,
Tallgrass,Scott City,6/20/2025 0:00,135,1014.33,137,580.49,95.7,0.5548,0,0,100,,,,,,,,,
Tallgrass,Scott City,6/21/2025 0:00,210,1014.33,213,579.99,99.97,0.5548,0,0,100,,,,,,,,,
Tallgrass,Scott City,6/22/2025 0:00,0,0,0,0,0,0,0,0,0,,,,,,,,,
Tallgrass,Scott City,6/23/2025 0:00,0,0,0,0,0,0,0,0,0,,,,,,,,,
Tallgrass,Scott City,6/24/2025 0:00,0,0,0,0,0,0,0,0,0,,,,,,,,,
Tallgrass,Scott City,6/25/2025 0:00,59,1014.33,59,591.19,89.75,0.5548,0,0,100,,,,,,,,,
Tallgrass,Scott City,6/26/2025 0:00,91,1014.33,93,595.34,99.08,0.5548,0,0,100,,,,,,,,,
Tallgrass,Scott City,6/27/2025 0:00,97,1014.33,99,589.91,95.76,0.5548,0,0,100,,,,,,,,,
Tallgrass,Scott City,6/28/2025 0:00,452,1014.33,458,580.75,80.62,0.5548,0,0,100,,,,,,,,,
Tallgrass,Scott City,6/29/2025 0:00,630,1014.33,639,581.58,88.03,0.5548,0,0,100,,,,,,,,,
Tallgrass,Scott City,6/30/2025 0:00,150,1014.33,152,580.31,89.4,0.5548,0,0,100,,,,,,,,,
Tallgrass,Scott City,7/1/2025 0:00,0,0,0,0,0,0,0,0,0,,,,,,,,,
Tallgrass,Scott City,7/2/2025 0:00,0,0,0,0,0,0,0,0,0,,,,,,,,,
Tallgrass,Scott City,7/3/2025 0:00,0,0,0,0,0,0,0,0,0,,,,,,,,,
Tallgrass,Scott City,7/4/2025 0:00,0,0,0,0,0,0,0,0,0,,,,,,,,,
Tallgrass,Scott City,7/5/2025 0:00,0,0,0,0,0,0,0,0,0,,,,,,,,,
Tallgrass,Scott City,7/6/2025 0:00,0,0,0,0,0,0,0,0,0,,,,,,,,,
Tallgrass,Scott City,7/7/2025 0:00,0,0,0,0,0,0,0,0,0,,,,,,,,,
Tallgrass,Scott City,7/8/2025 0:00,0,0,0,0,0,0,0,0,0,,,,,,,,,
Tallgrass,Scott City,7/9/2025 0:00,4,1058.64,4,615.12,96.88,0.6125,0.925,0.259,98.717,,,,,,,,,
Tallgrass,Scott City,7/10/2025 0:00,0,0,0,0,0,0,0,0,0,,,,,,,,,
Tallgrass,Scott City,7/11/2025 0:00,164,997.14,164,612.6,89.42,0.5693,0.925,0.259,98.717,,,,,,,,,
Tallgrass,Scott City,7/12/2025 0:00,35,1002.72,36,610.3,80.91,0.57,0.925,0.259,98.717,,,,,,,,,
Tallgrass,Scott City,7/13/2025 0:00,0,0,0,0,0,0,0,0,0,,,,,,,,,
Tallgrass,Scott City,7/14/2025 0:00,0,0,0,0,0,0,0,0,0,,,,,,,,,
Tallgrass,Scott City,7/15/2025 0:00,422,1006.24,424,598.87,81.12,0.5662,0.925,0.259,98.717,,,,,,,,,
Tallgrass,Scott City,7/16/2025 0:00,499,1003.62,501,615.38,71.29,0.5647,0.925,0.259,98.717,,,,,,,,,
Tallgrass,Scott City,7/17/2025 0:00,497,1003.53,498,624.36,74.09,0.5641,0.925,0.259,98.717,,,,,,,,,
Tallgrass,Scott City,7/18/2025 0:00,492,1004.04,494,633.03,81.98,0.5638,0.925,0.259,98.717,,,,,,,,,
Tallgrass,Scott City,7/19/2025 0:00,365,1004.4,366,635.84,89.07,0.5636,0.925,0.259,98.717,,,,,,,,,
Tallgrass,Scott City,7/20/2025 0:00,31,1050.81,33,650.38,82.44,0.6066,0.925,0.259,98.717,,,,,,,,,
Tallgrass,Scott City,7/21/2025 0:00,233,1005.45,234,651.79,97.72,0.5635,0.925,0.259,98.717,,,,,,,,,
Tallgrass,Scott City,7/22/2025 0:00,0,0,0,0,0,0,0,0,0,,,,,,,,,
Tallgrass,Scott City,7/23/2025 0:00,510,1005.08,512,671.34,81.66,0.565,0.925,0.259,98.717,,,,,,,,,
Tallgrass,Scott City,7/24/2025 0:00,512,1003.28,514,676.81,78.34,0.5653,0.925,0.259,98.717,,,,,,,,,
Tallgrass,Scott City,7/25/2025 0:00,506,1002.69,507,696.91,79.63,0.5655,0.925,0.259,98.717,,,,,,,,,
Tallgrass,Scott City,7/26/2025 0:00,498,1001.8,498,700.37,83.91,0.5658,0.925,0.259,98.717,,,,,,,,,
Tallgrass,Scott City,7/27/2025 0:00,458,1000.05,458,699.86,85.05,0.5667,0.925,0.259,98.717,,,,,,,,,
Tallgrass,Scott City,7/28/2025 0:00,439,1000.35,439,701.13,84.98,0.5676,0.925,0.259,98.717,,,,,,,,,
Tallgrass,Scott City,7/29/2025 0:00,29,999.18,29,696.95,89.77,0.5688,0.925,0.259,98.717,,,,,,,,,
Tallgrass,Scott City,7/30/2025 0:00,0,0,0,0,0,0,0,0,0,,,,,,,,,
Tallgrass,Scott City,7/31/2025 0:00,0,0,0,0,0,0,0,0,0,,,,,,,,,
Tallgrass,Scott City,8/1/2025 0:00,0,0,0,0,0,0,0,0,0,,,,,,,,,
Tallgrass,Scott City,8/2/2025 0:00,0,0,0,0,0,0,0,0,0,,,,,,,,,
Tallgrass,Scott City,8/3/2025 0:00,0,0,0,0,0,0,0,0,0,,,,,,,,,
Tallgrass,Scott City,8/4/2025 0:00,8,1094.83,9,672.47,77.3,0.6449,1.324,0.328,98.117,,,,,,,,,
Tallgrass,Scott City,8/5/2025 0:00,490,998.98,489,670.37,82.56,0.5693,1.324,0.328,98.117,,,,,,,,,
Tallgrass,Scott City,8/6/2025 0:00,488,999.25,488,663.79,82.82,0.5683,1.324,0.328,98.117,,,,,,,,,
Tallgrass,Scott City,8/7/2025 0:00,99,998.81,99,660.54,96.85,0.5689,1.324,0.328,98.117,,,,,,,,,
Tallgrass,Scott City,8/8/2025 0:00,0,0,0,0,0,0,0,0,0,,,,,,,,,
Tallgrass,Scott City,8/9/2025 0:00,0,0,0,0,0,0,0,0,0,,,,,,,,,
Tallgrass,Scott City,8/10/2025 0:00,0,0,0,0,0,0,0,0,0,,,,,,,,,
Tallgrass,Scott City,8/11/2025 0:00,0,0,0,0,0,0,0,0,0,,,,,,,,,
Tallgrass,Scott City,8/12/2025 0:00,0,0,0,0,0,0,0,0,0,,,,,,,,,
Tallgrass,Scott City,8/13/2025 0:00,0,0,0,0,0,0,0,0,0,,,,,,,,,
Tallgrass,Scott City,8/14/2025 0:00,0,0,0,0,0,0,0,0,0,,,,,,,,,
Tallgrass,Scott City,8/15/2025 0:00,0,0,0,0,0,0,0,0,0,,,,,,,,,
Tallgrass,Scott City,8/16/2025 0:00,0,0,0,0,0,0,0,0,0,,,,,,,,,
Tallgrass,Scott City,8/17/2025 0:00,0,0,0,0,0,0,0,0,0,,,,,,,,,
Tallgrass,Scott City,8/18/2025 0:00,0,0,0,0,0,0,0,0,0,,,,,,,,,
Tallgrass,Scott City,8/19/2025 0:00,0,0,0,0,0,0,0,0,0,,,,,,,,,
Tallgrass,Scott City,8/20/2025 0:00,0,0,0,0,0,0,0,0,0,,,,,,,,,
Tallgrass,Scott City,8/21/2025 0:00,31,1042.9,33,651.59,97.66,0.6101,1.324,0.328,98.117,,,,,,,,,
Tallgrass,Scott City,8/22/2025 0:00,0,0,0,0,0,0,0,0,0,,,,,,,,,
Tallgrass,Scott City,8/23/2025 0:00,0,0,0,0,0,0,0,0,0,,,,,,,,,
Tallgrass,Scott City,8/24/2025 0:00,0,0,0,0,0,0,0,0,0,,,,,,,,,
Tallgrass,Scott City,8/25/2025 0:00,0,0,0,0,0,0,0,0,0,,,,,,,,,
Tallgrass,Scott City,8/26/2025 0:00,14,1064.93,15,649.21,75.12,0.6237,1.324,0.328,98.117,,,,,,,,,
Tallgrass,Scott City,8/27/2025 0:00,414,997.66,413,650.98,73.64,0.5695,1.324,0.328,98.117,,,,,,,,,
Tallgrass,Scott City,8/28/2025 0:00,460,997.06,459,659.7,70.5,0.5693,1.324,0.328,98.117,,,,,,,,,
Tallgrass,Scott City,8/29/2025 0:00,39,997.36,39,663.75,71.2,0.569,1.324,0.328,98.117,,,,,,,,,
Tallgrass,Scott City,8/30/2025 0:00,0,0,0,0,0,0,0,0,0,,,,,,,,,
Tallgrass,Scott City,8/31/2025 0:00,0,0,0,0,0,0,0,0,0,,,,,,,,,
Tallgrass,Scott City,9/1/2025 0:00,0,0,0,0,0,0,0,0,0,,,,,,,,,
Tallgrass,Scott City,9/2/2025 0:00,0,0,0,0,0,0,0,0,0,,,,,,,,,
Tallgrass,Scott City,9/3/2025 0:00,357,999.31,357,670,74.13,0.571,0.974,0.434,98.212,,,,,,,,,
Tallgrass,Scott City,9/4/2025 0:00,335,1001.62,336,657.49,77.78,0.565,0.974,0.434,98.212,,,,,,,,,
Tallgrass,Scott City,9/5/2025 0:00,96,1000.56,96,662.64,54.65,0.5667,0.974,0.434,98.212,,,,,,,,,
Tallgrass,Scott City,9/6/2025 0:00,0,0,0,0,0,0,0,0,0,,,,,,,,,
Tallgrass,Scott City,9/7/2025 0:00,0,0,0,0,0,0,0,0,0,,,,,,,,,
Tallgrass,Scott City,9/8/2025 0:00,0,0,0,0,0,0,0,0,0,,,,,,,,,
Tallgrass,Scott City,9/9/2025 0:00,0,0,0,0,0,0,0,0,0,,,,,,,,,
Tallgrass,Scott City,9/10/2025 0:00,0,0,0,0,0,0,0,0,0,,,,,,,,,
Tallgrass,Scott City,9/11/2025 0:00,0,0,0,0,0,0,0,0,0,,,,,,,,,
Tallgrass,Scott City,9/12/2025 0:00,41,1024.39,42,668.44,92.58,0.5897,0.974,0.434,98.212,,,,,,,,,
Tallgrass,Scott City,9/13/2025 0:00,0,0,0,0,0,0,0,0,0,,,,,,,,,
Tallgrass,Scott City,9/14/2025 0:00,0,0,0,0,0,0,0,0,0,,,,,,,,,
Tallgrass,Scott City,9/15/2025 0:00,44,1027.04,46,648.38,85.59,0.5887,0.974,0.434,98.212,,,,,,,,,
Tallgrass,Scott City,9/16/2025 0:00,373,1005.8,375,659.3,72.73,0.5653,0.974,0.434,98.212,,,,,,,,,
Tallgrass,Scott City,9/17/2025 0:00,106,1001.06,106,662.58,75.63,0.5637,0.974,0.434,98.212,,,,,,,,,
Tallgrass,Scott City,9/18/2025 0:00,0,0,0,0,0,0,0,0,0,,,,,,,,,
Tallgrass,Scott City,9/19/2025 0:00,0,0,0,0,0,0,0,0,0,,,,,,,,,
Tallgrass,Scott City,9/20/2025 0:00,0,0,0,0,0,0,0,0,0,,,,,,,,,
Tallgrass,Scott City,9/21/2025 0:00,0,0,0,0,0,0,0,0,0,,,,,,,,,
Tallgrass,Scott City,9/22/2025 0:00,0,0,0,0,0,0,0,0,0,,,,,,,,,
Tallgrass,Scott City,9/23/2025 0:00,0,0,0,0,0,0,0,0,0,,,,,,,,,
Tallgrass,Scott City,9/24/2025 0:00,0,0,0,0,0,0,0,0,0,,,,,,,,,
Tallgrass,Scott City,9/25/2025 0:00,0,0,0,0,0,0,0,0,0,,,,,,,,,
Tallgrass,Scott City,9/26/2025 0:00,0,0,0,0,0,0,0,0,0,,,,,,,,,
Tallgrass,Scott City,9/27/2025 0:00,0,0,0,0,0,0,0,0,0,,,,,,,,,
Tallgrass,Scott City,9/28/2025 0:00,0,0,0,0,0,0,0,0,0,,,,,,,,,
Tallgrass,Scott City,9/29/2025 0:00,0,0,0,0,0,0,0,0,0,,,,,,,,,
Tallgrass,Scott City,9/30/2025 0:00,0,0,0,0,0,0,0,0,0,,,,,,,,,
Tallgrass,Scott City,10/1/2025 0:00,0,0,0,0,0,0,0,0,0,,,,,,,,,
Tallgrass,Scott City,10/2/2025 0:00,43,1029.37,45,619.73,82.41,0.5908,0.938,0.511,96.669,,,,,,,,,
Tallgrass,Scott City,10/3/2025 0:00,16,1007.11,16,630.44,73.37,0.5666,0.938,0.511,96.669,,,,,,,,,
Tallgrass,Scott City,10/4/2025 0:00,0,0,0,0,0,0,0,0,0,,,,,,,,,
Tallgrass,Scott City,10/5/2025 0:00,3,1077.77,3,632.26,51.66,0.6296,0.938,0.511,96.669,,,,,,,,,
Tallgrass,Scott City,10/6/2025 0:00,180,1002.6,181,630.69,52.95,0.5643,0.938,0.511,96.669,,,,,,,,,
Tallgrass,Scott City,10/7/2025 0:00,68,1015.36,69,642.81,58.44,0.5755,0.938,0.511,96.669,,,,,,,,,
Tallgrass,Scott City,10/8/2025 0:00,81,1012.14,82,659.13,62.32,0.5737,0.938,0.511,96.669,,,,,,,,,
Tallgrass,Scott City,10/9/2025 0:00,0,0,0,0,0,0,0,0,0,,,,,,,,,
Tallgrass,Scott City,10/10/2025 0:00,0,0,0,0,0,0,0,0,0,,,,,,,,,
Tallgrass,Scott City,10/11/2025 0:00,0,0,0,0,0,0,0,0,0,,,,,,,,,
Tallgrass,Scott City,10/12/2025 0:00,0,0,0,0,0,0,0,0,0,,,,,,,,,
Tallgrass,Scott City,10/13/2025 0:00,0,0,0,0,0,0,0,0,0,,,,,,,,,
Tallgrass,Scott City,10/14/2025 0:00,0,0,0,0,0,0,0,0,0,,,,,,,,,
Tallgrass,Scott City,10/15/2025 0:00,0,0,0,0,0,0,0,0,0,,,,,,,,,
Tallgrass,Scott City,10/16/2025 0:00,0,0,0,0,0,0,0,0,0,,,,,,,,,
Tallgrass,Scott City,10/17/2025 0:00,0,0,0,0,0,0,0,0,0,,,,,,,,,
Tallgrass,Scott City,10/18/2025 0:00,0,0,0,0,0,0,0,0,0,,,,,,,,,
Tallgrass,Scott City,10/19/2025 0:00,0,0,0,0,0,0,0,0,0,,,,,,,,,
Tallgrass,Scott City,10/20/2025 0:00,0,0,0,0,0,0,0,0,0,,,,,,,,,
Tallgrass,Scott City,10/21/2025 0:00,0,0,0,0,0,0,0,0,0,,,,,,,,,
Tallgrass,Scott City,10/22/2025 0:00,0,0,0,0,0,0,0,0,0,,,,,,,,,
Tallgrass,Scott City,10/23/2025 0:00,35,1021.91,35,690.71,68.01,0.5821,0.938,0.511,96.669,,,,,,,,,
Tallgrass,Scott City,10/24/2025 0:00,0,0,0,0,0,0,0,0,0,,,,,,,,,
Tallgrass,Scott City,10/25/2025 0:00,0,0,0,0,0,0,0,0,0,,,,,,,,,
Tallgrass,Scott City,10/26/2025 0:00,0,0,0,0,0,0,0,0,0,,,,,,,,,
Tallgrass,Scott City,10/27/2025 0:00,0,0,0,0,0,0,0,0,0,,,,,,,,,
Tallgrass,Scott City,10/28/2025 0:00,0,0,0,0,0,0,0,0,0,,,,,,,,,
Tallgrass,Scott City,10/29/2025 0:00,0,0,0,0,0,0,0,0,0,,,,,,,,,
Tallgrass,Scott City,10/30/2025 0:00,2,1101.24,2,699.21,51.52,0.6488,0.938,0.511,96.669,,,,,,,,,
Tallgrass,Scott City,10/31/2025 0:00,0,0,0,0,0,0,0,0,0,,,,,,,,,
Tallgrass,Scott City,11/1/2025 0:00,0,0,0,0,0,0,0,0,0,,,,,,,,,
Tallgrass,Scott City,11/2/2025 0:00,0,0,0,0,0,0,0,0,0,,,,,,,,,
Tallgrass,Scott City,11/3/2025 0:00,238,1101.24,262,692.47,50.12,0.6488,2.047,0.537,84.069,,,,,,,,,
Tallgrass,Scott City,11/4/2025 0:00,251,1101.24,277,699.07,60.79,0.6488,2.047,0.537,84.069,,,,,,,,,
Tallgrass,Scott City,11/5/2025 0:00,0,0,0,0,0,0,0,0,0,,,,,,,,,
Tallgrass,Scott City,11/6/2025 0:00,0,0,0,0,0,0,0,0,0,,,,,,,,,
Tallgrass,Scott City,11/7/2025 0:00,0,0,0,0,0,0,0,0,0,,,,,,,,,
Tallgrass,Scott City,11/8/2025 0:00,0,0,0,0,0,0,0,0,0,,,,,,,,,
Tallgrass,Scott City,11/9/2025 0:00,0,0,0,0,0,0,0,0,0,,,,,,,,,
Tallgrass,Scott City,11/10/2025 0:00,0,0,0,0,0,0,0,0,0,,,,,,,,,
Tallgrass,Scott City,11/11/2025 0:00,0,0,0,0,0,0,0,0,0,,,,,,,,,
Tallgrass,Scott City,11/12/2025 0:00,0,0,0,0,0,0,0,0,0,,,,,,,,,
Tallgrass,Scott City,11/13/2025 0:00,0,0,0,0,0,0,0,0,0,,,,,,,,,
Tallgrass,Scott City,11/14/2025 0:00,0,0,0,0,0,0,0,0,0,,,,,,,,,
Tallgrass,Scott City,11/15/2025 0:00,0,0,0,0,0,0,0,0,0,,,,,,,,,
Tallgrass,Scott City,11/16/2025 0:00,0,0,0,0,0,0,0,0,0,,,,,,,,,
Tallgrass,Scott City,11/17/2025 0:00,0,0,0,0,0,0,0,0,0,,,,,,,,,
Tallgrass,Scott City,11/18/2025 0:00,0,0,0,0,0,0,0,0,0,,,,,,,,,
Tallgrass,Scott City,11/19/2025 0:00,0,0,0,0,0,0,0,0,0,,,,,,,,,
Tallgrass,Scott City,11/20/2025 0:00,0,0,0,0,0,0,0,0,0,,,,,,,,,
Tallgrass,Scott City,11/21/2025 0:00,0,0,0,0,0,0,0,0,0,,,,,,,,,
Tallgrass,Scott City,11/22/2025 0:00,0,0,0,0,0,0,0,0,0,,,,,,,,,
Tallgrass,Scott City,11/23/2025 0:00,0,0,0,0,0,0,0,0,0,,,,,,,,,
Tallgrass,Scott City,11/24/2025 0:00,0,0,0,0,0,0,0,0,0,,,,,,,,,
Tallgrass,Scott City,11/25/2025 0:00,0,0,0,0,0,0,0,0,0,,,,,,,,,
Tallgrass,Scott City,11/26/2025 0:00,0,0,0,0,0,0,0,0,0,,,,,,,,,
Tallgrass,Scott City,11/27/2025 0:00,0,0,0,0,0,0,0,0,0,,,,,,,,,
Tallgrass,Scott City,11/28/2025 0:00,0,0,0,0,0,0,0,0,0,,,,,,,,,
Tallgrass,Scott City,11/29/2025 0:00,0,0,0,0,0,0,0,0,0,,,,,,,,,
Tallgrass,Scott City,11/30/2025 0:00,0,0,0,0,0,0,0,0,0,,,,,,,,,
Tallgrass,Scott City,12/1/2025 0:00,0,0,0,0,0,0,0,0,0,,,,,,,,,
Tallgrass,Scott City,12/2/2025 0:00,249,1101.24,274,773.64,40.66,0.6488,1.891,0.495,88.28,,,,,,,,,
Tallgrass,Scott City,12/3/2025 0:00,150,1016.03,152,768.5,36.41,0.5867,1.891,0.495,88.28,,,,,,,,,
Tallgrass,Scott City,12/4/2025 0:00,0,0,0,0,0,0,0,0,0,,,,,,,,,
Tallgrass,Scott City,12/5/2025 0:00,0,0,0,0,0,0,0,0,0,,,,,,,,,
Tallgrass,Scott City,12/6/2025 0:00,0,0,0,0,0,0,0,0,0,,,,,,,,,
Tallgrass,Scott City,12/7/2025 0:00,0,0,0,0,0,0,0,0,0,,,,,,,,,
Tallgrass,Scott City,12/8/2025 0:00,0,0,0,0,0,0,0,0,0,,,,,,,,,
Tallgrass,Scott City,12/9/2025 0:00,0,0,0,0,0,0,0,0,0,,,,,,,,,
Tallgrass,Scott City,12/10/2025 0:00,0,0,0,0,0,0,0,0,0,,,,,,,,,
Tallgrass,Scott City,12/11/2025 0:00,0,0,0,0,0,0,0,0,0,,,,,,,,,
Tallgrass,Scott City,12/12/2025 0:00,0,0,0,0,0,0,0,0,0,,,,,,,,,
Tallgrass,Scott City,12/13/2025 0:00,0,0,0,0,0,0,0,0,0,,,,,,,,,
Tallgrass,Scott City,12/14/2025 0:00,0,0,0,0,0,0,0,0,0,,,,,,,,,
Tallgrass,Scott City,12/15/2025 0:00,0,0,0,0,0,0,0,0,0,,,,,,,,,
Tallgrass,Scott City,12/16/2025 0:00,0,0,0,0,0,0,0,0,0,,,,,,,,,
Tallgrass,Scott City,12/17/2025 0:00,0,0,0,0,0,0,0,0,0,,,,,,,,,
Tallgrass,Scott City,12/18/2025 0:00,0,0,0,0,0,0,0,0,0,,,,,,,,,
Tallgrass,Scott City,12/19/2025 0:00,0,0,0,0,0,0,0,0,0,,,,,,,,,
Tallgrass,Scott City,12/20/2025 0:00,0,0,0,0,0,0,0,0,0,,,,,,,,,
Tallgrass,Scott City,12/21/2025 0:00,0,0,0,0,0,0,0,0,0,,,,,,,,,
Tallgrass,Scott City,12/22/2025 0:00,0,0,0,0,0,0,0,0,0,,,,,,,,,
Tallgrass,Scott City,12/23/2025 0:00,0,0,0,0,0,0,0,0,0,,,,,,,,,
Tallgrass,Scott City,12/24/2025 0:00,0,0,0,0,0,0,0,0,0,,,,,,,,,
Tallgrass,Scott City,12/25/2025 0:00,0,0,0,0,0,0,0,0,0,,,,,,,,,
Tallgrass,Scott City,12/26/2025 0:00,0,0,0,0,0,0,0,0,0,,,,,,,,,
Tallgrass,Scott City,12/27/2025 0:00,0,0,0,0,0,0,0,0,0,,,,,,,,,
Tallgrass,Scott City,12/28/2025 0:00,0,0,0,0,0,0,0,0,0,,,,,,,,,
Tallgrass,Scott City,12/29/2025 0:00,0,0,0,0,0,0,0,0,0,,,,,,,,,
Tallgrass,Scott City,12/30/2025 0:00,0,0,0,0,0,0,0,0,0,,,,,,,,,
Tallgrass,Scott City,12/31/2025 0:00,0,0,0,0,0,0,0,0,0,,,,,,,,,
Tallgrass,Scott City,1/1/2026 0:00,0,0,0,0,0,0,0,0,0,,,,,,,,,
Tallgrass,Scott City,1/2/2026 0:00,0,0,0,0,0,0,0,0,0,,,,,,,,,
Tallgrass,Scott City,1/3/2026 0:00,0,0,0,0,0,0,0,0,0,,,,,,,,,
Tallgrass,Scott City,1/4/2026 0:00,0,0,0,0,0,0,0,0,0,,,,,,,,,
Tallgrass,Scott City,1/5/2026 0:00,0,0,0,0,0,0,0,0,0,,,,,,,,,
Tallgrass,Scott City,1/6/2026 0:00,0,0,0,0,0,0,0,0,0,,,,,,,,,
Tallgrass,Scott City,1/7/2026 0:00,0,0,0,0,0,0,0,0,0,,,,,,,,,
Tallgrass,Scott City,1/8/2026 0:00,0,0,0,0,0,0,0,0,0,,,,,,,,,
Tallgrass,Scott City,1/9/2026 0:00,0,0,0,0,0,0,0,0,0,,,,,,,,,
Tallgrass,Scott City,1/10/2026 0:00,0,0,0,0,0,0,0,0,0,,,,,,,,,
Tallgrass,Scott City,1/11/2026 0:00,0,0,0,0,0,0,0,0,0,,,,,,,,,
Tallgrass,Scott City,1/12/2026 0:00,0,0,0,0,0,0,0,0,0,,,,,,,,,
Tallgrass,Scott City,1/13/2026 0:00,0,0,0,0,0,0,0,0,0,,,,,,,,,
Tallgrass,Scott City,1/14/2026 0:00,0,0,0,0,0,0,0,0,0,,,,,,,,,
Tallgrass,Scott City,1/15/2026 0:00,0,0,0,0,0,0,0,0,0,,,,,,,,,
Tallgrass,Scott City,1/16/2026 0:00,0,0,0,0,0,0,0,0,0,,,,,,,,,
Tallgrass,Scott City,1/17/2026 0:00,0,0,0,0,0,0,0,0,0,,,,,,,,,
Tallgrass,Scott City,1/18/2026 0:00,0,0,0,0,0,0,0,0,0,,,,,,,,,
Tallgrass,Scott City,1/19/2026 0:00,0,0,0,0,0,0,0,0,0,,,,,,,,,
Tallgrass,Scott City,1/20/2026 0:00,0,0,0,0,0,0,0,0,0,,,,,,,,,
Tallgrass,Scott City,1/21/2026 0:00,0,0,0,0,0,0,0,0,0,,,,,,,,,
Tallgrass,Scott City,1/22/2026 0:00,0,0,0,0,0,0,0,0,0,,,,,,,,,
Tallgrass,Scott City,1/23/2026 0:00,0,0,0,0,0,0,0,0,0,,,,,,,,,
Tallgrass,Scott City,1/24/2026 0:00,0,0,0,0,0,0,0,0,0,,,,,,,,,
Tallgrass,Scott City,1/25/2026 0:00,0,0,0,0,0,0,0,0,0,,,,,,,,,
Tallgrass,Scott City,1/26/2026 0:00,0,0,0,0,0,0,0,0,0,,,,,,,,,
Tallgrass,Scott City,1/27/2026 0:00,0,0,0,0,0,0,0,0,0,,,,,,,,,
Tallgrass,Scott City,1/28/2026 0:00,0,0,0,0,0,0,0,0,0,,,,,,,,,
Tallgrass,Scott City,1/29/2026 0:00,0,0,0,0,0,0,0,0,0,,,,,,,,,
Tallgrass,Scott City,1/30/2026 0:00,0,0,0,0,0,0,0,0,0,,,,,,,,,
Tallgrass,Scott City,1/31/2026 0:00,0,0,0,0,0,0,0,0,0,,,,,,,,,
Tallgrass,Scott City,2/1/2026 0:00,0,0,0,0,0,0,0,0,0,,,,,,,,,
Tallgrass,Scott City,2/2/2026 0:00,0,0,0,0,0,0,0,0,0,,,,,,,,,
Tallgrass,Scott City,2/3/2026 0:00,0,0,0,0,0,0,0,0,0,,,,,,,,,
Tallgrass,Scott City,2/4/2026 0:00,0,0,0,0,0,0,0,0,0,,,,,,,,,
Tallgrass,Scott City,2/5/2026 0:00,0,0,0,0,0,0,0,0,0,,,,,,,,,
Tallgrass,Scott City,2/6/2026 0:00,0,0,0,0,0,0,0,0,0,,,,,,,,,
Tallgrass,Scott City,2/7/2026 0:00,0,0,0,0,0,0,0,0,0,,,,,,,,,
Tallgrass,Scott City,2/8/2026 0:00,0,0,0,0,0,0,0,0,0,,,,,,,,,
Tallgrass,Scott City,2/9/2026 0:00,0,0,0,0,0,0,0,0,0,,,,,,,,,
Tallgrass,Scott City,2/10/2026 0:00,0,0,0,0,0,0,0,0,0,,,,,,,,,
Tallgrass,Scott City,2/11/2026 0:00,0,0,0,0,0,0,0,0,0,,,,,,,,,
Tallgrass,Scott City,2/12/2026 0:00,0,0,0,0,0,0,0,0,0,,,,,,,,,
Tallgrass,Scott City,2/13/2026 0:00,0,0,0,0,0,0,0,0,0,,,,,,,,,
Tallgrass,Scott City,2/14/2026 0:00,0,0,0,0,0,0,0,0,0,,,,,,,,,
Tallgrass,Scott City,2/15/2026 0:00,0,0,0,0,0,0,0,0,0,,,,,,,,,
Tallgrass,Scott City,2/16/2026 0:00,0,0,0,0,0,0,0,0,0,,,,,,,,,
Tallgrass,Scott City,2/17/2026 0:00,0,0,0,0,0,0,0,0,0,,,,,,,,,
Tallgrass,Scott City,2/18/2026 0:00,0,0,0,0,0,0,0,0,0,,,,,,,,,
Tallgrass,Scott City,2/19/2026 0:00,0,0,0,0,0,0,0,0,0,,,,,,,,,
Tallgrass,Scott City,2/20/2026 0:00,0,0,0,0,0,0,0,0,0,,,,,,,,,
Tallgrass,Scott City,2/21/2026 0:00,0,0,0,0,0,0,0,0,0,,,,,,,,,
Tallgrass,Scott City,2/22/2026 0:00,0,0,0,0,0,0,0,0,0,,,,,,,,,
Tallgrass,Scott City,2/23/2026 0:00,0,0,0,0,0,0,0,0,0,,,,,,,,,
Tallgrass,Scott City,2/24/2026 0:00,0,0,0,0,0,0,0,0,0,,,,,,,,,
Tallgrass,Scott City,2/25/2026 0:00,0,0,0,0,0,0,0,0,0,,,,,,,,,
Tallgrass,Scott City,2/26/2026 0:00,0,0,0,0,0,0,0,0,0,,,,,,,,,
Tallgrass,Scott City,2/27/2026 0:00,0,0,0,0,0,0,0,0,0,,,,,,,,,
Tallgrass,Scott City,2/28/2026 0:00,0,0,0,0,0,0,0,0,0,,,,,,,,,
Tallgrass,Scott City,3/1/2026 0:00,0,0,0,0,0,0,0,0,0,,,,,,,,,
Tallgrass,Scott City,3/2/2026 0:00,0,0,0,0,0,0,0,0,0,,,,,,,,,
Tallgrass,Scott City,3/3/2026 0:00,51,1011.85,52,713.11,47.98,0.5887,0.978,0.81,96.923,,,,,,,,,
Tallgrass,Scott City,3/4/2026 0:00,14,1037.42,15,712.7,50.07,0.6021,0.978,0.81,96.923,,,,,,,,,
Tallgrass,Scott City,3/5/2026 0:00,0,0,0,0,0,0,0,0,0,,,,,,,,,
Tallgrass,Scott City,3/6/2026 0:00,0,0,0,0,0,0,0,0,0,,,,,,,,,
Tallgrass,Scott City,3/7/2026 0:00,0,0,0,0,0,0,0,0,0,,,,,,,,,
Tallgrass,Scott City,3/8/2026 0:00,0,0,0,0,0,0,0,0,0,,,,,,,,,
Tallgrass,Scott City,3/9/2026 0:00,0,0,0,0,0,0,0,0,0,,,,,,,,,
Tallgrass,Scott City,3/10/2026 0:00,0,0,0,0,0,0,0,0,0,,,,,,,,,
Tallgrass,Scott City,3/11/2026 0:00,0,0,0,0,0,0,0,0,0,,,,,,,,,
Tallgrass,Scott City,3/12/2026 0:00,8,1036.73,8,667.73,71.4,0.5987,0.978,0.81,96.923,,,,,,,,,
Tallgrass,Scott City,3/13/2026 0:00,0,0,0,0,0,0,0,0,0,,,,,,,,,
Tallgrass,Scott City,3/14/2026 0:00,0,0,0,0,0,0,0,0,0,,,,,,,,,
Tallgrass,Scott City,3/15/2026 0:00,0,0,0,0,0,0,0,0,0,,,,,,,,,
Tallgrass,Scott City,3/16/2026 0:00,0,0,0,0,0,0,0,0,0,,,,,,,,,
Tallgrass,Scott City,3/17/2026 0:00,0,0,0,0,0,0,0,0,0,,,,,,,,,
Tallgrass,Scott City,3/18/2026 0:00,226,1002.06,226,709.32,64.98,0.568,0.978,0.81,96.923,,,,,,,,,
Tallgrass,Scott City,3/19/2026 0:00,0,0,0,0,0,0,0,0,0,,,,,,,,,
Tallgrass,Scott City,3/20/2026 0:00,0,0,0,0,0,0,0,0,0,,,,,,,,,
Tallgrass,Scott City,3/21/2026 0:00,0,0,0,0,0,0,0,0,0,,,,,,,,,
Tallgrass,Scott City,3/22/2026 0:00,0,0,0,0,0,0,0,0,0,,,,,,,,,
Tallgrass,Scott City,3/23/2026 0:00,0,0,0,0,0,0,0,0,0,,,,,,,,,
Tallgrass,Scott City,3/24/2026 0:00,0,0,0,0,0,0,0,0,0,,,,,,,,,
Tallgrass,Scott City,3/25/2026 0:00,0,0,0,0,0,0,0,0,0,,,,,,,,,
Tallgrass,Scott City,3/26/2026 0:00,0,0,0,0,0,0,0,0,0,,,,,,,,,
Tallgrass,Scott City,3/27/2026 0:00,0,0,0,0,0,0,0,0,0,,,,,,,,,
Tallgrass,Scott City,3/28/2026 0:00,0,0,0,0,0,0,0,0,0,,,,,,,,,
Tallgrass,Scott City,3/29/2026 0:00,0,0,0,0,0,0,0,0,0,,,,,,,,,
Tallgrass,Scott City,3/30/2026 0:00,0,0,0,0,0,0,0,0,0,,,,,,,,,
Tallgrass,Scott City,3/31/2026 0:00,0,0,0,0,0,0,0,0,0,,,,,,,,,
Tallgrass,Scott City,4/1/2026 0:00,0,0,0,0,0,0,0,0,0,,,,,,,,,
Tallgrass,Scott City,4/2/2026 0:00,0,0,0,0,0,0,0,0,0,,,,,,,,,
Tallgrass,Scott City,4/3/2026 0:00,0,0,0,0,0,0,0,0,0,,,,,,,,,
Tallgrass,Scott City,4/4/2026 0:00,0,0,0,0,0,0,0,0,0,,,,,,,,,
Tallgrass,Scott City,4/5/2026 0:00,0,0,0,0,0,0,0,0,0,,,,,,,,,
Tallgrass,Scott City,4/6/2026 0:00,0,0,0,0,0,0,0,0,0,,,,,,,,,
Tallgrass,Scott City,4/7/2026 0:00,0,0,0,0,0,0,0,0,0,,,,,,,,,
Tallgrass,Scott City,4/8/2026 0:00,0,0,0,0,0,0,0,0,0,,,,,,,,,
Tallgrass,Scott City,4/9/2026 0:00,0,0,0,0,0,0,0,0,0,,,,,,,,,
Tallgrass,Scott City,4/10/2026 0:00,0,0,0,0,0,0,0,0,0,,,,,,,,,
Tallgrass,Scott City,4/11/2026 0:00,0,0,0,0,0,0,0,0,0,,,,,,,,,
Tallgrass,Scott City,4/12/2026 0:00,0,0,0,0,0,0,0,0,0,,,,,,,,,
Tallgrass,Scott City,4/13/2026 0:00,0,0,0,0,0,0,0,0,0,,,,,,,,,
Tallgrass,Scott City,4/14/2026 0:00,277,999.73,276,633.44,71.17,0.5694,1.006,0.323,98.559,,,,,,,,,
Tallgrass,Scott City,4/15/2026 0:00,347,1001.59,347,634.92,63.27,0.5654,1.006,0.323,98.559,,,,,,,,,
Tallgrass,Scott City,4/16/2026 0:00,372,1002.82,373,632.35,69.47,0.5645,1.006,0.323,98.559,,,,,,,,,
Tallgrass,Scott City,4/17/2026 0:00,0,0,0,0,0,0,0,0,0,,,,,,,,,
Tallgrass,Scott City,4/18/2026 0:00,0,0,0,0,0,0,0,0,0,,,,,,,,,
Tallgrass,Scott City,4/19/2026 0:00,0,0,0,0,0,0,0,0,0,,,,,,,,,
Tallgrass,Scott City,4/20/2026 0:00,0,0,0,0,0,0,0,0,0,,,,,,,,,
Tallgrass,Scott City,4/21/2026 0:00,0,0,0,0,0,0,0,0,0,,,,,,,,,
Tallgrass,Scott City,4/22/2026 0:00,0,0,0,0,0,0,0,0,0,,,,,,,,,
Tallgrass,Scott City,4/23/2026 0:00,0,0,0,0,0,0,0,0,0,,,,,,,,,
Tallgrass,Scott City,4/24/2026 0:00,0,0,0,0,0,0,0,0,0,,,,,,,,,
Tallgrass,Scott City,4/25/2026 0:00,0,0,0,0,0,0,0,0,0,,,,,,,,,
Tallgrass,Scott City,4/26/2026 0:00,6,1072.78,6,625.09,50.8,0.6231,1.006,0.323,98.559,,,,,,,,,
Tallgrass,Scott City,4/27/2026 0:00,297,1001.82,297,629.91,58.38,0.5671,1.006,0.323,98.559,,,,,,,,,
Tallgrass,Scott City,4/28/2026 0:00,254,1001.66,254,634.27,52.38,0.5658,1.006,0.323,98.559,,,,,,,,,
Tallgrass,Scott City,4/29/2026 0:00,80,1001.29,80,633.15,57.18,0.5658,1.006,0.323,98.559,,,,,,,,,
Tallgrass,Scott City,4/30/2026 0:00,0,0,0,0,0,0,0,0,0,,,,,,,,,
Tallgrass,Scott City,5/1/2026 0:00,0,0,0,0,0,0,0,0,0,,,,,,,,,
Tallgrass,Scott City,5/2/2026 0:00,0,0,0,0,0,0,0,0,0,,,,,,,,,
Tallgrass,Scott City,5/3/2026 0:00,0,0,0,0,0,0,0,0,0,,,,,,,,,
Tallgrass,Scott City,5/4/2026 0:00,0,0,0,0,0,0,0,0,0,,,,,,,,,
Tallgrass,Scott City,5/5/2026 0:00,0,0,0,0,0,0,0,0,0,,,,,,,,,
Tallgrass,Scott City,5/6/2026 0:00,111,1004.7,111,637.32,47.24,0.5699,1.178,0.21,98.389,,,,,,,,,
Tallgrass,Scott City,5/7/2026 0:00,469,1000.24,469,640.18,65.04,0.5699,1.178,0.21,98.389,,,,,,,,,
Tallgrass,Scott City,5/8/2026 0:00,191,1000.51,191,636.59,74.82,0.5662,1.178,0.21,98.389,,,,,,,,,
Tallgrass,Scott City,5/9/2026 0:00,0,0,0,0,0,0,0,0,0,,,,,,,,,
Tallgrass,Scott City,5/10/2026 0:00,0,0,0,0,0,0,0,0,0,,,,,,,,,
Tallgrass,Scott City,5/11/2026 0:00,442,1006.64,445,634.46,67.67,0.5656,1.178,0.21,98.389,,,,,,,,,
Tallgrass,Scott City,5/12/2026 0:00,0,0,0,0,0,0,0,0,0,,,,,,,,,
Tallgrass,Scott City,5/13/2026 0:00,0,0,0,0,0,0,0,0,0,,,,,,,,,
Tallgrass,Scott City,5/14/2026 0:00,0,0,0,0,0,0,0,0,0,,,,,,,,,
Tallgrass,Scott City,5/15/2026 0:00,192,1005.4,193,632.98,90.36,0.5727,1.178,0.21,98.389,,,,,,,,,
Tallgrass,Scott City,5/16/2026 0:00,0,0,0,0,0,0,0,0,0,,,,,,,,,
Tallgrass,Scott City,5/17/2026 0:00,0,0,0,0,0,0,0,0,0,,,,,,,,,
Tallgrass,Scott City,5/18/2026 0:00,211,1006.22,212,626.63,63.01,0.5774,1.178,0.21,98.389,,,,,,,,,
Tallgrass,Scott City,5/19/2026 0:00,497,1001.38,498,633.67,59.3,0.5664,1.178,0.21,98.389,,,,,,,,,
Tallgrass,Scott City,5/20/2026 0:00,494,1002.36,495,633.97,60.84,0.5655,1.178,0.21,98.389,,,,,,,,,
Tallgrass,Scott City,5/21/2026 0:00,486,1002.7,487,632.26,60.44,0.5653,1.178,0.21,98.389,,,,,,,,,
Tallgrass,Scott City,5/22/2026 0:00,100,1001.06,101,628.81,61.69,0.567,1.178,0.21,98.389,,,,,,,,,
Tallgrass,Scott City,5/23/2026 0:00,0,0,0,0,0,0,0,0,0,,,,,,,,,
Tallgrass,Scott City,5/24/2026 0:00,0,0,0,0,0,0,0,0,0,,,,,,,,,
Tallgrass,Scott City,5/25/2026 0:00,0,0,0,0,0,0,0,0,0,,,,,,,,,
Tallgrass,Scott City,5/26/2026 0:00,496,1001.59,496,633.78,73.06,0.5694,1.178,0.21,98.389,,,,,,,,,
Tallgrass,Scott City,5/27/2026 0:00,563,998.79,563,633.16,66.15,0.5695,1.178,0.21,98.389,,,,,,,,,
Tallgrass,Scott City,5/28/2026 0:00,112,998.31,112,633.19,74.88,0.5694,1.178,0.21,98.389,,,,,,,,,
Tallgrass,Scott City,5/29/2026 0:00,0,0,0,0,0,0,0,0,0,,,,,,,,,
Tallgrass,Scott City,5/30/2026 0:00,0,0,0,0,0,0,0,0,0,,,,,,,,,
Tallgrass,Scott City,5/31/2026 0:00,11,1083.6,12,640.47,84.15,0.63,1.178,0.21,98.389,,,,,,,,,
Tallgrass,Scott City,6/1/2026 0:00,487,1002.11,488,638.3,72.52,0.5675,0.901,0.295,98.641,,,,,,,,,
Tallgrass,Scott City,6/2/2026 0:00,528,1000.05,528,639.54,73.53,0.5678,0.901,0.295,98.641,,,,,,,,,
Tallgrass,Scott City,6/3/2026 0:00,471,994.77,469,634.81,71.09,0.5694,0.901,0.295,98.641,,,,,,,,,
Tallgrass,Scott City,6/4/2026 0:00,325,1000.03,325,635.33,82.24,0.5677,0.901,0.295,98.641,,,,,,,,,
Tallgrass,Scott City,6/5/2026 0:00,188,999.4,188,635.01,92.61,0.5659,0.901,0.295,98.641,,,,,,,,,
Tallgrass,Scott City,6/6/2026 0:00,0,0,0,0,0,0,0,0,0,,,,,,,,,
Tallgrass,Scott City,6/7/2026 0:00,0,0,0,0,0,0,0,0,0,,,,,,,,,
Tallgrass,Scott City,6/8/2026 0:00,138,1007.84,139,625.94,86.48,0.5712,0.901,0.295,98.641,,,,,,,,,
Tallgrass,Scott City,6/9/2026 0:00,104,1000.24,104,621.4,99.43,0.5663,0.901,0.295,98.641,,,,,,,,,
Tallgrass,Scott City,6/10/2026 0:00,0,0,0,0,0,0,0,0,0,,,,,,,,,
Tallgrass,Scott City,6/11/2026 0:00,293,1004.55,295,621.17,78.61,0.5697,0.901,0.295,98.641,,,,,,,,,
Tallgrass,Scott City,6/12/2026 0:00,413,1004.57,414,616.52,78.32,0.5634,0.901,0.295,98.641,,,,,,,,,
Tallgrass,Scott City,6/13/2026 0:00,285,1005.11,287,617.76,87,0.5629,0.901,0.295,98.641,,,,,,,,,
Tallgrass,Scott City,6/14/2026 0:00,3,1021.86,3,619.2,72.75,0.5793,0.901,0.295,98.641,,,,,,,,,
Tallgrass,Scott City,6/15/2026 0:00,621,1002.94,623,614.75,77.68,0.5656,0.901,0.295,98.641,,,,,,,,,
Tallgrass,Scott City,6/16/2026 0:00,212,1007.64,213,614.74,94.19,0.5739,0.901,0.295,98.641,,,,,,,,,
Tallgrass,Scott City,6/17/2026 0:00,381,1007.39,383,614.79,93.43,0.5654,0.901,0.295,98.641,,,,,,,,,
Tallgrass,Scott City,6/18/2026 0:00,560,1007.16,564,606.22,74.86,0.561,0.901,0.295,98.641,,,,,,,,,
Tallgrass,Scott City,6/19/2026 0:00,570,1006.53,574,608.28,78.1,0.5615,0.901,0.295,98.641,,,,,,,,,
Tallgrass,Scott City,6/20/2026 0:00,217,1007.41,219,614.03,91.84,0.5607,0.901,0.295,98.641,,,,,,,,,
Tallgrass,Scott City,6/21/2026 0:00,0,0,0,0,0,0,0,0,0,,,,,,,,,
Tallgrass,Scott City,6/22/2026 0:00,0,0,0,0,0,0,0,0,0,,,,,,,,,
Tallgrass,Scott City,6/23/2026 0:00,38,1033.75,39,623.91,73.08,0.5858,0.901,0.295,98.641,,,,,,,,,
Tallgrass,Scott City,6/24/2026 0:00,0,0,0,0,0,0,0,0,0,,,,,,,,,
Tallgrass,Scott City,6/25/2026 0:00,0,0,0,0,0,0,0,0,0,,,,,,,,,
Tallgrass,Scott City,6/26/2026 0:00,0,0,0,0,0,0,0,0,0,,,,,,,,,
Tallgrass,Scott City,6/27/2026 0:00,0,0,0,0,0,0,0,0,0,,,,,,,,,
Tallgrass,Scott City,6/28/2026 0:00,0,0,0,0,0,0,0,0,0,,,,,,,,,
Tallgrass,Scott City,6/29/2026 0:00,331,1008.26,333,639.34,89.89,0.5636,0.901,0.295,98.641,,,,,,,,,
Tallgrass,Scott City,6/30/2026 0:00,0,0,0,0,0,0,0,0,0,,,,,,,,,
Scout,Moscow,9/1/2025 0:00,0,0,0,0,0,0,0,0,0,,,,,,,,,
Scout,Moscow,9/2/2025 0:00,0,0,0,0,0,0,0,0,0,,,,,,,,,
Scout,Moscow,9/3/2025 0:00,0,0,0,0,0,0,0,0,0,,,,,,,,,
Scout,Moscow,9/4/2025 0:00,0,0,0,0,0,0,0,0,0,,,,,,,,,
Scout,Moscow,9/5/2025 0:00,0,0,0,0,0,0,0,0,0,,,,,,,,,
Scout,Moscow,9/6/2025 0:00,0,0,0,0,0,0,0,0,0,,,,,,,,,
Scout,Moscow,9/7/2025 0:00,0,0,0,0,0,0,0,0,0,,,,,,,,,
Scout,Moscow,9/8/2025 0:00,0,0,0,0,0,0,0,0,0,,,,,,,,,
Scout,Moscow,9/9/2025 0:00,2.37,1000,2.37,58,77.7,0.6,0,0,100,,,,,,,,,
Scout,Moscow,9/10/2025 0:00,43.73,1000,43.73,78.8,75.01,0.6,0,0,100,,,,,,,,,
Scout,Moscow,9/11/2025 0:00,241.02,1000,241.02,56.98,75.88,0.6,0,0,100,,,,,,,,,
Scout,Moscow,9/12/2025 0:00,106.85,1000,106.85,56.02,72.07,0.6,0,0,100,,,,,,,,,
Scout,Moscow,9/13/2025 0:00,0,0,0,0,0,0,0,0,0,,,,,,,,,
Scout,Moscow,9/14/2025 0:00,0,0,0,0,0,0,0,0,0,,,,,,,,,
Scout,Moscow,9/15/2025 0:00,0,0,0,0,0,0,0,0,0,,,,,,,,,
Scout,Moscow,9/16/2025 0:00,0,0,0,0,0,0,0,0,0,,,,,,,,,
Scout,Moscow,9/17/2025 0:00,0,0,0,0,0,0,0,0,0,,,,,,,,,
Scout,Moscow,9/18/2025 0:00,0,0,0,0,0,0,0,0,0,,,,,,,,,
Scout,Moscow,9/19/2025 0:00,0,0,0,0,0,0,0,0,0,,,,,,,,,
Scout,Moscow,9/20/2025 0:00,0,0,0,0,0,0,0,0,0,,,,,,,,,
Scout,Moscow,9/21/2025 0:00,0,0,0,0,0,0,0,0,0,,,,,,,,,
Scout,Moscow,9/22/2025 0:00,0,0,0,0,0,0,0,0,0,,,,,,,,,
Scout,Moscow,9/23/2025 0:00,0,0,0,0,0,0,0,0,0,,,,,,,,,
Scout,Moscow,9/24/2025 0:00,0,0,0,0,0,0,0,0,0,,,,,,,,,
Scout,Moscow,9/25/2025 0:00,0,0,0,0,0,0,0,0,0,,,,,,,,,
Scout,Moscow,9/26/2025 0:00,0,0,0,0,0,0,0,0,0,,,,,,,,,
Scout,Moscow,9/27/2025 0:00,0,0,0,0,0,0,0,0,0,,,,,,,,,
Scout,Moscow,9/28/2025 0:00,0,0,0,0,0,0,0,0,0,,,,,,,,,
Scout,Moscow,9/29/2025 0:00,0,0,0,0,0,0,0,0,0,,,,,,,,,
Scout,Moscow,9/30/2025 0:00,0,0,0,0,0,0,0,0,0,,,,,,,,,
Scout,Moscow,10/1/2025 0:00,0,0,0,0,0,0,0,0,0,,,,,,,,,
Scout,Moscow,10/2/2025 0:00,0,0,0,0,0,0,0,0,0,,,,,,,,,
Scout,Moscow,10/3/2025 0:00,0,0,0,0,0,0,0,0,0,,,,,,,,,
Scout,Moscow,10/4/2025 0:00,0,0,0,0,0,0,0,0,0,,,,,,,,,
Scout,Moscow,10/5/2025 0:00,0,0,0,0,0,0,0,0,0,,,,,,,,,
Scout,Moscow,10/6/2025 0:00,0,0,0,0,0,0,0,0,0,,,,,,,,,
Scout,Moscow,10/7/2025 0:00,0,0,0,0,0,0,0,0,0,,,,,,,,,
Scout,Moscow,10/8/2025 0:00,0,0,0,0,0,0,0,0,0,,,,,,,,,
Scout,Moscow,10/9/2025 0:00,0,0,0,0,0,0,0,0,0,,,,,,,,,
Scout,Moscow,10/10/2025 0:00,0,0,0,0,0,0,0,0,0,,,,,,,,,
Scout,Moscow,10/11/2025 0:00,0,0,0,0,0,0,0,0,0,,,,,,,,,
Scout,Moscow,10/12/2025 0:00,0,0,0,0,0,0,0,0,0,,,,,,,,,
Scout,Moscow,10/13/2025 0:00,0,0,0,0,0,0,0,0,0,,,,,,,,,
Scout,Moscow,10/14/2025 0:00,0,0,0,0,0,0,0,0,0,,,,,,,,,
Scout,Moscow,10/15/2025 0:00,0,0,0,0,0,0,0,0,0,,,,,,,,,
Scout,Moscow,10/16/2025 0:00,0,0,0,0,0,0,0,0,0,,,,,,,,,
Scout,Moscow,10/17/2025 0:00,0,0,0,0,0,0,0,0,0,,,,,,,,,
Scout,Moscow,10/18/2025 0:00,0,0,0,0,0,0,0,0,0,,,,,,,,,
Scout,Moscow,10/19/2025 0:00,0,0,0,0,0,0,0,0,0,,,,,,,,,
Scout,Moscow,10/20/2025 0:00,0,0,0,0,0,0,0,0,0,,,,,,,,,
Scout,Moscow,10/21/2025 0:00,0,0,0,0,0,0,0,0,0,,,,,,,,,
Scout,Moscow,10/22/2025 0:00,0,0,0,0,0,0,0,0,0,,,,,,,,,
Scout,Moscow,10/23/2025 0:00,0,0,0,0,0,0,0,0,0,,,,,,,,,
Scout,Moscow,10/24/2025 0:00,0,0,0,0,0,0,0,0,0,,,,,,,,,
Scout,Moscow,10/25/2025 0:00,0,0,0,0,0,0,0,0,0,,,,,,,,,
Scout,Moscow,10/26/2025 0:00,0,0,0,0,0,0,0,0,0,,,,,,,,,
Scout,Moscow,10/27/2025 0:00,0,0,0,0,0,0,0,0,0,,,,,,,,,
Scout,Moscow,10/28/2025 0:00,0,0,0,0,0,0,0,0,0,,,,,,,,,
Scout,Moscow,10/29/2025 0:00,0,0,0,0,0,0,0,0,0,,,,,,,,,
Scout,Moscow,10/30/2025 0:00,24.24,1000,24.24,55.8,66.63,0.6,0,0,100,,,,,,,,,
Scout,Moscow,10/31/2025 0:00,0,0,0,0,0,0,0,0,0,,,,,,,,,
Scout,Moscow,11/1/2025 0:00,0,0,0,0,0,0,0,0,0,,,,,,,,,
Scout,Moscow,11/2/2025 0:00,0,0,0,0,0,0,0,0,0,,,,,,,,,
Scout,Moscow,11/3/2025 0:00,0,0,0,0,0,0,0,0,0,,,,,,,,,
Scout,Moscow,11/4/2025 0:00,0,0,0,0,0,0,0,0,0,,,,,,,,,
Scout,Moscow,11/5/2025 0:00,0,0,0,0,0,0,0,0,0,,,,,,,,,
Scout,Moscow,11/6/2025 0:00,26.78,1000,26.78,52.55,67.2,0.6,0,0,100,,,,,,,,,
Scout,Moscow,11/7/2025 0:00,0,0,0,0,0,0,0,0,0,,,,,,,,,
Scout,Moscow,11/8/2025 0:00,0,0,0,0,0,0,0,0,0,,,,,,,,,
Scout,Moscow,11/9/2025 0:00,0,0,0,0,0,0,0,0,0,,,,,,,,,
Scout,Moscow,11/10/2025 0:00,0,0,0,0,0,0,0,0,0,,,,,,,,,
Scout,Moscow,11/11/2025 0:00,0,0,0,0,0,0,0,0,0,,,,,,,,,
Scout,Moscow,11/12/2025 0:00,0,0,0,0,0,0,0,0,0,,,,,,,,,
Scout,Moscow,11/13/2025 0:00,0,0,0,0,0,0,0,0,0,,,,,,,,,
Scout,Moscow,11/14/2025 0:00,0,0,0,0,0,0,0,0,0,,,,,,,,,
Scout,Moscow,11/15/2025 0:00,0,0,0,0,0,0,0,0,0,,,,,,,,,
Scout,Moscow,11/16/2025 0:00,0,0,0,0,0,0,0,0,0,,,,,,,,,
Scout,Moscow,11/17/2025 0:00,0,0,0,0,0,0,0,0,0,,,,,,,,,
Scout,Moscow,11/18/2025 0:00,0,0,0,0,0,0,0,0,0,,,,,,,,,
Scout,Moscow,11/19/2025 0:00,0,0,0,0,0,0,0,0,0,,,,,,,,,
Scout,Moscow,11/20/2025 0:00,0,0,0,0,0,0,0,0,0,,,,,,,,,
Scout,Moscow,11/21/2025 0:00,0,0,0,0,0,0,0,0,0,,,,,,,,,
Scout,Moscow,11/22/2025 0:00,0,0,0,0,0,0,0,0,0,,,,,,,,,
Scout,Moscow,11/23/2025 0:00,0,0,0,0,0,0,0,0,0,,,,,,,,,
Scout,Moscow,11/24/2025 0:00,0,0,0,0,0,0,0,0,0,,,,,,,,,
Scout,Moscow,11/25/2025 0:00,0,0,0,0,0,0,0,0,0,,,,,,,,,
Scout,Moscow,11/26/2025 0:00,0,0,0,0,0,0,0,0,0,,,,,,,,,
Scout,Moscow,11/27/2025 0:00,0,0,0,0,0,0,0,0,0,,,,,,,,,
Scout,Moscow,11/28/2025 0:00,0,0,0,0,0,0,0,0,0,,,,,,,,,
Scout,Moscow,11/29/2025 0:00,0,0,0,0,0,0,0,0,0,,,,,,,,,
Scout,Moscow,11/30/2025 0:00,0,0,0,0,0,0,0,0,0,,,,,,,,,
Scout,Moscow,12/1/2025 0:00,0,0,0,0,0,0,0,0,0,,,,,,,,,
Scout,Moscow,12/2/2025 0:00,0,0,0,0,0,0,0,0,0,,,,,,,,,
Scout,Moscow,12/3/2025 0:00,0,0,0,0,0,0,0,0,0,,,,,,,,,
Scout,Moscow,12/4/2025 0:00,0,0,0,0,0,0,0,0,0,,,,,,,,,
Scout,Moscow,12/5/2025 0:00,0,0,0,0,0,0,0,0,0,,,,,,,,,
Scout,Moscow,12/6/2025 0:00,0,0,0,0,0,0,0,0,0,,,,,,,,,
Scout,Moscow,12/7/2025 0:00,0,0,0,0,0,0,0,0,0,,,,,,,,,
Scout,Moscow,12/8/2025 0:00,0,0,0,0,0,0,0,0,0,,,,,,,,,
Scout,Moscow,12/9/2025 0:00,0,0,0,0,0,0,0,0,0,,,,,,,,,
Scout,Moscow,12/10/2025 0:00,0,0,0,0,0,0,0,0,0,,,,,,,,,
Scout,Moscow,12/11/2025 0:00,0,0,0,0,0,0,0,0,0,,,,,,,,,
Scout,Moscow,12/12/2025 0:00,0,0,0,0,0,0,0,0,0,,,,,,,,,
Scout,Moscow,12/13/2025 0:00,0,0,0,0,0,0,0,0,0,,,,,,,,,
Scout,Moscow,12/14/2025 0:00,0,0,0,0,0,0,0,0,0,,,,,,,,,
Scout,Moscow,12/15/2025 0:00,0,0,0,0,0,0,0,0,0,,,,,,,,,
Scout,Moscow,12/16/2025 0:00,0,0,0,0,0,0,0,0,0,,,,,,,,,
Scout,Moscow,12/17/2025 0:00,0,0,0,0,0,0,0,0,0,,,,,,,,,
Scout,Moscow,12/18/2025 0:00,0,0,0,0,0,0,0,0,0,,,,,,,,,
Scout,Moscow,12/19/2025 0:00,0,0,0,0,0,0,0,0,0,,,,,,,,,
Scout,Moscow,12/20/2025 0:00,0,0,0,0,0,0,0,0,0,,,,,,,,,
Scout,Moscow,12/21/2025 0:00,0,0,0,0,0,0,0,0,0,,,,,,,,,
Scout,Moscow,12/22/2025 0:00,0,0,0,0,0,0,0,0,0,,,,,,,,,
Scout,Moscow,12/23/2025 0:00,0,0,0,0,0,0,0,0,0,,,,,,,,,
Scout,Moscow,12/24/2025 0:00,0,0,0,0,0,0,0,0,0,,,,,,,,,
Scout,Moscow,12/25/2025 0:00,0,0,0,0,0,0,0,0,0,,,,,,,,,
Scout,Moscow,12/26/2025 0:00,0,0,0,0,0,0,0,0,0,,,,,,,,,
Scout,Moscow,12/27/2025 0:00,0,0,0,0,0,0,0,0,0,,,,,,,,,
Scout,Moscow,12/28/2025 0:00,0,0,0,0,0,0,0,0,0,,,,,,,,,
Scout,Moscow,12/29/2025 0:00,0,0,0,0,0,0,0,0,0,,,,,,,,,
Scout,Moscow,12/30/2025 0:00,0,0,0,0,0,0,0,0,0,,,,,,,,,
Scout,Moscow,12/31/2025 0:00,0,0,0,0,0,0,0,0,0,,,,,,,,,
Scout,Moscow,1/1/2026 0:00,0,0,0,0,0,0,0,0,0,,,,,,,,,
Scout,Moscow,1/2/2026 0:00,0,0,0,0,0,0,0,0,0,,,,,,,,,
Scout,Moscow,1/3/2026 0:00,0,0,0,0,0,0,0,0,0,,,,,,,,,
Scout,Moscow,1/4/2026 0:00,0,0,0,0,0,0,0,0,0,,,,,,,,,
Scout,Moscow,1/5/2026 0:00,0,0,0,0,0,0,0,0,0,,,,,,,,,
Scout,Moscow,1/6/2026 0:00,0,0,0,0,0,0,0,0,0,,,,,,,,,
Scout,Moscow,1/7/2026 0:00,0,0,0,0,0,0,0,0,0,,,,,,,,,
Scout,Moscow,1/8/2026 0:00,0,0,0,0,0,0,0,0,0,,,,,,,,,
Scout,Moscow,1/9/2026 0:00,0,0,0,0,0,0,0,0,0,,,,,,,,,
Scout,Moscow,1/10/2026 0:00,0,0,0,0,0,0,0,0,0,,,,,,,,,
Scout,Moscow,1/11/2026 0:00,0,0,0,0,0,0,0,0,0,,,,,,,,,
Scout,Moscow,1/12/2026 0:00,0,0,0,0,0,0,0,0,0,,,,,,,,,
Scout,Moscow,1/13/2026 0:00,0,0,0,0,0,0,0,0,0,,,,,,,,,
Scout,Moscow,1/14/2026 0:00,0,0,0,0,0,0,0,0,0,,,,,,,,,
Scout,Moscow,1/15/2026 0:00,0,0,0,0,0,0,0,0,0,,,,,,,,,
Scout,Moscow,1/16/2026 0:00,0,0,0,0,0,0,0,0,0,,,,,,,,,
Scout,Moscow,1/17/2026 0:00,0,0,0,0,0,0,0,0,0,,,,,,,,,
Scout,Moscow,1/18/2026 0:00,0,0,0,0,0,0,0,0,0,,,,,,,,,
Scout,Moscow,1/19/2026 0:00,0,0,0,0,0,0,0,0,0,,,,,,,,,
Scout,Moscow,1/20/2026 0:00,0,0,0,0,0,0,0,0,0,,,,,,,,,
Scout,Moscow,1/21/2026 0:00,0,0,0,0,0,0,0,0,0,,,,,,,,,
Scout,Moscow,1/22/2026 0:00,0,0,0,0,0,0,0,0,0,,,,,,,,,
Scout,Moscow,1/23/2026 0:00,0,0,0,0,0,0,0,0,0,,,,,,,,,
Scout,Moscow,1/24/2026 0:00,0,0,0,0,0,0,0,0,0,,,,,,,,,
Scout,Moscow,1/25/2026 0:00,0,0,0,0,0,0,0,0,0,,,,,,,,,
Scout,Moscow,1/26/2026 0:00,0,0,0,0,0,0,0,0,0,,,,,,,,,
Scout,Moscow,1/27/2026 0:00,0,0,0,0,0,0,0,0,0,,,,,,,,,
Scout,Moscow,1/28/2026 0:00,0,0,0,0,0,0,0,0,0,,,,,,,,,
Scout,Moscow,1/29/2026 0:00,0,0,0,0,0,0,0,0,0,,,,,,,,,
Scout,Moscow,1/30/2026 0:00,0,0,0,0,0,0,0,0,0,,,,,,,,,
Scout,Moscow,1/31/2026 0:00,0,0,0,0,0,0,0,0,0,,,,,,,,,
Scout,Moscow,2/1/2026 0:00,0,0,0,0,0,0,0,0,0,,,,,,,,,
Scout,Moscow,2/2/2026 0:00,0,0,0,0,0,0,0,0,0,,,,,,,,,
Scout,Moscow,2/3/2026 0:00,0,0,0,0,0,0,0,0,0,,,,,,,,,
Scout,Moscow,2/4/2026 0:00,0,0,0,0,0,0,0,0,0,,,,,,,,,
Scout,Moscow,2/5/2026 0:00,0,0,0,0,0,0,0,0,0,,,,,,,,,
Scout,Moscow,2/6/2026 0:00,0,0,0,0,0,0,0,0,0,,,,,,,,,
Scout,Moscow,2/7/2026 0:00,0,0,0,0,0,0,0,0,0,,,,,,,,,
Scout,Moscow,2/8/2026 0:00,0,0,0,0,0,0,0,0,0,,,,,,,,,
Scout,Moscow,2/9/2026 0:00,0,0,0,0,0,0,0,0,0,,,,,,,,,
Scout,Moscow,2/10/2026 0:00,0,0,0,0,0,0,0,0,0,,,,,,,,,
Scout,Moscow,2/11/2026 0:00,0,0,0,0,0,0,0,0,0,,,,,,,,,
Scout,Moscow,2/12/2026 0:00,0,0,0,0,0,0,0,0,0,,,,,,,,,
Scout,Moscow,2/13/2026 0:00,0,0,0,0,0,0,0,0,0,,,,,,,,,
Scout,Moscow,2/14/2026 0:00,0,0,0,0,0,0,0,0,0,,,,,,,,,
Scout,Moscow,2/15/2026 0:00,0,0,0,0,0,0,0,0,0,,,,,,,,,
Scout,Moscow,2/16/2026 0:00,0,0,0,0,0,0,0,0,0,,,,,,,,,
Scout,Moscow,2/17/2026 0:00,0,0,0,0,0,0,0,0,0,,,,,,,,,
Scout,Moscow,2/18/2026 0:00,0,0,0,0,0,0,0,0,0,,,,,,,,,
Scout,Moscow,2/19/2026 0:00,0,0,0,0,0,0,0,0,0,,,,,,,,,
Scout,Moscow,2/20/2026 0:00,0,0,0,0,0,0,0,0,0,,,,,,,,,
Scout,Moscow,2/21/2026 0:00,0,0,0,0,0,0,0,0,0,,,,,,,,,
Scout,Moscow,2/22/2026 0:00,0,0,0,0,0,0,0,0,0,,,,,,,,,
Scout,Moscow,2/23/2026 0:00,0,0,0,0,0,0,0,0,0,,,,,,,,,
Scout,Moscow,2/24/2026 0:00,0,0,0,0,0,0,0,0,0,,,,,,,,,
Scout,Moscow,2/25/2026 0:00,0,0,0,0,0,0,0,0,0,,,,,,,,,
Scout,Moscow,2/26/2026 0:00,0,0,0,0,0,0,0,0,0,,,,,,,,,
Scout,Moscow,2/27/2026 0:00,0,0,0,0,0,0,0,0,0,,,,,,,,,
Scout,Moscow,2/28/2026 0:00,0,0,0,0,0,0,0,0,0,,,,,,,,,
Scout,Moscow,3/1/2026 0:00,0,0,0,0,0,0,0,0,0,,,,,,,,,
Scout,Moscow,3/2/2026 0:00,0,0,0,0,0,0,0,0,0,,,,,,,,,
Scout,Moscow,3/3/2026 0:00,0,0,0,0,0,0,0,0,0,,,,,,,,,
Scout,Moscow,3/4/2026 0:00,0,0,0,0,0,0,0,0,0,,,,,,,,,
Scout,Moscow,3/5/2026 0:00,0,0,0,0,0,0,0,0,0,,,,,,,,,
Scout,Moscow,3/6/2026 0:00,0,0,0,0,0,0,0,0,0,,,,,,,,,
Scout,Moscow,3/7/2026 0:00,0,0,0,0,0,0,0,0,0,,,,,,,,,
Scout,Moscow,3/8/2026 0:00,0,0,0,0,0,0,0,0,0,,,,,,,,,
Scout,Moscow,3/9/2026 0:00,0,0,0,0,0,0,0,0,0,,,,,,,,,
Scout,Moscow,3/10/2026 0:00,0,0,0,0,0,0,0,0,0,,,,,,,,,
Scout,Moscow,3/11/2026 0:00,0,0,0,0,0,0,0,0,0,,,,,,,,,
Scout,Moscow,3/12/2026 0:00,0,0,0,0,0,0,0,0,0,,,,,,,,,
Scout,Moscow,3/13/2026 0:00,0,0,0,0,0,0,0,0,0,,,,,,,,,
Scout,Moscow,3/14/2026 0:00,0,0,0,0,0,0,0,0,0,,,,,,,,,
Scout,Moscow,3/15/2026 0:00,0,0,0,0,0,0,0,0,0,,,,,,,,,
Scout,Moscow,3/16/2026 0:00,0,0,0,0,0,0,0,0,0,,,,,,,,,
Scout,Moscow,3/17/2026 0:00,0,0,0,0,0,0,0,0,0,,,,,,,,,
Scout,Moscow,3/18/2026 0:00,0,0,0,0,0,0,0,0,0,,,,,,,,,
Scout,Moscow,3/19/2026 0:00,0,0,0,0,0,0,0,0,0,,,,,,,,,
Scout,Moscow,3/20/2026 0:00,0,0,0,0,0,0,0,0,0,,,,,,,,,
Scout,Moscow,3/21/2026 0:00,0,0,0,0,0,0,0,0,0,,,,,,,,,
Scout,Moscow,3/22/2026 0:00,0,0,0,0,0,0,0,0,0,,,,,,,,,
Scout,Moscow,3/23/2026 0:00,0,0,0,0,0,0,0,0,0,,,,,,,,,
Scout,Moscow,3/24/2026 0:00,0,0,0,0,0,0,0,0,0,,,,,,,,,
Scout,Moscow,3/25/2026 0:00,0,0,0,0,0,0,0,0,0,,,,,,,,,
Scout,Moscow,3/26/2026 0:00,0,0,0,0,0,0,0,0,0,,,,,,,,,
Scout,Moscow,3/27/2026 0:00,0,0,0,0,0,0,0,0,0,,,,,,,,,
Scout,Moscow,3/28/2026 0:00,0,0,0,0,0,0,0,0,0,,,,,,,,,
Scout,Moscow,3/29/2026 0:00,0,0,0,0,0,0,0,0,0,,,,,,,,,
Scout,Moscow,3/30/2026 0:00,0,0,0,0,0,0,0,0,0,,,,,,,,,
Scout,Moscow,3/31/2026 0:00,0,0,0,0,0,0,0,0,0,,,,,,,,,
Scout,Moscow,4/1/2026 0:00,0,0,0,0,0,0,0,0,0,,,,,,,,,
Scout,Moscow,4/2/2026 0:00,0,0,0,0,0,0,0,0,0,,,,,,,,,
Scout,Moscow,4/3/2026 0:00,0,0,0,0,0,0,0,0,0,,,,,,,,,
Scout,Moscow,4/4/2026 0:00,0,0,0,0,0,0,0,0,0,,,,,,,,,
Scout,Moscow,4/5/2026 0:00,0,0,0,0,0,0,0,0,0,,,,,,,,,
Scout,Moscow,4/6/2026 0:00,0,0,0,0,0,0,0,0,0,,,,,,,,,
Scout,Moscow,4/7/2026 0:00,0,0,0,0,0,0,0,0,0,,,,,,,,,
Scout,Moscow,4/8/2026 0:00,0,0,0,0,0,0,0,0,0,,,,,,,,,
Scout,Moscow,4/9/2026 0:00,0,0,0,0,0,0,0,0,0,,,,,,,,,
Scout,Moscow,4/10/2026 0:00,0,0,0,0,0,0,0,0,0,,,,,,,,,
Scout,Moscow,4/11/2026 0:00,0,0,0,0,0,0,0,0,0,,,,,,,,,
Scout,Moscow,4/12/2026 0:00,0,0,0,0,0,0,0,0,0,,,,,,,,,
Scout,Moscow,4/13/2026 0:00,0,0,0,0,0,0,0,0,0,,,,,,,,,
Scout,Moscow,4/14/2026 0:00,0,0,0,0,0,0,0,0,0,,,,,,,,,
Scout,Moscow,4/15/2026 0:00,0,0,0,0,0,0,0,0,0,,,,,,,,,
Scout,Moscow,4/16/2026 0:00,0,0,0,0,0,0,0,0,0,,,,,,,,,
Scout,Moscow,4/17/2026 0:00,0,0,0,0,0,0,0,0,0,,,,,,,,,
Scout,Moscow,4/18/2026 0:00,0,0,0,0,0,0,0,0,0,,,,,,,,,
Scout,Moscow,4/19/2026 0:00,0,0,0,0,0,0,0,0,0,,,,,,,,,
Scout,Moscow,4/20/2026 0:00,0,0,0,0,0,0,0,0,0,,,,,,,,,
Scout,Moscow,4/21/2026 0:00,0,0,0,0,0,0,0,0,0,,,,,,,,,
Scout,Moscow,4/22/2026 0:00,0,0,0,0,0,0,0,0,0,,,,,,,,,
Scout,Moscow,4/23/2026 0:00,0,0,0,0,0,0,0,0,0,,,,,,,,,
Scout,Moscow,4/24/2026 0:00,0,0,0,0,0,0,0,0,0,,,,,,,,,
Scout,Moscow,4/25/2026 0:00,0,0,0,0,0,0,0,0,0,,,,,,,,,
Scout,Moscow,4/26/2026 0:00,0,0,0,0,0,0,0,0,0,,,,,,,,,
Scout,Moscow,4/27/2026 0:00,227.51,1000,227.51,53.49,58.87,0.6,0,0,100,,,,,,,,,
Scout,Moscow,4/28/2026 0:00,98.45,1000,98.45,53.8,61.86,0.6,0,0,100,,,,,,,,,
Scout,Moscow,4/29/2026 0:00,0,0,0,0,0,0,0,0,0,,,,,,,,,
Scout,Moscow,4/30/2026 0:00,0,0,0,0,0,0,0,0,0,,,,,,,,,
Scout,Moscow,5/1/2026 0:00,0,0,0,0,0,0,0,0,0,,,,,,,,,
Scout,Moscow,5/2/2026 0:00,0,0,0,0,0,0,0,0,0,,,,,,,,,
Scout,Moscow,5/3/2026 0:00,0,0,0,0,0,0,0,0,0,,,,,,,,,
Scout,Moscow,5/4/2026 0:00,0,0,0,0,0,0,0,0,0,,,,,,,,,
Scout,Moscow,5/5/2026 0:00,0,0,0,0,0,0,0,0,0,,,,,,,,,
Scout,Moscow,5/6/2026 0:00,0,0,0,0,0,0,0,0,0,,,,,,,,,
Scout,Moscow,5/7/2026 0:00,0,0,0,0,0,0,0,0,0,,,,,,,,,
Scout,Moscow,5/8/2026 0:00,0,0,0,0,0,0,0,0,0,,,,,,,,,
Scout,Moscow,5/9/2026 0:00,0,0,0,0,0,0,0,0,0,,,,,,,,,
Scout,Moscow,5/10/2026 0:00,0,0,0,0,0,0,0,0,0,,,,,,,,,
Scout,Moscow,5/11/2026 0:00,156.87,1000,156.87,53.13,64.16,0.6,0,0,100,,,,,,,,,
Scout,Moscow,5/12/2026 0:00,206.65,1000,206.65,54.36,65.25,0.6,0,0,100,,,,,,,,,
Scout,Moscow,5/13/2026 0:00,222.88,1000,222.88,54.16,65.55,0.6,0,0,100,,,,,,,,,
Scout,Moscow,5/14/2026 0:00,208.87,1000,208.87,53.58,67.57,0.6,0,0,100,,,,,,,,,
Scout,Moscow,5/15/2026 0:00,156.34,1000,156.34,54.79,66.76,0.6,0,0,100,,,,,,,,,
Scout,Moscow,5/16/2026 0:00,0,0,0,0,0,0,0,0,0,,,,,,,,,
Scout,Moscow,5/17/2026 0:00,18.13,1000,18.13,55.17,60.11,0.6,0,0,100,,,,,,,,,
Scout,Moscow,5/18/2026 0:00,229.24,1000,229.24,56.75,61.86,0.6,0,0,100,,,,,,,,,
Scout,Moscow,5/19/2026 0:00,99.69,1000,99.69,50.46,64.68,0.6,0,0,100,,,,,,,,,
Scout,Moscow,5/20/2026 0:00,137.08,1000,137.08,49.71,61.11,0.6,0,0,100,,,,,,,,,
Scout,Moscow,5/21/2026 0:00,79.36,1000,79.36,50.08,63.52,0.6,0,0,100,,,,,,,,,
Scout,Moscow,5/22/2026 0:00,187.25,1000,187.25,51.23,62.93,0.6,0,0,100,,,,,,,,,
Scout,Moscow,5/23/2026 0:00,188.25,1000,188.25,51.96,64.91,0.6,0,0,100,,,,,,,,,
Scout,Moscow,5/24/2026 0:00,186.39,1000,186.39,52.9,67.53,0.6,0,0,100,,,,,,,,,
Scout,Moscow,5/25/2026 0:00,110.61,1000,110.61,54.16,71.83,0.6,0,0,100,,,,,,,,,
Scout,Moscow,5/26/2026 0:00,199.38,1000,199.38,54.53,65.14,0.6,0,0,100,,,,,,,,,
Scout,Moscow,5/27/2026 0:00,241.67,1000,241.67,55.51,63.53,0.6,0,0,100,,,,,,,,,
Scout,Moscow,5/28/2026 0:00,243.07,1000,243.07,56.34,65.29,0.6,0,0,100,,,,,,,,,
Scout,Moscow,5/29/2026 0:00,37.9,1000,37.9,56.36,69.48,0.6,0,0,100,,,,,,,,,
Scout,Moscow,5/30/2026 0:00,16.4,1000,16.4,56.82,65.96,0.6,0,0,100,,,,,,,,,
Scout,Moscow,5/31/2026 0:00,227.02,1000,227.02,57.5,68.3,0.6,0,0,100,,,,,,,,,
Scout,Moscow,6/1/2026 0:00,214.81,1000,214.81,58.07,68.6,0.6,0,0,100,,,,,,,,,
Scout,Moscow,6/2/2026 0:00,29.88,1000,29.88,58.65,64.41,0.6,0,0,100,,,,,,,,,
Scout,Moscow,6/3/2026 0:00,0,0,0,0,0,0,0,0,0,,,,,,,,,
Scout,Moscow,6/4/2026 0:00,0,0,0,0,0,0,0,0,0,,,,,,,,,
Scout,Moscow,6/5/2026 0:00,120.37,1000,120.37,59.48,66.96,0.6,0,0,100,,,,,,,,,
Scout,Moscow,6/6/2026 0:00,0,0,0,0,0,0,0,0,0,,,,,,,,,
Scout,Moscow,6/7/2026 0:00,5.65,1000,5.65,60.16,73.92,0.6,0,0,100,,,,,,,,,
Scout,Moscow,6/8/2026 0:00,61.4,1000,61.4,61.69,72.45,0.6,0,0,100,,,,,,,,,
Scout,Moscow,6/9/2026 0:00,207.66,1000,207.66,61.9,69.89,0.6,0,0,100,,,,,,,,,
Scout,Moscow,6/10/2026 0:00,255.93,1000,255.93,62.48,70.33,0.6,0,0,100,,,,,,,,,
Scout,Moscow,6/11/2026 0:00,241.67,1000,241.67,63.21,68.63,0.6,0,0,100,,,,,,,,,
Scout,Moscow,6/12/2026 0:00,254.59,1000,254.59,63.34,70.4,0.6,0,0,100,,,,,,,,,
Scout,Moscow,6/13/2026 0:00,70.7,1000,70.7,63.43,74.49,0.6,0,0,100,,,,,,,,,
Scout,Moscow,6/14/2026 0:00,255.44,1000,255.44,60.75,67.7,0.6,0,0,100,,,,,,,,,
Scout,Moscow,6/15/2026 0:00,248.38,1000,248.38,61.2,69.73,0.6,0,0,100,,,,,,,,,
Scout,Moscow,6/16/2026 0:00,223,1000,223,60.74,72.14,0.6,0,0,100,,,,,,,,,
Scout,Moscow,6/17/2026 0:00,227.26,1000,227.26,62.55,72.15,0.6,0,0,100,,,,,,,,,
Scout,Moscow,6/18/2026 0:00,249.03,1000,249.03,51.67,69.21,0.6,0,0,100,,,,,,,,,
Scout,Moscow,6/19/2026 0:00,254.92,1000,254.92,54.16,70.54,0.6,0,0,100,,,,,,,,,
Scout,Moscow,6/20/2026 0:00,219.28,1000,219.28,53.9,73.95,0.6,0,0,100,,,,,,,,,
Scout,Moscow,6/21/2026 0:00,0,0,0,0,0,0,0,0,0,,,,,,,,,
Scout,Moscow,6/22/2026 0:00,0,0,0,0,0,0,0,0,0,,,,,,,,,
Scout,Moscow,6/23/2026 0:00,196.38,1000,196.38,55.9,69.25,0.6,0,0,100,,,,,,,,,
Scout,Moscow,6/24/2026 0:00,251.7,1000,251.7,55.75,70.4,0.6,0,0,100,,,,,,,,,
Scout,Moscow,6/25/2026 0:00,252.56,1000,252.56,56.36,71.45,0.6,0,0,100,,,,,,,,,
Scout,Moscow,6/26/2026 0:00,122.97,1000,122.97,56.77,73.16,0.6,0,0,100,,,,,,,,,
Scout,Moscow,6/27/2026 0:00,0,0,0,0,0,0,0,0,0,,,,,,,,,
Scout,Moscow,6/28/2026 0:00,2.86,1000,2.86,56.03,80.91,0.6,0,0,100,,,,,,,,,
Scout,Moscow,6/29/2026 0:00,253.17,1000,253.17,58.11,75.84,0.6,0,0,100,,,,,,,,,
Scout,Moscow,6/30/2026 0:00,0,0,201.79,0,0,0,0,0,0,,,,,,,,,
ANR,Archer Place,7/1/2026 0:00,1235.26,1007.45592,1244.47,757.8396542,89.65952083,0.55928333,0.30171666,0.3818875,99.31639584,,,,,,,,,
ANR,Archer Place,7/2/2026 0:00,1350.74,1005.922679,1358.74,774.3599375,88.45233333,0.55985833,0.28921666,0.54743333,99.16335001,,,,,,,,,
ANR,Archer Place,7/3/2026 0:00,1165.64,1007.223499,1174.06,774.2877875,84.87215833,0.55908333,0.268,0.40832083,99.32367917,,,,,,,,,
ANR,Archer Place,7/4/2026 0:00,741.33,1010.386737,749.03,621.9692167,71.59189583,0.56467916,0.1864125,0.13382083,99.67976667,,,,,,,,,
ANR,Archer Place,7/5/2026 0:00,893.93,1010.425872,903.25,779.5185958,86.92025,0.557675,0.22535416,0.16766666,99.60697918,,,,,,,,,
ANR,Archer Place,7/6/2026 0:00,1052.49,1010.356392,1063.39,762.64775,84.81930833,0.5576625,0.22162916,0.17277916,99.60559168,,,,,,,,,
ANR,Archer Place,7/7/2026 0:00,180.96,1008.620689,182.52,146.8205667,19.48226666,0.5914,0.05170833,0.0772625,99.87102917,,,,,,,,,
ANR,Archer Place,7/8/2026 0:00,871.77,1005.311033,876.4,572.9946125,72.04173333,0.56755416,0.27739166,0.61385,99.10875834,,,,,,,,,
ANR,Archer Place,7/9/2026 0:00,1590.98,1005.311191,1599.43,698.4743208,86.8596,0.56055833,0.3707,0.5265,99.1028,,,,,,,,,
ANR,Archer Place,7/10/2026 0:00,1644.67,1003.970401,1651.2,714.4175292,78.59143333,0.56092916,0.34104583,0.684675,98.97427917,,,,,,,,,
ANR,Archer Place,7/11/2026 0:00,1628.78,1005.194071,1637.24,737.3493458,84.3052375,0.56041666,0.33875833,0.56471666,99.09652501,,,,,,,,,
ANR,Archer Place,7/12/2026 0:00,1556.69,1005.151957,1564.71,741.646975,84.80626666,0.56015833,0.29621666,0.60663333,99.09715001,,,,,,,,,
ANR,Archer Place,7/13/2026 0:00,1402.89,1007.21368,1413.01,838.7438,86.63624166,0.5592125,0.28617083,0.39874166,99.31508751,,,,,,,,,
ANR,Archer Place,7/14/2026 0:00,1219.13,1009.867692,1231.16,842.6470958,88.15317916,0.55805416,0.2598625,0.18216666,99.55797084,,,,,,,,,
ANR,Archer Place,7/15/2026 0:00,1193.06,1009.672606,1204.6,855.679775,90.22609166,0.55805416,0.24388333,0.21779166,99.53832501,,,,,,,,,
ANR,Archer Place,7/16/2026 0:00,1190.49,1009.785886,1202.14,826.886725,89.56577083,0.55808333,0.25713333,0.1915375,99.55132917,,,,,,,,,
ANR,Archer Place,7/17/2026 0:00,1189.66,1009.439671,1200.89,835.9168083,91.099675,0.55827916,0.26503333,0.2200875,99.51487917,,,,,,,,,
ANR,Archer Place,7/18/2026 0:00,582.91,1009.281021,588.32,501.10955,57.15790416,0.5759,0.16015,0.17429166,99.66555834,,,,,,,,,
ANR,Archer Place,7/19/2026 0:00,0,0,0,14.4,0,0.6,0,0,0,,,,,,,,,
ANR,Archer Place,7/20/2026 0:00,0,0,0,14.4,0,0.6,0,0,0,,,,,,,,,
ANR,Archer Place,7/21/2026 0:00,1492.31,1004.060818,1498.37,728.7155542,78.58711666,0.56282083,0.37323333,0.61364166,99.01312501,,,,,,,,,
ANR,Archer Place,7/22/2026 0:00,1698.97,1004.149572,1706.02,773.0053292,78.26191666,0.56089583,0.35029583,0.65571666,98.99398751,,,,,,,,,
ANR,Archer Place,7/23/2026 0:00,1541.83,1004.280627,1548.43,755.43435,77.60624583,0.56067916,0.31179166,0.69209583,98.99611251,,,,,,,,,
ANR,Archer Place,7/24/2026 0:00,1320.85,1006.321686,1329.2,779.8621833,72.88317083,0.55947916,0.29148333,0.44858333,99.25993334,,,,,,,,,
ANR,Archer Place,7/25/2026 0:00,1154.28,1008.585438,1164.19,771.2293167,86.60123333,0.55861666,0.26264583,0.30786666,99.42948751,,,,,,,,,
ANR,Archer Place,7/26/2026 0:00,1150.87,1009.418961,1161.71,685.8000708,93.741475,0.55824166,0.255975,0.23157083,99.51245417,,,,,,,,,
ANR,Archer Place,7/27/2026 0:00,1136.59,1009.106186,1146.94,696.7191667,89.51867083,0.55830416,0.24644583,0.27080833,99.48274584,,,,,,,,,
ANR,Archer Place,7/28/2026 0:00,1431.31,1004.513347,1437.77,713.878825,88.57658333,0.56047083,0.3201375,0.619825,99.0600375,,,,,,,,,
ANR,Archer Place,7/29/2026 0:00,1589.07,1005.292403,1597.48,708.7364458,84.2806125,0.560375,0.33705,0.55585,99.1071,,,,,,,,,
ANR,Archer Place,7/30/2026 0:00,1579.07,1005.186597,1587.26,707.7325208,83.77943333,0.5603,0.32495416,0.57014166,99.10490418,,,,,,,,,
ANR,Archer Place,7/31/2026 0:00,1475.36,1005.212287,1483.05,691.6512958,76.40045,0.5599875,0.28972083,0.57584583,99.13443334,,,,,,,,,
ANR,Whitetail,7/1/2026 0:00,1885.99,1008.48891,1902,865.4743375,74.1783375,0.5579625,0.15559166,0.4022875,99.44212084,,,,,,,,,
ANR,Whitetail,7/2/2026 0:00,1683.33,1007.65744,1696.22,865.6023958,74.3618375,0.55845416,0.15752083,0.5191,99.32337917,,,,,,,,,
ANR,Whitetail,7/3/2026 0:00,1450.87,1007.912493,1462.35,866.6633917,72.418575,0.55854583,0.17797916,0.49282083,99.32920001,,,,,,,,,
ANR,Whitetail,7/4/2026 0:00,731.52,1006.028543,735.93,852.5441625,75.6510375,0.5598375,0.29756666,0.5228125,99.17962084,,,,,,,,,
ANR,Whitetail,7/5/2026 0:00,880.03,1005.408906,884.79,869.5765667,75.7908875,0.5603375,0.33825416,0.54760416,99.11414168,,,,,,,,,
ANR,Whitetail,7/6/2026 0:00,1449.88,1006.724694,1459.63,872.0736583,72.10888333,0.55988333,0.30402916,0.517875,99.17809584,,,,,,,,,
ANR,Whitetail,7/7/2026 0:00,1681.59,1008.676312,1696.18,779.0539333,71.53448333,0.55897083,0.28557916,0.34319166,99.37122918,,,,,,,,,
ANR,Whitetail,7/8/2026 0:00,1514.17,1007.528877,1525.57,729.3170083,67.62009166,0.56306666,0.23562916,0.5367125,99.22765834,,,,,,,,,
ANR,Whitetail,7/9/2026 0:00,1813.78,1008.209374,1828.67,816.983575,71.154125,0.55909166,0.262075,0.4245625,99.3133625,,,,,,,,,
ANR,Whitetail,7/10/2026 0:00,1514.35,1007.508171,1525.72,826.81095,68.12487916,0.55932083,0.27379583,0.45261666,99.27358751,,,,,,,,,
ANR,Whitetail,7/11/2026 0:00,1041.56,1006.826299,1048.67,852.8215292,73.42072083,0.56005,0.35760833,0.43236666,99.21002501,,,,,,,,,
ANR,Whitetail,7/12/2026 0:00,1308.52,1008.650995,1319.84,625.3049875,51.25739166,0.5703375,0.11465833,0.3027625,99.58257917,,,,,,,,,
ANR,Whitetail,7/13/2026 0:00,1282.12,1007.612391,1291.88,806.5783875,73.92035416,0.55975,0.35174583,0.37362916,99.27462501,,,,,,,,,
ANR,Whitetail,7/14/2026 0:00,1576.6,1007.725485,1588.78,813.6155417,74.17884166,0.55935833,0.22685416,0.5362,99.23694584,,,,,,,,,
ANR,Whitetail,7/15/2026 0:00,1696.97,1007.289462,1709.34,830.5034167,73.58117916,0.55982083,0.28696666,0.5432625,99.16977084,,,,,,,,,
ANR,Whitetail,7/16/2026 0:00,1654.25,1008.184978,1667.79,801.7782083,74.260475,0.55830833,0.12165,0.56529583,99.31305417,,,,,,,,,
ANR,Whitetail,7/17/2026 0:00,1381.43,1008.867622,1393.68,806.9305167,76.84912083,0.55780833,0.10341666,0.4866125,99.40997084,,,,,,,,,
ANR,Whitetail,7/18/2026 0:00,1251.07,1008.161014,1261.28,825.6282792,77.40446666,0.55789583,0.10135416,0.51343333,99.38521251,,,,,,,,,
ANR,Whitetail,7/19/2026 0:00,819.1,1007.459406,825.21,827.0987458,78.03250416,0.55877083,0.1097,0.6613375,99.2289625,,,,,,,,,
ANR,Whitetail,7/20/2026 0:00,891.7,1008.792194,899.54,856.1394,83.14012916,0.55784583,0.11581666,0.46682083,99.41736251,,,,,,,,,
ANR,Whitetail,7/21/2026 0:00,1442.28,1009.24231,1455.61,927.1653042,70.54185,0.55745833,0.1021625,0.4047,99.4931375,,,,,,,,,
ANR,Whitetail,7/22/2026 0:00,837.24,1008.969948,844.75,432.9952708,32.574125,0.58057916,0.05426666,0.18635416,99.75937918,,,,,,,,,
ANR,Whitetail,7/23/2026 0:00,1313.68,1009.781681,1326.53,555.5152833,48.81479583,0.57149166,0.07509583,0.21819583,99.70670834,,,,,,,,,
ANR,Whitetail,7/24/2026 0:00,824.65,1009.688958,832.64,273.7608,22.29974166,0.58580833,0.04602916,0.1050625,99.84890834,,,,,,,,,
ANR,Whitetail,7/25/2026 0:00,1011.68,1009.854894,1021.65,312.5931167,27.40184166,0.58399583,0.0466,0.11852916,99.83487084,,,,,,,,,
ANR,Whitetail,7/26/2026 0:00,1123.38,1010.076732,1134.7,509.2597083,46.198475,0.57495,0.05024583,0.20049166,99.74926251,,,,,,,,,
ANR,Whitetail,7/27/2026 0:00,1456.95,1008.764885,1469.72,816.9983,76.77541666,0.5578875,0.10660416,0.49314166,99.40025418,,,,,,,,,
ANR,Whitetail,7/28/2026 0:00,1701.37,1008.593074,1715.99,800.8603083,74.69032083,0.55793333,0.12181666,0.4751875,99.40299584,,,,,,,,,
ANR,Whitetail,7/29/2026 0:00,1947.01,1008.299906,1963.17,776.5188167,71.2770625,0.5582625,0.15257083,0.47443333,99.37299584,,,,,,,,,
ANR,Whitetail,7/30/2026 0:00,1378.6,1006.557377,1387.64,743.8264292,75.0222,0.55893333,0.15482916,0.64175416,99.20341668,,,,,,,,,
ANR,Whitetail,7/31/2026 0:00,1613.96,1004.330962,1620.95,779.4128792,69.52140833,0.56038333,0.19510833,0.89820833,98.90668334,,,,,,,,,
ANR,Ruckman,7/1/2026 0:00,1497.53,1004.126795,1503.71,859.3067333,73.77787916,0.56081666,0.35597916,0.6299125,99.01410834,,,,,,,,,
ANR,Ruckman,7/2/2026 0:00,1315.9,1004.020062,1321.19,856.9478542,81.544725,0.56104583,0.36848333,0.65544166,98.97607501,,,,,,,,,
ANR,Ruckman,7/3/2026 0:00,1364.08,1005.241628,1371.23,856.9150333,78.41767083,0.56031666,0.3317375,0.56585833,99.10240417,,,,,,,,,
ANR,Ruckman,7/4/2026 0:00,1055.51,1006.641339,1062.52,846.1955292,76.38912916,0.55980416,0.27491666,0.57292083,99.15216251,,,,,,,,,
ANR,Ruckman,7/5/2026 0:00,728.95,1005.309006,732.82,487.0017,38.74965,0.5782,0.11879166,0.37289166,99.50831668,,,,,,,,,
ANR,Ruckman,7/6/2026 0:00,753.54,1005.255195,757.5,339.68915,23.14357916,0.58530416,0.16494583,0.15882083,99.67623334,,,,,,,,,
ANR,Ruckman,7/7/2026 0:00,738.79,1005.278901,742.69,430.6048958,32.95505,0.57685416,0.239475,0.21830416,99.54222084,,,,,,,,,
ANR,Ruckman,7/8/2026 0:00,783.05,1004.827277,786.83,390.2470292,32.98909583,0.5804,0.22870416,0.19010833,99.58118751,,,,,,,,,
ANR,Ruckman,7/9/2026 0:00,1442.14,1004.313034,1448.36,782.951875,79.25125833,0.56150833,0.41059166,0.66723333,98.92217501,,,,,,,,,
ANR,Ruckman,7/10/2026 0:00,1325.41,1003.938403,1330.63,825.0347625,75.53215833,0.56135,0.382775,0.693525,98.9237,,,,,,,,,
ANR,Ruckman,7/11/2026 0:00,1275.23,1005.253954,1281.93,845.0448792,77.68603333,0.56050833,0.29080833,0.71035833,98.99883334,,,,,,,,,
ANR,Ruckman,7/12/2026 0:00,1223.74,1005.148152,1230.04,849.4910375,79.35084166,0.5607625,0.33380833,0.66761666,98.99857501,,,,,,,,,
ANR,Ruckman,7/13/2026 0:00,1508.96,1003.121355,1513.67,920.1926208,81.45386666,0.56189583,0.417125,0.74546666,98.83740834,,,,,,,,,
ANR,Ruckman,7/14/2026 0:00,1378.93,1003.800047,1384.17,930.1800167,81.57464583,0.56187083,0.41224583,0.74950833,98.83824584,,,,,,,,,
ANR,Ruckman,7/15/2026 0:00,1376.02,1002.638043,1379.65,935.6248583,83.19917916,0.5617375,0.42179166,0.69669583,98.88151251,,,,,,,,,
ANR,Ruckman,7/16/2026 0:00,1367.13,1003.189162,1371.49,907.1564042,81.9824,0.56124166,0.3426375,0.76129583,98.89606667,,,,,,,,,
ANR,Ruckman,7/17/2026 0:00,853.76,1003.677848,856.9,508.5209,46.41442916,0.57860416,0.18680833,0.30690416,99.50628751,,,,,,,,,
ANR,Ruckman,7/18/2026 0:00,773.52,1008.002378,779.71,549.5412667,48.37540833,0.57552916,0.0651375,0.3049,99.6299625,,,,,,,,,
ANR,Ruckman,7/19/2026 0:00,555.05,1006.125574,558.45,402.4510542,34.66242916,0.58290416,0.07644166,0.23920833,99.68435001,,,,,,,,,
ANR,Ruckman,7/20/2026 0:00,1014.68,1003.98155,1018.72,699.0261208,65.62025,0.57106666,0.28222083,0.53965416,99.17812501,,,,,,,,,
ANR,Ruckman,7/21/2026 0:00,1303.31,1006.744366,1312.1,859.4282,71.695225,0.55974166,0.24200416,0.63319583,99.12480001,,,,,,,,,
ANR,Ruckman,7/22/2026 0:00,1299.71,1004.408675,1305.44,842.6056417,75.7755875,0.56052916,0.31880833,0.6431875,99.03800417,,,,,,,,,
ANR,Ruckman,7/23/2026 0:00,1506.51,1004.075645,1512.65,801.8142708,75.51681666,0.56095416,0.33924583,0.70020833,98.96054584,,,,,,,,,
ANR,Ruckman,7/24/2026 0:00,1238.21,1007.098957,1247,829.8448667,73.33964583,0.55942083,0.20613333,0.6413375,99.15252917,,,,,,,,,
ANR,Ruckman,7/25/2026 0:00,1198.71,1006.540364,1206.55,839.9452458,82.45168333,0.5598625,0.251,0.64395,99.10505,,,,,,,,,
ANR,Ruckman,7/26/2026 0:00,1177.01,1006.474031,1184.63,796.4134375,85.5840375,0.5600125,0.27981666,0.61280833,99.10737501,,,,,,,,,
ANR,Ruckman,7/27/2026 0:00,1252.92,1003.639498,1257.48,786.6357792,84.36502083,0.561075,0.32271666,0.7678125,98.90947084,,,,,,,,,
ANR,Ruckman,7/28/2026 0:00,1138.18,1004.805918,1143.65,780.6610042,82.75122083,0.56077916,0.27413333,0.81114166,98.91472501,,,,,,,,,
ANR,Ruckman,7/29/2026 0:00,1255.79,999.936295,1255.71,827.2138833,80.8841125,0.56349166,0.374425,1.23051666,98.39505834,,,,,,,,,
ANR,Ruckman,7/30/2026 0:00,892.71,1003.954251,896.24,824.8627125,79.42225416,0.56126666,0.34205833,0.769375,98.88856667,,,,,,,,,
ANR,Ruckman,7/31/2026 0:00,1416.78,1003.006818,1421.04,871.3081333,75.80555,0.56162083,0.39672916,0.72074166,98.88252918,,,,,,,,,
ANR,Archer Place,8/1/2026 0:00,1665.23,1004.215633,1672.25,694.6785458,79.87404166,0.5605875,0.30050416,0.69762916,99.00186668,,,,,,,,,
ANR,Archer Place,8/2/2026 0:00,1682.13,1003.424229,1687.89,703.2778583,83.86590833,0.560825,0.28634583,0.789725,98.92392917,,,,,,,,,
ANR,Archer Place,8/3/2026 0:00,1641.64,1003.996003,1648.2,705.0597542,82.5826125,0.56069583,0.30055,0.72287916,98.97657084,,,,,,,,,
ANR,Archer Place,8/4/2026 0:00,1308.14,1003.126576,1312.23,646.4912167,75.60639166,0.56395416,0.25946666,0.69541666,99.04511668,,,,,,,,,
ANR,Archer Place,8/5/2026 0:00,0,0,0,0,0,0,0,0,0,,,,,,,,,
ANR,Archer Place,8/6/2026 0:00,0,0,0,0,0,0,0,0,0,,,,,,,,,
ANR,Archer Place,8/7/2026 0:00,1121.75,1008.531312,1131.32,806.5889625,82.18374583,0.56054583,0.2796,0.27722916,99.44317084,,,,,,,,,
ANR,Archer Place,8/8/2026 0:00,1164.7,1009.204086,1175.42,834.5977125,83.38991666,0.5583375,0.25486666,0.25569166,99.48944168,,,,,,,,,
ANR,Archer Place,8/9/2026 0:00,685.78,1007.976318,691.25,528.6355167,56.8222,0.57453333,0.164375,0.28740833,99.54821667,,,,,,,,,
ANR,Archer Place,8/10/2026 0:00,0,0,0,0,0,0,0,0,0,,,,,,,,,
ANR,Archer Place,8/11/2026 0:00,0,0,0,0,0,0,0,0,0,,,,,,,,,
ANR,Archer Place,8/12/2026 0:00,0,0,0,0,0,0,0,0,0,,,,,,,,,
ANR,Archer Place,8/13/2026 0:00,1213.85,1006.219878,1221.4,802.0720583,83.2635375,0.55948333,0.2579375,0.5248375,99.217225,,,,,,,,,
ANR,Archer Place,8/14/2026 0:00,935.86,1005.652554,941.15,638.484,64.33371666,0.56828333,0.20079166,0.5095625,99.28964584,,,,,,,,,
ANR,Archer Place,8/15/2026 0:00,1595.67,1000.689365,1596.77,794.9730292,88.7380875,0.5620625,0.32489166,0.99791666,98.67719168,,,,,,,,,
ANR,Archer Place,8/16/2026 0:00,1386.45,1004.803635,1393.11,789.6277625,78.49731666,0.56017083,0.29247916,0.61237916,99.09514168,,,,,,,,,
ANR,Archer Place,8/17/2026 0:00,1487.8,1005.014114,1495.26,797.9711167,82.9757125,0.56031666,0.32195833,0.5784125,99.09962917,,,,,,,,,
ANR,Archer Place,8/18/2026 0:00,1731.03,1003.142637,1736.47,795.2668708,82.06945833,0.561075,0.30706666,0.79819166,98.89474168,,,,,,,,,
ANR,Archer Place,8/19/2026 0:00,1720.44,1001.796052,1723.53,791.7851792,78.26353333,0.56149583,0.2776375,0.96309583,98.75926667,,,,,,,,,
ANR,Archer Place,8/20/2026 0:00,451.19,979.764622,442.06,803.4324542,79.16604166,0.57106666,0.3387875,3.14872916,96.51248334,,,,,,,,,
ANR,Archer Place,8/21/2026 0:00,0,0,0,0,0,0,0,0,0,,,,,,,,,
ANR,Archer Place,8/22/2026 0:00,0,0,0,0,0,0,0,0,0,,,,,,,,,
ANR,Archer Place,8/23/2026 0:00,0,0,0,0,0,0,0,0,0,,,,,,,,,
ANR,Archer Place,8/24/2026 0:00,0,0,0,0,0,0,0,0,0,,,,,,,,,
ANR,Archer Place,8/25/2026 0:00,1099.59,992.588146,1091.44,807.882275,76.6834,0.56700833,0.34358333,1.69768333,97.95873334,,,,,,,,,
ANR,Archer Place,8/26/2026 0:00,1094.55,994.500022,1088.53,828.8047625,81.6435625,0.56507083,0.40715416,1.529875,98.06297084,,,,,,,,,
ANR,Archer Place,8/27/2026 0:00,946.57,996.524292,943.28,840.1464583,78.66754583,0.56426666,0.41867083,1.30752916,98.27380001,,,,,,,,,
ANR,Archer Place,8/28/2026 0:00,1100.37,996.283068,1096.28,872.0363542,79.90143333,0.56426666,0.37649166,1.4068625,98.21664584,,,,,,,,,
ANR,Archer Place,8/29/2026 0:00,1025.58,998.927436,1024.48,900.1151208,81.830275,0.56277916,0.30455416,1.21594583,98.47950001,,,,,,,,,
ANR,Archer Place,8/30/2026 0:00,776.41,1002.369881,778.25,898.2503542,83.102025,0.560825,0.274175,0.816275,98.90955,,,,,,,,,
ANR,Archer Place,8/31/2026 0:00,472.18,1006.607649,475.3,734.8468,73.70822083,0.56729583,0.42400833,0.20604166,99.36995001,,,,,,,,,
ANR,Whitetail,8/1/2026 0:00,730.56,1010.485107,738.22,286.5912792,22.63004583,0.58705416,0.050225,0.19490416,99.75487084,,,,,,,,,
ANR,Whitetail,8/2/2026 0:00,1077.85,1007.533515,1085.97,361.9606625,29.15969583,0.58254583,0.04424583,0.2314375,99.72431667,,,,,,,,,
ANR,Whitetail,8/3/2026 0:00,1858.01,1007.319659,1871.61,817.7326458,70.87715416,0.55930416,0.21273333,0.586175,99.20109167,,,,,,,,,
ANR,Whitetail,8/4/2026 0:00,1337.43,1006.377903,1345.96,793.9010625,69.66919166,0.56127083,0.1781125,0.6484625,99.173425,,,,,,,,,
ANR,Whitetail,8/5/2026 0:00,0,0,0,0,0,0,0,0,0,,,,,,,,,
ANR,Whitetail,8/6/2026 0:00,1016.14,1009.162123,1025.45,524.787925,46.53984583,0.57524166,0.13797083,0.2789875,99.58304167,,,,,,,,,
ANR,Whitetail,8/7/2026 0:00,930.72,1008.208698,938.36,815.6680292,76.10344166,0.55806666,0.10721666,0.54131666,99.35146668,,,,,,,,,
ANR,Whitetail,8/8/2026 0:00,55.79,1006.811256,56.17,113.0900083,10.07350416,0.594825,0.0171,0.07524583,99.90765417,,,,,,,,,
ANR,Whitetail,8/9/2026 0:00,241.47,1007.495755,243.28,115.3632875,9.42147083,0.5963,0.04245416,0.08690833,99.87063751,,,,,,,,,
ANR,Whitetail,8/10/2026 0:00,1884.29,1008.029549,1899.42,826.3107833,74.30231666,0.55824166,0.141975,0.50135,99.356675,,,,,,,,,
ANR,Whitetail,8/11/2026 0:00,1608.25,1008.493704,1621.91,816.7215292,78.151475,0.55779583,0.0985,0.493075,99.408425,,,,,,,,,
ANR,Whitetail,8/12/2026 0:00,1334.27,1007.929429,1344.85,783.8763667,77.17974166,0.558625,0.18142916,0.49934166,99.31922918,,,,,,,,,
ANR,Whitetail,8/13/2026 0:00,1889.5,1008.420216,1905.41,787.6352875,74.1682625,0.55777083,0.09136666,0.50558333,99.40305001,,,,,,,,,
ANR,Whitetail,8/14/2026 0:00,1043.29,1005.425145,1048.95,770.9737542,74.43154166,0.55940833,0.1193125,0.8372375,99.04345,,,,,,,,,
ANR,Whitetail,8/15/2026 0:00,294.36,1002.140236,294.99,388.276,42.20950833,0.5802625,0.06867916,0.53343333,99.39788751,,,,,,,,,
ANR,Whitetail,8/16/2026 0:00,509.46,1006.438189,512.74,146.6190917,11.0844,0.59312916,0.01559583,0.12385416,99.86055001,,,,,,,,,
ANR,Whitetail,8/17/2026 0:00,1022.44,1008.822033,1031.46,458.9956167,45.17714166,0.57520416,0.05200833,0.25853333,99.68945834,,,,,,,,,
ANR,Whitetail,8/18/2026 0:00,1055.26,1008.651896,1064.39,399.2787833,36.33445416,0.57883333,0.0435125,0.24444166,99.71204584,,,,,,,,,
ANR,Whitetail,8/19/2026 0:00,1264.98,1008.347958,1275.54,766.3662833,69.90549166,0.55878333,0.23534583,0.41277083,99.35188334,,,,,,,,,
ANR,Whitetail,8/20/2026 0:00,1605.88,1005.990484,1615.5,798.4891708,72.1530375,0.55945,0.16175416,0.74098333,99.09726251,,,,,,,,,
ANR,Whitetail,8/21/2026 0:00,841.55,1008.472461,848.68,317.5150208,28.92932083,0.58411666,0.03355416,0.18050833,99.78593751,,,,,,,,,
ANR,Whitetail,8/22/2026 0:00,618.27,1009.089879,623.89,257.8031708,22.71695,0.5875625,0.0215,0.12935416,99.84914584,,,,,,,,,
ANR,Whitetail,8/23/2026 0:00,682.31,1008.764344,688.29,366.0445125,29.58129166,0.58235416,0.03899583,0.1970375,99.76396667,,,,,,,,,
ANR,Whitetail,8/24/2026 0:00,1625.08,1007.525783,1637.31,837.3988083,67.54707083,0.55850416,0.12969166,0.59101666,99.27929168,,,,,,,,,
ANR,Whitetail,8/25/2026 0:00,1757.23,1007.551658,1770.5,805.3938083,67.70135833,0.560075,0.12602083,0.527475,99.34650417,,,,,,,,,
ANR,Whitetail,8/26/2026 0:00,1423.99,1007.120836,1434.13,654.0876375,58.53047916,0.56695,0.09335,0.44332083,99.46332917,,,,,,,,,
ANR,Whitetail,8/27/2026 0:00,1528.46,1006.09764,1537.78,824.4553625,69.71935416,0.559125,0.14229583,0.71134583,99.14635834,,,,,,,,,
ANR,Whitetail,8/28/2026 0:00,1077.84,1006.503748,1084.85,338.742225,28.09689166,0.58452916,0.04467083,0.254575,99.70075417,,,,,,,,,
ANR,Whitetail,8/29/2026 0:00,763.93,1006.885447,769.19,417.6009042,34.22466666,0.58094166,0.0516125,0.27957916,99.66880834,,,,,,,,,
ANR,Whitetail,8/30/2026 0:00,446.48,1008.287045,450.18,304.9353667,26.47099166,0.58596666,0.04013333,0.1591,99.80076667,,,,,,,,,
ANR,Whitetail,8/31/2026 0:00,1413.72,1007.978949,1425,692.64445,59.83865833,0.566925,0.100325,0.42159166,99.47808334,,,,,,,,,
ANR,Ruckman,8/1/2026 0:00,1164.48,1005.633415,1171.04,912.6410792,76.58132083,0.56040416,0.30456666,0.64547916,99.04995418,,,,,,,,,
ANR,Ruckman,8/2/2026 0:00,1149.36,1005.98594,1156.24,895.0935625,79.40444166,0.56002916,0.28329583,0.60499166,99.11171251,,,,,,,,,
ANR,Ruckman,8/3/2026 0:00,792.94,1004.313062,796.36,451.7016375,41.86905833,0.58023333,0.1680125,0.2852875,99.5467,,,,,,,,,
ANR,Ruckman,8/4/2026 0:00,577.57,1007.704693,582.02,488.737425,42.44849583,0.57770833,0.10948333,0.26275,99.62776667,,,,,,,,,
ANR,Ruckman,8/5/2026 0:00,768.54,998.815936,767.63,862.0198542,70.9995125,0.564875,0.47604583,0.87357916,98.65037501,,,,,,,,,
ANR,Ruckman,8/6/2026 0:00,446.73,1002.619031,447.9,749.5988708,62.9287375,0.5679875,0.30265,0.66529583,99.03205417,,,,,,,,,
ANR,Ruckman,8/7/2026 0:00,1212.63,1000.503038,1213.24,909.28305,81.11870833,0.56302916,0.43522083,0.9743375,98.59044167,,,,,,,,,
ANR,Ruckman,8/8/2026 0:00,146.05,999.657651,146,270.1187458,23.30516666,0.5891125,0.09105833,0.34526666,99.56367501,,,,,,,,,
ANR,Ruckman,8/9/2026 0:00,0.03,1000,0.03,37.4518375,3.63124583,0.59897916,0.01050833,0.1846875,99.80480417,,,,,,,,,
ANR,Ruckman,8/10/2026 0:00,1104.18,1004.111648,1108.72,848.0219875,76.49607916,0.56337083,0.25475833,1.0244625,98.72077917,,,,,,,,,
ANR,Ruckman,8/11/2026 0:00,1359.95,1005.691385,1367.69,885.0041958,83.12790416,0.5600625,0.2121125,0.77455416,99.01333334,,,,,,,,,
ANR,Ruckman,8/12/2026 0:00,849.31,1004.215186,852.89,849.88015,81.16542083,0.56054583,0.23103333,0.85422916,98.91473751,,,,,,,,,
ANR,Ruckman,8/13/2026 0:00,1354.91,1005.513281,1362.38,857.77025,81.43827916,0.56080833,0.31115416,0.72585,98.96299584,,,,,,,,,
ANR,Ruckman,8/14/2026 0:00,671.78,1002.500818,673.46,513.12045,46.28318333,0.57837916,0.31279166,0.41461666,99.27259168,,,,,,,,,
ANR,Ruckman,8/15/2026 0:00,0,0,0,0,0,0,0,0,0,,,,,,,,,
ANR,Ruckman,8/16/2026 0:00,39.97,1027.52064,41.07,49.28806666,3.1100375,0.59963333,0.048025,0.0332125,99.9187625,,,,,,,,,
ANR,Ruckman,8/17/2026 0:00,1483.13,1004.065725,1489.16,848.5446167,77.95447083,0.56132916,0.35165833,0.75913333,98.88920834,,,,,,,,,
ANR,Ruckman,8/18/2026 0:00,1254.85,1004.908953,1261.01,838.02475,77.0127375,0.56105833,0.32503333,0.75825416,98.91671251,,,,,,,,,
ANR,Ruckman,8/19/2026 0:00,1125.94,1002.460166,1128.71,735.3081417,66.75757916,0.56714166,0.3924625,0.7024625,98.905075,,,,,,,,,
ANR,Ruckman,8/20/2026 0:00,1502.9,1002.854481,1507.19,851.2760958,78.23628333,0.5623125,0.4240625,0.82265833,98.75327917,,,,,,,,,
ANR,Ruckman,8/21/2026 0:00,958.77,1004.703943,963.28,866.0608292,79.8167375,0.56099583,0.28575833,0.83532083,98.87892084,,,,,,,,,
ANR,Ruckman,8/22/2026 0:00,301.29,1005.144545,302.84,879.6873417,76.152775,0.559175,0.12005833,0.7881375,99.09180417,,,,,,,,,
ANR,Ruckman,8/23/2026 0:00,389.47,1005.083831,391.45,895.3338625,74.23881666,0.55947916,0.1604625,0.76500833,99.07452917,,,,,,,,,
ANR,Ruckman,8/24/2026 0:00,970.7,1003.121458,973.73,414.1915958,35.21174583,0.58222916,0.1562625,0.34189583,99.50184167,,,,,,,,,
ANR,Ruckman,8/25/2026 0:00,604.36,1006.337282,608.19,345.3032167,29.11223333,0.58464583,0.060325,0.24212083,99.69755417,,,,,,,,,
ANR,Ruckman,8/26/2026 0:00,725.33,1002.164532,726.9,375.621525,35.45028333,0.58427916,0.2001375,0.27877083,99.52109167,,,,,,,,,
ANR,Ruckman,8/27/2026 0:00,1108.97,1001.469832,1110.6,897.5973625,77.56778333,0.56227083,0.3304875,1.03612916,98.63338334,,,,,,,,,
ANR,Ruckman,8/28/2026 0:00,1407.04,1001.144246,1408.65,915.0823667,78.43142916,0.5626875,0.3649,1.05384583,98.58125417,,,,,,,,,
ANR,Ruckman,8/29/2026 0:00,570.78,1002.820701,572.39,946.8455917,78.49119166,0.55979166,0.05886666,1.08106666,98.86006668,,,,,,,,,
ANR,Ruckman,8/30/2026 0:00,613.05,1001.402821,613.91,953.101475,81.53288333,0.56026666,0.242275,0.76015416,98.99757084,,,,,,,,,
ANR,Ruckman,8/31/2026 0:00,632.48,1006.450796,636.56,367.4280333,31.4891375,0.58463333,0.06040416,0.23631666,99.70327918,,,,,,,,,
Kinder Morgan,Snowflake,7/1/2026 0:00,520.777751,1005.7,523.728597,783.98,88.25,0.562,0.4878,0.467,99.0452,,,,,,,,,
Kinder Morgan,Snowflake,7/2/2026 0:00,526.314117,1004.6,528.751036,748.83,93.26,0.5625,0.6404,0.4412,98.9184,,,,,,,,,
Kinder Morgan,Snowflake,7/3/2026 0:00,518.072176,1005.6,520.98128,742.54,94.89,0.5627,0.3821,0.5868,99.0311,,,,,,,,,
Kinder Morgan,Snowflake,7/4/2026 0:00,0.09472,1027.1,0.097291,773.01,82.19,0.5838,0.298,1.1005,98.6015,,,,,,,,,
Kinder Morgan,Snowflake,7/5/2026 0:00,0.340953,1024.2,0.349202,763.54,84.45,0.5809,0.4091,0.9585,98.6324,,,,,,,,,
Kinder Morgan,Snowflake,7/6/2026 0:00,0.265155,1021.4,0.270818,766.7,79.97,0.5798,0.6514,0.8472,98.5014,,,,,,,,,
Kinder Morgan,Snowflake,7/7/2026 0:00,254.777913,1024.3,260.972226,762.47,100.51,0.5809,0.4119,0.9542,98.6339,,,,,,,,,
Kinder Morgan,Snowflake,7/8/2026 0:00,234.746799,1024.2,240.436137,742.75,95.24,0.5809,0.4048,0.9605,98.6347,,,,,,,,,
Kinder Morgan,Snowflake,7/9/2026 0:00,486.61742,1024.3,498.424118,725.05,98.07,0.5809,0.4067,0.9584,98.6349,,,,,,,,,
Kinder Morgan,Snowflake,7/10/2026 0:00,506.652087,1006.7,510.036016,717.85,94.05,0.5604,0.3272,0.437,99.2358,,,,,,,,,
Kinder Morgan,Snowflake,7/11/2026 0:00,525.411511,1006.7,528.920734,762.34,96.93,0.5604,0.3272,0.437,99.2358,,,,,,,,,
Kinder Morgan,Snowflake,7/12/2026 0:00,517.596284,1006.7,521.05331,748.25,96.62,0.5604,0.3272,0.437,99.2358,,,,,,,,,
Kinder Morgan,Snowflake,7/13/2026 0:00,516.282217,1006.7,519.730467,726.14,96.85,0.5604,0.3272,0.437,99.2358,,,,,,,,,
Kinder Morgan,Snowflake,7/14/2026 0:00,517.041186,1006.7,520.494503,734.91,95.88,0.5604,0.3272,0.437,99.2358,,,,,,,,,
Kinder Morgan,Snowflake,7/15/2026 0:00,518.610168,1006.7,522.073966,730.1,95.96,0.5604,0.3272,0.437,99.2358,,,,,,,,,
Kinder Morgan,Snowflake,7/16/2026 0:00,516.353404,1006.7,519.802129,730.56,94.2,0.5604,0.3272,0.437,99.2358,,,,,,,,,
Kinder Morgan,Snowflake,7/17/2026 0:00,0.056007,1021.4,0.057203,717.9,79.03,0.5798,0.6526,0.8466,98.5008,,,,,,,,,
Kinder Morgan,Snowflake,7/18/2026 0:00,0.021712,1021.3,0.022175,711.65,81.55,0.5798,0.6519,0.8468,98.5013,,,,,,,,,
Kinder Morgan,Snowflake,7/19/2026 0:00,0.073395,1021.3,0.074956,717.99,76.8,0.5797,0.6558,0.8438,98.5004,,,,,,,,,
Kinder Morgan,Snowflake,7/20/2026 0:00,268.647406,1021.4,274.402787,728.77,87.04,0.5798,0.6364,0.8523,98.5113,,,,,,,,,
Kinder Morgan,Snowflake,7/21/2026 0:00,0.507266,1020.9,0.517855,717.53,84.24,0.5793,0.6426,0.8415,98.5159,,,,,,,,,
Kinder Morgan,Snowflake,7/22/2026 0:00,1300.435185,1020.4,1326.927161,741.49,95.2,0.5788,0.625,0.8396,98.5354,,,,,,,,,
Kinder Morgan,Snowflake,7/23/2026 0:00,764.04928,1019.8,779.211532,750.69,98.49,0.5783,0.6139,0.8345,98.5516,,,,,,,,,
Kinder Morgan,Snowflake,7/24/2026 0:00,960.990899,1020.5,980.714557,787.42,98.62,0.579,0.6333,0.8388,98.5279,,,,,,,,,
Kinder Morgan,Snowflake,7/25/2026 0:00,0.015091,1021.3,0.015413,765.9,75.34,0.5798,0.6507,0.8474,98.5019,,,,,,,,,
Kinder Morgan,Snowflake,7/26/2026 0:00,0.008556,1024.1,0.008762,811.71,81.7,0.583,0.7827,0.8562,98.3611,,,,,,,,,
Kinder Morgan,Snowflake,7/27/2026 0:00,0.010114,1022,0.010336,802.72,84.5,0.5824,0.8173,0.8725,98.3102,,,,,,,,,
Kinder Morgan,Snowflake,7/28/2026 0:00,968.667665,1023.3,991.259821,784.06,96.31,0.5829,0.7934,0.8679,98.3387,,,,,,,,,
Kinder Morgan,Snowflake,7/29/2026 0:00,956.902882,1023.7,979.553099,742.31,98.16,0.5838,0.6281,1.0167,98.3552,,,,,,,,,
Kinder Morgan,Snowflake,7/30/2026 0:00,988.763863,1026.4,1014.85924,726.36,98.81,0.585,0.6092,0.9995,98.3913,,,,,,,,,
Kinder Morgan,Snowflake,7/31/2026 0:00,0.016643,1027.2,0.017096,759.42,81.4,0.5844,0.7175,0.8589,98.4236,,,,,,,,,
Kinder Morgan,Snowflake,8/1/2026 0:00,0.121871,1026,0.125034,755.99,81.9,0.5851,0.5724,1.0435,98.3841,,,,,,,,,
Kinder Morgan,Snowflake,8/2/2026 0:00,0.063627,1025.4,0.065242,753.97,79.95,0.5839,0.5921,0.9802,98.4277,,,,,,,,,
Kinder Morgan,Snowflake,8/3/2026 0:00,172.539057,1025.4,176.924149,781.67,94.88,0.5855,0.5464,1.1061,98.3475,,,,,,,,,
Kinder Morgan,Snowflake,8/4/2026 0:00,714.091164,1025.3,732.157816,786.54,98.36,0.5844,0.6811,0.955,98.3639,,,,,,,,,
Kinder Morgan,Snowflake,8/5/2026 0:00,971.049596,1025.2,995.495671,761.21,98.7,0.5854,0.9295,0.8602,98.2103,,,,,,,,,
Kinder Morgan,Snowflake,8/6/2026 0:00,977.012324,1023.4,999.898861,770.35,98.76,0.5838,0.9629,0.8081,98.229,,,,,,,,,
Kinder Morgan,Snowflake,8/7/2026 0:00,235.481936,1022.2,240.702201,783.22,90.47,0.5831,0.8582,0.8847,98.2571,,,,,,,,,
Kinder Morgan,Snowflake,8/8/2026 0:00,0.032007,1023.2,0.032749,770.96,86.91,0.5829,0.8374,0.8474,98.3152,,,,,,,,,
Kinder Morgan,Snowflake,8/9/2026 0:00,0.067419,1024.1,0.069044,766.02,76.06,0.585,0.8183,0.9501,98.2316,,,,,,,,,
Kinder Morgan,Snowflake,8/10/2026 0:00,0.126695,1019,0.129101,736.24,79.97,0.5826,1.0559,0.8504,98.0937,,,,,,,,,
Kinder Morgan,Snowflake,8/11/2026 0:00,988.333219,1019.2,1007.321197,760.13,96.18,0.5823,0.9591,0.8824,98.1585,,,,,,,,,
Kinder Morgan,Snowflake,8/12/2026 0:00,976.529829,1022.3,998.275917,773.37,94.72,0.5824,0.8309,0.853,98.3161,,,,,,,,,
Kinder Morgan,Snowflake,8/13/2026 0:00,969.112424,1021,989.502074,794.08,95.38,0.5814,0.9021,0.7952,98.3027,,,,,,,,,
Kinder Morgan,Snowflake,8/14/2026 0:00,239.381586,1022.5,244.777372,787.55,91.79,0.5814,0.7789,0.8159,98.4052,,,,,,,,,
Kinder Morgan,Snowflake,8/15/2026 0:00,0.575547,1023,0.588767,807.56,76.64,0.5813,0.7233,0.828,98.4487,,,,,,,,,
Kinder Morgan,Snowflake,8/16/2026 0:00,0.246108,1021.5,0.251392,821.2,78.82,0.5824,0.9371,0.8174,98.2455,,,,,,,,,
Kinder Morgan,Snowflake,8/17/2026 0:00,0.505217,1020.6,0.515647,799.53,75.81,0.5816,0.8639,0.8477,98.2884,,,,,,,,,
Kinder Morgan,Snowflake,8/18/2026 0:00,982.571072,1020.5,1002.686978,766.48,96.93,0.5816,0.9593,0.7923,98.2484,,,,,,,,,
Kinder Morgan,Snowflake,8/19/2026 0:00,987.353194,1020.6,1007.675808,770.7,98.68,0.5809,0.933,0.7615,98.3055,,,,,,,,,
Kinder Morgan,Snowflake,8/20/2026 0:00,746.615014,1021.1,762.366374,756.96,96.95,0.582,0.9217,0.8174,98.2609,,,,,,,,,
Kinder Morgan,Snowflake,8/21/2026 0:00,0.024875,1021.3,0.025405,696.34,82.64,0.5824,0.9666,0.8035,98.2299,,,,,,,,,
Kinder Morgan,Snowflake,8/22/2026 0:00,0.003675,1020.7,0.003751,579.18,91.95,0.5824,0.9686,0.8193,98.2121,,,,,,,,,
Kinder Morgan,Snowflake,8/23/2026 0:00,0.02303,1018.9,0.023465,600.54,84.3,0.5811,0.8978,0.8632,98.239,,,,,,,,,
Kinder Morgan,Snowflake,8/24/2026 0:00,11.065087,1018.2,11.266433,600.46,82.59,0.5806,0.8233,0.9096,98.2671,,,,,,,,,
Kinder Morgan,Snowflake,8/25/2026 0:00,1053.982551,1017.4,1072.307063,645.11,95.78,0.58,0.8627,0.8765,98.2608,,,,,,,,,
Kinder Morgan,Snowflake,8/26/2026 0:00,1044.197795,1020,1065.081623,652.18,96.91,0.581,0.8957,0.8133,98.291,,,,,,,,,
Kinder Morgan,Snowflake,8/27/2026 0:00,1008.195013,1018.6,1026.943561,661.63,97.6,0.5801,0.8985,0.8137,98.2878,,,,,,,,,
Kinder Morgan,Snowflake,8/28/2026 0:00,0.029201,1018,0.029726,629,84.67,0.5805,0.8467,0.8915,98.2618,,,,,,,,,
Kinder Morgan,Snowflake,8/29/2026 0:00,0.035357,1016.7,0.035948,589.55,80.59,0.5793,0.7919,0.9082,98.2999,,,,,,,,,
Kinder Morgan,Snowflake,8/30/2026 0:00,0.358439,1018.6,0.365104,587.95,83.1,0.5803,0.7174,0.9447,98.3379,,,,,,,,,
Kinder Morgan,Snowflake,8/31/2026 0:00,0.015708,1016.9,0.015974,579.74,74.07,0.5794,0.7652,0.9167,98.3181,,,,,,,,,
DCP,TX15,7/1/2026 0:00,0,0,0,18.97,81.8,0.5635,0.542,0.785,98.63,,,,,,,,,
DCP,TX15,7/2/2026 0:00,0,0,0,18.69,81.92,0.5635,0.542,0.785,98.63,,,,,,,,,
DCP,TX15,7/3/2026 0:00,0,0,0,18.5,83.97,0.5635,0.542,0.785,98.63,,,,,,,,,
DCP,TX15,7/4/2026 0:00,0,0,0,18.49,81.19,0.5635,0.542,0.785,98.63,,,,,,,,,
DCP,TX15,7/5/2026 0:00,0,0,0,18.2,81.62,0.5635,0.542,0.785,98.63,,,,,,,,,
DCP,TX15,7/6/2026 0:00,0,0,0,22.29,81.57,0.5635,0.542,0.785,98.63,,,,,,,,,
DCP,TX15,7/7/2026 0:00,0,0,0,24.76,84.24,0.5635,0.542,0.785,98.63,,,,,,,,,
DCP,TX15,7/8/2026 0:00,0,0,0,24.76,84.24,0.5635,0.542,0.785,98.63,,,,,,,,,
DCP,TX15,7/9/2026 0:00,0,0,0,24.83,82.42,0.5635,0.542,0.785,98.63,,,,,,,,,
DCP,TX15,7/10/2026 0:00,0,0,0,24.46,84.01,0.5635,0.542,0.785,98.63,,,,,,,,,
DCP,TX15,7/11/2026 0:00,0,0,0,17.38,80.71,0.5635,0.542,0.785,98.63,,,,,,,,,
DCP,TX15,7/12/2026 0:00,0,0,0,17.98,81.25,0.5635,0.542,0.785,98.63,,,,,,,,,
DCP,TX15,7/13/2026 0:00,0,0,0,18.87,80.34,0.5635,0.542,0.785,98.63,,,,,,,,,
DCP,TX15,7/14/2026 0:00,61.4,1000.73,61.45,22.39,80.27,0.5635,0.542,0.785,98.63,,,,,,,,,
DCP,TX15,7/15/2026 0:00,136.04,1000.73,136.14,22.71,76.92,0.5635,0.542,0.785,98.63,,,,,,,,,
DCP,TX15,7/16/2026 0:00,148.13,1000.73,148.24,22.91,76.13,0.5635,0.542,0.785,98.63,,,,,,,,,
DCP,TX15,7/17/2026 0:00,50.13,1000.73,50.17,22.93,71.38,0.5635,0.542,0.785,98.63,,,,,,,,,
DCP,TX15,7/18/2026 0:00,0,0,0,18.24,81.94,0.5635,0.542,0.785,98.63,,,,,,,,,
DCP,TX15,7/19/2026 0:00,0,0,0,18.01,84.16,0.5635,0.542,0.785,98.63,,,,,,,,,
DCP,TX15,7/20/2026 0:00,0,0,0,17.56,85.76,0.5635,0.542,0.785,98.63,,,,,,,,,
DCP,TX15,7/21/2026 0:00,0,0,0,17.49,87.28,0.5635,0.542,0.785,98.63,,,,,,,,,
DCP,TX15,7/22/2026 0:00,0,0,0,17.45,88.97,0.5635,0.542,0.785,98.63,,,,,,,,,
DCP,TX15,7/23/2026 0:00,0,0,0,17.37,89.82,0.5635,0.542,0.785,98.63,,,,,,,,,
DCP,TX15,7/24/2026 0:00,73.61,1000.73,73.67,20.8,84.36,0.5635,0.542,0.785,98.63,,,,,,,,,
DCP,TX15,7/25/2026 0:00,17.17,1000.73,17.18,21.15,76.53,0.5635,0.542,0.785,98.63,,,,,,,,,
DCP,TX15,7/26/2026 0:00,0,0,0,17.68,92.86,0.5635,0.542,0.785,98.63,,,,,,,,,
DCP,TX15,7/27/2026 0:00,0,0,0,17.37,91.98,0.5635,0.542,0.785,98.63,,,,,,,,,
DCP,TX15,7/28/2026 0:00,0,0,0,17.19,91.65,0.5635,0.542,0.785,98.63,,,,,,,,,
DCP,TX15,7/29/2026 0:00,0,0,0,17.04,87.38,0.5635,0.542,0.785,98.63,,,,,,,,,
DCP,TX15,7/30/2026 0:00,76.26,1000.73,76.32,20.26,85.94,0.5635,0.542,0.785,98.63,,,,,,,,,
DCP,TX15,7/31/2026 0:00,103.92,1000.73,104,20.59,80.16,0.5635,0.542,0.785,98.63,,,,,,,,,
DCP,TX19,7/1/2026 0:00,120.98,989.52,119.71,18.97,75.81,0.5724,1.328,1.01,97.555,,,,,,,,,
DCP,TX19,7/2/2026 0:00,29.3,989.52,29,18.94,69.4,0.5724,1.328,1.01,97.555,,,,,,,,,
DCP,TX19,7/3/2026 0:00,0,0,0,13.03,85.82,0.5724,1.328,1.01,97.555,,,,,,,,,
DCP,TX19,7/4/2026 0:00,0,0,0,13.03,82.51,0.5724,1.328,1.01,97.555,,,,,,,,,
DCP,TX19,7/5/2026 0:00,0,0,0,13.06,82.28,0.5724,1.328,1.01,97.555,,,,,,,,,
DCP,TX19,7/6/2026 0:00,0,0,0,13.31,81.08,0.5724,1.328,1.01,97.555,,,,,,,,,
DCP,TX19,7/7/2026 0:00,0,0,0,13.43,83.86,0.5724,1.328,1.01,97.555,,,,,,,,,
DCP,TX19,7/8/2026 0:00,0,0,0,13.4,84.36,0.5724,1.328,1.01,97.555,,,,,,,,,
DCP,TX19,7/9/2026 0:00,0,0,0,13.34,82.79,0.5724,1.328,1.01,97.555,,,,,,,,,
DCP,TX19,7/10/2026 0:00,0,0,0,13.4,83.68,0.5724,1.328,1.01,97.555,,,,,,,,,
DCP,TX19,7/11/2026 0:00,0,0,0,13.08,81.81,0.5724,1.328,1.01,97.555,,,,,,,,,
DCP,TX19,7/12/2026 0:00,0,0,0,13.1,82.08,0.5724,1.328,1.01,97.555,,,,,,,,,
DCP,TX19,7/13/2026 0:00,74.98,989.52,74.2,20.03,80.6,0.5724,1.328,1.01,97.555,,,,,,,,,
DCP,TX19,7/14/2026 0:00,142.87,989.52,141.37,19.96,76.75,0.5724,1.328,1.01,97.555,,,,,,,,,
DCP,TX19,7/15/2026 0:00,145.41,989.52,143.89,19.88,76.87,0.5724,1.328,1.01,97.555,,,,,,,,,
DCP,TX19,7/16/2026 0:00,124.45,989.52,123.15,19.53,76.82,0.5724,1.328,1.01,97.555,,,,,,,,,
DCP,TX19,7/17/2026 0:00,0,0,0,13.03,79.9,0.5724,1.328,1.01,97.555,,,,,,,,,
DCP,TX19,7/18/2026 0:00,0,0,0,13.02,82.46,0.5724,1.328,1.01,97.555,,,,,,,,,
DCP,TX19,7/19/2026 0:00,0,0,0,13.02,85.91,0.5724,1.328,1.01,97.555,,,,,,,,,
DCP,TX19,7/20/2026 0:00,0,0,0,13.01,86.7,0.5724,1.328,1.01,97.555,,,,,,,,,
DCP,TX19,7/21/2026 0:00,0,0,0,13.04,88.62,0.5724,1.328,1.01,97.555,,,,,,,,,
DCP,TX19,7/22/2026 0:00,0,0,0,13.06,90.18,0.5724,1.328,1.01,97.555,,,,,,,,,
DCP,TX19,7/23/2026 0:00,0,0,0,13.05,91.33,0.5724,1.328,1.01,97.555,,,,,,,,,
DCP,TX19,7/24/2026 0:00,181.73,989.52,179.82,24.64,83.56,0.5724,1.328,1.01,97.555,,,,,,,,,
DCP,TX19,7/25/2026 0:00,312.2,989.52,308.92,27.17,79.95,0.5724,1.328,1.01,97.555,,,,,,,,,
DCP,TX19,7/26/2026 0:00,0,0,0,13.08,93.57,0.5724,1.328,1.01,97.555,,,,,,,,,
DCP,TX19,7/27/2026 0:00,0,0,0,13.03,93.42,0.5724,1.328,1.01,97.555,,,,,,,,,
DCP,TX19,7/28/2026 0:00,0,0,0,13,92.58,0.5724,1.328,1.01,97.555,,,,,,,,,
DCP,TX19,7/29/2026 0:00,0,0,0,12.87,87.99,0.5724,1.328,1.01,97.555,,,,,,,,,
DCP,TX19,7/30/2026 0:00,0,0,0,12.86,89.18,0.5724,1.328,1.01,97.555,,,,,,,,,
DCP,TX19,7/31/2026 0:00,133.82,989.52,132.42,21.47,83.69,0.5724,1.328,1.01,97.555,,,,,,,,,
DCP,TX31,7/1/2026 0:00,66.73,991.26,66.14,18.56,68.83,0.5736,1.699,0.577,97.724,,,,,,,,,
DCP,TX31,7/2/2026 0:00,0,0,0,17.73,84.03,0.5736,1.699,0.577,97.724,,,,,,,,,
DCP,TX31,7/3/2026 0:00,0,0,0,17.55,86.45,0.5736,1.699,0.577,97.724,,,,,,,,,
DCP,TX31,7/4/2026 0:00,0,0,0,17.54,84.02,0.5736,1.699,0.577,97.724,,,,,,,,,
DCP,TX31,7/5/2026 0:00,0,0,0,17.32,84,0.5736,1.699,0.577,97.724,,,,,,,,,
DCP,TX31,7/6/2026 0:00,0,0,0,21.89,84.56,0.5736,1.699,0.577,97.724,,,,,,,,,
DCP,TX31,7/7/2026 0:00,0,0,0,24.61,86.71,0.5736,1.699,0.577,97.724,,,,,,,,,
DCP,TX31,7/8/2026 0:00,0,0,0,24.55,85.01,0.5736,1.699,0.577,97.724,,,,,,,,,
DCP,TX31,7/9/2026 0:00,0,0,0,24.57,84.68,0.5736,1.699,0.577,97.724,,,,,,,,,
DCP,TX31,7/10/2026 0:00,0,0,0,24.29,86.31,0.5736,1.699,0.577,97.724,,,,,,,,,
DCP,TX31,7/11/2026 0:00,0,0,0,18.43,84.48,0.5736,1.699,0.577,97.724,,,,,,,,,
DCP,TX31,7/12/2026 0:00,0,0,0,16.92,83.78,0.5736,1.699,0.577,97.724,,,,,,,,,
DCP,TX31,7/13/2026 0:00,64.4,991.26,63.84,19.3,77.13,0.5736,1.699,0.577,97.724,,,,,,,,,
DCP,TX31,7/14/2026 0:00,150.01,991.26,148.69,19.48,73.25,0.5736,1.699,0.577,97.724,,,,,,,,,
DCP,TX31,7/15/2026 0:00,146.84,991.26,145.56,19.56,73.38,0.5736,1.699,0.577,97.724,,,,,,,,,
DCP,TX31,7/16/2026 0:00,146.18,991.26,144.9,19.49,72.86,0.5736,1.699,0.577,97.724,,,,,,,,,
DCP,TX31,7/17/2026 0:00,144.91,991.26,143.64,18.49,73.43,0.5736,1.699,0.577,97.724,,,,,,,,,
DCP,TX31,7/18/2026 0:00,141.98,991.26,140.74,17.77,73.98,0.5736,1.699,0.577,97.724,,,,,,,,,
DCP,TX31,7/19/2026 0:00,121.64,991.26,120.58,17.56,75.44,0.5736,1.699,0.577,97.724,,,,,,,,,
DCP,TX31,7/20/2026 0:00,0,0,0,16.82,89.44,0.5736,1.699,0.577,97.724,,,,,,,,,
DCP,TX31,7/21/2026 0:00,0,0,0,16.71,91.37,0.5736,1.699,0.577,97.724,,,,,,,,,
DCP,TX31,7/22/2026 0:00,0,0,0,16.74,92.6,0.5736,1.699,0.577,97.724,,,,,,,,,
DCP,TX31,7/23/2026 0:00,0,0,0,16.67,92.77,0.5736,1.699,0.577,97.724,,,,,,,,,
DCP,TX31,7/24/2026 0:00,75.03,991.26,74.37,17.92,80.91,0.5736,1.699,0.577,97.724,,,,,,,,,
DCP,TX31,7/25/2026 0:00,102.16,991.26,101.26,17.49,75.25,0.5736,1.699,0.577,97.724,,,,,,,,,
DCP,TX31,7/26/2026 0:00,95.92,991.26,95.09,17.54,78,0.5736,1.699,0.577,97.724,,,,,,,,,
DCP,TX31,7/27/2026 0:00,0,0,0,16.58,95.11,0.5736,1.699,0.577,97.724,,,,,,,,,
DCP,TX31,7/28/2026 0:00,0,0,0,16.46,95.26,0.5736,1.699,0.577,97.724,,,,,,,,,
DCP,TX31,7/29/2026 0:00,0,0,0,16.4,90.72,0.5736,1.699,0.577,97.724,,,,,,,,,
DCP,TX31,7/30/2026 0:00,0,0,0,16.67,91.43,0.5736,1.699,0.577,97.724,,,,,,,,,
DCP,TX31,7/31/2026 0:00,0,0,0,16.82,87.21,0.5736,1.699,0.577,97.724,,,,,,,,,
DCP,OK3,7/1/2026 0:00,0,0,0,13.03,83.48,0.5636,0.438,0.977,98.472,,,,,,,,,
DCP,OK3,7/2/2026 0:00,0,0,0,13.05,84.16,0.5636,0.438,0.977,98.472,,,,,,,,,
DCP,OK3,7/3/2026 0:00,0,0,0,13.07,85.05,0.5636,0.438,0.977,98.472,,,,,,,,,
DCP,OK3,7/4/2026 0:00,0,0,0,13.08,82.58,0.5636,0.438,0.977,98.472,,,,,,,,,
DCP,OK3,7/5/2026 0:00,0,0,0,13.11,83.96,0.5636,0.438,0.977,98.472,,,,,,,,,
DCP,OK3,7/6/2026 0:00,0,0,0,13.13,84.36,0.5636,0.438,0.977,98.472,,,,,,,,,
DCP,OK3,7/7/2026 0:00,0,0,0,13.14,87.14,0.5636,0.438,0.977,98.472,,,,,,,,,
DCP,OK3,7/8/2026 0:00,0,0,0,13.13,88.42,0.5636,0.438,0.977,98.472,,,,,,,,,
DCP,OK3,7/9/2026 0:00,0,0,0,13.11,89.13,0.5636,0.438,0.977,98.472,,,,,,,,,
DCP,OK3,7/10/2026 0:00,0,0,0,13.09,86.76,0.5636,0.438,0.977,98.472,,,,,,,,,
DCP,OK3,7/11/2026 0:00,0,0,0,13.1,81.61,0.5636,0.438,0.977,98.472,,,,,,,,,
DCP,OK3,7/12/2026 0:00,0,0,0,13.12,82.78,0.5636,0.438,0.977,98.472,,,,,,,,,
DCP,OK3,7/13/2026 0:00,0,0,0,13.16,84.44,0.5636,0.438,0.977,98.472,,,,,,,,,
DCP,OK3,7/14/2026 0:00,0,0,0,13.18,82.72,0.5636,0.438,0.977,98.472,,,,,,,,,
DCP,OK3,7/15/2026 0:00,0,0,0,13.18,84,0.5636,0.438,0.977,98.472,,,,,,,,,
DCP,OK3,7/16/2026 0:00,0,0,0,13.16,82.46,0.5636,0.438,0.977,98.472,,,,,,,,,
DCP,OK3,7/17/2026 0:00,0,0,0,13.15,83.87,0.5636,0.438,0.977,98.472,,,,,,,,,
DCP,OK3,7/18/2026 0:00,0,0,0,13.14,85.59,0.5636,0.438,0.977,98.472,,,,,,,,,
DCP,OK3,7/19/2026 0:00,0,0,0,13.13,86.89,0.5636,0.438,0.977,98.472,,,,,,,,,
DCP,OK3,7/20/2026 0:00,0,0,0,13.12,90.64,0.5636,0.438,0.977,98.472,,,,,,,,,
DCP,OK3,7/21/2026 0:00,0,0,0,13.11,92.05,0.5636,0.438,0.977,98.472,,,,,,,,,
DCP,OK3,7/22/2026 0:00,0,0,0,13.12,93.39,0.5636,0.438,0.977,98.472,,,,,,,,,
DCP,OK3,7/23/2026 0:00,0,0,0,13.12,93.12,0.5636,0.438,0.977,98.472,,,,,,,,,
DCP,OK3,7/24/2026 0:00,0,0,0,13.11,91.19,0.5636,0.438,0.977,98.472,,,,,,,,,
DCP,OK3,7/25/2026 0:00,0,0,0,13.12,93.48,0.5636,0.438,0.977,98.472,,,,,,,,,
DCP,OK3,7/26/2026 0:00,0,0,0,13.11,96.6,0.5636,0.438,0.977,98.472,,,,,,,,,
DCP,OK3,7/27/2026 0:00,0,0,0,13.09,96.48,0.5636,0.438,0.977,98.472,,,,,,,,,
DCP,OK3,7/28/2026 0:00,0,0,0,13.08,96.43,0.5636,0.438,0.977,98.472,,,,,,,,,
DCP,OK3,7/29/2026 0:00,0,0,0,13.08,91,0.5636,0.438,0.977,98.472,,,,,,,,,
DCP,OK3,7/30/2026 0:00,0,0,0,13.09,92.23,0.5636,0.438,0.977,98.472,,,,,,,,,
DCP,OK3,7/31/2026 0:00,0,0,0,13.1,86.97,0.5636,0.438,0.977,98.472,,,,,,,,,
DCP,TX9,7/1/2026 0:00,151.4,991.68,150.14,23.63,77.17,0.5703,1.125,1.024,97.768,,,,,,,,,
DCP,TX9,7/2/2026 0:00,49.22,991.68,48.81,23.32,72.04,0.5703,1.125,1.024,97.768,,,,,,,,,
DCP,TX9,7/3/2026 0:00,0,0,0,18.48,82.38,0.5703,1.125,1.024,97.768,,,,,,,,,
DCP,TX9,7/4/2026 0:00,0,0,0,14.15,82.38,0.5703,1.125,1.024,97.768,,,,,,,,,
DCP,TX9,7/5/2026 0:00,0,0,0,13.63,82.88,0.5703,1.125,1.024,97.768,,,,,,,,,
DCP,TX9,7/6/2026 0:00,0,0,0,13.41,81.92,0.5703,1.125,1.024,97.768,,,,,,,,,
DCP,TX9,7/7/2026 0:00,0,0,0,13.29,84.71,0.5703,1.125,1.024,97.768,,,,,,,,,
DCP,TX9,7/8/2026 0:00,0,0,0,13.2,85.44,0.5703,1.125,1.024,97.768,,,,,,,,,
DCP,TX9,7/9/2026 0:00,0,0,0,13.13,85.64,0.5703,1.125,1.024,97.768,,,,,,,,,
DCP,TX9,7/10/2026 0:00,0,0,0,13.09,85.88,0.5703,1.125,1.024,97.768,,,,,,,,,
DCP,TX9,7/11/2026 0:00,0,0,0,13.07,81.25,0.5703,1.125,1.024,97.768,,,,,,,,,
DCP,TX9,7/12/2026 0:00,0,0,0,13.07,82.65,0.5703,1.125,1.024,97.768,,,,,,,,,
DCP,TX9,7/13/2026 0:00,0,0,0,13.09,82.2,0.5703,1.125,1.024,97.768,,,,,,,,,
DCP,TX9,7/14/2026 0:00,0,0,0,13.1,80.89,0.5703,1.125,1.024,97.768,,,,,,,,,
DCP,TX9,7/15/2026 0:00,0,0,0,13.1,82.07,0.5703,1.125,1.024,97.768,,,,,,,,,
DCP,TX9,7/16/2026 0:00,83.04,991.68,82.35,31.4,77.66,0.5703,1.125,1.024,97.768,,,,,,,,,
DCP,TX9,7/17/2026 0:00,141.99,991.68,140.81,25.74,76.73,0.5703,1.125,1.024,97.768,,,,,,,,,
DCP,TX9,7/18/2026 0:00,144.02,991.68,142.82,24.19,79.14,0.5703,1.125,1.024,97.768,,,,,,,,,
DCP,TX9,7/19/2026 0:00,128.03,991.68,126.96,23.52,80.57,0.5703,1.125,1.024,97.768,,,,,,,,,
DCP,TX9,7/20/2026 0:00,0.31,991.68,0.3,22.04,86.34,0.5703,1.125,1.024,97.768,,,,,,,,,
DCP,TX9,7/21/2026 0:00,0.19,991.68,0.18,22.38,79.09,0.5703,1.125,1.024,97.768,,,,,,,,,
DCP,TX9,7/22/2026 0:00,0.12,991.68,0.12,23.51,85.29,0.5703,1.125,1.024,97.768,,,,,,,,,
DCP,TX9,7/23/2026 0:00,0,0,0,30.18,89.5,0.5703,1.125,1.024,97.768,,,,,,,,,
DCP,TX9,7/24/2026 0:00,0,0,0,34.31,90.92,0.5703,1.125,1.024,97.768,,,,,,,,,
DCP,TX9,7/25/2026 0:00,0,0,0,32.45,91.96,0.5703,1.125,1.024,97.768,,,,,,,,,
DCP,TX9,7/26/2026 0:00,0,0,0,31.61,92.65,0.5703,1.125,1.024,97.768,,,,,,,,,
DCP,TX9,7/27/2026 0:00,0,0,0,32.08,92.65,0.5703,1.125,1.024,97.768,,,,,,,,,
DCP,TX9,7/28/2026 0:00,0,0,0,29.77,95.52,0.5703,1.125,1.024,97.768,,,,,,,,,
DCP,TX9,7/29/2026 0:00,0,0,0,24.52,89.7,0.5703,1.125,1.024,97.768,,,,,,,,,
DCP,TX9,7/30/2026 0:00,0,0,0,20.68,89.89,0.5703,1.125,1.024,97.768,,,,,,,,,
DCP,TX9,7/31/2026 0:00,0,0,0,18.18,86.17,0.5703,1.125,1.024,97.768,,,,,,,,,
DCP,Ellis County,7/1/2026 0:00,0,0,0,72.18,85.46,0.567,1.155,0.256,98.589,,,,,,,,,
DCP,Ellis County,7/2/2026 0:00,172.84,1000.03,172.84,77.52,76.07,0.567,1.155,0.256,98.589,,,,,,,,,
DCP,Ellis County,7/3/2026 0:00,326.34,1000.03,326.35,77.52,73.93,0.567,1.155,0.256,98.589,,,,,,,,,
DCP,Ellis County,7/4/2026 0:00,230.94,1000.03,230.95,77.18,73.68,0.567,1.155,0.256,98.589,,,,,,,,,
DCP,Ellis County,7/5/2026 0:00,0,0,0,64.36,86.15,0.567,1.155,0.256,98.589,,,,,,,,,
DCP,Ellis County,7/6/2026 0:00,121.37,1000.03,121.38,87.56,76.58,0.567,1.155,0.256,98.589,,,,,,,,,
DCP,Ellis County,7/7/2026 0:00,329.17,1000.03,329.18,88.89,74.43,0.567,1.155,0.256,98.589,,,,,,,,,
DCP,Ellis County,7/8/2026 0:00,134.87,1000.03,134.87,86.04,79.82,0.567,1.155,0.256,98.589,,,,,,,,,
DCP,Ellis County,7/9/2026 0:00,128.09,1000.03,128.09,84.88,77.7,0.567,1.155,0.256,98.589,,,,,,,,,
DCP,Ellis County,7/10/2026 0:00,0,0,0,77.3,87.66,0.567,1.155,0.256,98.589,,,,,,,,,
DCP,Ellis County,7/11/2026 0:00,0,0,0,75.09,86.72,0.567,1.155,0.256,98.589,,,,,,,,,
DCP,Ellis County,7/12/2026 0:00,0,0,0,74.21,86.52,0.567,1.155,0.256,98.589,,,,,,,,,
DCP,Ellis County,7/13/2026 0:00,0,0,0,74.71,87.95,0.567,1.155,0.256,98.589,,,,,,,,,
DCP,Ellis County,7/14/2026 0:00,217.63,1000.03,217.64,86.91,76.56,0.567,1.155,0.256,98.589,,,,,,,,,
DCP,Ellis County,7/15/2026 0:00,398.79,1000.03,398.8,88.71,73.99,0.567,1.155,0.256,98.589,,,,,,,,,
DCP,Ellis County,7/16/2026 0:00,241.14,1000.03,241.15,85.14,74.95,0.567,1.155,0.256,98.589,,,,,,,,,
DCP,Ellis County,7/17/2026 0:00,0,0,0,77.34,84.44,0.567,1.155,0.256,98.589,,,,,,,,,
DCP,Ellis County,7/18/2026 0:00,0,0,0,77.46,88.32,0.567,1.155,0.256,98.589,,,,,,,,,
DCP,Ellis County,7/19/2026 0:00,0,0,0,75.76,91.87,0.567,1.155,0.256,98.589,,,,,,,,,
DCP,Ellis County,7/20/2026 0:00,0,0,0,76.09,93.61,0.567,1.155,0.256,98.589,,,,,,,,,
DCP,Ellis County,7/21/2026 0:00,125.44,1000.03,125.45,104.38,80.96,0.567,1.155,0.256,98.589,,,,,,,,,
DCP,Ellis County,7/22/2026 0:00,35.38,1000.03,35.38,133.86,77.09,0.567,1.155,0.256,98.589,,,,,,,,,
DCP,Ellis County,7/23/2026 0:00,387.51,1000.03,387.52,100.46,77.43,0.567,1.155,0.256,98.589,,,,,,,,,
DCP,Ellis County,7/24/2026 0:00,220.11,1000.03,220.11,86.87,78.19,0.567,1.155,0.256,98.589,,,,,,,,,
DCP,Ellis County,7/25/2026 0:00,277.31,1000.03,277.32,80.87,78.64,0.567,1.155,0.256,98.589,,,,,,,,,
DCP,Ellis County,7/26/2026 0:00,159.55,1000.03,159.55,82.19,77.03,0.567,1.155,0.256,98.589,,,,,,,,,
DCP,Ellis County,7/27/2026 0:00,112,1000.03,112,84.71,82.68,0.567,1.155,0.256,98.589,,,,,,,,,
DCP,Ellis County,7/28/2026 0:00,198.33,1000.03,198.34,84.2,79.8,0.567,1.155,0.256,98.589,,,,,,,,,
DCP,Ellis County,7/29/2026 0:00,321.07,1000.03,321.08,87.5,77.24,0.567,1.155,0.256,98.589,,,,,,,,,
DCP,Ellis County,7/30/2026 0:00,0,0,0,69.72,93.97,0.567,1.155,0.256,98.589,,,,,,,,,
DCP,Ellis County,7/31/2026 0:00,170.41,1000.03,170.42,80.14,80.68,0.567,1.155,0.256,98.589,,,,,,,,,
Scout,Moscow,7/1/2026 0:00,249.75,1000,249.75,58.83,74.68,0.6,0,0,100,,,,,,,,,
Scout,Moscow,7/2/2026 0:00,135.35,1000,135.35,59.66,77.95,0.6,0,0,100,,,,,,,,,
Scout,Moscow,7/3/2026 0:00,185.75,1000,185.75,59.1,74.22,0.6,0,0,100,,,,,,,,,
Scout,Moscow,7/4/2026 0:00,0,0,0,58.99,77.54,0.6,0,0,100,,,,,,,,,
Scout,Moscow,7/5/2026 0:00,13.6,1000,13.6,60.07,73.97,0.6,0,0,100,,,,,,,,,
Scout,Moscow,7/6/2026 0:00,147.26,1000,147.26,62.41,76.5,0.6,0,0,100,,,,,,,,,
Scout,Moscow,7/7/2026 0:00,241.78,1000,241.78,62.49,75.42,0.6,0,0,100,,,,,,,,,
Scout,Moscow,7/8/2026 0:00,75.27,1000,75.27,57.75,78.22,0.6,0,0,100,,,,,,,,,
Scout,Moscow,7/9/2026 0:00,123.09,1000,123.09,58.55,78.19,0.6,0,0,100,,,,,,,,,
Scout,Moscow,7/10/2026 0:00,0,0,0,56.42,79.39,0.6,0,0,100,,,,,,,,,
Scout,Moscow,7/11/2026 0:00,0,0,0,56.53,80.3,0.6,0,0,100,,,,,,,,,
Scout,Moscow,7/12/2026 0:00,0,0,0,57.06,81.64,0.6,0,0,100,,,,,,,,,
Scout,Moscow,7/13/2026 0:00,101.75,1000,101.75,60.36,75.7,0.6,0,0,100,,,,,,,,,
Scout,Moscow,7/14/2026 0:00,202.26,1000,202.26,62.31,74.43,0.6,0,0,100,,,,,,,,,
Scout,Moscow,7/15/2026 0:00,226.43,1000,226.43,57.77,75.26,0.6,0,0,100,,,,,,,,,
Scout,Moscow,7/16/2026 0:00,140.4,1000,140.4,58.2,77.17,0.6,0,0,100,,,,,,,,,
Scout,Moscow,7/17/2026 0:00,138.57,1000,138.57,58.22,75.45,0.6,0,0,100,,,,,,,,,
Scout,Moscow,7/18/2026 0:00,5.02,1000,5.02,57.34,79.24,0.6,0,0,100,,,,,,,,,
Scout,Moscow,7/19/2026 0:00,0,0,0,57.39,85.09,0.6,0,0,100,,,,,,,,,
Scout,Moscow,7/20/2026 0:00,0,0,0,57.75,88.75,0.6,0,0,100,,,,,,,,,
Scout,Moscow,7/21/2026 0:00,151.8,1000,151.8,60.44,75.37,0.6,0,0,100,,,,,,,,,
Scout,Moscow,7/22/2026 0:00,214.5,1000,214.5,61.42,77.57,0.6,0,0,100,,,,,,,,,
Scout,Moscow,7/23/2026 0:00,212.32,1000,212.32,61.3,76.16,0.6,0,0,100,,,,,,,,,
Scout,Moscow,7/24/2026 0:00,208.1,1000,208.1,62.37,77.01,0.6,0,0,100,,,,,,,,,
Scout,Moscow,7/25/2026 0:00,51.58,1000,51.58,59.82,83.35,0.6,0,0,100,,,,,,,,,
Scout,Moscow,7/26/2026 0:00,0,0,0,55.61,94.5,0.6,0,0,100,,,,,,,,,
Scout,Moscow,7/27/2026 0:00,130.73,1000,130.73,58.41,78.64,0.6,0,0,100,,,,,,,,,
Scout,Moscow,7/28/2026 0:00,177.12,1000,177.12,57.52,77.98,0.6,0,0,100,,,,,,,,,
Scout,Moscow,7/29/2026 0:00,157.84,1000,157.84,56.86,78.44,0.6,0,0,100,,,,,,,,,
Scout,Moscow,7/30/2026 0:00,142.29,1000,142.29,58.64,79.91,0.6,0,0,100,,,,,,,,,
Scout,Moscow,7/31/2026 0:00,324.97,1000,324.97,60.05,76.6,0.6,0,0,100,,,,,,,,,
Scout,Lakin,7/1/2026 0:00,184.64,1004.26,185.42,2.85,71.26,0.5628,0.725,0.249,99.007,,,,,,,,,
Scout,Lakin,7/2/2026 0:00,0,0,0,-3.28,77.69,0.5628,0.725,0.249,99.007,,,,,,,,,
Scout,Lakin,7/3/2026 0:00,0,0,0,-3.59,80.48,0.5628,0.725,0.249,99.007,,,,,,,,,
Scout,Lakin,7/4/2026 0:00,0,0,0,-3.73,77.43,0.5628,0.725,0.249,99.007,,,,,,,,,
Scout,Lakin,7/5/2026 0:00,0,0,0,-3.74,79.92,0.5628,0.725,0.249,99.007,,,,,,,,,
Scout,Lakin,7/6/2026 0:00,167.58,1004.26,168.29,4.36,73.38,0.5628,0.725,0.249,99.007,,,,,,,,,
Scout,Lakin,7/7/2026 0:00,253.71,1004.26,254.79,4.57,70.82,0.5628,0.725,0.249,99.007,,,,,,,,,
Scout,Lakin,7/8/2026 0:00,252.94,1004.26,254.02,4.59,70.53,0.5628,0.725,0.249,99.007,,,,,,,,,
Scout,Lakin,7/9/2026 0:00,234.08,1004.26,235.08,4.53,70.73,0.5628,0.725,0.249,99.007,,,,,,,,,
Scout,Lakin,7/10/2026 0:00,0,0,0,-3.43,76.02,0.5628,0.725,0.249,99.007,,,,,,,,,
Scout,Lakin,7/11/2026 0:00,0,0,0,-3.43,78.42,0.5628,0.725,0.249,99.007,,,,,,,,,
Scout,Lakin,7/12/2026 0:00,0,0,0,-3.44,79.31,0.5628,0.725,0.249,99.007,,,,,,,,,
Scout,Lakin,7/13/2026 0:00,99.09,1004.26,99.51,4.18,72.53,0.5628,0.725,0.249,99.007,,,,,,,,,
Scout,Lakin,7/14/2026 0:00,246.11,1004.26,247.16,4.31,70.13,0.5628,0.725,0.249,99.007,,,,,,,,,
Scout,Lakin,7/15/2026 0:00,246.79,1004.26,247.84,4.39,71.1,0.5628,0.725,0.249,99.007,,,,,,,,,
Scout,Lakin,7/16/2026 0:00,246.38,1004.26,247.42,4.39,71.21,0.5628,0.725,0.249,99.007,,,,,,,,,
Scout,Lakin,7/17/2026 0:00,0.36,1004.26,0.37,-0.48,66.53,0.5628,0.725,0.249,99.007,,,,,,,,,
Scout,Lakin,7/18/2026 0:00,0,0,0,-3.35,82.43,0.5628,0.725,0.249,99.007,,,,,,,,,
Scout,Lakin,7/19/2026 0:00,0,0,0,-3.35,84.06,0.5628,0.725,0.249,99.007,,,,,,,,,
Scout,Lakin,7/20/2026 0:00,0,0,0,-3.3,86.66,0.5628,0.725,0.249,99.007,,,,,,,,,
Scout,Lakin,7/21/2026 0:00,142.64,1004.26,143.25,4.13,76.43,0.5628,0.725,0.249,99.007,,,,,,,,,
Scout,Lakin,7/22/2026 0:00,244.49,1004.26,245.53,4.3,72.76,0.5628,0.725,0.249,99.007,,,,,,,,,
Scout,Lakin,7/23/2026 0:00,243.36,1004.26,244.39,4.33,71.63,0.5628,0.725,0.249,99.007,,,,,,,,,
Scout,Lakin,7/24/2026 0:00,84.19,1004.26,84.55,4.44,68.87,0.5628,0.725,0.249,99.007,,,,,,,,,
Scout,Lakin,7/25/2026 0:00,0,0,0,-3.07,87.03,0.5628,0.725,0.249,99.007,,,,,,,,,
Scout,Lakin,7/26/2026 0:00,0,0,0,-3.08,72.36,0.5628,0.725,0.249,99.007,,,,,,,,,
Scout,Lakin,7/27/2026 0:00,0,0,0,-3.07,92.96,0.5628,0.725,0.249,99.007,,,,,,,,,
Scout,Lakin,7/28/2026 0:00,0,0,0,-3.29,75.62,0.5628,0.725,0.249,99.007,,,,,,,,,
Scout,Lakin,7/29/2026 0:00,116.04,1004.26,116.53,3.13,76.73,0.5628,0.725,0.249,99.007,,,,,,,,,
Scout,Lakin,7/30/2026 0:00,185.73,1004.26,186.52,1.89,75,0.5628,0.725,0.249,99.007,,,,,,,,,
Scout,Lakin,7/31/2026 0:00,103.93,1004.26,104.37,1.6,74.77,0.5628,0.725,0.249,99.007,,,,,,,,,
Tallgrass,Scott City,7/1/2026 0:00,346,1003.55,348,634.16,81.67,0.5614,0.728,0.383,98.572,,,,,,,,,
Tallgrass,Scott City,7/2/2026 0:00,38,1001.98,38,636.24,84.79,0.5636,0.728,0.383,98.572,,,,,,,,,
Tallgrass,Scott City,7/3/2026 0:00,0,0,0,630.61,78.41,0.6431,0.728,0.383,98.572,,,,,,,,,
Tallgrass,Scott City,7/4/2026 0:00,0,0,0,622.97,76.83,0.6437,0.728,0.383,98.572,,,,,,,,,
Tallgrass,Scott City,7/5/2026 0:00,0,0,0,518.07,80.26,0.6272,0.728,0.383,98.572,,,,,,,,,
Tallgrass,Scott City,7/6/2026 0:00,327,1006.43,329,583.96,83.15,0.5648,0.728,0.383,98.572,,,,,,,,,
Tallgrass,Scott City,7/7/2026 0:00,177,1004.61,178,567.25,93.62,0.5623,0.728,0.383,98.572,,,,,,,,,
Tallgrass,Scott City,7/8/2026 0:00,11,1062.27,12,566.85,81.9,0.6132,0.728,0.383,98.572,,,,,,,,,
Tallgrass,Scott City,7/9/2026 0:00,178,1009.25,180,569.71,93.84,0.5625,0.728,0.383,98.572,,,,,,,,,
Tallgrass,Scott City,7/10/2026 0:00,0,0,0,61.63,77.9,0.5867,0.728,0.383,98.572,,,,,,,,,
Tallgrass,Scott City,7/11/2026 0:00,0,0,0,23.65,78.83,0.6173,0.728,0.383,98.572,,,,,,,,,
Tallgrass,Scott City,7/12/2026 0:00,0,0,0,23.32,81.38,0.6173,0.728,0.383,98.572,,,,,,,,,
Tallgrass,Scott City,7/13/2026 0:00,86,1015.27,88,585.58,90.43,0.5713,0.728,0.383,98.572,,,,,,,,,
Tallgrass,Scott City,7/14/2026 0:00,115,1006.81,116,600.28,85.43,0.5707,0.728,0.383,98.572,,,,,,,,,
Tallgrass,Scott City,7/15/2026 0:00,49,1029.86,50,606.19,85.48,0.5916,0.728,0.383,98.572,,,,,,,,,
Tallgrass,Scott City,7/16/2026 0:00,203,1001.05,203,612.68,92.22,0.5657,0.728,0.383,98.572,,,,,,,,,
Tallgrass,Scott City,7/17/2026 0:00,333,1001.5,334,618.86,93.16,0.5651,0.728,0.383,98.572,,,,,,,,,
Tallgrass,Scott City,7/18/2026 0:00,0,0,0,498.96,83.25,0.5762,0.728,0.383,98.572,,,,,,,,,
Tallgrass,Scott City,7/19/2026 0:00,0,0,0,0,0,0,0.728,0.383,98.572,,,,,,,,,
Tallgrass,Scott City,7/20/2026 0:00,142,1010.45,143,655.15,100.28,0.5702,0.728,0.383,98.572,,,,,,,,,
Tallgrass,Scott City,7/21/2026 0:00,442,1006.19,445,615.49,84.48,0.5646,0.728,0.383,98.572,,,,,,,,,
Tallgrass,Scott City,7/22/2026 0:00,397,1004.6,399,612.21,85.37,0.5627,0.728,0.383,98.572,,,,,,,,,
Tallgrass,Scott City,7/23/2026 0:00,0,0,0,635.23,79.79,0.6081,0.728,0.383,98.572,,,,,,,,,
Tallgrass,Scott City,7/24/2026 0:00,0,0,0,629.05,85.86,0.6452,0.728,0.383,98.572,,,,,,,,,
Tallgrass,Scott City,7/25/2026 0:00,0,0,0,634.59,88.96,0.6493,0.728,0.383,98.572,,,,,,,,,
Tallgrass,Scott City,7/26/2026 0:00,0,0,0,601.72,91.99,0.6434,0.728,0.383,98.572,,,,,,,,,
Tallgrass,Scott City,7/27/2026 0:00,0,0,0,527.17,91.11,0.6481,0.728,0.383,98.572,,,,,,,,,
Tallgrass,Scott City,7/28/2026 0:00,0,0,0,465.36,84.14,0.6486,0.728,0.383,98.572,,,,,,,,,
Tallgrass,Scott City,7/29/2026 0:00,0,0,0,417.33,85.13,0.6495,0.728,0.383,98.572,,,,,,,,,
Tallgrass,Scott City,7/30/2026 0:00,0,0,0,379.7,86.95,0.6492,0.728,0.383,98.572,,,,,,,,,
Tallgrass,Scott City,7/31/2026 0:00,0,0,0,331,76.3,0.6481,0.728,0.383,98.572,,,,,,,,,
Spire,Nevada,7/1/2026 0:00,993,986.43,979,146.71,99.7,0.58,1.345,0.879,96.996,,,,,,,,,
Spire,Nevada,7/2/2026 0:00,959,988.27,948,146.46,107.74,0.58,1.345,0.879,96.996,,,,,,,,,
Spire,Nevada,7/3/2026 0:00,297,990.8,294,91.3,89.36,0.57,1.345,0.879,96.996,,,,,,,,,
Spire,Nevada,7/4/2026 0:00,853,990.45,845,139.53,95.38,0.57,1.345,0.879,96.996,,,,,,,,,
Spire,Nevada,7/5/2026 0:00,935,991.06,927,145.2,97.75,0.57,1.345,0.879,96.996,,,,,,,,,
Spire,Nevada,7/6/2026 0:00,776,990.06,768,136.77,95.08,0.57,1.345,0.879,96.996,,,,,,,,,
Spire,Nevada,7/7/2026 0:00,755,992.78,749,138.13,95.63,0.57,1.345,0.879,96.996,,,,,,,,,
Spire,Nevada,7/8/2026 0:00,0,0,0,125,60,0.57,1.345,0.879,96.996,,,,,,,,,
Spire,Nevada,7/9/2026 0:00,874,992.62,867,143.72,100.02,0.57,1.345,0.879,96.996,,,,,,,,,
Spire,Nevada,7/10/2026 0:00,966,988.45,955,146.1,95.82,0.57,1.345,0.879,96.996,,,,,,,,,
Spire,Nevada,7/11/2026 0:00,938,992.1,931,146.11,97.94,0.57,1.345,0.879,96.996,,,,,,,,,
Spire,Nevada,7/12/2026 0:00,815,997.29,813,141.29,95.84,0.57,1.345,0.879,96.996,,,,,,,,,
Spire,Nevada,7/13/2026 0:00,885,994.34,880,142.61,96.18,0.57,1.345,0.879,96.996,,,,,,,,,
Spire,Nevada,7/14/2026 0:00,849,996.16,846,141.64,97.96,0.57,1.345,0.879,96.996,,,,,,,,,
Spire,Nevada,7/15/2026 0:00,690,996.57,688,138.42,94.54,0.57,1.345,0.879,96.996,,,,,,,,,
Spire,Nevada,7/16/2026 0:00,666,997.28,664,136.54,93.73,0.56,1.345,0.879,96.996,,,,,,,,,
Spire,Nevada,7/17/2026 0:00,731,999.21,730,139.1,96.3,0.57,1.345,0.879,96.996,,,,,,,,,
Spire,Nevada,7/18/2026 0:00,672,1001.53,673,138.28,94.45,0.56,1.345,0.879,96.996,,,,,,,,,
Spire,Nevada,7/19/2026 0:00,189,999.98,189,88.61,88.62,0.56,1.345,0.879,96.996,,,,,,,,,
Spire,Nevada,7/20/2026 0:00,0,0,0,125,60,0.57,1.345,0.879,96.996,,,,,,,,,
Spire,Nevada,7/21/2026 0:00,0,0,0,125,60,0.57,1.345,0.879,96.996,,,,,,,,,
Spire,Nevada,7/22/2026 0:00,0,0,0,125,60,0.57,1.345,0.879,96.996,,,,,,,,,
Spire,Nevada,7/23/2026 0:00,67,977.26,66,141.29,93.37,0.57,1.345,0.879,96.996,,,,,,,,,
Spire,Nevada,7/24/2026 0:00,0,0,0,125,60,0.57,1.345,0.879,96.996,,,,,,,,,
Spire,Nevada,7/25/2026 0:00,0,0,0,125,60,0.57,1.345,0.879,96.996,,,,,,,,,
Spire,Nevada,7/26/2026 0:00,0,0,0,125,60,0.57,1.345,0.879,96.996,,,,,,,,,
Spire,Nevada,7/27/2026 0:00,516,991.64,512,144.42,97.13,0.57,1.345,0.879,96.996,,,,,,,,,
Spire,Nevada,7/28/2026 0:00,969,989.4,959,146.09,100.57,0.57,1.345,0.879,96.996,,,,,,,,,
Spire,Nevada,7/29/2026 0:00,998,989.2,987,146.52,103.52,0.57,1.345,0.879,96.996,,,,,,,,,
Spire,Nevada,7/30/2026 0:00,1,7,988.19,147.08,98.44,0.58,1.345,0.879,96.996,,,,,,,,,
Spire,Nevada,7/31/2026 0:00,961,990.07,951,146.13,97.29,0.57,1.345,0.879,96.996,,,,,,,,,
Spire,Nevada,8/1/2026 0:00,958,990.26,948,146.03,90.14,0.57,1.446,1.005,97.545,,,,,,,,,
Spire,Nevada,8/2/2026 0:00,960,991.31,952,145.24,95.06,0.57,1.446,1.005,97.545,,,,,,,,,
Spire,Nevada,8/3/2026 0:00,972,990.34,963,145.14,97.74,0.57,1.446,1.005,97.545,,,,,,,,,
Spire,Nevada,8/4/2026 0:00,927,992.76,920,143.45,99.96,0.57,1.446,1.005,97.545,,,,,,,,,
Spire,Nevada,8/5/2026 0:00,933,992.11,926,143.91,98.73,0.57,1.446,1.005,97.545,,,,,,,,,
Spire,Nevada,8/6/2026 0:00,913,990.7,905,143.66,97.99,0.57,1.446,1.005,97.545,,,,,,,,,
Spire,Nevada,8/7/2026 0:00,982,987.18,969,146.38,95.59,0.58,1.446,1.005,97.545,,,,,,,,,
Spire,Nevada,8/8/2026 0:00,877,992.25,871,143.63,100.33,0.57,1.446,1.005,97.545,,,,,,,,,
Spire,Nevada,8/9/2026 0:00,415,997.24,414,139.59,102.95,0.56,1.446,1.005,97.545,,,,,,,,,
Spire,Nevada,8/10/2026 0:00,0,0,0,125,60,0.57,1.446,1.005,97.545,,,,,,,,,
Spire,Nevada,8/11/2026 0:00,0,0,0,125,60,0.57,1.446,1.005,97.545,,,,,,,,,
Spire,Nevada,8/12/2026 0:00,0,0,0,125,60,0.57,1.446,1.005,97.545,,,,,,,,,
Spire,Nevada,8/13/2026 0:00,0,0,0,125,60,0.57,1.446,1.005,97.545,,,,,,,,,
Spire,Nevada,8/14/2026 0:00,0,0,0,125,60,0.57,1.446,1.005,97.545,,,,,,,,,
Spire,Nevada,8/15/2026 0:00,0,0,0,125,60,0.57,1.446,1.005,97.545,,,,,,,,,
Spire,Nevada,8/16/2026 0:00,0,0,0,125,60,0.57,1.446,1.005,97.545,,,,,,,,,
Spire,Nevada,8/17/2026 0:00,0,0,0,125,60,0.57,1.446,1.005,97.545,,,,,,,,,
Spire,Nevada,8/18/2026 0:00,21,997.59,21,126.56,100.79,0.59,1.446,1.005,97.545,,,,,,,,,
Spire,Nevada,8/19/2026 0:00,869,987.69,858,139.49,96.8,0.6,1.446,1.005,97.545,,,,,,,,,
Spire,Nevada,8/20/2026 0:00,915,986.36,902,139.17,97.24,0.58,1.446,1.005,97.545,,,,,,,,,
Spire,Nevada,8/21/2026 0:00,223,987.1,220,133.26,88.5,0.58,1.446,1.005,97.545,,,,,,,,,
Spire,Nevada,8/22/2026 0:00,0,0,0,125,60,0.57,1.446,1.005,97.545,,,,,,,,,
Spire,Nevada,8/23/2026 0:00,0,0,0,125,60,0.57,1.446,1.005,97.545,,,,,,,,,
Spire,Nevada,8/24/2026 0:00,917,989.02,907,141.88,94.49,0.57,1.446,1.005,97.545,,,,,,,,,
Spire,Nevada,8/25/2026 0:00,916,990.57,907,142.66,101.06,0.57,1.446,1.005,97.545,,,,,,,,,
Spire,Nevada,8/26/2026 0:00,705,989.23,698,138.15,98.85,0.57,1.446,1.005,97.545,,,,,,,,,
Spire,Nevada,8/27/2026 0:00,957,987.15,944,144.25,95.07,0.57,1.446,1.005,97.545,,,,,,,,,
Spire,Nevada,8/28/2026 0:00,845,989.61,836,141.7,95.84,0.57,1.446,1.005,97.545,,,,,,,,,
Spire,Nevada,8/29/2026 0:00,831,987.05,820,141.16,99.39,0.57,1.446,1.005,97.545,,,,,,,,,
Spire,Nevada,8/30/2026 0:00,897,988.1,886,142.69,101.69,0.57,1.446,1.005,97.545,,,,,,,,,
Spire,Nevada,8/31/2026 0:00,623,991.6,618,140.7,100.12,0.57,1.446,1.005,97.545,,,,,,,,,
Columbia Gas,Waverly,7/1/2026 0:00,586.03,991.08,580.8,610.9,87,0.567,1.855,0.442,97.703,,,,,,,,,
Columbia Gas,Waverly,7/2/2026 0:00,55.89,993.2,55.51,596.6,90,0.566,1.849,0.401,97.75,,,,,,,,,
Columbia Gas,Waverly,7/3/2026 0:00,0,0,0,0,0,0,0,0,100,,,,,,,,,
Columbia Gas,Waverly,7/4/2026 0:00,0,0,0,0,0,0,0,0,100,,,,,,,,,
Columbia Gas,Waverly,7/5/2026 0:00,0,0,0,0,0,0,0,0,100,,,,,,,,,
Columbia Gas,Waverly,7/6/2026 0:00,150.4,988.36,148.65,611.6,83,0.567,2.12,0.366,97.514,,,,,,,,,
Columbia Gas,Waverly,7/7/2026 0:00,643.78,987.79,635.92,641.1,83,0.569,2.001,0.61,97.389,,,,,,,,,
Columbia Gas,Waverly,7/8/2026 0:00,640.62,987.57,632.66,667.2,76,0.569,1.98,0.658,97.362,,,,,,,,,
Columbia Gas,Waverly,7/9/2026 0:00,591.41,987.57,584.06,596,81,0.568,2.125,0.5,97.375,,,,,,,,,
Columbia Gas,Waverly,7/10/2026 0:00,134.89,993.7,134.04,581.3,84,0.564,2.012,0.073,97.915,,,,,,,,,
Columbia Gas,Waverly,7/11/2026 0:00,0,0,0,0,0,0,0,0,100,,,,,,,,,
Columbia Gas,Waverly,7/12/2026 0:00,65.4,991.44,64.84,623.6,77,0.564,1.968,0.093,97.939,,,,,,,,,
Columbia Gas,Waverly,7/13/2026 0:00,230.33,994.83,229.14,588,79,0.563,1.56,0.184,98.256,,,,,,,,,
Columbia Gas,Waverly,7/14/2026 0:00,445.86,998.36,445.13,548.9,83,0.562,1.387,0.163,98.45,,,,,,,,,
Columbia Gas,Waverly,7/15/2026 0:00,435.53,998.83,435.02,534.8,83,0.562,1.383,0.157,98.46,,,,,,,,,
Columbia Gas,Waverly,7/16/2026 0:00,113,997.08,112.67,549,87,0.564,1.42,0.38,98.2,,,,,,,,,
Columbia Gas,Waverly,7/17/2026 0:00,519.09,998.54,518.33,553.8,87,0.563,1.187,0.37,98.443,,,,,,,,,
Columbia Gas,Waverly,7/18/2026 0:00,550.95,998.08,549.89,578.7,88,0.564,1.21,0.395,98.395,,,,,,,,,
Columbia Gas,Waverly,7/19/2026 0:00,471.01,999.07,470.57,555.1,84,0.562,1.252,0.255,98.493,,,,,,,,,
Columbia Gas,Waverly,7/20/2026 0:00,535.73,988.56,529.6,557.8,82,0.567,2.186,0.347,97.467,,,,,,,,,
Columbia Gas,Waverly,7/21/2026 0:00,234.15,988.81,231.53,562.2,86,0.567,2.165,0.366,97.469,,,,,,,,,
Columbia Gas,Waverly,7/22/2026 0:00,431.61,988.37,426.59,605.1,79,0.568,2.12,0.423,97.457,,,,,,,,,
Columbia Gas,Waverly,7/23/2026 0:00,485.71,984.58,478.22,566.2,75,0.57,2.371,0.523,97.106,,,,,,,,,
Columbia Gas,Waverly,7/24/2026 0:00,20.09,985.07,19.79,603.8,75,0.57,2.564,0.465,96.971,,,,,,,,,
Columbia Gas,Waverly,7/25/2026 0:00,0,0,0,0,0,0,0,0,100,,,,,,,,,
Columbia Gas,Waverly,7/26/2026 0:00,23.1,990.48,22.88,592.6,79,0.569,2.516,0.385,97.099,,,,,,,,,
Columbia Gas,Waverly,7/27/2026 0:00,2.35,995.74,2.34,547.3,81,0.567,1.207,0.758,98.035,,,,,,,,,
Columbia Gas,Waverly,7/28/2026 0:00,354.55,994.89,352.74,535.5,82,0.568,1.214,0.757,98.029,,,,,,,,,
Columbia Gas,Waverly,7/29/2026 0:00,434.44,995.03,432.28,568,82,0.568,1.214,0.757,98.029,,,,,,,,,
Columbia Gas,Waverly,7/30/2026 0:00,551.88,993.13,548.09,562.8,83,0.567,1.476,0.639,97.885,,,,,,,,,
Columbia Gas,Waverly,7/31/2026 0:00,354.02,995.51,352.43,554,81,0.566,1.438,0.579,97.983,,,,,,,,,
Williams,Spuds Lane,7/1/2026 0:00,88,992.377,87,818.77,86.495,0.574,1.333076407,0.512146877,98.15085519,,,,,,,,,
Williams,Spuds Lane,7/2/2026 0:00,241,994.947,240,843.93,93.99,0.569,1.333076407,0.512146877,98.15085519,,,,,,,,,
Williams,Spuds Lane,7/3/2026 0:00,224,996.34,224,847.615,95.935,0.566,1.333076407,0.512146877,98.15085519,,,,,,,,,
Williams,Spuds Lane,7/4/2026 0:00,35,994.982,34,852.625,93.045,0.572,1.333076407,0.512146877,98.15085519,,,,,,,,,
Williams,Spuds Lane,7/5/2026 0:00,0,0,0,852.775,88.93,0,1.333076407,0.512146877,98.15085519,,,,,,,,,
Williams,Spuds Lane,7/6/2026 0:00,0,0,0,837.03,79.18,0,1.333076407,0.512146877,98.15085519,,,,,,,,,
Williams,Spuds Lane,7/7/2026 0:00,220,996.1446818,220,807.955,94.785,0.568136364,1.333076407,0.512146877,98.15085519,,,,,,,,,
Williams,Spuds Lane,7/8/2026 0:00,242,993.8292562,240,784.365,79.24,0.571719008,1.333076407,0.512146877,98.15085519,,,,,,,,,
Williams,Spuds Lane,7/9/2026 0:00,255,995.5615765,254,811.655,81.815,0.56894902,1.333076407,0.512146877,98.15085519,,,,,,,,,
Williams,Spuds Lane,7/10/2026 0:00,228,998.78,228,835.25,89.31,0.565,1.333076407,0.512146877,98.15085519,,,,,,,,,
Williams,Spuds Lane,7/11/2026 0:00,0,0,0,800.465,83.38,0,1.333076407,0.512146877,98.15085519,,,,,,,,,
Williams,Spuds Lane,7/12/2026 0:00,0,0,0,777.6,78.92,0,1.333076407,0.512146877,98.15085519,,,,,,,,,
Williams,Spuds Lane,7/13/2026 0:00,5,1011.457,5,770.2,79.715,0.557,1.333076407,0.512146877,98.15085519,,,,,,,,,
Williams,Spuds Lane,7/14/2026 0:00,251,1002.136625,251,782.01,88.455,0.564075697,1.333076407,0.512146877,98.15085519,,,,,,,,,
Williams,Spuds Lane,7/15/2026 0:00,247,998.8421093,247,787.025,88.91,0.566874494,1.333076407,0.512146877,98.15085519,,,,,,,,,
Williams,Spuds Lane,7/16/2026 0:00,38,994.26,37,805.13,88.96,0.573,1.333076407,0.512146877,98.15085519,,,,,,,,,
Williams,Spuds Lane,7/17/2026 0:00,33,992.782,33,723.785,91.445,0.575,1.333076407,0.512146877,98.15085519,,,,,,,,,
Williams,Spuds Lane,7/18/2026 0:00,16,986.659,16,658.075,90.72,0.58,1.333076407,0.512146877,98.15085519,,,,,,,,,
Williams,Spuds Lane,7/19/2026 0:00,1,1000.288,1,605.945,81.59,0.578,1.333076407,0.512146877,98.15085519,,,,,,,,,
Williams,Spuds Lane,7/20/2026 0:00,41,989.27,41,566.43,78.65,0.578,1.333076407,0.512146877,98.15085519,,,,,,,,,
Williams,Spuds Lane,7/21/2026 0:00,276,996.8057609,274,597.1,88.735,0.569786232,1.333076407,0.512146877,98.15085519,,,,,,,,,
Williams,Spuds Lane,7/22/2026 0:00,271,997.8927638,271,562.455,68.215,0.568405904,1.333076407,0.512146877,98.15085519,,,,,,,,,
Williams,Spuds Lane,7/23/2026 0:00,43,992.573,43,603.91,73.63,0.575,1.333076407,0.512146877,98.15085519,,,,,,,,,
Williams,Spuds Lane,7/24/2026 0:00,480,996.3143958,478,611.62,84.35,0.569254167,1.333076407,0.512146877,98.15085519,,,,,,,,,
Williams,Spuds Lane,7/25/2026 0:00,1,986.013,1,632.94,67.95,0.581,1.333076407,0.512146877,98.15085519,,,,,,,,,
Williams,Spuds Lane,7/26/2026 0:00,0,0,0,633.45,79.83,0,1.333076407,0.512146877,98.15085519,,,,,,,,,
Williams,Spuds Lane,7/27/2026 0:00,86,987.893093,85,578.765,81.87,0.579744186,1.333076407,0.512146877,98.15085519,,,,,,,,,
Williams,Spuds Lane,7/28/2026 0:00,206,989.9555534,204,600.99,81.885,0.576,1.333076407,0.512146877,98.15085519,,,,,,,,,
Williams,Spuds Lane,7/29/2026 0:00,263,991.7437643,261,619.455,71.92,0.574809886,1.333076407,0.512146877,98.15085519,,,,,,,,,
Williams,Spuds Lane,7/30/2026 0:00,42,993.885,41,734.67,79.72,0.574,1.333076407,0.512146877,98.15085519,,,,,,,,,
Williams,Spuds Lane,7/31/2026 0:00,41,996.132,41,753.585,82.83,0.571,1.333076407,0.512146877,98.15085519,,,,,,,,,
